date,AED,AFN,ALL,AMD,ANG,AOA,ARS,AUD,AWG,AZN,BAM,BBD,BDT,BGN,BHD,BIF,BMD,BND,BOB,BRL,BSD,BTN,BWP,BYN,BZD,CAD,CDF,CHF,CLP,CNY,COP,CRC,CUP,CVE,CZK,DJF,DKK,DOP,DZD,EGP,ERN,ETB,EUR,FJD,FKP,GBP,GEL,GHS,GIP,GMD,GNF,GTQ,GYD,HKD,HNL,HTG,HUF,IDR,ILS,INR,IQD,IRR,ISK,JMD,JOD,JPY,KES,KGS,KHR,KMF,KPW,KRW,KWD,KYD,KZT,LAK,LBP,LKR,LRD,LSL,LYD,MAD,MDL,MGA,MKD,MMK,MNT,MOP,MRU,MUR,MVR,MWK,MXN,MYR,MZN,NAD,NGN,NIO,NOK,NPR,NZD,OMR,PAB,PEN,PGK,PHP,PKR,PLN,PYG,QAR,RON,RSD,RUB,RWF,SAR,SBD,SCR,SDG,SEK,SGD,SHP,SLE,SOS,SRD,SSP,STN,SYP,SZL,THB,TJS,TMT,TND,TOP,TRY,TTD,TWD,TZS,UAH,UGX,UYU,UZS,VES,VND,VUV,WST,XAF,XCD,XOF,XPF,YER,ZAR,ZMW,ZWG
2024-03-02,3.6725,72.50549832,95.88149828,402.37439688,1.78755638,829.30191342,842.05528044,1.53246602,1.79,1.70082509,1.80488254,2.0,109.71179656,1.80488254,0.376,2865.0968736,1.0,1.34438059,6.90904509,4.95493842,1.0,82.84831702,13.75919254,3.27380485,2.02241818,1.35590692,2772.46099222,0.88400523,967.4313939,7.19596069,3942.46312093,512.92823052,23.99463157,101.75955858,23.3846648,178.36889685,6.8777556,58.73655014,134.8831927,30.86479349,15.0,56.79819456,0.92282179,2.24851943,0.79023841,0.79023841,2.65909987,12.68893167,0.79023841,67.90952133,8582.69853495,7.80651355,208.92547312,7.82892032,24.74047616,133.10492254,363.57684047,15705.32945652,3.56490418,82.84831702,1309.34790668,42022.15950393,138.13525558,155.90196723,0.709,150.12018549,146.67353883,89.40622287,4070.20712009,453.99855875,900.107292,1331.7429266,0.30781688,0.82007738,451.29185439,20864.6187643,89910.13653378,308.41522207,191.92508099,19.11786164,4.83832948,10.07933044,17.76314825,4529.85309477,56.95041343,2098.87052923,3380.13233183,8.06378793,39.9234483,45.77312922,15.40508106,1682.17359841,17.02103046,4.74518651,63.75783949,19.11786164,1571.19506675,36.73409628,10.54887219,132.61944348,1.6377514,0.38498232,1.0,3.77927877,3.77322698,56.05443945,279.4454091,3.98595583,7302.00414178,3.64,4.58511279,108.18206644,92.08863075,1285.68699915,3.75,8.46923473,13.89411243,600.63084911,10.34792958,1.34438059,0.79023841,22.7438052,571.23952793,35.33742942,1470.00202498,22.64757907,13001.86066508,19.11786164,35.81357699,10.94571792,3.49569012,3.12463306,2.34591801,31.35146419,6.7753953,31.57604119,2549.26502304,38.21794833,3912.94285119,39.09004739,12523.27715329,36.03917032,24645.90395159,119.92779362,2.68448092,605.33141167,2.70197905,605.33141167,110.12193176,250.33140596,19.11786164,23.69359228,
2024-03-03,3.6725,73.41177721,95.89783282,402.13356331,1.78730432,828.51344174,843.00134331,1.53245427,1.79,1.70001194,1.80389396,2.0,109.62504375,1.80389396,0.376,2857.53417845,1.0,1.34430837,6.92511409,4.95516562,1.0,82.83994338,13.74837801,3.27500001,2.01519678,1.35662484,2772.46099222,0.88398189,968.97778756,7.19587902,3938.2357413,514.39838621,23.89439885,101.70382223,23.39405447,178.40607923,6.87804983,58.7893698,135.12256985,30.90140836,15.0,56.79919359,0.92231633,2.27148958,0.79026396,0.79026396,2.65960002,12.65265362,0.79026396,67.92532858,8545.93795082,7.81878925,209.50309754,7.82858918,24.6955755,134.68007827,363.5958823,15706.09650211,3.56431906,82.83994338,1310.36961371,42002.61533136,138.25354329,155.74353286,0.709,150.1545643,145.62640263,89.39980062,4063.82423524,453.749892,900.0103135,1331.43918287,0.30789075,0.82000578,450.42425602,20861.00070633,90365.43857887,308.34991347,191.71280472,19.11776182,4.82849784,10.07933319,17.69000517,4544.3564095,56.80000734,2096.43579855,3379.01772531,8.06344686,39.97952653,45.78978544,15.45999179,1683.50097864,17.01884959,4.74409997,63.81741316,19.11776182,1543.55785948,36.62452813,10.54647594,132.60603937,1.63682532,0.38510249,1.0,3.77172088,3.7735953,56.11403258,279.25096214,3.98345898,7309.54269372,3.64,4.59448121,108.27337623,91.66777287,1278.55139221,3.75,8.47459039,14.45308675,598.96277639,10.34544359,1.34430837,0.79026396,22.74490885,571.45144922,35.21001821,1469.19686695,22.6993398,13001.92614836,19.11776182,35.89566028,10.94397983,3.50998399,3.125,2.34520592,31.37764455,6.752261,31.57894263,2547.65232968,38.24999525,3914.07034876,39.05890473,12524.99999993,36.06664626,24645.06670938,119.90244906,2.68240139,604.999856,2.70002935,604.999856,110.06161513,250.23684623,19.11776182,23.66918344,
2024-03-04,3.6725,72.6159579,95.84874922,402.34607631,1.79045767,846.70327612,843.02214639,1.53263532,1.79,1.7006462,1.80384555,2.0,109.70131436,1.80384555,0.376,2855.51213409,1.0,1.34372076,6.90067049,4.95460635,1.0,82.83787611,13.74839851,3.26651972,2.02222459,1.355633,2772.02139595,0.88330085,966.63134418,7.19593487,3941.97448492,513.27263646,23.95317641,101.70109296,23.38080552,177.84027502,6.87514552,58.58460548,134.85497292,30.89818524,15.0,56.34003472,0.92229158,2.25710835,0.78984397,0.78984397,2.65676208,12.67975911,0.78984397,67.91389712,8558.02189403,7.79782048,208.64421555,7.82817853,24.62986129,132.92237454,363.25176699,15697.91923275,3.56134193,82.83787611,1309.52701298,42031.57382889,137.88898463,155.59172126,0.709,150.08163381,146.32870988,89.39893169,4054.14260771,453.73771541,900.00233421,1330.76710568,0.3078289,0.82077409,451.2659936,20818.8885455,90136.25351911,308.34565752,192.12549163,19.10050814,4.81620745,10.07881832,17.73196704,4529.40038596,56.82721185,2095.20365107,3394.92482115,8.06302389,39.8245486,45.76438774,15.40094075,1679.21164522,17.01180407,4.74013776,63.83471753,19.10050814,1600.18035627,36.67526929,10.51158698,132.60273018,1.63885296,0.38502126,1.0,3.77192872,3.75940071,56.02309877,279.43706984,3.9808362,7300.07231918,3.64,4.5838492,108.1187755,91.15791097,1285.04664734,3.75,8.33637324,13.90987509,600.69362539,10.3190587,1.34372076,0.78984397,22.71125584,569.26461931,35.32286678,1468.1040431,22.65293206,13001.88365869,19.10050814,35.79573594,10.94398775,3.4935425,3.12122752,2.36141815,31.43000587,6.76566717,31.56643763,2549.70617242,38.17058152,3909.48099967,39.10289606,12458.63445422,36.02795746,24669.83396995,120.35566646,2.7467895,604.98362054,2.70084108,604.98362054,110.05866157,250.33162675,19.10050814,23.69169288,
2024-03-05,3.6725,73.42697839,95.76551414,402.19150937,1.79135913,846.06068892,844.25147519,1.53594111,1.79,1.70216763,1.80185701,2.0,109.76366137,1.80185701,0.376,2865.01917828,1.0,1.34302163,6.90295047,4.94625226,1.0,82.90522253,13.75240874,3.26493707,2.02438655,1.35744177,2770.59229143,0.88506493,974.29549501,7.198788,3944.36778077,511.75853205,23.98929142,101.58897888,23.37548699,177.70010618,6.86709597,58.69070878,134.54449978,30.8965326,15.0,56.36270122,0.92127486,2.25888366,0.78784048,0.78784048,2.65490556,12.77110822,0.78784048,67.94011838,8603.40641809,7.8033131,208.88074844,7.8254148,24.66931604,132.56671444,364.53082802,15743.77029824,3.57787422,82.90522253,1310.25519896,42078.4959088,137.73472345,155.81621967,0.709,150.41093453,144.49071934,89.42966362,4068.28879117,453.23752031,900.01084902,1331.41043174,0.30760513,0.82107598,452.33939839,20829.58992511,90565.26674488,308.2186196,192.35917316,19.05204975,4.82638117,10.04419309,17.75013542,4514.20665944,56.78002057,2098.43383042,3398.06928291,8.06017725,39.79533407,45.825922,15.39776211,1682.17187932,16.9553871,4.72502107,63.8789187,19.05204975,1512.89383538,36.77390073,10.57380472,132.71053497,1.64053788,0.38497389,1.0,3.7773709,3.76079359,55.98062167,276.86563628,3.98252948,7299.53999284,3.64,4.58110698,107.96568334,91.20555722,1288.34677307,3.75,8.31128885,13.38265082,600.97940198,10.36909137,1.34302163,0.78784048,22.69730242,570.01566429,35.32695623,1468.03016425,22.64412813,13001.84540314,19.05204975,35.76867638,10.95757945,3.49354157,3.11691452,2.36965659,31.5798737,6.78070688,31.54444149,2544.84357616,38.32502067,3922.48566216,38.94397395,12466.07353895,36.04812433,24698.3193376,120.54573295,2.75079735,604.31669375,2.701088,604.31669375,109.9373342,250.35750812,19.05204975,23.71094265,
2024-03-06,3.6725,73.44157925,95.6686272,402.45638616,1.79232964,835.22981649,845.52356188,1.53979143,1.79,1.70062597,1.80263031,2.0,109.75151115,1.80263031,0.376,2854.32331583,1.0,1.34307535,6.90332097,4.95839435,1.0,82.8899448,13.726611,3.26474619,2.02438253,1.35979219,2773.2565354,0.8844925,977.45345457,7.19648688,3947.30172557,513.49863513,23.96889654,101.63257777,23.36154166,177.73849435,6.87067207,58.84526431,134.67913528,30.92501774,15.0,56.67476094,0.92167024,2.2509223,0.78765532,0.78765532,2.65495628,12.74884541,0.78765532,67.94454437,8603.67057528,7.80448683,208.78634378,7.82350403,24.6782192,132.56412076,362.92011282,15756.4529978,3.5890692,82.8899448,1309.53014595,42062.27704571,137.42509316,155.63960257,0.709,149.97452911,142.99683623,89.42572622,4060.32110129,453.43203601,900.02657719,1336.13812503,0.30764922,0.82153225,448.07732549,20829.45286854,90425.98261663,308.17812589,192.50872598,18.99032774,4.82770666,10.034012,17.76693589,4501.3702374,56.78717634,2098.61207967,3395.28591678,8.05820916,39.79983154,45.77668923,15.41955575,1681.77531596,16.9502529,4.73969415,63.83817416,18.99032774,1545.23404957,36.7457672,10.58121428,132.68607914,1.64616836,0.38497334,1.0,3.74654561,3.76078077,55.87302214,279.21059966,3.97431584,7309.47512969,3.64,4.58297,108.00940992,90.9329511,1281.41695626,3.75,8.34665827,13.59272321,600.99514079,10.3916174,1.34307535,0.78765532,22.69630368,570.39321071,35.29547374,1562.94436353,22.67569739,13001.99150273,18.99032774,35.85195565,10.94149482,3.49346997,3.1159434,2.36558882,31.72592632,6.77896748,31.59904062,2548.26516795,38.38907456,3918.80655921,39.01325852,12467.07596845,36.08607435,24803.92523426,120.54503431,2.75049582,604.57604801,2.70171294,604.57604801,109.98451595,250.18577196,18.99032774,23.98340227,
2024-03-07,3.6725,71.51510613,95.22845728,401.94591125,1.79016194,838.22851363,845.75063504,1.52146551,1.79,1.70230101,1.79387954,2.0,109.72106982,1.79387954,0.376,2863.87734339,1.0,1.33778962,6.90785834,4.94543198,1.0,82.83641696,13.72179025,3.2650232,2.02304308,1.3516681,2768.89765185,0.88207294,985.78958417,7.19721167,3920.24422329,511.51067398,23.98679444,101.13920772,23.26766844,177.93454468,6.83782949,58.78999917,134.54155614,49.54758172,15.0,56.74860516,0.91719604,2.24735885,0.78507007,0.78507007,2.65492922,12.76385599,0.78507007,67.95647006,8583.70351726,7.80346632,208.92518205,7.82272048,24.67824729,132.52408986,361.36722172,15660.75483199,3.57565545,82.83641696,1309.47692137,42019.75392018,136.57488053,155.55621786,0.709,148.91682974,142.99296656,89.42909889,4064.89206996,451.23087384,899.99590895,1328.96578676,0.30750692,0.82053027,447.7844473,20783.80092601,90276.97291541,307.91261307,192.32182752,18.81509604,4.83983511,10.01117968,17.74260425,4512.3833695,56.60714583,2099.59298911,3382.44169737,8.05740209,39.7956864,45.77984801,15.39399816,1683.08325069,16.88280553,4.71633481,63.86813005,18.81509604,1591.34150658,36.77770799,10.49000267,132.60039445,1.63045463,0.38499382,1.0,3.73683231,3.7622257,55.79900202,279.49801863,3.94550312,7287.94580837,3.64,4.55929575,107.508907,90.84153941,1271.54628711,3.75,8.35054179,13.54570349,601.02310785,10.28686888,1.33778962,0.78507007,22.59659703,571.15952539,35.26388313,1562.84300473,22.69693646,13001.82994311,18.81509604,35.62070189,10.93789176,3.49361478,3.10741068,2.36404693,31.80857324,6.7793096,31.48785881,2550.67690656,38.3797174,3912.44150018,39.06362269,12527.32003207,36.1071707,24631.08190336,120.09523487,2.74098732,601.64116512,2.70052277,601.64116512,109.45060185,250.36044163,18.81509604,23.96710334,
2024-03-08,3.6725,71.41650216,94.83344935,401.7821461,1.79134012,849.25777103,846.23720294,1.51065202,1.79,1.7021732,1.78613704,2.0,109.50915339,1.78613704,0.376,2853.04613806,1.0,1.33290066,6.88780581,4.93543374,1.0,82.68435285,13.72607524,3.26500158,2.01438857,1.34547478,2770.76990022,0.87733606,981.07951509,7.19266556,3916.72423859,508.80238779,23.93354545,100.7026843,23.16627421,177.50266083,6.80796855,58.72002416,134.61854019,49.35197523,15.0,56.53990643,0.91323737,2.24160526,0.78047482,0.78047482,2.65495454,12.73227211,0.78047482,67.99300819,8609.49833614,7.78965087,208.29832489,7.82047601,24.58228134,132.26331921,361.00858968,15624.88929299,3.58004066,82.68435285,1309.05454481,41959.79378881,135.80405419,155.17909299,0.709,147.84264995,142.49574838,89.43244224,4055.48077207,449.28333194,900.00414332,1325.73092813,0.30721361,0.82070497,446.87476807,20729.96217863,89974.78795463,307.38691437,192.51833946,18.69085685,4.83966776,9.99622457,17.69107762,4486.6930496,56.39632711,2094.22309584,3384.53022031,8.05509029,39.77306282,45.71686,15.36232766,1675.82701026,16.87902583,4.69056427,63.87957895,18.69085685,1590.94878273,36.65100137,10.40276274,132.35697783,1.61981098,0.3849991,1.0,3.71316543,3.76225472,55.80919302,279.51274293,3.93056743,7296.13402701,3.64,4.53862869,107.03319348,90.82354763,1273.91909835,3.75,8.34325233,13.55838582,601.01931061,10.22025535,1.33290066,0.78047482,22.59634628,571.20021706,35.28879396,1607.32441601,22.5967016,13001.85633719,18.69085685,35.53637944,10.95038673,3.50357363,3.09800874,2.35681089,31.94305356,6.76818073,31.46247492,2550.58742838,38.07665485,3885.68942037,38.89358649,12514.95855131,36.08853266,24644.2325097,119.50420713,2.7305774,599.04444259,2.70092641,599.04444259,108.97820591,250.35409942,18.69085685,24.06823192,
2024-03-09,3.6725,71.16924707,94.98624806,401.75147936,1.78753385,835.92135083,846.8237326,1.50934446,1.79,1.70407382,1.7880571,2.0,109.74459442,1.7880571,0.376,2866.14700515,1.0,1.33310985,6.90691337,4.98023248,1.0,82.75574048,13.61936902,3.27374235,2.02325607,1.34804108,2769.94792592,0.87771285,961.32416089,7.18546714,3903.50042911,511.64867302,23.9789033,100.81093775,23.15571208,178.3985075,6.814598,58.7440253,134.65755676,49.40614676,15.0,56.58580523,0.91421908,2.22949256,0.77796538,0.77796538,2.6564609,12.78759304,0.77796538,67.94251404,8587.06830095,7.79990772,208.52764176,7.82042572,24.69568622,132.75532663,360.56030023,15553.48574928,3.57625539,82.75574048,1309.86974667,42030.75490234,136.13801275,155.18784336,0.709,147.08350537,140.01498097,89.43807136,4053.49354441,449.76630288,899.99471848,1317.35068604,0.3070529,0.82007552,446.84985378,20871.6263259,89813.47800933,307.53120348,192.40439624,18.72033851,4.81042482,10.02742215,17.67130632,4510.92206667,56.30415638,2099.11783911,3378.00053694,8.05503849,39.92889859,45.73271542,15.4009693,1666.9485862,16.80359911,4.68505699,63.76690305,18.72033851,1594.34893697,36.79227417,10.40627631,132.47125158,1.61948785,0.38503101,1.0,3.71235638,3.7902782,55.5569207,279.25265598,3.93061229,7268.02323874,3.64,4.54009734,107.11307866,90.96247321,1273.74720033,3.75,8.45355521,13.69418987,600.69290865,10.21374884,1.33310985,0.77796538,22.49077027,571.13404329,35.3997245,1608.25139976,22.6178155,13001.83977429,18.72033851,35.38809665,10.95241235,3.49466197,3.09907773,2.33104076,31.87422533,6.77250127,31.44539857,2548.6665845,38.27454688,3904.66660251,38.8247477,12503.13993059,36.1184635,24654.06448476,118.68053702,2.68250919,599.68840383,2.70216131,599.68840383,109.09535539,250.3831038,18.72033851,24.37229055,
2024-03-10,3.6725,71.1548542,95.04885508,401.75037479,1.78730482,832.64663777,846.50036839,1.50770798,1.79,1.70407382,1.78770005,2.0,109.62860584,1.78770005,0.376,2857.86284179,1.0,1.33201798,6.93488152,4.98054496,1.0,82.78171042,13.7258599,3.27179623,2.01519659,1.34978873,2769.94792592,0.87787334,961.52376684,7.19168962,3903.14129805,510.79664435,23.92618248,100.79080714,23.1536313,178.40451585,6.81545603,59.01033121,135.26096097,49.40385835,15.0,56.50023765,0.91403652,2.25504728,0.77819088,0.77819088,2.65755985,12.75267566,0.77819088,67.92532156,8548.28932352,7.81036676,209.50235025,7.82039702,24.69493899,134.28093543,360.53695497,15605.5168251,3.57600912,82.78171042,1310.39681387,42002.62379436,136.20171852,154.63477417,0.709,147.06282888,140.13097292,89.43807136,4049.19657469,449.67649053,899.99999817,1320.82692171,0.30689943,0.82000337,445.45263437,20856.8773946,89549.59503206,307.3290937,192.52470031,18.71407958,4.81487143,10.0381412,17.62993618,4506.45939309,56.25963031,2096.06586716,3376.61605466,8.05500893,40.00483865,45.74726027,15.2898458,1560.12207628,16.80176112,4.69090519,63.8190539,18.71407958,1594.52027927,36.62445423,10.41050506,132.51282295,1.6194394,0.385,1.0,3.68898203,3.76291476,55.74968,279.42564329,3.93077255,7304.44971749,3.64,4.57746862,107.0751586,90.8066743,1280.6178361,3.75,8.45668672,14.36163162,598.81293005,10.25966977,1.33201798,0.77819088,22.48730807,571.45610153,35.4899779,1607.93025333,22.60283889,13001.98264611,18.71407958,35.44256596,10.95220811,3.50999782,3.0965,2.33099201,31.88388842,6.78797822,31.43618969,2547.69454916,38.4613981,3904.74895744,38.9678894,12503.13993059,36.14504533,24645.07548287,118.56844221,2.68239246,599.56865403,2.70000005,599.56865403,109.07357049,250.29326347,18.71407958,24.22351421,
2024-03-11,3.6725,71.17411104,95.05342542,402.01847588,1.79367502,835.01389839,846.87878534,1.50965539,1.79,1.70197862,1.78703217,2.0,109.76678492,1.78703217,0.376,2857.49718446,1.0,1.33047722,6.8968816,4.98393418,1.0,82.74137951,13.58341879,3.26563186,2.02446483,1.34782752,2770.76671533,0.87706126,962.34705321,7.18548101,3904.10733958,510.83169842,23.94587796,100.75315191,23.12953645,177.80290594,6.81172039,58.88340215,134.41451867,49.35289208,15.0,56.72849931,0.91369504,2.23583978,0.77756004,0.77756004,2.65519061,12.79215679,0.77756004,67.9650758,8585.5946473,7.7979257,208.61185241,7.82013485,24.64357541,132.39937555,360.00340844,15568.91010395,3.57590054,82.74137951,1309.98525689,42039.98048225,136.05776244,155.12880079,0.709,146.5732279,144.19249548,89.43526897,4050.40193406,449.50849234,899.97864081,1316.52802275,0.30707822,0.8224982,447.10317072,20864.00138863,89451.57119218,307.57793036,193.06475699,18.75835084,4.81112712,10.03986795,17.65893998,4497.91149435,56.31718077,2096.08294365,3399.40643712,8.05473889,39.75998375,45.73654917,15.39882511,1678.30067053,16.79157034,4.68437228,63.87518544,18.75835084,1589.27578291,36.75205701,10.42663347,132.44826326,1.61827976,0.38502728,1.0,3.69408677,3.76370031,55.55040508,279.50126295,3.93048384,7273.14441778,3.64,4.53829937,107.23818426,90.93238312,1288.72740519,3.75,8.33758341,13.66293717,601.00436555,10.20373366,1.33047722,0.77756004,22.54890033,570.2831271,35.36897145,1607.32806538,22.51166218,13001.85513436,18.75835084,35.40909975,10.95346539,3.50396812,3.09066282,2.35204835,32.00783386,6.78411054,31.42318311,2550.32147098,38.25610698,3905.35272181,38.77945756,12505.03730582,36.12215619,24641.3089403,119.44720277,2.72824763,599.34465645,2.70369501,599.34465645,109.03282084,250.36071392,18.75835084,24.39961468,
2024-03-12,3.6725,71.16094435,94.88780004,401.54604793,1.7923195,849.19749596,848.2274757,1.5115515,1.79,1.70059435,1.78958922,2.0,109.75540845,1.78958922,0.376,2862.78039574,1.0,1.33057568,6.89610104,4.97849756,1.0,82.76883636,13.56483814,3.26514529,2.02428153,1.34800673,2770.33098225,0.87742294,966.5345325,7.1819182,3913.26769493,509.86094008,23.94720302,100.89731882,23.17554498,177.78023453,6.82225906,58.89452123,134.46745905,49.05051913,15.0,56.6329947,0.91500244,2.23910552,0.78018253,0.78018253,2.65492186,12.80792661,0.78018253,67.9500874,8580.88851663,7.79718088,208.5686174,7.82100151,24.65063392,132.40532805,361.23024223,15516.80407506,3.6291026,82.76883636,1309.60212563,41937.90496633,136.25097801,155.06597328,0.709,146.91835407,138.99129574,89.43456103,4050.25896254,450.15169058,900.00233419,1311.61686036,0.30714381,0.82146919,450.1057672,20792.73138953,89480.93645908,306.96428153,192.81418299,18.68408579,4.80954997,10.0434028,17.64406327,4510.88373734,56.35079028,2096.53628785,3392.9759712,8.05563155,39.85748564,45.74474577,15.38690729,1680.22814634,16.80170908,4.68073452,63.8929596,18.68408579,1594.44779344,36.76526128,10.45556247,132.4922148,1.62095935,0.38500302,1.0,3.69058374,3.76621493,55.43656105,279.15943714,3.91885388,7260.57305109,3.64,4.54447906,107.23559909,90.86860361,1281.62592402,3.75,8.32648484,13.49803148,601.93989331,10.2397514,1.33057568,0.78018253,22.69519836,570.7592793,35.4332679,1602.82021535,22.63035018,13001.81114517,18.68408579,35.45356953,10.95623154,3.49371566,3.0953503,2.35738478,32.04908524,6.78289753,31.45516506,2549.79264726,38.4120844,3904.96269847,38.78698952,12525.68063298,36.15637277,24506.66092388,119.57779994,2.73277354,600.20225411,2.70173042,600.20225411,109.18883506,250.35031878,18.68408579,24.62372063,
2024-03-13,3.6725,70.90703396,94.86092491,401.27851254,1.7925308,849.2853959,846.97517456,1.51396534,1.79,1.70190125,1.78997046,2.0,109.65696438,1.78997046,0.376,2863.85534996,1.0,1.33204207,6.90438856,4.96998633,1.0,82.7861785,13.55740016,3.26510855,2.02424093,1.3492868,2770.81689703,0.87749862,951.38936224,7.17992487,3918.33170479,508.18545691,23.97834907,100.91881358,23.15547822,177.93502513,6.82427764,59.08883833,134.49030704,48.80123132,15.0,56.79404027,0.91519737,2.24473842,0.78153207,0.78153207,2.65484398,12.87331038,0.78153207,67.98167586,8595.42743316,7.80467776,208.95989271,7.82365427,24.68064131,132.58600834,365.13507002,15549.91725642,3.65706982,82.7861785,1309.17349979,41961.82127676,135.91271438,155.0488634,0.709,147.30360358,138.97493049,89.43072471,4052.91963094,450.2475891,899.99174908,1310.45769685,0.30712641,0.82196,448.73292408,20794.95289002,89725.06132999,306.40110204,192.52512367,18.68352156,4.79996518,10.03947123,17.6436498,4512.14189588,56.41278286,2098.88841881,3388.68890551,8.0583639,39.85973176,42.23633297,15.34987409,1679.46241347,16.79724317,4.68220726,63.84199323,18.68352156,1616.23563798,36.7872735,10.51425842,132.51997524,1.62665334,0.38499664,1.0,3.69174146,3.76846657,55.41151441,279.13337611,3.9258999,7260.75446062,3.64,4.54636189,107.28578573,91.39379266,1285.59370694,3.75,8.32712597,14.23245328,600.93630206,10.23728701,1.33204207,0.78153207,22.69425071,570.79999829,35.23321325,1602.70692447,22.7226634,13001.89387866,18.68352156,35.71915937,10.9417007,3.49416846,3.09616433,2.36006269,32.18510993,6.78784144,31.43972199,2549.74700672,38.5980702,3890.14353495,38.83086271,12530.5780693,36.17351617,24532.39562112,120.18629931,2.73493022,600.3301188,2.70192431,600.3301188,109.21209622,250.3522514,18.68352156,24.6175103,
2024-03-14,3.6725,70.83792721,94.66464341,402.89530687,1.78993786,849.47181375,849.72651435,1.50872145,1.79,1.70240094,1.786032,2.0,109.73675259,1.786032,0.376,2864.21129718,1.0,1.33187355,6.91424162,4.97065508,1.0,82.84534366,13.55576492,3.27014559,2.02412509,1.34658104,2770.38204358,0.87841704,945.84467981,7.18605905,3903.68562472,507.05492513,23.97394065,100.69676205,23.06771241,177.9015769,6.8090484,59.10879028,134.58580389,48.45059243,15.0,56.76979407,0.91318366,2.22849233,0.78113886,0.78113886,2.65971873,12.86558745,0.78113886,67.93506571,8612.94502475,7.80568092,208.89150674,7.82158817,24.68595746,132.65010439,361.63601859,15576.09582081,3.63508415,82.84534366,1309.26064201,41982.60597576,135.60059798,154.96592608,0.709,147.58475158,137.95356284,89.48847906,4049.80510227,449.25690991,899.97082501,1316.45080096,0.30717588,0.81998916,450.11355903,20814.01293286,89792.65562915,306.10133813,192.24489397,18.5751589,4.80969326,10.01970252,17.6435796,4506.72786954,56.36780075,2099.9530879,3397.76831662,8.05623581,39.85969884,45.67070909,15.40095817,1678.08925102,16.67253957,4.68442686,63.84227485,18.5751589,1607.64244801,36.75260287,10.47571073,132.61468386,1.62071258,0.38499807,1.0,3.67598092,3.76589977,55.3684761,278.99250569,3.91123178,7286.73890682,3.64,4.53787768,107.02835766,91.10873271,1286.61156711,3.75,8.23933675,14.3161552,585.73961273,10.22271658,1.33187355,0.78113886,22.74456228,570.79910014,35.37902746,1602.734368,22.40350793,13001.85273598,18.5751589,35.64199519,10.94869372,3.49382846,3.09471332,2.36091255,32.15560767,6.79122311,31.50023392,2550.41809657,38.83083547,3895.17568644,38.82470821,12523.27108464,36.21790181,24508.05974433,119.4935805,2.73858654,599.00921322,2.70001083,599.00921322,108.97179698,250.3497694,18.5751589,24.72414807,
2024-03-15,3.6725,71.1645958,95.28906927,402.92687279,1.79149227,844.83301796,850.32795109,1.52266935,1.79,1.70063695,1.79802621,2.0,110.04525397,1.79802621,0.376,2867.04400755,1.0,1.33707908,6.91418407,4.99422155,1.0,82.95055983,13.55438972,3.26503029,2.02409737,1.35389576,2773.39751911,0.88470123,941.79210391,7.19320002,3895.38201059,508.16108167,23.98606929,101.37299766,23.15809779,178.17660011,6.85419457,59.38274681,134.55719152,47.80133201,15.0,57.06906825,0.9193162,2.24643599,0.78501961,0.78501961,2.69991106,12.90023227,0.78501961,67.9932364,8593.62465564,7.80614653,210.00769187,7.82221704,24.68997988,132.64430141,363.48191561,15620.22264601,3.65517632,82.95055983,1309.7286089,42077.18045945,136.52261056,154.90819699,0.709,148.43053394,134.96133924,89.50852284,4058.90168231,452.27392372,899.96996032,1327.65207814,0.30739741,0.82098104,448.5920245,20902.83215776,90248.85039936,305.61725762,192.62599238,18.76184239,4.83472984,10.05941969,17.62172236,4525.82439311,56.32277846,2100.05237306,3396.40668901,8.05688355,40.02728779,45.75065707,15.38272493,1681.80977705,16.71147308,4.70039372,63.83308826,18.76184239,1603.9346554,36.92769956,10.589314,132.78310865,1.63733997,0.38496692,1.0,3.68698178,3.76510672,55.57143145,279.03813003,3.94971435,7303.06429832,3.64,4.57065004,107.7664878,91.28950312,1292.44271367,3.75,8.32227355,13.59624612,585.78773207,10.36068675,1.33707908,0.78501961,22.69975736,574.15781985,35.20628178,1602.97511832,22.56467979,13001.85503589,18.76184239,35.80270865,10.95173422,3.4936204,3.09638383,2.36154098,32.20134216,6.79173202,31.61805126,2544.31842658,38.64294674,3911.30048014,39.03790714,12596.74001153,36.2232713,24755.59742028,119.94174297,2.74012465,603.03189829,2.70103331,603.03189829,109.70360412,250.18174189,18.76184239,25.04270104,
2024-03-16,3.6725,71.38177926,95.04080496,401.27002113,1.78792459,834.3192193,849.97827042,1.52365074,1.79,1.70018399,1.79573255,2.0,109.74460884,1.79573255,0.376,2876.22830874,1.0,1.33789578,6.91804849,4.99624033,1.0,82.89459402,13.56385973,3.2720141,2.02438348,1.35286206,2765.31492952,0.88454018,943.31757296,7.19540674,3881.79499802,510.43284726,24.0152691,101.243681,23.09815898,178.34752354,6.84786626,59.18071365,134.38176619,47.76032592,15.0,56.81897211,0.91814348,2.24206122,0.7849126,0.7849126,2.6855764,12.79496257,0.7849126,67.93489486,8599.30340085,7.81049787,210.1694307,7.82264546,24.70527715,132.65943192,360.79454614,15648.26070367,3.67862826,82.89459402,1309.5075006,42027.9359047,136.60922762,154.92771152,0.709,149.03517034,134.78812163,89.50999606,4051.1974111,451.69697964,900.00163198,1330.16519064,0.30739439,0.82000631,450.00780201,20881.33677553,89528.41697936,305.31930888,192.49284294,18.76056151,4.80980386,10.05139413,17.62329184,4504.48006561,56.47933165,2099.83295352,3378.81880428,8.05732483,39.8957079,45.94790455,15.437319,1681.79493713,16.71554365,4.70449713,63.7765686,18.76056151,1592.05103964,36.79490683,10.61393155,132.69352137,1.64375417,0.38494113,1.0,3.69237846,3.79129604,55.616381,278.93110147,3.95094839,7300.76929727,3.64,4.5657282,107.55511289,92.52349346,1287.83025247,3.75,8.44483949,14.31468632,585.57505492,10.35774558,1.33789578,0.7849126,22.59963778,570.735819,35.30754803,1603.8956661,22.50323843,13001.83276582,18.76056151,35.82437698,10.94941532,3.50355382,3.09904083,2.33898323,32.10126709,6.79394267,31.62601513,2551.23269188,38.59751241,3907.69934576,38.79266445,12576.99951586,36.25093365,24715.62285641,119.13550522,2.68761019,602.26263952,2.70246867,602.26263952,109.56366052,250.33874514,18.76056151,24.96620042,
2024-03-17,3.6725,71.38903016,95.04874816,401.26880323,1.78730449,832.6332468,850.50109247,1.52320845,1.79,1.70000523,1.79452161,2.0,109.62503544,1.79452161,0.376,2858.87303922,1.0,1.33767659,6.93491868,4.9972193,1.0,82.88756286,13.62399311,3.2750001,2.01530758,1.35243959,2763.35009767,0.88399472,944.39311178,7.19534134,3877.54894646,507.86273325,23.99987957,101.17540798,23.08001022,178.40440277,6.84889668,59.07008128,135.11949243,47.80055972,15.0,56.82477571,0.91752433,2.26098219,0.78512831,0.78512831,2.69989991,12.84271952,0.78512831,67.93482581,8552.11228187,7.80871058,208.98313888,7.82168386,24.6939517,135.13251447,360.993411,15597.01980981,3.67399995,82.88756286,1310.30135072,42002.59403563,136.64958365,153.84812003,0.709,148.93906867,133.88329311,89.51000213,4050.32849243,451.39238068,900.0,1331.19839573,0.30840196,0.82000399,449.46210447,20880.92258404,90214.86578859,305.32138462,192.57390965,18.76012681,4.80620015,10.04725781,17.61000105,4501.28922262,56.39000237,2095.79444057,3378.54936838,8.05633438,40.00980397,45.97957287,15.45999928,1683.44067615,16.7089349,4.70358258,63.75232335,18.76012681,1610.272318,36.62429854,10.61078569,132.68226625,1.64394354,0.38510203,1.0,3.69192151,3.81974593,55.53251742,278.69822583,3.93892472,7309.8233894,3.64,4.56864079,107.69347505,92.52453767,1283.3154345,3.75,8.46380519,14.48006088,598.8620644,10.35951251,1.33767659,0.78512831,22.49005217,571.45141755,35.08000943,1602.81408945,22.49985923,13001.85513346,18.76012681,35.88742299,10.94941771,3.50000823,3.09549806,2.33642439,32.17940329,6.78205513,31.65366422,2549.60970752,38.4613196,3884.87641711,39.06370571,12579.9999996,36.19055377,24715.07865878,119.04880657,2.68240174,601.85650758,2.70000013,601.85650758,109.48977697,250.23576371,18.76012681,25.20080671,
2024-03-18,3.6725,71.38583179,95.06297128,402.65046722,1.79027181,846.75418296,850.68582527,1.52490955,1.79,1.70055446,1.79664014,2.0,109.71334745,1.79664014,0.376,2859.45077275,1.0,1.33857536,6.92280928,4.99406072,1.0,82.90306016,13.58027343,3.2667245,2.02171404,1.35463738,2769.82751618,0.88364511,939.84534948,7.19533961,3876.98655869,506.98244352,23.9992163,101.29485114,23.09379862,178.25676578,6.85027558,59.15272137,134.59454976,47.65843747,15.0,56.59274876,0.91860752,2.25452516,0.7855741,0.7855741,2.70969342,12.88821837,0.7855741,67.9407582,8577.23188718,7.8090709,209.81866438,7.82198184,24.70106075,133.38922162,360.79740285,15622.75153922,3.68081476,82.90306016,1309.86903159,42031.87269822,136.59780996,154.40702823,0.709,149.30010982,136.45286546,89.51407839,4050.7024285,451.92527435,899.99521613,1333.09371987,0.30751243,0.820521,449.84393649,20869.58372643,89975.68771376,305.32895074,192.72707103,18.76695969,4.80817078,10.04723818,17.62108994,4500.66436599,56.46150877,2099.82373734,3394.19295112,8.0566413,39.84579953,45.95927813,15.37934628,1681.82250436,16.72009861,4.71359419,63.82541223,18.76695969,1597.4665863,36.73581873,10.61873435,132.70707355,1.64373992,0.38505039,1.0,3.68936701,3.76509388,55.6649018,278.84886844,3.95319701,7300.40633862,3.64,4.56688472,107.6743877,91.76039482,1282.99938878,3.75,8.27453903,14.36646393,588.01652181,10.36911437,1.33857536,0.7855741,22.56572478,571.05874735,35.15998321,1602.85696642,22.52833873,13001.85717995,18.76695969,35.94915255,10.94937972,3.49354852,3.09990607,2.36097076,32.31470809,6.78900832,31.64789067,2550.78293683,38.80354673,3884.31218904,38.42381121,12587.02335379,36.24800073,24711.08425842,119.83392099,2.74586257,602.56703247,2.70074228,602.56703247,109.6190357,250.34053792,18.76695969,25.27893271,
2024-03-19,3.6725,71.37094727,95.05659584,402.70635315,1.79246034,839.30942024,852.25176014,1.52655899,1.79,1.70059014,1.79918881,2.0,109.89075238,1.79918881,0.376,2860.28992357,1.0,1.33941104,6.91263052,5.03048895,1.0,82.93273169,13.58332319,3.26487664,2.02438723,1.35432788,2774.23632239,0.88847428,946.75825651,7.19801127,3897.51798825,503.57632704,24.01985663,101.43854514,23.21281995,178.0342844,6.85961879,59.30989038,134.52740088,47.10706003,15.0,56.91111898,0.91991063,2.2680367,0.78612993,0.78612993,2.71267875,12.9559714,0.78612993,67.93618126,8609.99902936,7.80803134,209.73483762,7.82059532,24.70341649,132.93995334,363.28564795,15735.66807107,3.65277462,82.93273169,1309.38695684,42146.40568744,136.98087245,154.61554197,0.709,149.26157123,135.8472364,89.50823778,4059.84026809,452.56636271,900.0090927,1338.03709555,0.3073515,0.8215479,450.10218674,20958.84744937,90349.11737674,305.45188927,192.98979277,18.95950372,4.83245656,10.05064598,17.72844226,4488.85913551,56.5671986,2105.24705157,3399.62429242,8.05521318,39.90481747,45.93551228,15.39576165,1683.0569212,16.83950887,4.72408353,63.86835217,18.95950372,1564.46108678,36.81768485,10.65973406,132.75457026,1.64643914,0.38496673,1.0,3.70095595,3.76505681,55.70686319,279.11370926,3.97650224,7293.41534113,3.64,4.57411814,107.82687621,91.24520001,1289.85289953,3.75,8.27623389,13.46547176,585.38614092,10.43804907,1.33941104,0.78612993,22.59554887,570.73334233,35.09667142,1602.87919034,22.59336292,13001.89099544,18.95950372,36.01180031,10.9581029,3.4935921,3.10268614,2.36984488,32.3418825,6.7912389,31.70705078,2551.58203807,39.00454116,3879.37051914,38.51826009,12542.5033923,36.21954138,24830.10580117,120.82474259,2.74773191,603.42181694,2.70173814,603.42181694,109.77453815,250.35742439,18.95950372,25.61199832,
2024-03-20,3.6725,71.25397979,95.08620143,402.61744042,1.7924599,839.1652289,853.21654235,1.53095199,1.79,1.7005096,1.80027488,2.0,109.74283648,1.80027488,0.376,2857.80524544,1.0,1.34238326,6.91074513,5.03169776,1.0,83.0148524,13.58358287,3.26493323,2.02437804,1.35757805,2773.53049755,0.88871824,966.47214244,7.19896546,3877.63563992,502.35480496,24.01052361,101.49977818,23.26602448,178.12512411,6.864517,59.0896401,134.83429983,47.04791288,15.0,56.79846869,0.92046593,2.27426821,0.78631996,0.78631996,2.71192374,12.98333949,0.78631996,67.93793139,8612.60978436,7.81202113,209.22327325,7.82364821,24.73462277,132.86006268,363.26421297,15734.94507669,3.67181513,83.0148524,1309.69482505,42134.72623577,137.06141935,154.62436296,0.709,151.2119428,133.98935681,89.50919971,4057.43806689,452.8395529,899.98463315,1337.87579188,0.30754195,0.82155778,451.73792857,20969.00412458,90367.87654962,303.97492104,192.99049191,18.91863966,4.81981495,10.03983838,17.72873718,4509.66908853,56.70945552,2104.48615669,3398.3643123,8.05835765,39.91603186,46.05381889,15.42794071,1682.50634432,16.80118262,4.73737632,63.83670019,18.91863966,1564.92376225,36.75445349,10.64571809,132.88602498,1.65376444,0.38494366,1.0,3.70107942,3.76503881,55.93165923,278.69994853,3.97142793,7295.84314973,3.64,4.57844809,107.88966605,91.35184508,1289.12444163,3.75,8.28306212,13.29225222,585.40097946,10.4350645,1.34238326,0.78631996,22.62160983,570.84454392,35.27683344,1602.8272767,22.84726797,13001.76152023,18.91863966,36.09940528,10.96969586,3.49360551,3.10824004,2.37185905,32.38668743,6.7906242,31.82075985,2544.1956054,39.0997689,3880.71865845,38.40339031,12547.54686742,36.21988936,24848.68764036,121.16623016,2.75307168,603.78607053,2.70174689,603.78607053,109.84080319,250.22431466,18.91863966,25.92291571,
2024-03-21,3.6725,71.40510378,94.03670141,399.43070109,1.79157464,839.29049492,853.24552295,1.5105293,1.79,1.70064328,1.78829349,2.0,109.74728402,1.78829349,0.376,2868.50674347,1.0,1.33757341,6.90960685,4.96778162,1.0,83.03726754,13.5839388,3.2649486,2.02436643,1.34685688,2774.17794384,0.88469946,963.05096812,7.19929284,3873.56340744,501.51203453,24.00774128,100.82426566,23.04750375,178.12859417,6.81893117,59.19046527,134.32380061,46.89851553,15.0,56.80831781,0.91433994,2.26709679,0.78132776,0.78132776,2.71337144,12.96674738,0.78132776,67.92846161,8607.57707236,7.79944421,209.08245991,7.82111691,24.70929976,132.73848737,360.13173701,15648.70334118,3.647984,83.03726754,1309.69034022,42072.36684653,135.78177213,153.99206547,0.709,150.42907921,132.98553394,89.50977375,4053.86282838,449.82576512,899.98207921,1326.95934627,0.30734153,0.82101152,450.41967553,20890.82112021,90295.29998262,304.17668988,192.91445561,18.68786682,4.81975692,10.00535086,17.7267429,4508.05365624,56.29672097,2102.00686035,3399.54316596,8.05575042,39.87703641,46.06896656,15.39925646,1682.94212427,16.68157999,4.71328802,63.85300101,18.68786682,1496.05925304,36.73331144,10.53956613,132.92190602,1.64031765,0.38497571,1.0,3.69551506,3.76803811,55.92849845,278.49825678,3.94165744,7310.89816646,3.64,4.54683039,107.18213944,91.66797598,1287.75540637,3.75,8.30332888,13.4251937,585.46564831,10.36754992,1.33757341,0.78132776,22.64784101,570.77951606,35.18674089,1602.93915102,22.82008726,13001.83989946,18.68786682,35.89602627,10.96003979,3.49352879,3.10364924,2.36567094,32.42853558,6.7889246,31.717447,2546.14958297,39.09981681,3877.070906,38.51254385,12569.30482893,36.22970693,24709.07855092,120.12387856,2.74599756,599.76768683,2.70111993,599.76768683,109.10977855,250.23662544,18.68786682,26.09199006,
2024-03-22,3.6725,71.18750335,94.66067044,397.82218636,1.79230225,839.19841586,854.18712007,1.52065724,1.79,1.70080354,1.80009488,2.0,109.74216517,1.80009488,0.376,2858.01365043,1.0,1.34292701,6.903032,4.97611688,1.0,83.20548715,13.64705273,3.26487272,2.02435632,1.35228797,2773.40827346,0.89746479,969.24256667,7.19935996,3904.15790173,503.75887629,23.95448225,101.48962972,23.30904446,177.78378995,6.86446355,58.58713552,134.76044655,46.64895844,15.0,56.41012555,0.9203739,2.27181833,0.78906273,0.78906273,2.6999098,13.00858261,0.78906273,67.92621844,8589.76802494,7.782693,208.88300916,7.82054611,24.64708475,132.43656858,363.31628102,15702.79042535,3.60610814,83.20548715,1309.2688732,42286.37879563,136.67972356,153.55806888,0.709,151.51264967,132.78718753,89.50813576,4010.69215474,452.79427568,900.01782011,1331.68703178,0.30751958,0.82145306,450.40544342,21089.41797737,90751.43724212,303.94066758,192.97582813,18.80697076,4.78488516,10.04555983,17.6967322,4446.75784455,56.53579071,2097.4875658,3398.60772915,8.05516249,39.46395187,45.98724588,15.39465485,1682.84004153,16.7214017,4.7343514,63.8667443,18.80697076,1409.1860838,36.57482538,10.66036219,133.19118356,1.65275276,0.38497784,1.0,3.69037829,3.7707253,56.12028568,278.50953364,3.96425065,7300.4608409,3.64,4.5770173,107.87674024,91.17634828,1274.99489801,3.75,8.28225323,13.46804584,585.47498774,10.46240769,1.34292701,0.78906273,22.65245418,566.02934777,34.99799183,1602.85879781,22.49941772,13001.85501556,18.80697076,36.34432885,10.95677841,3.49350358,3.10869497,2.37055533,32.15796143,6.78514538,31.8969934,2546.57787995,38.90029235,3885.78532562,38.11144105,12595.013014,36.24688077,24922.9211836,120.3118762,2.75207699,603.72570091,2.70160244,603.72570091,109.82982074,250.24238885,18.80697076,26.26766835,
2024-03-23,3.6725,71.25112511,95.09791388,396.46425066,1.78783249,833.08525125,851.32898601,1.53465936,1.79,1.70207199,1.80691803,2.0,109.76091095,1.80691803,0.376,2839.83998552,1.0,1.34855602,6.90443277,5.00163419,1.0,83.5683583,13.65794672,3.27396783,2.02301771,1.36079955,2767.13846757,0.89790036,983.16369686,7.22924195,3890.73843374,506.61264605,23.96145448,101.8743201,23.45058132,178.30067261,6.90077564,58.67819866,134.77835463,46.56573583,15.0,56.36903913,0.92386252,2.27364132,0.79343411,0.79343411,2.70387541,12.93780341,0.79343411,67.89542928,8581.45914662,7.7845971,208.86203016,7.8217515,24.67007481,132.87115067,367.66481742,15808.60353463,3.64124389,83.5683583,1308.97498407,42041.82149876,137.82126642,153.75464058,0.709,151.40294136,132.63136959,89.50969444,4017.88562787,454.51056537,899.99441562,1343.86884311,0.30778051,0.8200057,450.2249812,20904.67993122,89054.06660811,303.2230341,192.61044983,18.99533471,4.81924335,10.08430482,17.70415059,4455.93674102,56.88135887,2099.5454865,3379.46586739,8.05640404,39.55686287,46.29206248,15.44815959,1690.43411714,16.76194987,4.73779872,63.79292491,18.99533471,1462.51660231,36.76175547,10.75587868,133.77204954,1.66858435,0.38499513,1.0,3.69118334,3.76056175,56.37559358,278.2259332,3.99584901,7310.36729274,3.64,4.6001558,108.40506799,91.93069159,1276.58614527,3.75,8.43691616,13.66385058,587.4605645,10.56556872,1.34855602,0.79343411,22.66209077,566.81242577,35.18072089,1588.06303009,22.43696916,13001.85127277,18.99533471,36.29192819,10.94891453,3.49870748,3.10119762,2.34518535,32.01439819,6.78747878,31.97004578,2551.29793607,39.02636507,3876.57746693,38.57582847,12595.33031252,36.2883648,24775.33527137,119.41776334,2.74988982,606.01408716,2.70226321,606.01408716,110.24612413,250.33866045,18.99533471,26.31649228,
2024-03-24,3.6725,71.29218327,95.31984932,396.35824866,1.78750078,832.63327963,854.49082607,1.53586774,1.79,1.70207199,1.80505448,2.0,110.02405322,1.80505448,0.376,2863.30810891,1.0,1.34867255,6.93490694,5.00240045,1.0,83.55091438,13.64749103,3.27484176,2.01519734,1.36013335,2765.50000002,0.89776332,983.27198093,7.22919461,3893.97773781,505.55354203,23.91886598,101.76925286,23.441642,178.18429912,6.90136058,59.10931971,135.07718662,46.75041071,15.0,56.6505402,0.9229097,2.27150884,0.79318215,0.79318215,2.70000005,12.98266462,0.79318215,67.89872221,8545.00415584,7.80253014,208.95137555,7.82232109,24.68890947,135.11344039,367.90782058,15780.6721789,3.64086342,83.55091438,1310.30800416,42002.59611178,138.00488111,153.80232,0.709,151.42638281,131.63045702,89.50969444,4045.29158827,454.04180963,900.0,1345.43320347,0.30858038,0.82000512,449.86378948,20919.4162874,90229.54518398,303.25995923,192.7179377,18.99666199,4.81310005,10.09666899,17.66000118,4408.11815887,56.74000212,2095.80300326,3379.1701292,8.05699072,40.08987188,46.31994265,15.45999968,1733.22615965,16.77171199,4.73679547,63.78295528,18.99666199,1448.83065831,36.62440834,10.75548687,133.74412619,1.6684758,0.38510207,1.0,3.69342212,3.76010164,56.33901619,278.09338815,3.9919376,7357.84103368,3.64,4.57994394,108.21920646,92.17058441,1285.08851073,3.75,8.44591468,14.42468583,598.81214737,10.56851469,1.34867255,0.79318215,22.66497229,571.45122951,35.00000544,1586.42519437,22.64873077,13001.85513352,18.99666199,36.36843674,10.94811182,3.50494988,3.12149415,2.34410819,32.0091276,6.80369868,32.00190397,2550.43484635,39.04858524,3879.76433277,37.77073112,12599.99999428,36.23615422,24775.07299527,119.37753989,2.74950838,605.38907951,2.70000012,605.38907951,110.13242269,250.23376109,18.99666199,26.58930081,
2024-03-25,3.6725,71.24481438,95.16352633,396.34407811,1.79238213,839.26007658,855.14756918,1.53423654,1.79,1.69995166,1.81047237,2.0,109.50692346,1.81047237,0.376,2853.84747949,1.0,1.34964903,6.90280104,5.00211289,1.0,83.5999218,13.69244195,3.269968,2.01438835,1.36111483,2773.60979768,0.89814136,979.6895864,7.22919874,3892.80067388,500.97992398,23.94328663,102.07471438,23.48358607,177.72775309,6.90415902,58.81581336,134.72662042,46.80280774,15.0,56.42340927,0.92567983,2.27779921,0.79381046,0.79381046,2.69575924,13.01403602,0.79381046,67.89536682,8574.23316574,7.77941783,208.8426377,7.82061377,24.62963375,132.28834634,368.13589512,15812.70793815,3.64105617,83.5999218,1308.61070502,42250.54303063,137.84069952,153.74337228,0.709,151.25457331,131.89041589,89.50887429,4026.75872495,455.40462107,899.98624502,1343.91467765,0.30759803,0.82187202,450.30329532,21097.07257052,91065.00936894,303.25452312,192.97649488,19.00590985,4.79273554,10.09619844,17.69179831,4411.49228766,56.89424907,2095.20992608,3398.40959332,8.05523218,39.83819435,46.28809983,15.41193581,1683.34814001,16.76247533,4.73991532,63.87844168,19.00590985,1345.23017109,36.67038545,10.75598217,133.82257482,1.66865696,0.38500238,1.0,3.70396867,3.77179788,56.37997131,278.24088624,4.00139215,7296.23994686,3.64,4.60319834,108.48770056,90.93292422,1278.588971,3.75,8.28572358,13.54270099,585.4923534,10.57236251,1.34964903,0.79381046,22.59833803,568.17348482,35.03979829,1582.24783694,22.64486775,13001.84235542,19.00590985,36.34236403,10.94811723,3.49353836,3.12521955,2.37579263,32.14975437,6.78233936,31.98152802,2553.47572622,39.09963428,3905.43958128,37.70115232,12565.10281062,36.29283701,24915.97280997,121.53036693,2.76066451,607.20616142,2.70192756,607.20616142,110.46298636,250.33710201,19.00590985,26.55011284,
2024-03-26,3.6725,71.26861641,94.86201182,394.01950712,1.79141358,839.11002293,856.22239348,1.52808155,1.79,1.7006389,1.80404811,2.0,109.74144386,1.80404811,0.376,2857.52798361,1.0,1.34534014,6.89194036,4.97403719,1.0,83.40915014,13.72171209,3.26504631,2.02415504,1.35800296,2784.65028153,0.89949912,978.39188033,7.21025923,3893.51710529,502.02106044,23.93712143,101.71251319,23.33267231,177.65705738,6.87846103,59.38581717,134.74126953,47.39981916,15.0,56.80191564,0.92239515,2.26830993,0.79104291,0.79104291,2.6985915,13.03769798,0.79104291,67.90520143,8560.18772952,7.77747577,208.48866499,7.82106399,24.63086603,132.36129175,366.15050985,15787.92123572,3.64532584,83.40915014,1309.30971797,42332.33219549,137.53345556,153.57080442,0.709,151.3057184,131.98567125,89.50954259,4049.37429213,453.78866655,900.01730323,1336.73097073,0.30768737,0.82077281,450.42017062,20828.98657572,91198.44321331,302.21456763,193.1231451,18.87018012,4.83012451,10.09133765,17.68884511,4407.43666211,56.82287792,2095.18173736,3403.98694195,8.05569591,39.87709325,46.31701741,15.42536713,1684.31997667,16.67917551,4.72042288,63.82466549,18.87018012,1347.70770527,36.75449988,10.7055565,133.51719709,1.66488858,0.38497306,1.0,3.70934804,3.77298152,56.27602184,278.3052747,3.97145968,7314.27497566,3.64,4.58491553,108.10834916,91.95987495,1287.58962411,3.75,8.31833504,13.56915301,585.72872261,10.57281529,1.34534014,0.79104291,22.63604305,570.83711006,35.03840629,1582.26559923,22.93581579,13001.82602883,18.87018012,36.35812054,10.92784698,3.49385324,3.12045993,2.37173508,32.17603616,6.78393312,31.81034979,2549.82529162,39.2865988,3892.79888787,37.90459896,12652.94515353,36.2832204,24931.94226147,120.65517477,2.75979466,605.0515554,2.70178483,605.0515554,110.07102028,250.11473219,18.87018012,26.89885352,
2024-03-27,3.6725,71.29624513,95.24352328,394.23331313,1.79387577,839.18642308,856.75665343,1.53217301,1.79,1.70081429,1.8060358,2.0,109.76070192,1.8060358,0.376,2859.61248518,1.0,1.34586476,6.89335565,4.97740551,1.0,83.34143504,13.71358172,3.26508461,2.02417988,1.35891257,2778.16155534,0.9035011,981.94078725,7.21760833,3846.47040246,506.66569283,23.96347034,101.82457991,23.37207231,177.63503779,6.88859548,59.18807125,134.72214449,47.81813062,15.0,56.9623655,0.92341144,2.2550535,0.79229974,0.79229974,2.70689176,13.12906713,0.79229974,67.90298808,8592.95995272,7.78886353,208.64345442,7.82249904,24.66667484,132.57395154,365.29968275,15817.95119918,3.66476504,83.34143504,1308.61075662,42378.4544553,138.05406967,153.6923624,0.709,151.51316353,130.99240162,89.5099934,4046.65465207,454.28865035,900.01090733,1342.72559143,0.30772039,0.82138329,450.11739357,20898.55382477,91050.12006378,302.06709754,193.01867281,18.98426707,4.84983369,10.12058197,17.6959875,4380.05948229,56.77942961,2098.46482603,3397.58400025,8.05717401,39.47372317,46.28732861,15.4276644,1684.8935629,16.65385142,4.72815239,63.86540739,18.98426707,1347.09909176,36.72374512,10.76376685,133.40880214,1.66705372,0.38497545,1.0,3.71877096,3.78054994,56.23278127,278.04292281,3.9797696,7336.39763586,3.64,4.5893066,108.24199894,91.37630407,1288.73626708,3.75,8.31386265,13.74937794,600.91459484,10.59410003,1.34586476,0.79229974,22.74793017,570.91092254,34.98718445,1582.30090552,22.64399818,13001.83257521,18.98426707,36.35745597,10.95177276,3.49426642,3.12041639,2.37614785,32.23235722,6.79133763,31.95815139,2551.83362718,39.15532176,3878.44271918,37.82621822,12609.38499983,36.27096141,24981.57267671,120.65413959,2.75909992,605.71820047,2.70157512,605.71820047,110.1922964,250.35042107,18.98426707,25.48352424,
2024-03-28,3.6725,71.29176354,96.44142517,394.71735734,1.79339903,839.15950651,857.70985503,1.5331822,1.79,1.70048358,1.8081643,2.0,109.76163238,1.8081643,0.376,2860.14652777,1.0,1.34872773,6.92200158,4.99181432,1.0,83.34907253,13.72475512,3.26511217,2.0241599,1.35871521,2787.85644336,0.90588155,979.84158312,7.22700372,3865.68364027,503.46050946,23.99603381,101.9445848,23.41352478,178.05597719,6.89457801,59.19026361,134.80243356,47.25166141,15.0,56.8824877,0.92449973,2.25607851,0.79224879,0.79224879,2.69994283,13.08541927,0.79224879,67.91159825,8607.46023703,7.79973807,209.04953353,7.82379797,24.69540539,132.73695908,365.06177431,15889.07575028,3.67813856,83.34907253,1309.05187161,41682.87892707,138.95802851,153.76998001,0.709,151.46638941,132.34825983,89.51027587,4042.19560648,454.82405014,900.00419048,1350.60522266,0.30765218,0.82251478,449.91529535,20915.91128874,91085.23709309,300.89837082,193.18899164,18.95576321,4.82007599,10.14811832,17.66418149,4390.05557295,56.84754335,2101.22019874,3397.76888788,8.05851191,40.00398923,46.25991466,15.37675372,1684.04785998,16.56660657,4.733067,63.84282122,18.95576321,1347.2754665,36.77610797,10.80383767,133.42102786,1.6699453,0.38499678,1.0,3.72100462,3.78110167,56.26034643,278.08543338,3.98880671,7334.69668272,3.64,4.59717692,108.32482228,91.91731053,1287.92773463,3.75,8.32792347,13.60341464,600.9904478,10.63313108,1.34872773,0.79224879,22.69988043,570.76908453,35.18883971,1582.39277247,22.87178663,13001.85498765,18.95576321,36.46040918,10.94216278,3.49384948,3.12350919,2.37618388,32.31495773,6.79933794,32.03210719,2555.87081329,39.33420614,3886.75233337,37.52407126,12625.87334556,36.26680326,24757.8649184,120.64896602,2.7606265,606.43206685,2.70260621,606.43206685,110.32216302,250.2037169,18.95576321,25.02842371,
2024-03-29,3.6725,71.26339831,95.43911916,392.0550098,1.79331037,838.88752971,857.90257921,1.53522056,1.79,1.70030814,1.81371057,2.0,109.7525498,1.81371057,0.376,2862.49495477,1.0,1.34974982,6.92390897,5.01532078,1.0,83.3633228,13.71640937,3.26531777,2.02380909,1.35368315,2789.06490595,0.90216022,980.80316717,7.22602826,3863.58946679,500.79959563,23.99802485,102.25728413,23.45180955,178.06431022,6.91682264,59.18757006,134.77084188,47.42826391,15.0,56.8417656,0.92733549,2.25725541,0.7918692,0.7918692,2.69496847,13.22586372,0.7918692,67.87865541,8592.7606735,7.79968416,209.0952109,7.82663274,24.69553174,132.83963522,365.51585376,15861.0484716,3.66848552,83.3633228,1309.1836893,42418.35425271,139.38613464,153.7961503,0.709,151.36587894,132.30399825,89.47189872,4042.16365575,456.21915296,899.98428799,1348.53248849,0.30774796,0.82539165,448.27697898,21113.22457476,90842.94217109,300.43849924,193.59983708,18.94380317,4.82106446,10.11470848,17.64801447,4390.60349082,56.89443402,2101.14076324,3398.94404479,8.06143172,39.98704133,46.35034463,15.42241803,1739.28251759,16.61696221,4.7378158,63.85070444,18.94380317,1374.00774502,36.78748503,10.862527,133.44383897,1.67411644,0.38499728,1.0,3.71978226,3.77235302,56.23227828,278.06943259,3.99481544,7360.93023883,3.64,4.61057778,108.61195143,91.51731491,1288.61190494,3.75,8.29492834,13.62614637,600.8799567,10.70435506,1.34974982,0.7918692,22.73068331,570.71641542,35.0944359,1582.09477898,22.92593781,13001.76074279,18.94380317,36.4623516,10.9515428,3.49365843,3.12822472,2.3793029,32.41628304,6.7981905,32.02097892,2570.00789058,39.25727796,3888.05117886,37.56656961,12675.81101482,36.26461205,25020.1779044,120.67164816,2.74714362,608.29220394,2.70557365,608.29220394,110.66055929,250.1958507,18.94380317,25.03856941,
2024-03-30,3.6725,71.28222366,95.85952848,392.3426778,1.78785712,836.0324808,857.89546843,1.53386258,1.79,1.70010547,1.8121193,2.0,109.74823441,1.8121193,0.376,2863.81742467,1.0,1.34966967,6.92038819,5.01512866,1.0,83.38308435,13.75513008,3.27356118,2.02430873,1.3540003,2787.0537764,0.90199685,979.77030505,7.22028693,3870.89779353,504.64563244,24.02561885,102.1675685,23.38695842,177.55137499,6.91109304,59.26363766,134.67087687,47.38616364,15.0,56.88957056,0.92652189,2.25684561,0.79204448,0.79204448,2.69736632,13.24999865,0.79204448,67.91466875,8601.53818527,7.80228967,209.16093019,7.82555335,24.70395439,132.7407822,364.91298286,15879.81311431,3.68929959,83.38308435,1309.33964481,42077.52366714,139.20065135,153.92258289,0.709,151.3423123,132.58489809,89.47081787,4044.35687308,455.81888815,899.98780784,1346.32304501,0.30771648,0.81999622,447.06199983,21066.11845639,89955.88072806,300.44930058,192.69341317,18.88065104,4.84312618,10.08315083,17.65699317,4383.00676955,57.04743647,2099.77981984,3378.78662907,8.06031995,39.64457324,46.40984854,15.4474526,1739.68428123,16.56000706,4.7244981,63.80453336,18.88065104,1370.23491113,36.82874511,10.81763407,133.47547227,1.67300355,0.38499326,1.0,3.71329682,3.81916084,56.17498941,277.95111018,3.97772317,7382.53481104,3.64,4.60386843,108.52090108,92.6643385,1286.69864808,3.75,8.46859116,13.50703093,600.87559302,10.65779488,1.34966967,0.79204448,22.79854983,571.27078033,35.15518762,1583.26640762,22.73012821,13001.85474699,18.88065104,36.34421787,10.93871449,3.49385013,3.12212332,2.35083194,32.31659143,6.80137427,31.94983192,2581.73754297,39.25000907,3879.8319433,37.56060976,12650.12556818,36.22387861,24834.51604676,119.82098176,2.68476031,607.75851753,2.70244937,607.75851753,110.56347102,250.35010307,18.88065104,25.03427125,
2024-03-31,3.6725,71.15482725,95.30110118,392.37872554,1.7875008,832.64905359,857.48411385,1.53398791,1.79,1.70000195,1.81165174,2.0,110.10644315,1.81165174,0.376,2863.88723372,1.0,1.34916256,6.92510305,5.0156165,1.0,83.34666964,13.77391873,3.27310002,2.01530816,1.35328621,2784.10009766,0.90264455,979.54157345,7.22025803,3856.4788968,504.13773082,23.8941801,102.14120751,23.39363067,178.40456641,6.91148431,59.12980424,135.38813859,47.39668376,15.0,56.89933143,0.92628283,2.25684306,0.79203281,0.79203281,2.6953001,13.18269972,0.79203281,67.89863684,8546.00414829,7.79280772,209.25940423,7.82581557,24.6847261,134.97548999,364.6318796,15856.41207734,3.68608203,83.34666964,1310.30800196,42002.59611113,139.29674196,153.91476894,0.709,151.39377417,131.13017542,89.47079469,4032.62906213,455.70127907,899.99998437,1345.80516146,0.30770175,0.82000575,445.87822386,21191.04696834,89550.00534549,300.44001431,192.79901091,18.8484323,4.83709946,10.08490584,17.55800188,4367.59120152,56.94000602,2095.80299877,3378.49898416,8.06059004,39.84538028,46.38001711,15.45999962,1733.24245707,16.54724761,4.72383286,63.78983567,18.8484323,1303.99457928,36.62443973,10.81126584,133.41718143,1.67336068,0.38500017,1.0,3.71981146,3.82700014,56.17488741,277.83747721,3.97412049,7413.00349693,3.64,4.60512291,108.63064438,92.54450585,1285.63855954,3.75,8.47459228,14.45676622,598.96257405,10.66002495,1.34916256,0.79203281,22.69007046,571.45141909,35.03000211,1582.8578978,22.69825296,13001.85513346,18.8484323,36.39895393,10.9385355,3.50638071,3.12149415,2.35018829,32.38494759,6.77649736,31.98272961,2577.40984087,39.34662214,3885.00203174,37.59284185,12654.99999936,36.20414786,24815.07073057,119.80195818,2.68311249,607.60170542,2.70000002,607.60170542,110.53494375,250.23469864,18.8484323,25.09761313,
2024-04-01,3.67230074,71.26839367,95.23941815,394.28266648,1.80146851,837.99984064,857.03766706,1.53077062,1.8,1.70424015,1.81231047,2.01830125,109.70417159,1.81270238,0.37686517,2861.84223195,1.0,1.34835754,6.93214741,5.014699,0.99955991,83.3225377,13.74012554,3.27120284,2.01487226,1.35254997,2807.50297084,0.9016691,979.77008501,7.2212985,3861.19996479,502.79613833,26.49999954,102.17527158,23.42249461,177.99707966,6.91081,59.21244574,134.67296042,47.38816946,15.0,56.80515137,0.92650499,2.25689667,0.79205615,0.79141037,2.6949751,13.24437681,0.79205615,67.89363908,8591.82786278,7.79391657,209.28950131,7.82637482,24.67440391,132.52838858,365.03023742,15873.04985523,3.69424965,83.33844949,1309.42617006,42047.50004401,139.25990503,153.8468654,0.70890232,151.32149909,132.44012415,89.47079703,4041.08728511,456.34968337,899.99999166,1344.32016584,0.30765061,0.8330438,447.0081273,21105.01057976,89512.6361513,300.32385611,192.7030255,18.88028536,4.83610127,10.08937345,17.63291409,4366.29829014,57.09453964,2099.10346281,0.7659098,8.057359,40.06991129,46.36989044,15.45011929,1732.6198096,16.55849628,4.72403864,63.51150117,18.87990828,1304.34015704,36.78770157,10.82768953,133.31634401,1.66926459,0.38490538,0.99955991,3.71737706,3.82519723,56.14397702,277.83408334,3.98006161,7390.83089153,3.64103676,4.60609733,108.5532921,92.58496838,1285.42635536,3.75049962,8.47594561,13.51302712,600.99999815,10.67363491,1.34793042,1.26214995,22.69006648,571.49446923,35.20498923,1582.2905,22.8665,13001.83697496,18.88850254,36.33749519,10.93548282,3.51000023,3.13028421,2.37805017,32.42906446,6.79037176,31.95949969,2564.99971464,39.20902509,3886.30200079,37.54720033,12622.60511523,36.20387557,24812.49977347,119.80186135,2.6831112,607.83190327,2.70254928,607.83190327,110.56145461,250.34997985,18.84239872,25.02281796,
2024-04-02,3.6725,71.24442905,95.5782379,392.29389969,1.79279417,840.36899671,860.80671069,1.54142059,1.79,1.70060892,1.82224751,2.0,109.76401412,1.82224751,0.376,2860.84365049,1.0,1.35314222,6.91872006,5.05524733,1.0,83.46675357,13.75608874,3.26587124,2.02331154,1.357796,2799.29647586,0.90554206,985.50665414,7.23052499,3862.97870051,500.94373047,23.98933067,102.73859815,23.56971616,177.94220345,6.94947518,59.27567423,134.77219682,47.6019002,15.0,56.88944387,0.93170036,2.26963427,0.79731072,0.79731072,2.679942,13.24493217,0.79731072,67.88469185,8601.41864817,7.79286034,208.97405911,7.82553565,24.67380073,132.70810111,368.14023513,15943.77629862,3.68761133,83.46675357,1309.18528695,41854.62932373,140.0406724,153.80920054,0.709,151.70122986,131.4485424,89.4067253,4040.84612927,458.36652733,899.99405043,1354.36400844,0.30777159,0.82209572,447.56759969,21223.80619843,90879.9384613,300.04160973,193.12570102,18.95171738,4.83181969,10.11723633,17.62896022,4383.02988523,57.18667972,2098.17396988,3397.04331512,8.06030172,39.84495344,46.3879254,15.42850913,1740.70572895,16.61397102,4.7464993,63.85885441,18.95171738,1305.79816034,36.34341452,10.96719634,133.60940578,1.68183261,0.38501225,1.0,3.72743925,3.78042709,56.39390354,278.01634755,4.00287501,7385.18854038,3.64,4.63146536,109.10142409,91.49713083,1288.75997415,3.75,8.31955192,13.59116636,600.74604977,10.80317274,1.35314222,0.79731072,22.82956993,570.87382356,35.0892376,,22.92450161,13001.68858311,18.95171738,36.63434776,10.93453259,3.50323282,3.13536233,2.38087383,32.2891721,6.78716588,32.06131888,2565.1590247,39.10202713,3883.60948079,37.55222361,12597.07421815,36.20940262,24640.60676384,121.14019654,2.770103,611.15536978,2.70231795,611.15536978,111.18142661,250.19399409,18.95171738,25.13837115,
2024-04-03,3.6725,71.14731673,95.45916452,390.06466954,1.79055384,850.06975544,857.51888557,1.53685807,1.79,1.70220562,1.81634686,2.0,109.66266591,1.81634686,0.376,2861.70985518,1.0,1.35208048,6.91619851,5.06166291,1.0,83.36292658,13.7562394,3.2654678,2.01446383,1.35709364,2792.57566523,0.90844986,976.04678979,7.23211165,3815.07764606,499.71661756,23.98214559,102.40591883,23.50676344,177.96354247,6.92652858,59.01679133,134.65197189,47.15957882,15.0,56.83506259,0.9286834,2.2677728,0.79547924,0.79547924,2.67998759,13.26345909,0.79547924,67.89643439,8582.05598941,7.79013176,208.93538704,7.828795,24.66561668,132.67709028,366.73570024,15942.79146912,3.71501069,83.36292658,1309.32185922,41753.71432682,139.59051642,153.82929243,0.709,151.63158796,130.98822175,89.34925296,4030.58172867,456.88228413,899.98854426,1349.82769311,0.30766451,0.82054025,447.293772,21260.84758536,91198.43900315,298.83318463,192.91069282,18.8025653,4.83463137,10.07446953,17.63166827,4358.95592519,57.31273241,2098.01643028,3398.66087567,8.06365885,39.81081976,46.42168084,15.42436676,1740.71281677,16.57094039,4.74938804,63.86857324,18.8025653,1306.20939689,36.79155238,10.84414365,133.44320472,1.67917114,0.38501121,1.0,3.70785297,3.77983531,56.34103132,277.82147605,3.9866423,7381.89369466,3.64,4.61576434,108.7925031,91.79410346,1285.73259858,3.75,8.3382453,13.66805054,600.4083664,10.74931883,1.35208048,0.79547924,22.83584442,570.80945761,34.97060044,1576.62906607,22.81636955,13001.85720768,18.8025653,36.66294294,10.95009936,3.49355645,3.13399325,2.38036344,32.06777403,6.78462916,32.06775123,2581.85499562,39.29926975,3871.14374638,37.51876793,12618.24270097,36.21960871,25117.76807079,120.95504553,2.76891546,609.17637884,2.70065331,609.17637884,110.82140845,250.18279525,18.8025653,24.73013364,
2024-04-04,3.6725,71.11938827,94.59091656,386.38096445,1.78997724,841.01376276,857.549464,1.51962148,1.79,1.70338301,1.8039674,2.0,109.62106318,1.8039674,0.376,2861.86098526,1.0,1.34786133,6.9228598,5.04019456,1.0,83.47341134,13.68989699,3.26691372,2.01466002,1.35171101,2788.64976006,0.90286577,954.89414068,7.23288331,3814.61428632,504.91624902,23.96255038,101.70796292,23.35426405,177.86563778,6.87991,59.29450973,134.64752629,47.34993708,15.0,56.82527548,0.92235389,2.24813173,0.79038723,0.79038723,2.67931453,13.28417396,0.79038723,67.89079091,8579.42891805,7.79011317,209.00171207,7.82860314,24.66963282,133.08301656,362.23413797,15924.57769162,3.70651904,83.47341134,1309.29513168,42228.97842795,138.63531698,153.65080993,0.709,151.61649288,130.87077307,89.35581105,4022.22730468,453.7683656,900.0016006,1345.46655597,0.30763898,0.82059346,446.72018217,21196.41017997,90642.76389646,299.51297842,192.94281148,18.66308493,4.83009543,10.05827394,17.65206326,4353.52711522,57.10991929,2097.42816144,3393.2111711,8.06346123,39.78197991,46.32605671,15.43030808,1737.76419954,16.5420574,4.74084256,64.03487254,18.66308493,1322.76749783,36.74428136,10.70537163,133.62006321,1.66013027,0.38498901,1.0,3.68949444,3.77846459,56.37957917,277.98425708,3.96171169,7390.64569981,3.64,4.58415835,108.04916754,91.84010413,1283.58929645,3.75,8.33657203,13.94127675,588.4977752,10.63261319,1.34786133,0.79038723,22.79672327,568.54313725,34.86409834,1556.64448545,22.75665621,13001.8020612,18.66308493,36.599203,10.95201278,3.49456057,3.12331246,2.3695133,31.96215789,6.76369009,32.01639645,2585.40693251,39.26264984,3855.3223046,37.74614844,12670.42868778,36.20179802,25002.67229807,120.34335802,2.75576941,605.02448747,2.70198657,605.02448747,110.06609608,250.31594416,18.66308493,24.60417621,
2024-04-05,3.6725,71.15701699,94.6632398,386.59971505,1.79338309,841.17359495,861.79305106,1.51744392,1.79,1.70037153,1.8041648,2.0,109.86563179,1.8041648,0.376,2860.31624963,1.0,1.34802067,6.91481545,5.05848114,1.0,83.4294663,13.65311925,3.27045112,2.02300082,1.35479205,2799.18594921,0.9015841,941.22667367,7.23289158,3775.85080132,502.41353668,23.96433593,101.71909264,23.35971201,178.08471356,6.8805988,58.70475868,134.66859907,47.35234262,15.0,56.89406593,0.92245482,2.24618645,0.79076516,0.79076516,2.67803074,13.30639763,0.79076516,67.85112486,8592.46694068,7.78795983,208.93731424,7.82826291,24.66510637,132.76243445,361.78899632,15902.79653458,3.73391786,83.4294663,1309.53628147,42301.10907354,138.82749877,153.84081327,0.709,150.92915755,130.16194216,89.35096968,4042.67960782,453.81802068,899.99898699,1350.00812346,0.30740606,0.82135729,446.83431149,21168.54046807,90810.15875177,299.92183794,192.93001629,18.7068107,4.85362454,10.06497643,17.71549432,4369.2982533,56.74183075,2098.28938931,3398.89441238,8.0631108,39.70985916,46.28512658,15.42954776,1739.51415919,16.57246906,4.73904931,63.97462633,18.7068107,1329.40208606,36.78617758,10.72225396,133.54971818,1.6585946,0.38500681,1.0,3.6864385,3.77999956,56.55714278,278.00928112,3.95891198,7385.98842498,3.64,4.5835618,108.05066437,91.78049932,1288.17233423,3.75,8.35047468,13.62699588,586.85646653,10.63752284,1.34802067,0.79076516,22.93454389,571.5726532,34.89322535,1556.78897855,22.63305161,13001.88045445,18.7068107,36.74539631,10.93141921,3.49487662,3.1163999,2.3702173,31.97014367,6.76965985,32.0447382,2575.67540465,39.04191052,3852.61164627,37.9903827,12666.37696124,36.18324528,24987.42561201,120.62066831,2.75188159,605.09069424,2.701506,605.09069424,110.07814042,250.18449157,18.7068107,24.7628523,
2024-04-06,3.6725,71.31314486,94.52126453,386.60714479,1.78761004,836.28801444,860.59359267,1.51963061,1.79,1.70016772,1.80426742,2.0,109.67233275,1.80426742,0.376,2858.91173833,1.0,1.34952374,6.91106209,5.05229599,1.0,83.31067199,13.71392391,3.27430807,2.01439965,1.36027485,2788.33058274,0.90165228,949.42991782,7.23291543,3767.7069417,502.3827991,23.98933456,101.72487823,23.35819921,178.42887862,6.88237295,59.13210754,134.75178269,47.33145424,15.0,56.7516865,0.92250728,2.2477458,0.79135916,0.79135916,2.68269966,13.25324025,0.79135916,67.88515888,8588.75398827,7.78612877,208.89048593,7.82844435,24.66473882,132.58263198,359.95613268,15891.20681625,3.7633305,83.31067199,1309.36430434,42071.71424249,138.68155486,153.97414562,0.709,151.61562314,129.82228061,89.33560172,4033.40982378,453.84383297,899.99794453,1351.05947143,0.30755912,0.82000395,446.0433835,21157.31164139,89483.28815995,298.62351069,192.85578883,18.68729137,4.82876979,10.05788015,17.72139778,4391.33516124,56.77036436,2098.73757993,3378.27664332,8.06329768,39.4508288,46.29853875,15.45729851,1740.38124185,16.45632133,4.74793945,63.80140382,18.68729137,1293.00774086,36.80234245,10.72854615,133.35955819,1.66308671,0.38494401,1.0,3.70014666,3.80362563,56.58758042,277.5510217,3.95057937,7369.77830369,3.64,4.58568226,108.11044352,92.45126755,1284.91922073,3.75,8.47343582,13.54037867,586.35768506,10.67546372,1.34952374,0.79135916,22.67017466,569.96295578,35.06227836,1557.8152808,22.5792555,13001.85513765,18.68729137,36.62532813,10.95829035,3.49896969,3.12774488,2.34593028,32.01843128,6.77834407,32.12701475,2576.20688463,39.12671226,3881.36246541,37.58056988,12698.78507607,36.17274561,24968.97604777,119.30882593,2.74882797,605.12511063,2.70242046,605.12511063,110.08440146,250.3671609,18.68729137,25.01406841,
2024-04-07,3.6725,71.32612101,94.55214909,386.97826458,1.78750105,832.65026032,862.50106858,1.52006251,1.79,1.70000477,1.80419129,2.0,109.77018103,1.80419129,0.376,2864.77134385,1.0,1.34881164,6.92514073,5.07002545,1.0,83.29474497,13.71631659,3.27500007,2.01519635,1.35902108,2787.12988283,0.90194441,948.75830485,7.23326153,3766.38310026,504.14062662,23.91535265,101.72058601,23.34964555,178.44718063,6.88220047,59.0597883,135.44716129,47.37382474,15.0,56.99970244,0.92246836,2.27524239,0.79123494,0.79123494,2.67840004,13.35272669,0.79123494,67.89871798,8545.72565167,7.78593871,208.98436497,7.82886877,24.68335946,134.7861524,359.86657195,15870.50798608,3.75682309,83.29474497,1310.41888561,42002.63071215,138.75233845,153.99204797,0.709,151.61722875,130.12566054,89.33560181,4033.13552199,453.82468332,899.99999872,1352.80271619,0.30860265,0.8200058,445.61751953,21247.44465368,90474.18082466,299.03403469,192.93651395,18.69324923,4.8339994,10.06021445,17.62000338,4350.5121455,57.07998826,2096.03411511,3377.44934648,8.06373483,39.76955004,47.16515272,15.45999992,1733.19232828,16.46102425,4.74604233,63.82966207,18.69324923,1245.22446704,36.62441137,10.72977891,133.33406301,1.66302606,0.38504652,1.0,3.68961926,3.77500477,56.49483517,277.85627604,3.94921017,7404.14074781,3.64,4.58349602,108.13634208,92.50274171,1286.99128911,3.75,8.47459071,14.43696856,598.81194941,10.64844295,1.34881164,0.79123494,22.6700565,571.45248784,34.78001116,1557.74954979,22.69925165,13001.98298125,18.69324923,36.66833942,10.9583596,3.49999373,3.12050978,2.34578905,32.03162365,6.72267637,32.15189954,2577.37738365,39.14508121,3839.93465984,38.39529075,12699.99999814,36.12525385,24955.05496974,119.30222355,2.74878823,605.09957776,2.70000005,605.09957776,110.07975652,250.23637494,18.69324923,24.69826984,
2024-04-08,3.6725,71.31376145,94.56352945,386.59036212,1.79261971,841.18589543,862.2342154,1.52282851,1.79,1.70192111,1.80591894,2.0,109.78666978,1.80591894,0.376,2860.76810275,1.0,1.34943089,6.9062912,5.06025703,1.0,83.29564489,13.64516952,3.26502059,2.02438676,1.36086121,2800.36188078,0.90369972,945.22748066,7.23287494,3767.0452463,503.85210694,23.99708566,101.81799132,23.36286321,178.0211117,6.88666889,59.20201277,134.68970975,47.4155548,15.0,56.72437687,0.92335169,2.26095957,0.79243298,0.79243298,2.67482378,13.40884289,0.79243298,67.87371915,8610.62584014,7.78723115,208.99467257,7.82873904,24.67756017,132.59898007,359.95360468,15893.62022875,3.75612868,83.29564489,1309.46094341,42063.87142101,138.78865867,154.52568242,0.709,151.74771625,130.08412327,89.33751118,4033.7711132,454.25925546,899.98432813,1354.0600595,0.30750895,0.82211308,446.99995082,21201.77030225,91220.87363413,299.23581107,193.32352223,18.73549146,4.83579139,10.05905518,17.64742352,4407.40832663,56.86361781,2099.0596869,3398.54464441,8.06360121,39.49418912,46.40636932,15.42892458,1740.13189623,16.48692694,4.75259158,64.01933736,18.73549146,1296.25477741,36.80071341,10.76103716,133.33550356,1.66409713,0.38501221,1.0,3.68076183,3.77786431,56.58168465,278.11869929,3.9539638,7364.47126215,3.64,4.58638926,108.14611857,91.03962612,1286.55759325,3.75,8.33305419,13.51732627,585.50420806,10.65284377,1.34943089,0.79243298,22.69872167,569.88072346,34.94632028,1556.69991535,22.70546561,13001.85562748,18.73549146,36.69001615,10.95846046,3.49361197,3.12174108,2.3725077,32.02542004,6.76723797,32.11965669,2581.11968015,38.83220638,3835.70678544,38.29170861,12679.43489726,36.17468816,25025.51587251,120.39592947,2.75463549,605.67900727,2.70215434,605.67900727,110.18516637,250.35236597,18.73549146,24.64219933,
2024-04-09,3.6725,71.35048553,94.06951237,386.7243971,1.79036397,841.22017019,864.24807117,1.51395837,1.79,1.70068106,1.80097021,2.0,109.6585942,1.80097021,0.376,2859.86292555,1.0,1.34754803,6.91112264,5.02551071,1.0,83.27737894,13.61192849,3.26550714,2.0144962,1.35738045,2780.09352192,0.90538172,945.22562576,7.23061492,3765.41114473,500.71826687,23.96695237,101.53898097,23.33903095,177.62476792,6.86815781,59.02884491,134.48587522,47.54856548,15.0,56.72915357,0.92082145,2.25520189,0.79016853,0.79016853,2.67692123,13.38193808,0.79016853,67.90024016,8587.07962274,7.77796482,208.6995678,7.83131335,24.65030037,132.73691527,359.02340069,15886.1697435,3.69418471,83.27737894,1310.12213192,42077.45293847,138.40966623,154.3762366,0.709,151.88543863,129.95444029,89.16854075,4028.81350984,453.01445549,899.99846941,1353.87625839,0.30744816,0.82054112,444.61638135,21211.68411122,90828.71329892,298.28076216,193.16307659,18.62661335,4.82465465,10.02097725,17.64321636,4357.23173715,56.79335605,2097.76395603,3398.79761082,8.06625275,39.47677174,46.12557974,15.37914582,1738.55841098,16.32655161,4.74993474,64.1670675,18.62661335,1292.4930773,36.70680291,10.67918353,133.30626434,1.65504163,0.38498922,1.0,3.69021787,3.77785538,56.54540679,277.60320952,3.92387989,7364.70684376,3.64,4.57485949,107.86297653,91.80296619,1284.57953764,3.75,8.33428257,13.6595246,586.9082444,10.56128352,1.34754803,0.79016853,22.59675461,569.50687111,34.96443187,1556.72442298,22.83713735,13001.80378326,18.62661335,36.6562556,10.94885081,3.49393974,3.11750954,2.36783055,32.16161066,6.75936179,32.08918737,2579.84876856,38.95413237,3806.96543043,38.20065437,12679.51735585,36.13927458,24994.15832508,120.30781442,2.74970401,604.01927398,2.70055472,604.01927398,109.88322758,250.33858215,18.62661335,24.58463727,
2024-04-10,3.6725,71.31235396,93.71351069,387.159125,1.78993672,843.19459304,864.7943051,1.50927415,1.79,1.70028923,1.80130647,2.0,109.81289517,1.80130647,0.376,2860.64339159,1.0,1.34495349,6.9075852,5.00936158,1.0,83.24846621,13.57196633,3.27006699,2.02415472,1.35685054,2780.72989483,0.90331737,941.37259297,7.23164615,3772.40963007,508.16755529,23.96800949,101.55793953,23.409073,177.91523222,6.86972207,59.2055646,134.62963653,47.55078753,15.0,56.89714085,0.92099338,2.23982088,0.78885008,0.78885008,2.67695452,13.40065737,0.78885008,67.85898963,8598.04882976,7.78240843,208.76506278,7.83099767,24.65753581,132.62439803,359.67418315,15875.62252452,3.69927449,83.24846621,1309.42440032,42266.40982171,138.8036636,154.37357205,0.709,151.75740798,130.11367893,89.11898141,4047.08957971,453.09903876,900.00818025,1351.7549362,0.30748026,0.82537214,446.49818674,21197.62027826,90823.12038144,298.96207514,194.03362146,18.45225452,4.84126732,10.0280267,17.64442577,4364.87227458,56.68921542,2098.3274358,3397.14793782,8.06592761,39.59289011,46.11479058,15.4198889,1740.57495572,16.3841558,4.74803433,64.14840742,18.45225452,1244.60010452,36.80724381,10.67004839,133.25998229,1.64953624,0.38497365,1.0,3.6941486,3.77930092,56.43853275,278.07299462,3.92899132,7357.32556922,3.64,4.57632428,107.85904637,91.70934197,1288.29482975,3.75,8.30516582,13.58564156,585.73621964,10.55089846,1.34495349,0.78885008,22.61391343,571.33907962,34.88535066,1556.61077448,22.82496623,13001.8551336,18.45225452,36.34240507,10.9480949,3.50337982,3.11713987,2.36606005,32.24629563,6.77736438,32.03106889,2569.38467212,38.99869699,3793.51227048,38.57607348,12668.31377596,36.15664171,25015.00404768,119.87224492,2.74620223,604.13205168,2.70531777,604.13205168,109.90374411,250.2616765,18.45225452,24.83786386,
2024-04-11,3.6725,71.13760169,94.70889013,387.71206008,1.79128731,841.20385937,865.2148935,1.53550378,1.79,1.70104601,1.82024758,2.0,109.81193128,1.82024758,0.376,2862.93650276,1.0,1.3535185,6.9075883,5.06791798,1.0,83.41691785,13.63638131,3.27008339,2.02418055,1.36855839,2790.63776433,0.91301265,948.27633238,7.23372976,3804.49217352,504.45130518,23.97491293,102.62584226,23.67512197,177.70693317,6.94253802,59.78063497,134.60854851,47.54949901,15.0,56.98441083,0.93067781,2.26180316,0.79738428,0.79738428,2.66993428,13.41528589,0.79738428,67.88741892,8602.47919871,7.78028685,208.77428457,7.83400173,24.65774197,132.63199326,363.98318284,15969.42283142,3.73970208,83.41691785,1309.74188579,41853.36641546,139.88347574,154.38632799,0.709,152.78782796,129.98006885,89.12050125,4039.64972772,457.86346883,899.99537137,1362.79421517,0.30751696,0.82099724,447.93705811,21031.5367941,91638.13411242,298.42885634,193.2449718,18.75927987,4.83959412,10.02795047,17.64424932,4348.56413701,56.69909657,2098.34503577,3394.80899854,8.06902179,39.67054272,46.085736,15.38087125,1739.54204538,16.46025635,4.74791145,64.16784956,18.75927987,1244.82658634,36.78445292,10.84024094,133.52963125,1.67250276,0.38497367,1.0,3.7182608,3.78034021,56.53858818,277.96344578,3.9713941,7359.49143673,3.64,4.62510656,108.99073972,92.18377119,1301.41046143,3.75,8.32767382,13.44742968,585.78320571,10.72388648,1.3535185,0.79738428,22.68502176,570.68797423,34.79951968,1556.50899848,22.86321913,13001.85513347,18.75927987,36.71211014,10.94875601,3.49356749,3.1117231,2.37902509,32.2967864,6.76567441,32.17209481,2567.7919279,39.05205428,3787.15807805,38.50936934,12700.78476378,36.13943048,24911.30371176,119.82656836,2.76595088,610.48462511,2.70102661,610.48462511,111.0594047,250.15105102,18.75927987,24.99859224,
2024-04-12,3.6725,71.13479801,94.60262626,388.46483117,1.79070774,841.63500843,865.735338,1.52933189,1.79,1.70107171,1.82347956,2.0,109.77535963,1.82347956,0.376,2862.8232283,1.0,1.3537723,6.93052617,5.09221171,1.0,83.3432668,13.67564995,3.27007517,2.02415671,1.36881871,2792.3104498,0.90957082,955.52482669,7.2373691,3826.08679895,501.13602024,23.98103116,102.80806185,23.65392674,177.69176237,6.9548017,59.77309145,134.77805296,47.55240783,15.0,56.99697003,0.9323303,2.25544254,0.7964721,0.7964721,2.66977621,13.41917636,0.7964721,67.88958923,8585.87426831,7.78093368,208.81056947,7.83717427,24.66233935,132.64007768,363.47888503,15996.27834154,3.74709898,83.3432668,1309.02414133,41765.63018415,140.3204982,154.38763719,0.709,153.05578522,130.02374528,89.12051109,4075.68646001,458.67643845,899.98270748,1368.38907851,0.30790972,0.82060796,448.11383091,21034.40741395,91515.54190738,298.61619031,193.1536896,18.71987128,4.88614317,10.02333468,17.64680295,4393.35254746,57.37178236,2098.11455381,3394.66999535,8.0722895,40.15023387,46.08472311,15.37683439,1739.7113463,16.44378553,4.76856261,64.16924535,18.71987128,1240.12070026,37.16464287,10.82241292,133.41173433,1.66534183,0.38494268,1.0,3.69294214,3.78072484,56.41442435,278.06656901,3.97492506,7346.62620137,3.64,4.63566077,109.18582015,92.58044015,1301.55251827,3.75,8.33474948,13.46857971,585.76205191,10.72634701,1.3537723,0.7964721,22.68646553,577.1946854,34.77591701,1556.68055677,22.84613072,13001.85510308,18.71987128,36.39006731,10.9440384,3.49356483,3.11173572,2.37674992,32.41069152,6.76503551,32.22037833,2581.66396699,39.27645729,3808.72532952,38.52229716,12622.20147187,36.18369918,25189.00149901,120.7996317,2.76062134,611.5685846,2.70054907,611.5685846,111.25659868,250.1494085,18.71987128,24.98489035,
2024-04-13,3.6725,71.30843993,95.17622661,388.68059742,1.78753004,832.93133028,864.34231928,1.54156439,1.79,1.70117418,1.83601631,2.0,109.7288703,1.83601631,0.376,2869.12077746,1.0,1.36134807,6.92715993,5.11848517,1.0,83.60853831,13.58755889,3.27473574,2.02402877,1.37842769,2782.32991451,0.91420337,964.18738176,7.23701652,3859.6847758,507.81854274,23.98186294,103.51488547,23.80152676,178.39743418,7.01042296,59.42668113,134.69393555,47.4547602,15.0,56.95818054,0.93874023,2.27907811,0.80319815,0.80319815,2.67151537,13.39525303,0.80319815,67.89202029,8586.7944329,7.78014255,208.80928091,7.83880021,24.66245981,132.66811019,369.1578909,16112.40488361,3.77096967,83.60853831,1308.78378365,42017.91878698,141.58757454,154.58916072,0.709,153.11488862,129.97403233,89.12003172,4044.82633052,461.82992017,899.9931589,1380.75942873,0.30789342,0.82000483,449.26889861,21145.03158826,90577.37980657,298.36164997,192.997366,18.87260956,4.88756951,10.01939312,17.6479214,4362.70917924,57.82452304,2098.5341324,3378.86144449,8.07396422,40.1488639,46.38037531,15.4475993,1739.38152565,16.65105414,4.77001569,63.7701388,18.87260956,1200.49542803,37.20881847,10.90326057,133.83636769,1.68433748,0.38495213,1.0,3.69387641,3.80998972,56.61264178,277.9454945,4.02937698,7361.859012,3.64,4.67326388,110.03699162,93.29958475,1293.6131329,3.75,8.47211574,13.41672601,586.48181777,10.8863401,1.36134807,0.80319815,22.60952911,576.95573054,34.82481782,1559.34709047,22.82664236,13001.79093269,18.87260956,36.58093503,10.93330386,3.4936839,3.11660124,2.35084337,32.35943585,6.77126494,32.30282454,2579.20458874,38.91753026,3807.67520177,38.22789285,12684.29818105,36.24215917,25040.77609199,119.88068932,2.68267706,615.77322689,2.70240105,615.77322689,112.02150749,250.39252843,18.87260956,24.61404961,
2024-04-14,3.6725,71.34998359,95.04610121,390.0489723,1.78747645,832.82349912,866.48925399,1.54391632,1.79,1.70117418,1.83373745,2.0,110.0716425,1.83373745,0.376,2864.81151477,1.0,1.36130672,6.9100715,5.12944785,1.0,83.56385807,13.66462786,3.27210475,2.01526132,1.377218,2781.67942635,0.91433418,967.15922513,7.23691651,3861.24042808,501.84964256,23.99999993,103.3864032,23.81041636,178.39950999,7.00913761,59.12870747,135.38619615,47.57652274,15.0,56.85032544,0.93757507,2.2455156,0.80289872,0.80289872,2.67090011,13.40281541,0.80289872,67.82454008,8547.44134355,7.77970943,208.97846439,7.83747343,24.68593181,134.67774499,369.20716157,15921.50777854,3.76484359,83.56385807,1310.41888548,42001.91005177,141.54511129,154.10049334,0.709,153.25209892,129.63142376,89.11999513,4036.04137852,461.25669866,899.9999978,1379.92690862,0.30785227,0.82000407,448.97296341,21273.93086143,90135.48947305,298.35975584,193.07452156,18.84520526,4.83245597,10.01994181,17.62948995,4364.32039738,57.78830201,2095.68900903,3377.17414854,8.07259764,39.77579746,46.40963826,15.45988103,1733.23470641,16.64749673,4.77033093,63.75875163,18.84520526,1200.49542047,36.62429844,10.90903745,133.7648458,1.68419933,0.38509881,1.0,3.70536023,3.83499553,56.61196353,277.83170974,4.02969204,7415.07327503,3.64,4.67184347,109.58498383,93.31400665,1288.39582809,3.75,8.47459228,14.48465107,598.94754671,10.87895021,1.36130672,0.80289872,22.60969879,571.45141843,34.69893914,1557.41163497,22.98383489,13001.59962425,18.84520526,36.63017667,10.93321446,3.49996855,3.10696214,2.3506665,32.34951343,6.80256833,32.32820695,2582.60584216,39.29204742,3804.09737024,38.76022227,12684.99999995,36.19404461,25019.70716799,119.87474442,2.68234631,615.00893155,2.70000005,615.00893155,111.88246683,250.23945701,18.84520526,24.98319294,
2024-04-15,3.6725,71.3101452,95.13662259,394.26237356,1.79120766,841.24617306,865.93172035,1.54292695,1.79,1.70104235,1.83640904,2.0,109.73510495,1.83640904,0.376,2864.69550928,1.0,1.36082642,6.93013487,5.11844324,1.0,83.42935286,13.7476488,3.27014917,2.02392838,1.37591737,2792.61029337,0.91425727,956.97395294,7.23841533,3860.02659324,500.71354597,23.9714822,103.53702756,23.79319493,177.99653966,7.0053991,59.14539334,134.65290816,47.5383554,15.0,56.87872348,0.93894103,2.28034655,0.80259514,0.80259514,2.66780455,13.44647958,0.80259514,67.88761949,8601.94074461,7.78350339,208.96384508,7.8347778,24.6759648,132.68251633,368.38395651,16095.9171045,3.75767638,83.42935286,1308.97034165,41874.0544922,141.50074028,154.91499932,0.709,153.68435395,127.62001273,89.12119657,4039.78778317,461.92870674,899.98230864,1384.02869287,0.30819568,0.82076938,449.09416751,21057.37333291,91548.60554535,298.42845545,193.26723406,18.84225837,4.83281353,10.02236258,17.64367701,4406.38734607,57.80912064,2098.80550928,3393.58784344,8.06982113,39.73197221,46.39706861,15.41808528,1738.94208207,16.59925671,4.77686399,64.18965832,18.84225837,1151.93443986,36.74893454,10.87449216,133.54953659,1.6814164,0.38501075,1.0,3.69232757,3.78075507,56.74456219,277.88800202,4.02526422,7390.29508361,3.64,4.66874728,109.9645718,91.17600298,1287.86114254,3.75,8.34129873,13.60757956,586.30890695,10.86001902,1.36082642,0.80259514,22.50739193,568.96157564,34.69762671,1556.75586756,23.03375818,13001.85513347,18.84225837,36.76082573,10.93157946,3.50365874,3.10917637,2.38487205,32.41448472,6.79101097,32.35555837,2569.07108222,39.3465649,3802.37452553,38.66839431,12684.6109885,36.24342732,24894.69336758,121.51041459,2.77343738,615.90494231,2.70088042,615.90494231,112.04546917,250.35076545,18.84225837,24.97084202,
2024-04-16,3.6725,71.29887333,94.75799013,395.89086727,1.7913673,841.8770803,868.25438205,1.55752142,1.79,1.70110313,1.84276577,2.0,109.69231898,1.84276577,0.376,2870.96779162,1.0,1.36442801,6.92305565,5.18535578,1.0,83.51674721,13.77474585,3.27007265,2.02438824,1.37981344,2782.65087075,0.91281738,978.84673708,7.23788724,3913.50045475,501.38377199,23.97835452,103.89542138,23.82832795,177.9470335,7.0293517,59.37775631,134.85057222,48.25178741,15.0,57.07968678,0.94219118,2.27775623,0.8044024,0.8044024,2.66593652,13.44891864,0.8044024,67.80552865,8588.48491647,7.78107958,209.04831814,7.83036234,24.67228881,132.54925241,371.51901198,16067.41624664,3.75356792,83.51674721,1308.76600613,41827.91090653,141.80436995,154.91462437,0.709,154.3302516,130.99184049,89.11948359,4030.84490092,463.52767474,899.9952134,1393.93350892,0.30817754,0.82088496,448.78030457,21351.51829787,91839.12664796,298.95357733,193.27266654,19.03552309,4.85134321,10.17637606,17.64891884,4401.66322112,57.79584194,2100.12076242,3396.90087568,8.06527321,39.71171858,47.72176717,15.40667551,1740.54456479,16.73724386,4.7859359,63.87760793,19.03552309,1156.12621384,36.87852089,10.96639655,133.6894331,1.69813898,0.38499451,1.0,3.73826216,3.78211963,56.94922715,277.98287016,4.06664466,7412.6155089,3.64,4.6876242,110.34269132,92.4204046,1293.03653616,3.75,8.3453502,13.57183735,585.48949538,10.91068142,1.36442801,0.8044024,22.58826655,568.92135617,34.76607369,1556.85414557,23.07095309,13001.81553766,19.03552309,36.82262324,10.90835876,3.4936163,3.15702178,2.38890668,32.42637386,6.78910577,32.46239766,2579.60377343,39.57006075,3813.55159484,38.78678015,12697.42593834,36.24350953,25340.44959275,121.6498317,2.78062585,618.03689966,2.7009897,618.03689966,112.433315,250.22747753,19.03552309,25.04636021,
2024-04-17,3.6725,72.19933354,95.18790927,395.7535969,1.78999905,841.17615622,868.71105526,1.5596938,1.79,1.70124014,1.84123504,2.0,109.78665938,1.84123504,0.376,2862.72794412,1.0,1.36483716,6.92506233,5.28726318,1.0,83.64962885,13.80240783,3.26997547,2.01435193,1.38243828,2781.22967172,0.91232024,980.43451729,7.23698073,3922.81456354,501.42734087,23.98575018,103.80911837,23.71977627,178.02028579,7.02411145,59.08196187,134.83061778,48.49944032,15.0,56.92157296,0.94140853,2.27873616,0.80457968,0.80457968,2.6710326,13.44140583,0.80457968,67.87433036,8597.40768745,7.78345076,209.00914351,7.83171874,24.67467708,132.56325392,372.12609655,16264.1574114,3.75814183,83.64962885,1308.82311575,41817.59653355,141.87280743,155.14489162,0.709,154.68271592,131.82750738,89.10532769,4042.29128723,463.14263529,900.01204768,1389.50577496,0.30809669,0.82000093,448.99637305,21297.60307463,91069.05585048,300.32456917,192.99183007,19.04895694,4.8352668,10.16989321,17.64896957,4396.69002876,57.92364783,2099.2193779,3395.60816346,8.06667031,39.56511855,46.66636465,15.40974842,1739.49565223,17.04512501,4.79083202,63.86704848,19.04895694,1139.13563966,36.79213444,10.97888819,133.90214338,1.69585194,0.38497113,1.0,3.76246704,3.78214398,57.21845162,278.36564596,4.11215297,7413.07205229,3.64,4.684262,110.26730156,92.19056765,1289.03148854,3.75,8.35306228,14.41078491,585.45123002,10.95934092,1.36483716,0.80457968,22.59897853,568.9552516,34.64616235,1556.57210266,23.16223097,13001.85512787,19.04895694,36.72359782,10.92857056,3.49350175,3.1610937,2.39249178,32.51837619,6.78732257,32.51753596,2583.17185464,39.57437562,3835.5923218,38.9170141,12675.11184535,36.24286773,25283.78552804,122.33594822,2.78544752,617.52351372,2.69999563,617.52351372,112.33991979,250.36354889,19.04895694,25.08509178,
2024-04-18,3.6725,71.75976451,95.10577056,395.81720586,1.79236278,841.54597085,869.28341129,1.55157596,1.79,1.700677,1.83245557,2.0,109.4367753,1.83245557,0.376,2861.57169191,1.0,1.35970563,6.92361273,5.23409799,1.0,83.58409096,13.79129581,3.26997069,2.01438829,1.37638003,2792.94556475,0.91012962,978.97146788,7.23844991,3889.20883072,501.26703739,23.96532,103.3141303,23.659244,177.91697769,6.99075051,58.98657356,134.73714332,48.49708725,15.0,56.76964292,0.93691965,2.27262049,0.80272666,0.80272666,2.6736209,13.43333232,0.80272666,67.85768385,8591.4761018,7.78064166,208.97821993,7.82989996,24.66304639,132.45113047,368.10818998,16199.9111987,3.79509609,83.58409096,1308.01170568,41771.95231765,140.82520194,155.14132723,0.709,154.2083937,132.39121202,89.00635287,4042.11245362,460.93425435,900.00851893,1377.3009403,0.30810231,0.82181119,447.73834296,21333.8128096,91876.43025681,301.12099296,193.40923433,19.01463122,4.86103158,10.13697382,17.64908786,4377.03931156,57.86929995,2097.73711632,3395.49931649,8.06479696,39.5293474,46.51577969,15.41154174,1739.29050231,16.95940392,4.78837115,63.96874825,19.01463122,1140.62107009,36.90753809,10.99840594,133.79723361,1.68980643,0.38492895,1.0,3.74855961,3.79650673,57.10892717,278.23403866,4.06638939,7404.08548852,3.64,4.66202686,109.74493502,92.53508563,1286.83303053,3.75,8.35075306,13.47372633,585.41442708,10.93539875,1.35970563,0.80272666,22.59905931,569.96943786,34.71002747,,23.06845413,13001.85425384,19.01463122,36.78137604,10.91516988,3.49365026,3.15537117,2.38834925,32.52740626,6.78291609,32.42638597,2580.99303159,39.63984137,3807.55310579,38.78867045,12652.60912013,36.26235314,25357.0544825,122.51497526,2.78064383,614.57900581,2.701883,614.57900581,111.80425471,250.34220951,19.01463122,25.20210136,
2024-04-19,3.6725,71.96374966,95.05630056,395.75579394,1.79420281,841.29772408,872.37809908,1.56314808,1.79,1.70116312,1.83928741,2.0,110.13200022,1.83928741,0.376,2869.32206938,1.0,1.36369512,6.92165768,5.24300899,1.0,83.58559815,13.79219274,3.26997469,2.02441361,1.37728215,2801.35295361,0.91008773,966.0998028,7.23810588,3928.62445224,500.46165708,23.97614883,103.69931038,23.76795835,177.88293516,7.01638003,59.28834069,134.55311982,48.57374311,15.0,57.06999096,0.94041272,2.29059009,0.80478371,0.80478371,2.66966045,13.45449176,0.80478371,67.87990306,8589.23122848,7.77693469,208.8943688,7.83285605,24.66470587,132.45477071,370.76089387,16243.24273239,3.79517823,83.58559815,1309.28631791,41772.09247601,141.34684901,155.15876011,0.709,154.43321799,132.99010323,89.00600086,4057.36334618,462.65272881,899.99961351,1387.73099712,0.30836548,0.82210042,446.17757292,21314.33523651,92099.12736915,301.23747227,193.4676344,19.19735128,4.88365704,10.12930668,17.64903495,4407.70059809,57.7191142,2098.57418358,3395.21537438,8.06784173,39.63518455,46.79597023,15.38939256,1741.00030566,17.13937676,4.78755019,64.00814322,19.19735128,1153.60838233,36.89071073,11.06117385,133.79964625,1.69886325,0.38499196,1.0,3.73117105,3.79650664,57.47447119,278.50521105,4.08183601,7403.42232207,3.64,4.67923224,110.16510628,93.05373101,1294.0153158,3.75,8.34754172,13.59932135,585.49781514,10.98856046,1.36369512,0.80478371,22.59606465,572.68782184,34.52708515,,23.10562713,13001.85503673,19.19735128,36.87870694,10.93598183,3.49362445,3.15977274,2.38923355,32.57378822,6.78270745,32.52882556,2583.40851583,39.54967668,3822.56915657,38.8572703,12666.08174861,36.29786596,25389.29753048,122.70304603,2.78298742,616.87030508,2.70210474,616.87030508,112.22108803,250.35018298,19.19735128,25.66510584,
2024-04-20,3.6725,71.98340434,95.01074571,392.60521052,1.78739845,833.52416394,870.17161679,1.55837734,1.79,1.70091932,1.83519044,2.0,109.77930811,1.83519044,0.376,2870.7005836,1.0,1.36169565,6.92131903,5.20292697,1.0,83.38043577,13.79692677,3.27452539,2.02367746,1.37499199,2787.89936696,0.91048485,959.8346867,7.23995978,3908.12363184,501.68489553,23.98132868,103.46832288,23.69750184,178.39768477,7.00160024,59.33836945,134.605053,48.2794161,15.0,57.10898434,0.93831797,2.27794458,0.80832604,0.80832604,2.67043857,13.44539962,0.80832604,67.89516007,8587.21598998,7.77821094,208.95778396,7.83172193,24.67733092,132.6802334,369.98675651,16223.93129706,3.76102972,83.38043577,1309.49691234,41986.51070427,141.11925251,155.20037191,0.709,154.6315858,133.00115835,89.01903128,4063.52349944,461.62218196,899.93117733,1374.58143927,0.30840401,0.82006553,446.34995165,21250.78302578,90170.59859384,302.01512391,191.21986046,19.09380319,4.86071166,10.13725741,17.65945824,4403.25817992,57.80335489,2098.81837439,3378.81841599,8.06667359,39.70482164,46.50213633,15.44787488,1739.02207145,17.09289944,4.78333694,63.7882887,19.09380319,1076.98301924,36.92493098,11.01538311,133.47123256,1.69767305,0.38497669,1.0,3.72994809,3.81093428,57.55755807,278.5719121,4.04372819,7402.75184851,3.64,4.66651629,109.84530183,93.02985172,1296.11831291,3.75,8.43807088,13.68535666,586.8884691,10.92195335,1.36169565,0.80832604,22.55423217,570.85304936,34.7094905,,23.01472545,13001.39984841,19.09380319,36.81167326,10.9245751,3.49434575,3.14919113,2.38090611,32.49093927,6.78221668,32.53912242,2586.64044747,39.53518736,3814.80478563,38.77143357,12703.22098306,36.29490896,25451.0112984,121.14844165,2.779228,615.49624261,2.70236243,615.49624261,111.9711185,250.32642109,19.09380319,25.12834051,
2024-04-21,3.6725,71.98430278,94.92111572,392.6040835,1.78750092,832.81898582,871.00332919,1.55922541,1.79,1.70001661,1.83433075,2.0,110.10678796,1.83433075,0.376,2865.46026373,1.0,1.3615961,6.90993322,5.19623418,1.0,83.37198175,13.78912439,3.27537876,2.01531005,1.37835858,2788.06251481,0.9104046,955.06581682,7.24015115,3926.18735974,501.77173409,23.99999145,103.41985335,23.7013202,178.40728206,7.00246326,58.96436297,134.93180753,48.33171513,15.0,57.12000655,0.93787842,2.30181454,0.80785761,0.80785761,2.6710999,13.39264349,0.80785761,67.89874539,8547.64560114,7.77866313,208.98435684,7.83237316,24.68766816,134.68008528,369.93289858,16204.94179877,3.7689084,83.37198175,1310.26604408,42002.62929745,141.24532028,155.71353264,0.709,154.65787446,133.13547897,89.01649578,4063.10666928,461.40593594,899.99998878,1375.16152168,0.30909994,0.82000342,445.64950473,21294.49053595,89549.7700449,302.04513282,193.16252485,19.15620832,4.87818652,10.13683212,17.88994579,4404.7110846,57.78984902,2096.03389953,3377.46403587,8.06734436,39.70236307,46.52927722,15.45995916,1733.19230403,17.13453009,4.78275228,63.85521219,19.15620832,1076.97538999,36.62429778,11.01884086,133.45769978,1.69826809,0.38510281,1.0,3.69521242,3.8109921,57.47597693,278.32247797,4.04473148,7413.28500203,3.64,4.66439029,110.04110293,93.09052842,1288.91272652,3.75,8.43880632,14.59490173,598.91067224,10.91703119,1.3615961,0.80785761,22.55502315,571.45324447,34.44990751,,23.007471,13001.98247011,19.15620832,36.84851183,10.92461356,3.50614062,3.15149457,2.38098468,32.58795363,6.75759922,32.56242095,2587.37896688,39.6469998,3812.41910817,38.47879943,12704.99999826,36.25635347,25449.88070296,121.15229614,2.77930695,615.20791458,2.70000001,615.20791458,111.91866584,250.24416101,19.15620832,25.71614392,
2024-04-22,3.6725,71.98358791,94.9144302,392.59867116,1.78930828,841.4670622,869.77252929,1.55217443,1.79,1.70116701,1.83432733,2.0,109.81925173,1.83432733,0.376,2863.1541864,1.0,1.36169128,6.91236598,5.21827108,1.0,83.43268701,13.85462757,3.27072076,2.02166796,1.37283811,2793.74670599,0.91078744,957.96811276,7.24019076,3907.53829657,502.97475127,23.96119574,103.41966061,23.66658089,177.84073393,6.99707044,58.84313678,134.68119214,48.29853976,15.0,56.70527435,0.93787667,2.27834874,0.80757577,0.80757577,2.66975982,13.42603609,0.80757577,67.89397847,8583.57790899,7.76488497,208.57956321,7.83318458,24.65025282,133.07761038,369.85171349,16245.73431141,3.7598675,83.43268701,1309.56421953,41846.80024092,141.15421862,155.53591533,0.709,154.67679932,131.91810011,89.01356133,4050.88315435,461.40507606,900.05468356,1381.48705915,0.30838953,0.82002865,445.84824179,21360.86744419,89981.67067857,301.82586947,191.14564625,19.06607472,4.8707949,10.14461148,17.87588566,4402.78471154,57.76666861,2096.11504014,3388.13321152,8.06818012,39.59515705,46.61286668,15.38473466,1737.8907746,17.06692677,4.7859736,63.90254319,19.06607472,1076.64023074,36.70642508,11.00418454,133.55487373,1.69008516,0.38502483,1.0,3.68784723,3.79649401,57.57859373,278.54902268,4.03969051,7400.13035025,3.64,4.66679371,109.94818599,91.66559329,1287.46111693,3.75,8.35100416,13.91716412,587.59452632,10.901177,1.36169128,0.80757577,22.52203846,569.62213227,34.49488338,,23.24947536,13001.85513473,19.06607472,36.94907232,10.92461269,3.49346228,3.14761259,2.38526734,32.60825294,6.76997071,32.56518701,2582.2339059,39.83007163,3811.0607569,38.38598191,12662.00869525,36.28841734,25396.77809848,121.81296316,2.78424767,615.20676808,2.69999893,615.20676808,111.91845727,250.33415945,19.06607472,25.68627932,
2024-04-23,3.6725,72.24262081,94.75302808,390.86298902,1.79170488,844.34575233,872.31355388,1.54780233,1.79,1.70101096,1.83467684,2.0,109.70508035,1.83467684,0.376,2875.60310779,1.0,1.36116336,6.91069693,5.16708189,1.0,83.36142321,13.87103386,3.26995816,2.01439137,1.36926244,2800.63976708,0.91150138,952.73534522,7.24310135,3911.42514555,499.96356772,23.94924207,103.43936616,23.70842294,177.74090701,6.99904622,58.91251942,134.75824636,48.16615595,15.0,56.88883696,0.93805537,2.27313574,0.8092584,0.8092584,2.67696129,13.43696068,0.8092584,67.88366034,8597.64866804,7.76314913,208.46100132,7.83573827,24.63998994,132.42684946,369.80837041,16234.93339018,3.77200762,83.36142321,1311.45831055,41743.94710122,140.99833899,155.55671139,0.709,154.77555993,133.89318888,88.90490289,4061.45903427,461.49299205,900.00906545,1378.33383428,0.30822526,0.82111653,445.3519821,21458.75612318,91239.86487259,300.21260485,191.94240816,19.17426841,4.8719602,10.15152749,17.86495308,4424.6100409,57.7666238,2097.15455732,3394.21667545,8.07081041,39.63664281,46.50032423,15.38254157,1739.6547164,17.11506759,4.77826156,64.03987942,19.17426841,1148.60491413,36.74679173,10.96761819,133.44079821,1.68724347,0.38500174,1.0,3.69961006,3.79650437,57.4880038,278.54537594,4.04898569,7397.17788183,3.64,4.66750277,109.92303056,91.1183161,1288.43676109,3.75,8.37235853,13.92221987,585.41314797,10.86503441,1.36116336,0.8092584,22.57728607,570.35500112,34.14588008,,23.04268722,13001.81619729,19.17426841,37.07063195,10.95798598,3.49359196,3.15580688,2.38687746,32.62095585,6.77616728,32.62003959,2580.30402652,39.74979582,3814.11230473,38.49207494,12671.82252746,36.30333034,25392.75454846,121.83640258,2.77715041,615.3239894,2.70071281,615.3239894,111.93978218,250.35544114,19.17426841,25.80523541,
2024-04-24,3.6725,72.12128767,94.03505259,390.02016932,1.79104357,841.48773672,872.7418645,1.53969297,1.79,1.70113847,1.8263609,2.0,109.46351652,1.8263609,0.376,2872.4827685,1.0,1.36044334,6.90998986,5.1323039,1.0,83.28367767,13.88204398,3.26996647,2.01438496,1.36576833,2784.19391958,0.91167717,953.61027579,7.24480054,3905.66862912,502.23457792,23.96006901,102.97051171,23.55581454,177.7036163,6.96642536,58.55602369,134.38953967,48.04974525,15.0,57.11402728,0.9338035,2.29301502,0.80269802,0.80269802,2.6829463,13.45342815,0.80269802,67.90243499,8584.58213791,7.76254093,208.48866346,7.83531936,24.64247902,132.42602285,367.08064632,16138.48956119,3.76712315,83.28367767,1307.9351583,41901.8098268,140.35432066,155.55065211,0.709,154.81294112,133.99171375,88.84989997,4071.11905285,459.40120581,900.00158663,1368.77402931,0.30803687,0.82062545,443.76856145,21433.2351209,91035.16224535,299.91795011,192.27885176,19.10827235,4.85655144,10.13516531,17.86494126,4405.41266389,57.50342726,2097.52990159,3395.57172434,8.07037894,39.70544217,46.50677378,15.41391767,1740.97558545,16.95062618,4.77529425,64.0795452,19.10827235,1148.45391826,36.63073304,10.90333357,133.31634703,1.68288804,0.38498688,1.0,3.70980317,3.79650226,57.36669705,278.59579721,4.02432154,7406.27738067,3.64,4.64685458,109.4222664,91.62200835,1294.79207876,3.75,8.3169315,13.50398964,585.53186392,10.80318636,1.36044334,0.80269802,22.64814185,567.64310766,34.26962797,,22.90263037,13001.85458134,19.10827235,36.88524745,10.91581917,3.4935461,3.14959108,2.38582456,32.5630552,6.77554853,32.51862376,2589.14591638,39.64934287,3798.34079652,38.32928035,12678.61115776,36.32192196,25362.19311704,122.03465233,2.77251967,612.53494108,2.70076477,612.53494108,111.43239832,250.17869107,19.10827235,25.74404136,
2024-04-25,3.6725,72.22049613,94.07702613,388.07839486,1.79261969,843.04898633,873.18623769,1.54009128,1.79,1.70094565,1.82818279,2.0,109.66586445,1.82818279,0.376,2875.62478263,1.0,1.36215089,6.90579008,5.14689192,1.0,83.33845012,13.87917497,3.26995838,2.01431224,1.37038081,2783.44321771,0.91473252,952.62133151,7.24593463,3943.28788631,501.23858777,23.96140068,103.07323062,23.60080368,177.79003587,6.97167301,58.71403072,134.64139716,47.90281001,15.0,57.14392045,0.93473502,2.29188814,0.8028212,0.8028212,2.68793171,13.48429367,0.8028212,67.90066719,8578.77225925,7.76414199,208.50565751,7.82869721,24.64179486,132.39869395,368.19885606,16222.68094866,3.78203389,83.33845012,1309.83581261,41862.54833839,140.30664494,155.50255551,0.709,155.41314808,134.48293717,88.84977548,4051.00769454,459.85948446,900.02229932,1377.50052342,0.30802374,0.82188051,443.19284952,21514.05009444,91856.62943016,297.89676551,193.29805438,19.23339404,4.8738195,10.14017373,17.83876545,4433.30749623,57.51969948,2095.8841216,3393.81569237,8.06355813,39.39226695,46.40007033,15.39649629,1740.46109741,17.08597999,4.78509539,64.02962365,19.23339404,1236.15388388,36.75435192,10.99848453,133.40402403,1.68539827,0.38500167,1.0,3.73086492,3.79903106,57.81468161,278.50741799,4.05250343,7398.45250644,3.64,4.65125402,109.53775915,91.48836332,1288.53095805,3.75,8.3071351,13.55577857,585.45440402,10.88703916,1.36215089,0.8028212,22.64286509,569.88541419,33.9587153,,22.95434991,13001.8551345,19.23339404,37.1486806,10.93580157,3.49347736,3.1489459,2.38656357,32.56440076,6.77857663,32.6168311,2587.99677818,39.61814024,3808.3261804,38.31153735,12665.06218576,36.35824775,25382.14241952,121.35182403,2.77137065,613.14597928,2.70210679,613.14597928,111.54355843,250.36135362,19.23339404,26.08819645,
2024-04-26,3.6725,72.1252045,94.068636,388.05665575,1.79137269,843.88002345,873.78127526,1.53206222,1.79,1.70104117,1.8235331,2.0,109.72442063,1.8235331,0.376,2874.2418507,1.0,1.35963689,6.9088241,5.16036169,1.0,83.30631942,13.85565381,3.26997283,2.0243506,1.36582729,2793.65273659,0.91300625,948.49330222,7.23944372,3967.89589958,501.36424051,23.96259981,102.81108013,23.4536105,177.85402254,6.95309574,58.71135177,134.66859859,47.89559296,15.0,56.93791284,0.93235767,2.26208812,0.79985768,0.79985768,2.67994442,13.48601148,0.79985768,67.93484662,8599.69114096,7.76596527,208.6031394,7.82742776,24.65283098,132.44375354,366.41985953,16201.23214295,3.79897297,83.30631942,1309.76734616,41848.06331762,139.95600994,155.57823225,0.709,155.65102011,134.99164175,88.84097359,4057.34814464,458.68990446,899.99788633,1375.18716943,0.3077957,0.82090149,444.69829162,21485.76480414,91436.21006475,296.92551113,193.2724712,19.02800683,4.86495353,10.13072432,17.81689597,4434.72011424,57.3650918,2097.06425741,3395.32405669,8.06225059,39.42808884,46.39387195,15.41566169,1739.56580526,17.20791035,4.77965381,63.96984356,19.02800683,1236.15353595,36.764351,10.96266105,133.35259081,1.67679156,0.38497516,1.0,3.75655541,3.80553196,57.82054021,278.43678431,4.0228505,7410.82323074,3.64,4.63989402,109.23378472,91.0933307,1290.16070426,3.75,8.3451913,13.69253345,585.51890183,10.88837769,1.35963689,0.79985768,22.69787854,570.64773607,33.88864651,,22.87676486,13001.85506512,19.02800683,37.04539817,10.90993371,3.50344949,3.14638032,2.38263423,32.54831055,6.77925234,32.57700116,2588.27859821,39.58987139,3804.51926224,38.33911105,12672.06514959,36.38114627,25335.27927872,121.09683155,2.76753871,611.58653928,2.70101377,611.58653928,111.259865,250.35543599,19.02800683,26.31959949,
2024-04-27,3.6725,72.08011516,93.94222834,386.47785455,1.78756887,835.08530274,875.82373514,1.53068094,1.79,1.70130629,1.8277944,2.0,109.74939181,1.8277944,0.376,2866.23053072,1.0,1.36273589,6.91073578,5.11609285,1.0,83.40263216,13.82267954,3.2750941,2.0235128,1.36699614,2788.70877061,0.91477975,948.55503215,7.24638853,3896.93521164,501.40536925,23.98001726,103.05133297,23.49582158,178.52938101,6.97095249,58.67938147,134.36125594,47.86874956,15.0,56.93636178,0.93453644,2.26223887,0.8003361,0.8003361,2.683294,13.45956491,0.8003361,67.91486832,8584.24840264,7.76694234,208.66926253,7.8277702,24.66069928,132.61718043,367.44277601,16242.14077613,3.82453775,83.40263216,1308.89053484,42060.30490644,140.53187766,155.67734727,0.709,158.3147925,134.95532952,88.81098898,4063.12865348,459.7617885,899.99990838,1377.60914206,0.30814365,0.82013822,442.86099,21322.23440888,89625.26660592,295.82578111,193.21090023,18.80449513,4.868323,10.11326206,17.79428418,4442.11826941,57.51553743,2097.8554725,3379.36463388,8.0626033,39.46218988,46.30286006,15.45747704,1739.00804056,17.15075987,4.76789772,63.6530449,18.80449513,1245.01929254,36.80652501,11.03608308,133.50676344,1.68360671,0.38483934,1.0,3.71240817,3.81238895,57.65219852,278.56925983,4.03765629,7412.46972012,3.64,4.65686586,109.52536752,92.11327008,1289.93273873,3.75,8.23045493,13.39416806,587.08038318,10.94305714,1.36273589,0.8003361,22.68490326,570.85268584,34.67002003,,22.84503965,13001.84136988,18.80449513,36.98865475,10.91865735,3.49363907,3.14899873,2.35744496,32.4816452,6.78173393,32.60230661,2594.24546221,39.61828315,3809.70152061,38.41019813,12660.42669406,36.38018989,25338.77019658,120.16440862,2.68265672,613.015718,2.70233788,613.015718,111.51986129,250.36296827,18.80449513,25.78614452,
2024-04-28,3.6725,72.11619506,94.01654816,386.99635453,1.78721328,834.04377197,874.23006369,1.53090252,1.79,1.70002946,1.82750074,2.0,110.08643661,1.82750074,0.376,2865.97030923,1.0,1.36278661,6.90807037,5.11538228,1.0,83.4150495,13.79383679,3.27448378,2.01505253,1.3671533,2787.91731609,0.91450105,950.43986406,7.24561277,3894.99706552,503.4911825,23.9999993,103.0347763,23.50308003,178.5131327,6.97378339,58.57323941,135.21007602,47.8917991,15.0,56.93635919,0.93438629,2.26223887,0.80081126,0.80081126,2.67600012,13.49781854,0.80081126,67.91486126,8547.81085375,7.77644992,208.96058582,7.82841045,24.69123196,134.26679027,367.35668509,16213.2142513,3.8217444,83.4150495,1310.41894024,41998.17905702,140.27478948,156.08850811,0.709,158.23406541,134.61635568,88.80700237,4060.06042886,459.68792119,900.0,1377.19863561,0.30856873,0.82000407,441.57315809,21310.6585764,89535.16782185,295.83979254,193.19282794,18.81137469,4.86370565,10.13871586,17.73888125,4439.69997617,57.36043878,2095.50276923,3378.13346756,8.06326277,39.68615608,46.34553256,15.45737044,1733.07939083,17.1580882,4.76650995,63.78880047,18.81137469,1329.87534828,36.62429985,11.03530407,133.52664048,1.68363706,0.38506147,1.0,3.75396923,3.81240897,57.70843531,278.37742083,4.03520744,7458.76728934,3.64,4.62758687,109.36362015,92.07894561,1290.43902602,3.75,8.23045493,14.50134223,598.9132654,10.91169824,1.36278661,0.80081126,22.68262542,570.85406493,33.72942516,,22.84953294,13000.43786699,18.81137469,37.0091062,10.91765692,3.49788703,3.13016649,2.3571274,32.48510105,6.80857486,32.62087759,2577.22346437,39.71526697,3812.44851723,38.35263025,12662.00959728,36.33923224,25330.51125896,120.14725381,2.6821259,612.91722826,2.70000007,612.91722826,111.50194403,250.21781639,18.81137469,26.59746096,
2024-04-29,3.6725,72.08248189,94.26278276,386.3854637,1.79262085,842.97867201,875.10564181,1.52713711,1.79,1.70092347,1.8265039,2.0,109.90494656,1.8265039,0.376,2872.3048034,1.0,1.36236107,6.94089315,5.11724166,1.0,83.37204042,13.79218127,3.27023807,2.02353367,1.3657491,2791.62353799,0.91342404,948.6467904,7.24638802,3897.26853361,503.76207154,23.9997245,102.97857443,23.49246441,178.2702595,6.96503658,58.72590529,134.3618408,47.82642829,15.0,57.03284735,0.93387662,2.27177891,0.79914515,0.79914515,2.67794294,13.55798284,0.79914515,67.95480524,8608.45503517,7.78389334,209.15624114,7.82879909,24.72582081,132.88598233,366.37872854,16250.66592199,3.81418474,83.37204042,1308.90861298,41923.78964501,140.36993479,156.29563108,0.709,158.37325054,134.95589,88.8075271,4066.79160756,459.43717749,899.99121322,1380.38779449,0.30804613,0.82160085,442.85057151,21463.98605487,91635.60094458,295.84874987,193.30934603,18.82583532,4.87373184,10.12983242,17.79874185,4449.56397216,57.49877133,2101.77636221,3394.16010652,8.06366306,39.49772163,46.39474172,15.39230053,1738.81652299,17.16758759,4.77538219,63.76735691,18.82583532,1244.89400395,36.78325929,11.0204472,133.4577937,1.68086077,0.38486817,1.0,3.74930061,3.80372659,57.75203647,278.46280206,4.03408541,7463.25464151,3.64,4.64748929,109.40127469,91.05889682,1293.40599506,3.75,8.3453604,13.5860705,586.33136576,10.9236401,1.36236107,0.79914515,22.65546433,571.83717674,33.79405659,,22.93236433,13001.85511039,18.82583532,37.05946024,10.91763935,3.50361365,3.1472912,2.38221985,32.5305142,6.8039556,32.63107844,2585.7211967,39.66392037,3810.90991239,38.62865051,12653.9137477,36.3805928,25358.83018785,120.98744853,2.76729895,612.58290332,2.70184288,612.58290332,111.44112361,250.16953156,18.82583532,26.64527801,
2024-04-30,3.6725,72.44466261,93.8883185,385.95477842,1.79079541,843.15100121,876.68266339,1.524582,1.79,1.70116822,1.82523418,2.0,109.75345597,1.82523418,0.376,2864.24308638,1.0,1.36055261,6.93973814,5.11844198,1.0,83.44509757,13.79286008,3.27002059,2.02443294,1.36660199,2784.46513399,0.91120329,942.0425951,7.23181344,3859.04668036,505.68601076,24.03195344,102.90698715,23.47234998,178.1971379,6.95964157,58.51421798,134.48135439,47.85059295,15.0,57.40910092,0.93322742,2.26945007,0.79657751,0.79657751,2.68477175,13.59873069,0.79657751,67.91345307,8617.61104769,7.78444029,209.14418221,7.82629724,24.72623113,132.73159272,365.18280434,16242.2564767,3.75732508,83.44509757,1309.19645019,41800.31250986,140.2702477,156.38425039,0.709,156.79775322,134.9928579,88.66199308,4067.0192514,459.11779204,899.99319065,1376.66333637,0.30794795,0.82060358,441.5977996,21454.0327923,91699.4312316,297.46629879,193.35597228,18.65031669,4.86784411,10.11000952,17.8033211,4444.49808965,57.43528895,2102.4582488,3394.1123375,8.06108616,39.45740192,46.30142241,15.35737053,1740.8244792,17.02979314,4.76929437,63.74829837,18.65031669,1363.33519617,36.97126323,11.0057639,133.57473993,1.67565627,0.38500076,1.0,3.73115025,3.80372713,57.53354776,278.45294331,4.02639582,7466.26436402,3.64,4.64299502,109.27958935,91.43203867,1290.87732902,3.75,8.34543355,13.74864728,585.4643603,10.94150054,1.36055261,0.79657751,22.74821151,570.85996707,34.06286387,,22.88959147,13001.85509578,18.65031669,37.07326042,10.92164825,3.49366993,3.14528601,2.37814461,32.43843086,6.80420898,32.55210246,2589.09469145,39.6013607,3813.22881826,38.17861854,12637.63908604,36.3824276,25290.68181217,120.67972503,2.76069136,612.15705606,2.70071153,612.15705606,111.36365345,250.18104477,18.65031669,26.65625881,
2024-05-01,3.6725,72.49844913,93.97545484,386.28800106,1.79228973,844.35746222,877.91064091,1.54534765,1.79,1.70098502,1.83428206,2.0,110.0861613,1.83428206,0.376,2870.96958398,1.0,1.36516636,6.93443344,5.19525751,1.0,83.42927157,13.78981949,3.270082,2.02410136,1.37747458,2783.85704731,0.91990304,957.90506174,7.24009875,3915.25544898,508.30522037,24.03029087,103.41710848,23.58611815,178.17154121,6.99501389,58.84231002,134.57485776,47.88338056,15.0,57.24615811,0.93785353,2.29077872,0.80075643,0.80075643,2.67793112,13.6709973,0.80075643,67.94028689,8600.69644639,7.78073183,209.11102585,7.82287028,24.72097206,132.78046468,366.63301279,16269.42044015,3.73570338,83.42927157,1310.15582504,41964.03053604,140.58838267,156.34577251,0.709,157.79776463,134.96789976,88.68276091,4086.3228522,461.39368977,900.00147084,1385.99935387,0.30821308,0.82187234,441.99435573,21260.22450945,92333.24392599,296.66377146,193.4712512,18.79676962,4.89889986,10.12324008,17.75563749,4464.52370496,57.43510891,2102.11680662,3397.22939515,8.05755639,39.68181075,46.36083774,15.42055197,1739.19843678,17.13979861,4.76779109,63.84898668,18.79676962,1390.22154372,36.97692503,11.12161014,133.54940647,1.69859764,0.38504952,1.0,3.76859323,3.80910024,57.81951984,278.39252244,4.06201893,7458.89981234,3.64,4.66648405,109.82458314,91.07547715,1298.87286211,3.75,8.30143466,13.85557829,586.08210898,11.02085261,1.36516636,0.80075643,22.74921087,574.25374522,33.59635917,,23.17174812,13001.81566602,18.79676962,37.20962138,10.9235902,3.50356851,3.14638158,2.38795017,32.42686586,6.80156711,32.62871613,2583.87843908,39.68575723,3806.54646254,38.54235694,12640.07711648,36.40242649,25454.7890212,120.62504614,2.77820084,615.19158636,2.70188923,615.19158636,111.91569541,250.21576415,18.79676962,26.93791903,
2024-05-02,3.6725,72.46179614,93.52696785,385.97151912,1.79137775,843.04397353,873.13117324,1.53234227,1.79,1.70104346,1.82548891,2.0,109.52347088,1.82548891,0.376,2870.7836398,1.0,1.36072823,6.93608462,5.18902434,1.0,83.42363917,13.79309513,3.2699642,2.01451628,1.37276843,2801.90002377,0.91665443,960.37895119,7.24009165,3915.02355979,506.92456578,24.03135762,102.92134879,23.41123527,178.19970117,6.96141499,57.89917474,134.49569389,47.65451781,15.0,57.20692747,0.93335766,2.26716654,0.79806452,0.79806452,2.6759554,13.64108221,0.79806452,67.83960439,8620.5009221,7.78312784,209.17322046,7.82256209,24.72855639,132.74879278,363.67070413,16223.62581904,3.75077157,83.42363917,1309.44433457,41924.8116365,139.90965118,156.35292849,0.709,156.01214919,134.99084445,88.68280023,4091.24705174,459.18186626,899.97869532,1380.69167949,0.30808655,0.82105871,442.38835398,21540.88715309,91859.32053465,298.13154451,193.45805413,18.57576467,4.85109233,10.10060169,17.75516891,4425.57182543,57.49607859,2102.60558149,3394.5076031,8.05723895,39.6368151,46.34486386,15.41577676,1740.99097547,16.9578764,4.77243607,63.96881973,18.57576467,1402.34490508,36.99961575,11.03372238,133.54039041,1.68814567,0.38499313,1.0,3.75609649,3.81056211,57.70554074,278.49932309,4.03635822,7459.8424133,3.64,4.64683437,109.33098566,91.00047149,1285.65043414,3.75,8.34535908,13.8277893,585.53139958,10.92052722,1.36072823,0.79806452,22.51041492,568.47950037,33.57441969,,22.90733002,13001.85501421,18.57576467,36.9895578,10.91803873,3.50365522,3.14676772,2.38435288,32.28220835,6.82348546,32.56129581,2585.00583633,39.63152914,3790.33226008,38.18189421,12600.53872709,36.42951796,25407.89729354,121.8003188,2.77292305,612.24248835,2.70106675,612.24248835,111.3791953,250.35282336,18.57576467,26.66905613,
2024-05-03,3.6725,72.46435517,93.54822832,386.09643856,1.78960053,841.61939595,878.14276877,1.52039663,1.79,1.70117684,1.82233358,2.0,109.68543648,1.82233358,0.376,2868.30528237,1.0,1.35339038,6.92263867,5.11130516,1.0,83.3724415,13.76837375,3.27001614,2.01453819,1.3661987,2800.91793977,0.90961276,947.84262606,7.24009294,3895.41653403,506.75787963,23.97517018,102.74345095,23.24573778,178.2414488,6.94889665,57.87485452,134.84263809,47.94949103,15.0,57.61275934,0.93174436,2.2532989,0.79718105,0.79718105,2.67575642,13.68624463,0.79718105,67.8163836,8596.88535879,7.77740805,209.01232525,7.81346801,24.7012454,132.95476685,362.82085866,16110.88361197,3.7223992,83.3724415,1310.22009039,41810.52852767,140.08509401,156.09469086,0.709,153.1236306,134.98834641,88.68388632,4058.55451204,458.38817801,899.98465984,1367.65626537,0.30760292,0.82000399,442.71325115,21432.94214322,90767.81681361,296.37411708,193.39412316,18.54578669,4.85796838,10.08226853,17.72443782,4415.46683472,57.36640887,2101.43648275,3395.58120982,8.04787205,39.67354415,46.3265692,15.41013577,1740.09074742,16.96573414,4.74654767,63.88098755,18.54578669,1395.27952221,36.71822509,10.97539394,133.45843573,1.67519827,0.38495074,1.0,3.73311744,3.80950063,57.41474766,278.70503433,4.03734934,7456.68801417,3.64,4.63639852,109.11594648,91.02130925,1287.30325434,3.75,8.23136262,13.69303793,570.49625922,10.8551565,1.35339038,0.79718105,22.50953642,569.34888012,33.59018049,,22.85856577,13001.85534147,18.54578669,36.81749775,10.92179765,3.50365367,3.14667519,2.38071394,32.40442146,6.8287704,32.40592088,2591.25102099,39.58575956,3788.70013182,38.23232791,12626.24390997,36.46468071,25288.50949775,120.70787098,2.76781675,611.18423735,2.70004839,611.18423735,111.1866782,250.36538113,18.54578669,26.85705459,
2024-05-04,3.6725,72.31479719,93.38893845,385.85195569,1.78763738,834.37328604,877.76095216,1.51463494,1.79,1.70005174,1.81723513,2.0,109.73774819,1.81723513,0.376,2870.18797278,1.0,1.34950154,6.91898074,5.07247676,1.0,83.38176122,13.78769089,3.27465424,2.01441346,1.36746249,2768.47948246,0.90499761,938.75118373,7.24009318,3909.10671034,508.64378717,24.00358238,102.45599946,23.27024636,178.28530513,6.93005436,58.08269738,134.52706412,47.90259,15.0,57.34877096,0.92913757,2.25417871,0.7970407,0.7970407,2.67942933,13.63624892,0.7970407,67.79163145,8589.40933778,7.77174018,208.90240456,7.81243029,24.6979974,132.75258403,361.94504034,15982.29115512,3.71657632,83.38176122,1308.90369926,42069.7658111,139.63702876,156.23240868,0.709,152.97487328,134.93604266,88.68211056,4071.93683856,457.10571802,899.99789479,1356.26708757,0.30736376,0.82000431,443.87683695,21338.46612803,89643.27412265,297.12559514,193.39786744,18.51043704,4.87945544,10.05578343,17.69653905,4437.79238687,57.17620709,2099.98608314,3386.30243497,8.0468032,39.73438774,46.20701801,15.45741507,1740.17648496,16.96776049,4.74072692,63.66724344,18.51043704,1380.68224485,36.72258645,10.87446071,133.47335427,1.66365924,0.38488367,1.0,3.75151064,3.83086158,57.07010223,278.48472991,4.01782589,7480.63801511,3.64,4.61918269,108.82977428,91.47593142,1295.56666067,3.75,8.47343517,13.66820413,586.70589331,10.81399754,1.34950154,0.7970407,22.66722108,569.78042582,34.67948689,,22.97486474,13001.85409086,18.51043704,36.75802314,10.91425129,3.50340069,3.12907593,2.35197086,32.33013966,6.82032834,32.29356074,2590.55415224,39.68629468,3817.57076863,38.34974579,12682.35939729,36.4988251,25419.31828651,119.77682469,2.75792667,609.4742907,2.70238579,609.4742907,110.87560459,250.33873281,18.51043704,26.73429593,
2024-05-05,3.6725,72.3480271,93.37226773,386.34740848,1.78750108,834.03960517,878.5028162,1.51354393,1.79,1.70000187,1.81666385,2.0,110.1068038,1.81666385,0.376,2866.22229803,1.0,1.34934142,6.93487957,5.06877073,1.0,83.35644848,13.79285501,3.27500009,2.01519653,1.36786438,2767.27001961,0.90507812,937.86817825,7.24008738,3903.78746125,508.46830908,23.95912218,102.42379059,23.26928782,178.28557015,6.9281457,58.0005144,134.95315857,47.94227234,15.0,56.88571888,0.92884548,2.2859674,0.79726823,0.79726823,2.6796999,13.73268602,0.79726823,67.75045828,8545.40558929,7.77517213,208.98436488,7.81239717,24.70417793,134.87997068,361.8993965,16131.49958842,3.71751172,83.35644848,1310.4188773,42002.63071539,139.60428826,156.32223727,0.709,153.04195597,134.13555538,88.68211056,4066.30752442,456.96201872,900.0,1355.25519043,0.30734247,0.82000353,443.64910378,21300.24468937,90474.18131038,296.90874128,193.45819582,18.50474271,4.8695035,10.05514287,17.63002341,4442.47821143,57.50989008,2096.03411586,3383.85715188,8.04676909,40.03028782,46.24813072,15.45999917,1733.19201616,16.97020211,4.73954876,63.80098266,18.50474271,1361.95606193,36.6243492,10.88180102,133.43283491,1.6634603,0.38500024,1.0,3.71858502,3.86331345,57.14452135,278.23784208,4.01889005,7518.07811667,3.64,4.64036764,109.16913698,91.60983465,1291.99942753,3.75,8.47459228,14.61981748,598.80821307,10.79446859,1.34934142,0.79726823,22.66496198,570.46642733,33.50039613,,22.69925167,13001.98298152,18.50474271,36.78082333,10.91409559,3.50000441,3.13048517,2.35181102,32.3351125,6.6925145,32.31909439,2587.37902692,39.58150408,3789.76257551,38.1405614,12682.49999997,36.4238762,25405.14432004,119.77328323,2.75788717,609.28269162,2.70000005,609.28269162,110.84074888,250.24356748,18.50474271,27.20236681,
2024-05-06,3.6725,72.31273555,93.41677183,385.80014683,1.79078617,842.98591412,877.11224379,1.5106178,1.79,1.70109853,1.81635587,2.0,109.50586465,1.81635587,0.376,2866.04375886,1.0,1.35043028,6.9108542,5.08911044,1.0,83.4033533,13.79289787,3.26997648,2.01438662,1.36825509,2785.22538966,0.90573917,943.29936668,7.24008951,3903.42106198,507.77722989,23.97953312,102.40642667,23.28548216,178.21109325,6.92694269,57.96832918,134.45102317,47.91813822,15.0,57.28137598,0.92868801,2.24689738,0.79652393,0.79652393,2.6757701,13.68705213,0.79652393,67.82231077,8590.76488909,7.76426819,208.72740974,7.81266705,24.68006452,132.53784009,361.86323943,15974.7441038,3.71536486,83.4033533,1308.75461993,42096.3681014,139.58797083,156.32265945,0.709,153.48629495,134.98727986,88.68307533,4062.31136859,456.88454989,900.02360082,1355.26255981,0.30739684,0.82060094,443.45695688,21367.9749561,91497.78497238,296.57397038,193.39677686,18.51770413,4.85979978,10.06399918,17.67761124,4441.91747997,57.16922122,2098.74976526,3396.75216567,8.04704706,39.5642321,46.26039629,15.40382883,1740.44202733,16.96669384,4.73727594,63.74938265,18.51770413,1380.50776848,36.7265331,10.85145419,133.50791779,1.66430955,0.38484434,1.0,3.72649717,3.8095205,57.13421804,278.50195997,4.01629643,7486.58739645,3.64,4.61879711,108.76148068,90.94360003,1288.91290239,3.75,8.33470647,13.58874742,598.7988807,10.81335831,1.35043028,0.79652393,23.14120866,569.44820079,33.19714874,,22.99114151,13001.85113348,18.51770413,36.73605421,10.91409257,3.50356281,3.12514995,2.37078865,32.28582055,6.82531075,32.30632289,2592.89797049,39.4496204,3774.26995484,38.24440632,12723.66057512,36.50154662,25216.88268126,120.21175007,2.75156176,609.17939985,2.70063218,609.17939985,110.82195803,250.34971795,18.51770413,26.91608667,
2024-05-07,3.6725,72.34430248,93.33871042,385.28790316,1.79239958,842.55746102,880.27791227,1.50674984,1.79,1.69995633,1.81559964,2.0,109.71438966,1.81559964,0.376,2871.72457285,1.0,1.35097835,6.90481794,5.07444062,1.0,83.46754068,13.63617601,3.26996928,2.02438533,1.36675709,2800.85314222,0.90655244,929.80510818,7.20774654,3892.28966696,508.25927894,23.96328492,102.36379022,23.21384773,178.19837506,6.92359891,57.9943425,134.42509837,47.95259368,15.0,57.39948426,0.92830135,2.25482714,0.79593812,0.79593812,2.67477298,13.73256963,0.79593812,67.84707707,8583.22525576,7.76040568,208.53337798,7.81921738,24.6623455,132.48434218,360.65829407,16052.70755766,3.73611415,83.46754068,1309.62772845,41756.35179095,139.53062621,156.41720239,0.709,154.21928337,135.99233133,88.67307874,4065.03389003,456.69432806,899.97853312,1356.81868801,0.3074156,0.82188029,439.65541073,21379.63777037,90993.36416149,296.88093357,193.49605782,18.47886825,4.86944468,10.03154773,17.66127732,4422.80093726,57.14866799,2097.69134996,3394.84614323,8.0537939,39.91808958,46.26735166,15.41166858,1739.45708109,16.87490457,4.73829081,63.73933175,18.47886825,1385.89272637,36.79098625,10.82178991,133.61066574,1.66124273,0.38494579,1.0,3.73000533,3.83572906,57.23513377,278.50367327,3.99598417,7484.96366397,3.64,4.61408395,108.71240305,91.16065656,1290.01697117,3.75,8.33484769,13.60292598,600.51289264,10.80683919,1.35097835,0.79593812,23.14096255,570.65744325,32.98456607,,23.11853005,13001.85488929,18.47886825,36.73522673,10.91933905,3.50355806,3.13119796,2.37078737,32.28067891,6.81836154,32.34281676,2589.31492035,39.32994982,3769.93854806,38.1971533,12654.19984362,36.53079112,25264.53243418,120.0978008,2.75155937,608.92577074,2.70191038,608.92577074,110.7758178,250.35941226,18.47886825,27.16799381,
2024-05-08,3.6725,72.19745725,93.67900486,385.94442102,1.7907104,842.58216372,880.87481991,1.5192732,1.79,1.70116908,1.81974684,2.0,109.9105569,1.81974684,0.376,2873.21132016,1.0,1.35533098,6.9064901,5.08416012,1.0,83.49486547,13.68966083,3.27460719,2.02438914,1.37381809,2784.74665128,0.90868767,936.63966977,7.2181081,3891.58809064,509.81249687,23.94939822,102.59761008,23.29613925,177.90029913,6.94008837,58.09429418,134.60246541,47.72373661,15.0,57.10110914,0.93042178,2.26753319,0.80024855,0.80024855,2.67890318,13.78140289,0.80024855,67.82122035,8590.90464119,7.76090789,208.52280195,7.82211087,24.66266257,132.5231426,361.83948252,16073.50437464,3.7002917,83.49486547,1309.41470068,41831.21207678,139.84392125,156.56339781,0.709,154.90107975,131.99078558,88.56542721,4080.10441715,457.73751145,900.02480344,1364.52941547,0.30739834,0.82028418,440.7247194,21414.24422193,91468.02465835,300.15198539,193.56735679,18.52567494,4.86128864,10.04140878,17.66990666,4435.23214625,57.20890143,2096.37677599,3394.67608682,8.0567742,40.00306937,46.16073571,15.42258597,1740.60276439,16.91374539,4.74238746,64.03615575,18.52567494,1383.61503767,36.78014881,10.92841207,133.6544059,1.66818707,0.38491142,1.0,3.72348075,3.8238894,57.30700485,278.21440084,4.0127465,7463.56211986,3.64,4.63006238,108.99111126,91.25936785,1303.68728636,3.75,8.28798772,13.59282331,600.98359073,10.87660375,1.35533098,0.80024855,23.21704856,571.25584619,32.80959041,,23.00060934,13001.81644833,18.52567494,36.99021425,10.90053341,3.4943174,3.13260633,2.37351935,32.27003698,6.82572832,32.43511716,2591.60013359,39.2961731,3768.94352643,38.22705245,12682.26891596,36.52113635,25328.79033676,120.31536782,2.75531195,610.31668194,2.70036996,610.31668194,111.02885246,250.34598224,18.52567494,27.15612235,
2024-05-09,3.6725,72.20815245,93.67890606,385.94783489,1.79213493,845.45501917,881.78878004,1.52126598,1.79,1.70066228,1.8203441,2.0,109.80577932,1.8203441,0.376,2865.52302931,1.0,1.35598139,6.9074874,5.08921772,1.0,83.46977366,13.63555022,3.2700109,2.01438976,1.37329229,2785.18862885,0.90831493,936.04744138,7.22399949,3897.36406602,511.37438103,23.97975018,102.63128392,23.28031038,177.90559218,6.94232319,58.05255214,134.64681048,47.5504524,15.0,57.44414259,0.93072716,2.27788549,0.80054457,0.80054457,2.67690945,13.82134726,0.80054457,67.84885034,8587.79331664,7.76462566,208.71493901,7.81571707,24.68568077,132.57443727,361.76671494,16070.4034636,3.71324752,83.46977366,1309.45632756,41776.19824889,139.89405612,156.79452091,0.709,155.58664218,130.98926383,88.38713913,4076.37459233,457.8877467,900.01230754,1368.17059704,0.30756907,0.82166031,440.29587321,21418.54259421,91487.81217761,300.31350029,193.58758199,18.58869614,4.85702604,10.02953473,17.69121612,4434.86581599,57.24439207,2098.66572562,3396.10840723,8.05018858,40.02573932,46.18901416,15.40223629,1739.27197332,16.92614068,4.7450649,63.79966837,18.58869614,1406.41544907,36.81208705,10.90986994,133.61424018,1.66727752,0.38499324,1.0,3.7231157,3.83338409,57.42162465,278.25844786,4.00302823,7456.44815452,3.64,4.63103382,109.01779665,91.14095085,1293.63792054,3.75,8.27425794,13.37707599,600.95157005,10.91654733,1.35598139,0.80054457,22.77832403,571.1075001,33.04350767,,23.07799343,13001.85511672,18.58869614,36.93894662,10.91144221,3.50353729,3.14130971,2.37525476,32.33820711,6.77238503,32.41370679,2589.00325678,39.40633539,3784.32227994,38.38639867,12672.00802852,36.5373551,25303.63000107,120.31535858,2.75805865,610.5169956,2.70169166,610.5169956,111.06529354,250.28243138,18.58869614,27.33993471,
2024-05-10,3.6725,72.20713965,93.32446665,386.03789737,1.79079338,844.42955699,882.52464966,1.51174549,1.79,1.70115203,1.81437887,2.0,116.75482604,1.81437887,0.376,2872.43064997,1.0,1.35291727,6.90732824,5.14235976,1.0,83.47543562,13.65858038,3.26998242,2.01434099,1.36778892,2784.91631451,0.90628352,931.29012985,7.2197766,3890.03027621,510.46687521,23.98996011,102.29496347,23.123625,177.82854678,6.92045014,57.91631419,134.51970839,47.39890431,15.0,57.19584061,0.92767719,2.27040435,0.79863187,0.79863187,2.67694197,13.82720284,0.79863187,67.79676905,8587.24038163,7.76485854,208.76623345,7.81579858,24.68598174,132.59375326,359.94786626,16014.50669433,3.72666001,83.47543562,1309.58904961,41886.44674552,139.43785392,156.80692513,0.709,155.52205746,130.99405579,88.38609834,4060.73395993,456.38725867,899.9717861,1367.19087817,0.30754528,0.82061839,440.08475737,21389.31673654,91373.51840839,298.7317746,193.59129176,18.46537686,4.83959854,10.02815069,17.69028601,4450.47489255,57.24139907,2099.45329774,3397.50001851,8.05027254,39.76708676,46.14506346,15.35697624,1740.63212884,16.79324887,4.73671584,63.96003867,18.46537686,1419.40782348,36.66629349,10.84958532,133.62330357,1.65812535,0.38486367,1.0,3.70681962,3.83369049,57.26171617,278.24822574,3.97665235,7475.34659146,3.64,4.61542085,108.67403148,91.89919692,1297.74782547,3.75,8.28339973,13.47206002,601.00001808,10.85313842,1.35291727,0.79863187,22.77845251,568.5233412,32.41862431,,22.98405546,13001.85513348,18.46537686,36.71277586,10.92067967,3.50343766,3.13604969,2.37073719,32.28634804,6.77309858,32.41302204,2586.44271611,39.66911877,3764.81760943,38.46891877,12715.72114189,36.53801948,25563.79706575,120.05194712,2.74929219,608.51634489,2.70061718,608.51634489,110.70133502,250.28645445,18.46537686,27.26204958,
2024-05-11,3.6725,72.18671316,93.34087588,384.50205123,1.78769922,835.06185334,881.56723238,1.51015765,1.79,1.70087891,1.8151996,2.0,116.99881694,1.8151996,0.376,2862.55281262,1.0,1.35455323,6.90750261,5.15688158,1.0,83.54627413,13.61967034,3.2744881,2.02406783,1.36728859,2785.93147373,0.90650729,932.08962236,7.22603076,3889.62580372,511.35813382,23.99749572,102.34123622,23.13076514,178.39089157,6.92543037,58.04796203,134.60875941,47.33442426,15.0,57.29854532,0.92809682,2.27025743,0.79840988,0.79840988,2.66854285,13.70190634,0.79840988,67.76412095,8588.75690581,7.76620755,208.83727584,7.81380914,24.69359626,132.72249851,360.160395,16060.81268551,3.72772845,83.54627413,1309.40632142,42065.33348981,139.51403398,156.78957431,0.709,155.7695062,131.46030855,88.36184361,4066.39042537,456.59370379,900.00218298,1370.99514168,0.30761348,0.82014038,439.98375815,21329.34679026,89347.98741989,298.91700858,193.59352653,18.43417365,4.85069548,10.01805708,17.68924016,4420.56693241,57.23644969,2099.36913372,3386.62180277,8.04822342,39.8798814,46.13181064,15.45740977,1740.1634742,16.77554938,4.73891451,63.65640242,18.43417365,1425.62501914,36.72889098,10.8462986,133.73669831,1.66131884,0.38482111,1.0,3.72501043,3.82337051,57.56674749,277.7895996,3.9952767,7477.28238247,3.64,4.62129788,108.74079305,92.18764867,1297.49588268,3.75,8.23045546,13.56677356,600.78437105,10.84263261,1.35455323,0.79840988,22.6404057,569.62593825,34.72881138,,22.72107341,13001.84428519,18.43417365,36.55526763,10.91780672,3.49358482,3.12831841,2.34311972,32.28183377,6.77689909,32.44562934,2593.75395189,39.34780119,3775.07020235,38.40319577,12717.83606215,36.54894114,25447.74651032,119.12183838,2.74574724,608.79160505,2.70238427,608.79160505,110.75141037,250.36777575,18.43417365,26.86772705,
2024-05-12,3.6725,72.30576349,93.3906552,386.52279354,1.78750079,834.04338902,882.50299924,1.51314007,1.79,1.70001588,1.81462508,2.0,117.10762573,1.81462508,0.376,2866.86761581,1.0,1.35459538,6.90994384,5.15555795,1.0,83.54762357,13.6201934,3.27458172,2.01519703,1.36704686,2786.04003905,0.90655382,926.84845881,7.2260068,3888.19354345,512.00915918,23.90475632,102.30884481,23.12980352,178.40675142,6.92602842,58.15232266,135.06065864,47.39572704,15.0,57.29862458,0.92780307,2.2702573,0.79853804,0.79853804,2.67549992,13.88271312,0.79853804,67.76408616,8545.0838387,7.76793612,209.20020819,7.81360757,24.71692918,134.28154065,359.6255108,16050.37310391,3.72440993,83.54762357,1310.41869936,42002.63065823,139.43402214,156.62029295,0.709,155.76248673,131.13023674,88.35980427,4067.26962742,456.44919005,900.0,1370.19937005,0.308203,0.82000448,439.74772015,21300.26702701,89550.03339378,298.63622873,193.60515049,18.44385344,4.86059733,10.04202461,17.66000771,4426.94749115,57.13002581,2096.03373613,3384.14562547,8.0480158,40.17646307,46.17039201,15.45999935,1733.19210075,16.77926384,4.73933658,63.7985421,18.44385344,1407.08450251,36.62435633,10.85321243,133.73885843,1.66123838,0.3848977,1.0,3.71042549,3.82338031,57.47126579,278.15318369,3.99660936,7519.65017164,3.64,4.61943598,108.70957376,92.11681573,1293.61914956,3.75,8.23045546,14.6160284,598.96304004,10.84670712,1.35459538,0.79853804,22.63986451,569.62336529,32.29065625,,22.74975401,13001.98276686,18.44385344,36.72975002,10.91820153,3.49586599,3.1285,2.34300563,32.31830297,6.80279438,32.47034051,2592.62821514,39.60956034,3780.13170635,38.52067554,12718.08006484,36.50026487,25455.00642661,119.11900198,2.74571404,608.59892007,2.70000008,608.59892007,110.71635711,250.24358646,18.44385344,26.86545601,
2024-05-13,3.6725,72.18476728,93.27094816,388.0225217,1.79070878,843.70871516,883.30547687,1.5168573,1.79,1.70116872,1.81606383,2.0,117.05616593,1.81606383,0.376,2867.00412932,1.0,1.35455999,6.90850427,5.14584251,1.0,83.54061434,13.59654218,3.27005166,2.01440507,1.36848053,2784.75557079,0.90671181,926.36210416,7.22602769,3889.68065169,512.2889119,24.00305889,102.38996133,23.13859529,177.83490424,6.92729974,58.13255966,134.62366901,47.40267861,15.0,57.38285562,0.92853869,2.27046039,0.7986208,0.7986208,2.67005621,13.88444503,0.7986208,67.794683,8600.43811845,7.76859304,208.92267387,7.81529386,24.70736079,132.69436754,360.35396567,16057.40428812,3.72406456,83.54061434,1309.35151266,41807.33054393,139.56956055,156.77557729,0.709,155.78005706,131.60478866,88.36060382,4070.31244971,456.81109002,899.99663195,1370.69932922,0.30758522,0.8205217,440.30250151,21375.66590651,90806.61438162,299.25218848,193.59330552,18.44912887,4.85770122,10.03417217,17.74720377,4422.87453567,57.25022711,2100.57327432,3397.23500757,8.04975268,39.93169563,46.23410811,15.4134127,1740.69064324,16.77861379,4.74456243,63.84852423,18.44912887,1425.17971685,36.77855149,10.85912838,133.7276384,1.6628095,0.3848936,1.0,3.71510918,3.83771453,57.67060111,278.26567609,3.99592871,7486.61330121,3.64,4.62221839,108.74223061,90.97063817,1297.84136145,3.75,8.23048486,13.54766686,600.92301453,10.84661395,1.35455999,0.7986208,22.75427339,570.424868,32.73007137,,22.7669695,13001.85512742,18.44912887,36.77094742,10.91820029,3.50355921,3.12833703,2.37435895,32.26464229,6.78467814,32.43815394,2588.70659193,39.57789873,3784.56904326,38.48151729,12726.20704191,36.55003894,25522.51085322,120.20655837,2.75508234,609.08145336,2.70054256,609.08145336,110.8041396,250.205805,18.44912887,27.3361053,
2024-05-14,3.6725,72.29009008,93.15309311,387.66083535,1.78965987,840.94141208,884.18718194,1.51429081,1.79,1.70153856,1.81296839,2.0,116.97867395,1.81296839,0.376,2867.53829751,1.0,1.35369902,6.91580055,5.15547898,1.0,83.50730276,13.57160074,3.2716515,2.02023671,1.36731291,2786.535842,0.90842703,924.54801988,7.23261016,3888.6704444,512.47375003,24.0012951,102.21543999,22.9918092,178.01651392,6.9148985,58.2999761,134.55078945,47.07434109,15.0,57.42992455,0.92695602,2.25860648,0.79633825,0.79633825,2.67708215,13.98043592,0.79633825,67.82284839,8562.01692465,7.76542836,208.92058988,7.81143531,24.71361698,133.28946712,358.71098532,16100.0001383,3.71942579,83.50730276,1309.57134831,41875.05653909,139.48205247,156.49427097,0.709,156.43793079,130.98725499,88.34155304,4075.28282681,456.03246602,899.99216857,1368.79906151,0.30756614,0.82072969,441.54774757,21371.44940765,90506.21015347,299.35388432,193.5594117,18.35504454,4.85738685,10.02515942,17.71654797,4428.38626663,57.04669795,2097.84061997,3391.84400456,8.04577837,39.85062643,46.08135609,15.4222085,1737.59963709,16.80585438,4.73288241,63.6816647,18.35504454,1433.64848111,36.76771469,10.81536831,133.67431489,1.66247924,0.38495082,1.0,3.72679788,3.82437343,57.85340453,278.0934517,3.97230689,7504.44381298,3.64,4.61264507,108.59038412,91.09245163,1295.99852685,3.75,8.32943103,14.11260897,600.35041582,10.84614423,1.35369902,0.79633825,22.92350191,570.76559252,32.35237142,,22.74038625,13001.66803209,18.35504454,36.80879607,10.90188655,3.49717791,3.12359366,2.35975117,32.25550111,6.79031264,32.43812145,2589.19941863,39.74229358,3766.73602002,38.51472015,12667.24888416,36.55227604,25477.04685952,119.86760453,2.75100116,608.04328803,2.70119738,608.04328803,110.61527649,250.30985931,18.35504454,25.6651605,
2024-05-15,3.6725,72.29362252,92.90002064,385.92257988,1.78980874,841.30657815,885.11742385,1.50860705,1.79,1.70099863,1.80793873,2.0,116.88903186,1.80793873,0.376,2868.18660575,1.0,1.35166316,6.91503788,5.13235325,1.0,83.5007199,13.60072278,3.27076966,2.01466536,1.36506394,2786.45900482,0.90655744,915.31298134,7.23287321,3847.5320346,511.9425118,23.99376521,101.93186693,22.92864259,178.19425854,6.89706453,58.35274003,134.54427508,46.85200062,15.0,57.29179842,0.92438439,2.24591921,0.79427008,0.79427008,2.69579211,14.0200596,0.79427008,67.78649135,8585.50643766,7.76502148,208.97991547,7.81170146,24.71427768,133.21652626,356.6341793,16104.53647725,3.696799,83.5007199,1309.55238716,41812.04853068,139.21345203,156.40913867,0.709,156.36532456,129.89729382,88.33552127,4069.10670602,454.76730959,899.9935599,1364.22010979,0.30777118,0.82019548,440.58530214,21377.68194189,90999.32428251,301.04145837,193.49026309,18.38242024,4.84838465,10.02310996,17.72359398,4422.92364597,56.90063362,2098.88357679,3394.00945168,8.04605251,39.74737511,46.07692168,15.42038828,1737.62776094,16.84836071,4.7088208,63.65069184,18.38242024,1501.27794159,36.70899492,10.8067173,133.66377738,1.65406505,0.38493706,1.0,3.7224098,3.83183001,57.77417444,278.11622191,3.94474567,7512.35961626,3.64,4.60011962,108.30037322,91.09445933,1292.05743,3.75,8.37131807,14.13792113,600.69381879,10.81027638,1.35166316,0.79427008,22.93121939,570.10282368,32.36504947,,22.74203878,13001.8551827,18.38242024,36.54154724,10.90592721,3.50298595,3.12113402,2.36099529,32.28705346,6.79000033,32.32795528,2592.98946568,39.70402015,3763.78239668,38.48457534,12705.87122101,36.5525624,25487.54167919,120.01219522,2.74608719,606.35641278,2.70148859,606.35641278,110.30840003,250.26404057,18.38242024,25.067418,
2024-05-16,3.6725,72.27721416,92.18038021,385.72401539,1.79061693,844.43197737,885.71654868,1.49115183,1.79,1.70100074,1.79585069,2.0,116.7243995,1.79585069,0.376,2866.95046636,1.0,1.34273291,6.90589548,5.13538817,1.0,83.43313546,13.5658535,3.23997677,2.01439119,1.359739,2788.55044658,0.89958502,905.26327191,7.21908235,3821.74134778,511.14535795,23.98828124,101.25034133,22.70023258,178.03243036,6.8505677,58.05979883,134.33689346,46.83008035,15.0,57.13685036,0.91820388,2.22607118,0.78777717,0.78777717,2.69906533,13.96430367,0.78777717,67.88812878,8580.98289658,7.7652059,208.87125298,7.80425023,24.71088528,132.60691523,354.05648707,15891.55936562,3.67027953,83.43313546,1309.10603696,42357.07132458,138.01018715,155.94525924,0.709,153.77097648,129.65886342,88.32512519,4053.88144435,451.72669456,900.01364709,1350.32937619,0.30719656,0.82166385,442.30886736,21293.61294741,90790.34030836,301.8672123,193.46247182,18.25775792,4.82561919,9.96017919,17.73567953,4392.5795232,56.53931006,2099.31224941,3397.38212499,8.03837773,39.12784946,45.91856688,15.39543203,1739.75086534,16.68864707,4.68186529,63.6666917,18.25775792,1516.97774335,36.62367998,10.65224715,133.55559158,1.63114645,0.38494284,1.0,3.71731265,3.83867633,57.33172242,278.35024831,3.91331474,7513.79510035,3.64,4.5676827,107.54232139,91.04603509,1286.21740823,3.75,8.3118423,13.61889537,600.97081797,10.64387189,1.34273291,0.78777717,23.02038981,567.21630368,32.40973454,,22.53725511,13001.79449103,18.25775792,36.24912259,10.8823974,3.49360394,3.11702436,2.36350159,32.24046155,6.79053577,32.11527641,2589.25613492,39.51983978,3762.84268562,38.29597263,12699.65612762,36.55388789,25615.3251823,119.16633131,2.73746655,602.30225941,2.70241345,602.30225941,109.57086817,250.24531154,18.25775792,25.46187106,
2024-05-17,3.6725,71.80432033,92.43726617,388.08728198,1.79236432,854.10844733,886.28402659,1.49910388,1.79,1.69995109,1.80090883,2.0,117.14349163,1.80090883,0.376,2875.73548294,1.0,1.34745844,6.90538106,5.13420917,1.0,83.48837497,13.52851171,3.2699583,2.02431883,1.36257049,2787.51385921,0.90724261,898.61995425,7.21811543,3828.48814469,509.94110989,23.99179284,101.53552051,22.72387101,178.05933357,6.86993203,58.60291703,134.66094264,46.91200697,15.0,57.47470816,0.92079007,2.2331051,0.79004496,0.79004496,2.75971457,14.07694448,0.79004496,67.85587947,8584.16242357,7.76466952,208.87675606,7.80207872,24.7088946,132.60495098,356.36780573,15958.28386012,3.69583378,83.48837497,1309.26820386,41725.51686179,138.40169333,155.94427137,0.709,155.81503165,130.59850112,88.26140766,4082.23238107,452.9990167,899.98010034,1355.50827171,0.30715621,0.82181211,442.30557154,21390.22560386,91174.39168724,300.99619587,193.50438893,18.19812442,4.85074649,9.95709442,17.72530027,4425.57476869,56.646204,2099.47458899,3395.9905452,8.03614108,39.6255789,45.91642789,15.41112218,1737.53405295,16.69876251,4.68600211,63.66924184,18.19812442,1523.17216096,36.81486101,10.71715791,133.64401623,1.63553051,0.38493164,1.0,3.73438703,3.83839978,57.62103783,278.3373167,3.92851898,7495.84886978,3.64,4.58121252,107.83799826,90.92392697,1294.90323726,3.75,8.32995187,13.58179575,600.99958374,10.72872857,1.34745844,0.79004496,23.0202376,571.30713736,32.64017918,,22.60953513,13001.85413494,18.19812442,36.29690261,10.85390654,3.50338745,3.11143777,2.35681424,32.27146944,6.78933411,32.21738602,2607.93023504,39.34902686,3761.11292257,38.68775036,12761.38517886,36.56372837,25435.70217013,119.33505018,2.73225004,603.99868894,2.70221291,603.99868894,109.87948275,250.25107154,18.19812442,25.29093064,
2024-05-18,3.6725,71.83753381,92.18696769,383.41785162,1.78766747,847.77726362,885.03243488,1.49214133,1.79,1.70006356,1.79969577,2.0,117.1085103,1.79969577,0.376,2876.19730336,1.0,1.34584573,6.90650721,5.1041223,1.0,83.29997757,13.56332769,3.27465985,2.02413168,1.36102049,2794.12730708,0.90901943,891.00073036,7.22344615,3829.27394243,511.82195248,23.98469752,101.4671278,22.70459562,177.51460219,6.86451278,58.59063378,134.66361252,46.82947145,15.0,57.27847152,0.92016984,2.22929622,0.78739283,0.78739283,2.75960466,13.71815821,0.78739283,67.7897426,8590.26127063,7.76319683,208.8729888,7.80273024,24.71151538,132.72197255,356.17568745,15965.34577766,3.70614397,83.29997757,1309.30544267,42065.94884625,138.30468285,155.92891891,0.709,155.6411495,130.97182073,88.20926456,4076.79637162,452.69388376,900.08788738,1353.91110634,0.30726359,0.82008462,444.49622831,21335.09674066,89576.56527484,299.66614282,193.51089656,18.16400646,4.83969542,9.9533971,17.71496501,4440.7321054,56.6826459,2099.45333391,3386.54465974,8.03681214,39.70276009,45.82945281,15.45738864,1736.5748581,16.60706902,4.68798839,63.66497247,18.16400646,1469.92244875,36.77808567,10.6737105,133.34243909,1.63035175,0.38483007,1.0,3.71673897,3.83871846,57.76760911,278.48516083,3.92010771,7500.99166382,3.64,4.57353308,107.75290443,91.00349848,1295.72745659,3.75,8.47350773,13.84011566,600.80366666,10.71485357,1.34584573,0.78739283,22.58201428,570.36841128,34.66269996,,22.96930091,13001.85511707,18.16400646,36.23542555,10.82918454,3.49371826,3.11728269,2.33166956,32.18912003,6.78803805,32.1828174,2592.73608771,39.59808815,3758.29349422,38.49335914,12693.62379338,36.55298705,25443.56138828,118.35404297,2.7285493,603.59184501,2.70237699,603.59184501,109.80546967,249.88278586,18.16400646,27.26576638,
2024-05-19,3.6725,71.86049673,92.3483412,384.23375512,1.78750084,847.43858654,886.50185608,1.4937254,1.79,1.70000148,1.79807178,2.0,117.57649247,1.79807178,0.376,2871.83138894,1.0,1.34564527,6.92510822,5.10402409,1.0,83.28613196,13.56529453,3.27475081,2.01530913,1.36082863,2793.37988281,0.90904933,890.448656,7.22336475,3830.76788967,510.08147591,23.87197362,101.37556712,22.71091379,177.49382565,6.86304076,58.59963113,135.33910657,46.9061349,15.0,57.27839693,0.9193395,2.22825786,0.78724887,0.78724887,2.7585001,14.25272019,0.78724887,67.89831135,8549.89180477,7.76669334,208.98436637,7.80228391,24.71577993,134.28154135,357.69129536,15953.20430706,3.70915354,83.28613196,1310.41901951,42002.63058048,138.60000248,156.24861893,0.709,155.65155229,130.63242728,88.20930479,4067.26601135,452.28538734,900.0,1353.20091594,0.30799699,0.82000575,444.42545128,21305.04875119,90474.47674585,299.67962181,193.62920046,18.16289943,4.83220022,9.95324583,17.60000105,4426.0401565,56.82999852,2096.03299021,3386.71278796,8.03635242,39.84995831,45.86070802,15.45999998,1733.19183764,16.60385531,4.68799844,63.69320689,18.16289943,1475.16229303,36.62446331,10.72054622,133.32027574,1.63017532,0.38500024,1.0,3.7440701,3.83879081,57.69912257,278.1659857,3.91798017,7518.96128924,3.64,4.59939189,107.81579566,91.05314703,1295.20031991,3.75,8.47456187,14.70141279,598.9125182,10.71207996,1.34564527,0.78724887,22.57999298,570.33370308,32.63004286,,22.60092863,13001.9831359,18.16289943,36.1277031,10.82775767,3.49586364,3.10403242,2.33151467,32.20561993,6.7828382,32.20656661,2592.62831309,39.5229573,3764.62378605,38.7433942,12694.87008245,36.54014998,25451.84320316,118.34537347,2.72850402,603.04718312,2.70000007,603.04718312,109.70638474,250.23724793,18.16289943,25.54949736,
2024-05-20,3.6725,71.84245442,92.36862047,388.06864188,1.78996711,855.81379573,883.74375064,1.49206878,1.79,1.70109206,1.79854013,2.0,117.02662614,1.79854013,0.376,2869.33572515,1.0,1.34533122,6.88744192,5.10431281,1.0,83.28773335,13.50549011,3.27077712,2.0146232,1.36090425,2803.07716187,0.90940403,891.04361886,7.22341491,3829.76119823,509.24299853,23.92755895,101.40197262,22.70718775,177.50948442,6.86105947,58.36424999,134.60679678,46.89065135,15.0,57.21100309,0.91957897,2.25091522,0.78715106,0.78715106,2.75962768,14.24876766,0.78715106,67.82162006,8566.68447163,7.74392481,208.22774361,7.80312868,24.66623897,132.97567512,355.90178412,15959.83302931,3.71059188,83.28773335,1309.58100031,41933.02487277,138.21666205,155.63046902,0.709,155.82530539,130.21984106,88.20939825,4062.00945965,452.40319503,900.01583015,1355.53379427,0.30747482,0.82034515,444.49002186,21305.66144934,90756.50644484,298.72917827,193.50715245,18.16742439,4.81645031,9.95060573,17.61241038,4416.60557316,56.62222979,2092.00186477,3395.04180531,8.03722254,39.54682388,45.84219924,15.39739904,1735.74520571,16.59935725,4.68657553,63.65722108,18.16742439,1469.39338497,36.65055534,10.66980314,133.32283916,1.63153708,0.38495895,1.0,3.74363762,3.82716416,57.75144793,278.40152574,3.91821649,7477.70864475,3.64,4.5687706,107.71568239,90.97140008,1290.63995106,3.75,8.27170082,14.06259652,600.62763504,10.70549754,1.34533122,0.78715106,22.88996218,566.59601027,32.52551186,,22.83051874,13001.90693046,18.16742439,36.08613712,10.82789908,3.49365219,3.11124514,2.35142603,32.23224452,6.76734628,32.23801711,2593.83002661,39.51631455,3758.23954588,38.67489815,12693.33391392,36.54260607,25470.12010261,118.90246625,2.72882985,603.20426003,2.70045818,603.20426003,109.73496019,250.32872403,18.16742439,25.47310726,
2024-05-21,3.6725,71.9015509,92.49583822,385.89318107,1.79077631,855.79828082,888.77411067,1.49935299,1.79,1.70116146,1.80107207,2.0,117.14664062,1.80107207,0.376,2867.54817084,1.0,1.34746969,6.89888467,5.10552292,1.0,83.33290755,13.50170831,3.26998199,2.01440726,1.36298764,2787.94151034,0.91093516,890.36637599,7.23435851,3819.74217476,511.71510098,23.97672052,101.54472399,22.76135973,177.77333857,6.87068111,58.55888724,134.53075042,46.64159958,15.0,57.49222992,0.92087353,2.25938356,0.78688835,0.78688835,2.73479423,14.33412673,0.78688835,67.82702439,8595.62419816,7.75843603,208.62540966,7.79690996,24.70062863,132.59150679,355.42823056,16028.36114846,3.69056632,83.33290755,1310.51931106,41812.47767287,138.41383032,156.02348584,0.709,156.45845784,131.49676592,88.1966984,4065.87985156,453.04007785,899.99144893,1363.73628425,0.30690339,0.82064056,443.86259699,21457.68059706,91099.2408051,299.91127148,193.47613795,18.17732624,4.83758769,9.93629873,17.64757136,4429.18482699,56.69372164,2098.18074367,3392.93013865,8.03081726,39.54005892,45.90685691,15.38588981,1732.41446666,16.5558958,4.68799318,63.66910579,18.17732624,1532.17475091,36.83207029,10.70632021,133.39515176,1.63787193,0.38494072,1.0,3.74603568,3.83837523,57.98532836,278.52533535,3.91727058,7472.77980851,3.64,4.58083026,107.86011581,90.81649018,1294.09228159,3.75,8.29051282,13.9298757,601.00266447,10.68611132,1.34746969,0.78688835,22.72380837,568.02181831,32.45106161,,22.94903246,13001.85513795,18.17732624,36.17532872,10.85661872,3.50360043,3.11135059,2.36010842,32.2191758,6.78099792,32.30867291,2593.83995793,39.65023339,3800.17575132,38.82398685,12642.54368158,36.5256363,25497.72264411,119.41509887,2.73500599,604.05343713,2.70062257,604.05343713,109.88944254,250.19782872,18.17732624,25.84591493,
2024-05-22,3.6725,71.86174975,92.42901902,386.03545237,1.79077535,859.84612055,889.15960967,1.49956606,1.79,1.69997593,1.80137543,2.0,117.2062409,1.80137543,0.376,2869.55085459,1.0,1.34720534,6.90155826,5.12302226,1.0,83.31265666,13.43882838,3.26998893,2.02437733,1.36359642,2804.2744221,0.91117967,888.56564442,7.23746344,3829.47223474,510.65622974,23.9615033,101.56182725,22.78163216,178.07531651,6.87209359,58.77501649,134.53977953,46.73124924,15.0,57.49317698,0.92102863,2.26087787,0.78654464,0.78654464,2.71491951,14.36662283,0.78654464,67.79154877,8585.19862216,7.76003701,208.71733226,7.80453962,24.70439492,132.59803847,354.86167047,15976.33779387,3.67069369,83.31265666,1309.34302065,41907.01943854,138.25656087,156.04974912,0.709,156.32210275,131.99229518,88.15119354,4078.24571531,453.11638376,899.99195501,1365.50292202,0.30686412,0.82040146,441.80962222,21435.56007227,91290.41361079,300.21432234,193.59977517,18.06558293,4.84009473,9.89252307,17.64470905,4425.43559207,56.68785195,2098.84416313,3393.80342692,8.03867581,39.98636744,46.11114985,15.41319021,1731.96159293,16.62239318,4.69279266,63.579548,18.06558293,1418.24767151,36.7741566,10.6631762,133.36273514,1.63917337,0.38494749,1.0,3.73241454,3.83049838,58.14389254,278.60173942,3.91645519,7476.632616,3.64,4.58139027,107.86805401,90.7458414,1296.36014189,3.75,8.2905048,13.59990613,601.01982875,10.69017505,1.34720534,0.78654464,22.64704157,571.34781513,32.37207339,,22.62429517,13001.71558712,18.06558293,36.40250154,10.8059119,3.49353201,3.11182109,2.35636558,32.19881516,6.78274697,32.30784069,2592.99177363,39.80097396,3807.95260745,38.54584221,12713.46812121,36.51888769,25526.12817669,119.45196786,2.73650853,604.15517834,2.70219964,604.15517834,109.90795131,250.34531408,18.06558293,25.84835715,
2024-05-23,3.6725,71.88937937,92.64171022,385.2079383,1.79213109,859.13408124,889.95622152,1.51006604,1.79,1.70102566,1.8062359,2.0,117.21598069,1.8062359,0.376,2868.62647874,1.0,1.35060018,6.90750384,5.15320984,1.0,83.27957812,13.51959614,3.27002039,2.01439966,1.36890537,2788.14961771,0.9151044,898.7811446,7.24101336,3830.66969876,512.97152985,24.00439065,101.83586128,22.8261514,177.92284302,6.89142144,58.73512366,134.59346507,46.79152368,15.0,57.50295503,0.92351375,2.26603901,0.78603315,0.78603315,2.73492204,14.43769171,0.78603315,67.88651934,8620.01935856,7.76666138,208.90764214,7.80506589,24.71875213,132.59376365,357.30686003,16038.52778379,3.67413718,83.27957812,1309.98904627,41965.20687518,138.62717795,156.15369314,0.709,156.79690202,131.99125365,88.02117983,4080.14969427,454.338982,900.00791884,1366.09344036,0.3070015,0.821727,442.01717488,21520.83889089,91697.34647315,300.29007868,193.53803406,18.28941848,4.84495737,9.9150807,17.65544504,4439.56705255,56.86083447,2100.97915821,3397.78978381,8.03921786,39.60844912,46.1339413,15.37759988,1731.71226029,16.66421014,4.71252025,63.57833455,18.28941848,1432.76248365,36.83516224,10.70892273,133.30978467,1.63747429,0.38494876,1.0,3.73956417,3.83403374,58.2463633,278.66455512,3.94058414,7491.74548965,3.64,4.59481951,108.15940428,90.5873687,1295.61270777,3.75,8.29058138,13.76589609,600.98863462,10.73041602,1.35060018,0.78603315,22.71277911,571.46179526,32.74404891,,22.94073555,13001.81578481,18.28941848,36.50685502,10.79000568,3.49358444,3.12094426,2.36571918,32.21025397,6.78730561,32.28993371,2594.24654401,39.86638483,3815.10888929,38.4643664,12675.1044371,36.50172001,25575.61687193,119.45453513,2.7425412,605.78530933,2.70176013,605.78530933,110.20450485,250.35231426,18.28941848,26.1040987,
2024-05-24,3.6725,71.8465848,92.77978554,386.3962211,1.79120449,862.21668904,890.29294928,1.51545034,1.79,1.69994584,1.80915103,2.0,117.48758392,1.80915103,0.376,2869.06013043,1.0,1.35226753,6.90981149,5.14445252,1.0,83.30255109,13.54762843,3.26999937,2.0243769,1.37360228,2812.32905035,0.91479832,909.65486196,7.24156653,3869.21987425,512.50555693,24.01186135,102.00021706,22.87753176,178.01837042,6.90138138,58.96706865,134.64157875,47.15012088,15.0,57.20572601,0.92500424,2.266268,0.78788899,0.78788899,2.70989197,14.41514494,0.78788899,67.81094954,8606.57936696,7.76847523,208.99467236,7.80870465,24.72205842,132.99608195,357.43627446,16086.51250227,3.67611463,83.30255109,1309.1372784,41880.44626242,139.03482292,156.21291102,0.709,157.08181212,132.98940764,87.99628648,4086.33100634,455.07225253,899.96552437,1370.07397383,0.30703993,0.82095087,442.58931667,21516.53828167,91536.73479624,301.08408676,193.53087249,18.47561499,4.85446974,9.94801262,17.65985897,4444.25023032,56.98026249,2100.72015532,3394.9094893,8.04296579,39.53253862,46.07672869,15.41491537,1732.81273078,16.7343385,4.71671664,63.57930216,18.47561499,1444.20122633,36.907142,10.67365881,133.34655865,1.64214963,0.38494585,1.0,3.73842411,3.83596961,58.29854306,278.50706578,3.94494543,7511.99406022,3.64,4.60179801,108.33762816,91.21359485,1295.86496604,3.75,8.29061426,13.6126349,601.03053645,10.73851311,1.35226753,0.78788899,22.79435788,572.68029197,32.30088719,,23.00956847,13001.85514451,18.47561499,36.70057554,10.76947402,3.49354533,3.12052367,2.36513152,32.22494443,6.7894855,32.2867802,2591.55234075,39.84505659,3837.9435323,38.42514759,12681.84421979,36.48737766,25531.43845009,119.94610969,2.74251334,606.76300337,2.70097757,606.76300337,110.38236702,250.3527454,18.47561499,26.56089237,
2024-05-25,3.6725,71.84135704,92.52829127,385.80588749,1.78775211,851.04815604,890.26974149,1.50944776,1.79,1.70198758,1.80374606,2.0,117.25544716,1.80374606,0.376,2867.77072049,1.0,1.35004916,6.9086128,5.16666055,1.0,83.04823106,13.50874073,3.27423287,2.01438782,1.36651101,2792.90913582,0.91616886,906.61333069,7.24256443,3876.74494311,512.41051063,24.01133434,101.69548403,22.7119628,178.46597695,6.88234534,58.84497479,134.38833574,47.12571391,15.0,57.41329593,0.92224072,2.26746768,0.78494698,0.78494698,2.73309085,14.51009453,0.78494698,67.76398064,8599.27054364,7.7670072,208.95742132,7.81249782,24.71720777,133.04920239,354.03361313,16035.72979908,3.66009222,83.04823106,1309.99614631,42066.21307572,138.19952441,156.51535922,0.709,157.00316392,130.39769184,87.9607445,4074.68373273,453.71269125,900.00093044,1366.63502836,0.30700759,0.82047555,442.58219583,21373.96532763,89491.47807184,299.34166923,193.52520237,18.41499347,4.84184931,9.96479242,17.65985889,4427.46060417,56.90323191,2100.83957412,3386.12231869,8.04687276,39.58570617,46.02718581,15.45733132,1732.83381777,16.69439146,4.70402543,63.67659762,18.41499347,1468.98205353,36.77515715,10.58286068,132.93945587,1.63361754,0.38480145,1.0,3.73980189,3.85553141,58.20436563,277.97259237,3.92059697,7517.73655716,3.64,4.58564487,107.99848131,89.5992094,1313.75899264,3.75,8.23044031,13.62916095,600.94015663,10.66746179,1.35004916,0.78494698,22.55726357,570.44303124,32.42425664,,22.57458974,13001.83570907,18.41499347,36.62011786,10.78374229,3.50353329,3.11949779,2.33773262,32.22619992,6.7887771,32.2476031,2597.85688337,39.29492492,3811.75865785,38.49543525,12703.31525667,36.48390796,25465.4114033,119.2552626,2.7390837,604.950255,2.70246613,604.950255,110.05259171,250.39068829,18.41499347,25.42075331,
2024-05-26,3.6725,71.82269634,92.64667519,386.2632051,1.78750055,848.26547556,890.50298644,1.50901374,1.79,1.70005599,1.80309996,2.0,117.47761356,1.80309996,0.376,2871.9335476,1.0,1.34998312,6.90995349,5.17013476,1.0,83.04617688,13.50851533,3.27482079,2.0153106,1.36671309,2793.37988279,0.91506158,902.46755985,7.24263134,3877.88615778,517.42477744,23.8518426,101.65905641,22.71396501,178.47837016,6.87948416,58.88944019,135.39153713,47.1484359,15.0,57.41328075,0.92191037,2.26746758,0.78517283,0.78517283,2.72460008,14.55266814,0.78517283,67.76395275,8547.00535695,7.77111195,209.19967892,7.81241755,24.71138869,134.28146078,354.02106421,16015.24259642,3.66326374,83.04617688,1310.41888561,42002.63071298,138.27613179,155.93119435,0.709,156.96817196,132.38013186,87.95570773,4079.83017111,453.55017001,900.0047707,1366.15933469,0.30779761,0.82000654,443.26964771,21324.24468836,90474.18132357,299.33909404,193.70105105,18.44715273,4.84409964,9.95311755,17.63000583,4427.47997633,56.82001296,2096.03411565,3384.6218,8.04679008,39.66030771,45.94969034,15.45999961,1733.19189847,16.69628833,4.71220407,63.77889379,18.44715273,1476.02628998,36.62452121,10.5847825,132.93616764,1.63362635,0.3848977,1.0,3.73735888,3.85579796,58.17868317,278.24743805,3.92587211,7566.61917306,3.64,4.58480668,108.21176636,89.61421331,1296.93781495,3.75,8.23044031,14.57030148,598.86280647,10.68918706,1.34998312,0.78517283,22.5550239,570.44344018,32.20003269,,22.60095334,13001.98298152,18.44715273,36.66565246,10.7836866,3.50116786,3.122,2.33751316,32.20192173,6.79353348,32.27243998,2592.62827217,39.97482091,3825.56938637,38.53821813,12704.67924472,36.43585971,25469.94573731,119.24752625,2.7389921,604.73356002,2.70001489,604.73356002,110.01317054,250.2391138,18.44715273,26.68862931,
2024-05-27,3.6725,71.84082023,92.62847408,385.78847742,1.79221677,861.55918627,889.51419215,1.50788667,1.79,1.69993696,1.80257849,2.0,117.26208337,1.80257849,0.376,2877.43373682,1.0,1.34935963,6.90028169,5.15533243,1.0,83.07408675,13.58130852,3.27009038,2.01443117,1.36662951,2789.08608766,0.91441048,908.44698904,7.24259067,3877.12932429,515.1772878,23.9730113,101.62965606,22.7104573,177.8235212,6.87582307,58.82626188,134.55479519,47.12530566,15.0,57.40621664,0.92164375,2.26396525,0.7848932,0.7848932,2.77937099,14.5371813,0.7848932,67.85904406,8594.01468467,7.75790943,208.61137981,7.81372887,24.67854383,132.88104893,353.97247524,16034.35152564,3.66257387,83.07408675,1310.05582855,41896.29826584,138.15799159,156.27815686,0.709,156.7213799,130.49557658,87.95563405,4072.70200583,453.41900087,899.99884753,1364.5632074,0.30703799,0.8216855,442.60153203,21492.65191102,91507.08986653,299.34441185,193.54899556,18.42018514,4.84051247,9.95471895,17.71394222,4424.65638299,56.82519282,2097.56018172,3394.24600801,8.04814074,39.57645928,46.09736232,15.37163629,1732.95467174,16.67717671,4.7103459,63.57889161,18.42018514,1469.03247891,36.76418332,10.58311882,132.98084436,1.63199542,0.38491431,1.0,3.74298364,3.85680272,58.09422676,278.55927064,3.92171822,7506.41005182,3.64,4.58614038,107.97798666,90.84339751,1312.4227116,3.75,8.29181398,13.68586884,600.86461989,10.65880919,1.34935963,0.7848932,22.7617998,570.28096517,32.25860151,,22.62530172,13001.85513194,18.42018514,36.66303731,10.78354787,3.50358126,3.11919662,2.36230053,32.22623295,6.7825243,32.20843686,2595.34139349,40.14381303,3805.66345953,38.45919227,12659.99391238,36.46590619,25548.38649492,119.68273481,2.73770829,604.55866783,2.70168381,604.55866783,109.98135414,250.19732671,18.42018514,26.67164619,
2024-05-28,3.6725,71.81572653,92.47488056,386.13676672,1.79137696,857.51314112,893.40523988,1.50224195,1.79,1.69992887,1.79973444,2.0,117.36322355,1.79973444,0.376,2869.29445688,1.0,1.34882093,6.90133192,5.17303459,1.0,83.13147595,13.57757091,3.27066486,2.02241391,1.36273616,2790.2974171,0.91281929,902.0595398,7.24387718,3867.65278609,516.95994302,23.97718028,101.4693082,22.70791462,177.9711885,6.86558059,58.84189867,134.61819462,47.17031287,15.0,57.4050244,0.92018961,2.24897429,0.78282321,0.78282321,2.77566052,14.57603353,0.78282321,67.85590219,8587.71557737,7.76200239,208.79145909,7.80614419,24.68887706,133.1609399,353.84149205,16073.29062764,3.67288701,83.13147595,1309.79985927,41895.11561783,137.44439234,155.81681519,0.709,156.86788804,132.8920703,87.91157778,4075.7429663,452.70361159,900.0429974,1362.746144,0.30682429,0.82123327,441.82960067,21447.00765457,91072.2792374,300.36546823,193.52053247,18.38827838,4.84145454,9.94506203,17.70587044,4427.39972341,56.66490954,2097.68324345,3396.14655573,8.04032852,39.55657869,46.11874102,15.41750657,1733.05532574,16.67403743,4.69306267,63.59962585,18.38827838,1476.9161759,36.72822329,10.47985942,133.07271012,1.623904,0.3849245,1.0,3.7470822,3.84207087,58.0172246,278.24556593,3.92114692,7534.88264524,3.64,4.57915499,107.78969231,90.0192225,1308.69758658,3.75,8.33635525,13.80339372,600.62515015,10.60787154,1.34882093,0.78282321,22.71492866,570.30473439,32.25267342,,22.61091589,13001.85513196,18.38827838,36.60524974,10.79266369,3.5035334,3.11120638,2.35344544,32.11727977,6.78521549,32.15163499,2601.94091141,40.12101894,3799.67231717,38.50005289,12651.02505005,36.46012505,25488.322241,119.36396296,2.73028932,603.60481546,2.70139896,603.60481546,109.80782926,250.19797888,18.38827838,26.80729345,
2024-05-29,3.6725,71.75350007,92.76042543,385.44662862,1.79198108,860.096248,893.48815664,1.50359991,1.79,1.69995065,1.80165824,2.0,117.49697034,1.80165824,0.376,2873.63372546,1.0,1.34885704,6.91372219,5.16963934,1.0,83.20825756,13.59280742,3.27010663,2.02394024,1.36526132,2819.29675317,0.9122649,899.1359735,7.24480133,3839.41593068,518.69055523,23.99533,101.57777228,22.71782744,177.88623168,6.87312635,59.01742302,134.67007391,47.5970192,15.0,57.54030082,0.92117323,2.25680717,0.78376066,0.78376066,2.78478031,14.67256791,0.78376066,67.89132683,8606.47856513,7.77314148,209.18801974,7.81154667,24.73467689,132.86941682,354.32369722,16136.48341177,3.6822287,83.20825756,1308.72630561,41852.92319529,137.35295571,155.62125107,0.709,157.28854396,132.47932269,87.89878799,4086.9649527,453.18752223,900.00514462,1364.07095879,0.30672152,0.82135965,442.99386757,21467.32135987,91304.12884616,302.6587744,193.53020886,18.29350516,4.85083861,9.93278656,17.72661991,4459.29868085,56.69753171,2101.77743843,3394.95422135,8.04589307,39.56182083,45.98325909,15.4115245,1732.98587057,16.79242835,4.69745823,63.58573739,18.29350516,1432.1448867,36.80232597,10.51330442,133.19561829,1.62859789,0.3849012,1.0,3.75116073,3.84060752,58.16276018,278.35280242,3.91839295,7539.850381,3.64,4.5830596,107.89170014,89.85325907,1312.57533647,3.75,8.33552362,13.60310133,600.92016512,10.57882821,1.34885704,0.78376066,22.50222809,571.99245658,32.27162866,,22.61829311,13001.8551322,18.29350516,36.6444766,10.78960918,3.50335712,3.10941903,2.35851682,32.24340396,6.79112148,32.23193198,2599.44856457,40.40114631,3818.68347979,38.59419112,12648.13391944,36.46449208,25494.24839996,119.3620764,2.73262487,604.25002964,2.70154587,604.25002964,109.92520666,250.35063856,18.29350516,26.9983016,
2024-05-30,3.6725,71.86542973,93.51391057,386.58754888,1.78984775,859.09886843,893.66284844,1.51137212,1.79,1.70067266,1.81087891,2.0,117.55088913,1.81087891,0.376,2871.72439002,1.0,1.35244844,6.91993119,5.20087042,1.0,83.36977247,13.57221884,3.27071253,2.02189003,1.37165297,2793.36709948,0.91345934,910.51031327,7.24894867,3870.4124037,524.22914513,24.01922401,102.0976349,22.90918666,178.16687451,6.90713517,59.14365648,134.84028124,47.39651046,15.0,57.23660536,0.92588768,2.26239566,0.78745196,0.78745196,2.79398499,14.72017299,0.78745196,67.78672183,8586.83421494,7.77325482,209.24058629,7.8141062,24.73570503,133.37389081,359.31888347,16218.99765046,3.70500267,83.36977247,1310.52194063,41960.20403326,138.23856197,155.65629756,0.709,157.43614227,131.10738106,87.6994113,4096.66003594,455.50688057,900.02200473,1374.258264,0.30719458,0.82038213,443.689161,21465.21234459,91239.3314989,301.58462126,193.78423246,18.46206927,4.85657648,9.95784239,17.70562945,4447.27915882,56.78509737,2100.60441837,3394.16858533,8.04852938,39.49550043,46.05081585,15.37957575,1732.85305572,17.07094996,4.71474044,63.61632328,18.46206927,1352.21618621,36.90744706,10.59282177,133.45416328,1.63644695,0.38471617,1.0,3.76194698,3.83725353,58.58409255,278.50941149,3.96433752,7545.22823945,3.64,4.60822025,108.41589282,90.43073496,1302.04011021,3.75,8.36877373,13.85249509,600.65291358,10.6734296,1.35244844,0.78745196,22.49676425,572.76767946,32.23052368,,22.68082692,13001.79886948,18.46206927,36.88025857,10.74322023,3.50289248,3.11700668,2.35693137,32.28302389,6.79082728,32.40317906,2599.45010463,40.5049268,3824.23853615,38.70471401,12674.47635243,36.45830731,25561.85952302,119.46766912,2.73693556,607.34250743,2.70049234,607.34250743,110.48779043,250.20948159,18.46206927,27.27168025,
2024-05-31,3.6725,71.80866087,93.34859968,387.88766568,1.79061742,860.84545681,894.23845198,1.50740402,1.79,1.70079399,1.80624483,2.0,117.31674541,1.80624483,0.376,2870.05319992,1.0,1.35023291,6.91335166,5.20104366,1.0,83.27395748,13.62079073,3.26994811,2.01438179,1.36854216,2793.77501594,0.90289243,917.25593403,7.23176761,3860.94014884,522.79256318,24.02187009,101.83636508,22.84052263,178.13525304,6.88865329,58.98372045,134.73813708,47.25232939,15.0,57.39222547,0.92351832,2.25186858,0.78577076,0.78577076,2.78985053,14.70476493,0.78577076,67.82643765,8613.31115829,7.7735311,209.14600611,7.81830469,24.73128821,132.86300057,359.81274828,16228.28101183,3.70566897,83.27395748,1309.46121363,42539.78148843,137.32977396,155.76779524,0.709,156.7782999,130.31669331,87.69977957,4084.15322068,454.34122968,899.97280561,1379.24043207,0.30678898,0.82047189,445.11964023,21343.72588715,90979.90016654,301.45484028,193.98994886,18.73864099,4.8355518,9.96697113,17.7195967,4445.54575064,56.91661532,2102.406371,3399.73769955,8.05285384,39.59585949,46.20836115,15.40297818,1732.95448933,17.03950021,4.70303963,63.82538668,18.73864099,1334.51708875,36.75557436,10.55390711,133.30078744,1.6331126,0.38497576,1.0,3.7509529,3.85020051,58.50006516,278.44099367,3.95844026,7544.02734487,3.64,4.5956217,108.15157694,90.76623982,1295.96311053,3.75,8.30021067,13.82046107,601.00774112,10.59805575,1.35023291,0.78577076,22.48894078,569.99255392,31.92337287,,22.65081589,13001.81552734,18.73864099,36.6730706,10.72395759,3.5035004,3.12242362,2.3668639,32.24779826,6.79468806,32.4345836,2600.95839545,40.64470989,3813.26384393,38.49435938,12600.61158997,36.47825053,25718.54441838,119.69592368,2.7320555,605.78830624,2.70049398,605.78830624,110.20505005,250.24809444,18.73864099,27.13870717,
2024-06-01,3.6725,71.61611219,93.10189979,386.36827434,1.78771071,852.79157239,894.09519899,1.50122325,1.79,1.70004298,1.80271896,2.0,117.38336346,1.80271896,0.376,2876.31263059,1.0,1.3527777,6.91836164,5.24590897,1.0,83.44494768,13.61282579,3.27457621,2.02284894,1.36304253,2793.6128611,0.9026473,918.24522519,7.2415356,3859.03675147,518.1561436,23.99509599,101.63757568,22.74838218,177.51127396,6.8763023,59.17400794,134.72266978,47.20225765,15.0,57.39826901,0.92171557,2.2598671,0.78494269,0.78494269,2.79645744,14.6624812,0.78494269,67.75956034,8593.44338849,7.77057989,209.11184825,7.82003531,24.71888622,133.41617974,359.02212009,16250.49678869,3.71684122,83.44494768,1308.86865555,42166.81590642,137.43225235,155.39382591,0.709,157.32951389,130.32004194,87.70001595,4093.98369578,453.45433411,899.99209912,1382.72304163,0.30683165,0.8200037,447.16916966,21491.09783553,89725.99170815,301.01675666,193.82853467,18.79855068,4.85835394,9.95715799,17.69796301,4441.29529469,56.74325085,2099.92451732,3386.80177694,8.05463637,39.5363449,46.06241175,15.40779127,1732.87215099,16.99092283,4.70646066,63.6434049,18.79855068,1485.82354857,36.76647726,10.49651569,133.57450001,1.62753477,0.38465893,1.0,3.7496889,3.83437947,58.5367079,278.41899788,3.93826349,7548.82330625,3.64,4.58832757,107.99121387,90.39277051,1299.4357451,3.75,8.23044443,14.02432284,600.55940314,10.53869117,1.3527777,0.78494269,22.50001588,570.48593092,32.14578846,,22.7814026,13001.86204779,18.79855068,36.7337132,10.72636646,3.50295034,3.11709232,2.33451775,32.21959187,6.78071523,32.48827379,2602.67553229,40.54583449,3813.91867025,38.62619604,12599.45135771,36.48470959,25454.84657403,118.76788689,2.68274166,604.60577882,2.70205619,604.60577882,109.98992458,250.36610699,18.79855068,26.71127613,
2024-06-02,3.6725,70.90612726,92.68038894,387.04847735,1.78750099,852.42024644,895.50254292,1.50378257,1.79,1.70000101,1.80257482,2.0,117.42480887,1.80257482,0.376,2872.82327233,1.0,1.35207568,6.93489891,5.24687047,1.0,83.46494122,13.59181125,3.27500009,2.01519681,1.36354561,2793.37988281,0.90291406,919.09782378,7.24151477,3858.70381394,527.73818714,23.89913615,101.62944915,22.74880792,177.49567004,6.87703878,59.1297726,135.09992399,47.26378951,15.0,57.39826833,0.92164187,2.25986708,0.78511288,0.78511288,2.79489994,14.6827506,0.78511288,67.77418371,8554.3656516,7.76851332,209.19970104,7.81894245,24.70785539,134.97386788,359.00195753,16250.85945656,3.71630482,83.46494122,1308.93574978,42002.6307121,137.38491355,154.51113045,0.709,157.32287381,130.12566053,87.69999695,4096.79839753,453.41807774,900.0,1384.77361397,0.30685139,0.82000399,447.04809951,21665.00836753,90366.25686973,301.65706819,193.90765757,18.80684625,4.85060051,9.95430327,17.59000392,4444.63872436,56.78999929,2096.03411557,3386.42281493,8.05351072,39.53983567,46.24500869,15.45999822,1733.01446591,16.99893225,4.70607134,63.69223262,18.80684625,1398.92265085,36.62441144,10.5561381,133.60650466,1.62683129,0.38409895,1.0,3.73958471,3.83437785,58.5216305,278.3127438,3.93865425,7571.61914364,3.64,4.59007691,108.10229342,90.36223978,1298.65828757,3.75,8.23044443,14.59201802,598.96258001,10.53789569,1.35207568,0.78511288,22.50015224,571.06220031,31.94000771,,22.55031066,13001.52442765,18.80684625,36.79366154,10.71932679,3.50000366,3.121,2.33428839,32.24106537,6.75897958,32.50460255,2602.70083836,40.59196428,3811.24286656,38.76839628,12599.84948013,36.45115015,25445.18873062,118.76313197,2.68240111,604.55743698,2.70000005,604.55743698,109.98113023,250.23772679,18.80684625,25.85203653,
2024-06-03,3.6725,71.69856315,92.90713273,386.17398885,1.79072898,860.69272976,893.64241987,1.50175608,1.79,1.70058772,1.80154101,2.0,117.33027932,1.80154101,0.376,2873.60005926,1.0,1.35051498,6.91731199,5.24596024,1.0,83.0782271,13.63991794,3.27014904,2.01449138,1.3612781,2795.97365167,0.90085831,919.00983726,7.24157696,3867.3967761,522.34850548,24.01186062,101.57116254,22.73013373,178.14543568,6.87055175,59.12078972,134.56561485,47.18115028,15.0,57.43353763,0.92111329,2.2541833,0.78425872,0.78425872,2.79293583,14.7645541,0.78425872,67.80595222,8596.8662426,7.76953124,209.04826534,7.82039851,24.7161152,132.99758865,358.7662356,16255.01541193,3.71373628,83.0782271,1308.86310826,42366.51131889,137.38109605,155.6756949,0.709,157.09026419,130.46377379,87.69816848,4093.21572991,453.15803299,900.0141379,1378.42679234,0.30685788,0.82066481,446.78140801,21490.90801369,91078.47738784,301.90315309,193.79799174,18.75319503,4.84849427,9.95439089,17.71525156,4439.59313924,56.72988929,2100.26515884,3393.2317709,8.05501047,39.49137924,46.09220952,15.40631372,1732.76495705,16.94466073,4.70695606,63.84642005,18.75319503,1484.78638194,36.77427635,10.48237818,132.98747203,1.62493883,0.3841517,1.0,3.72650542,3.83673657,58.41831641,278.55707514,3.93759997,7543.63015221,3.64,4.58518911,107.87038429,90.87000985,1297.42930546,3.75,8.23065227,13.82483051,600.86362131,10.5125808,1.35051498,0.78425872,22.48988957,570.40239075,32.00343184,,22.61108783,13001.50000208,18.75319503,36.76704644,10.71934029,3.50356551,3.10837045,2.36353276,32.24137025,6.78665375,32.43235834,2599.33315574,40.64753097,3803.63125792,38.73232382,12616.26912718,36.48747727,25640.71338766,119.40326086,2.74237984,604.21071066,2.70068595,604.21071066,109.91805375,250.20644793,18.75319503,25.76412425,
2024-06-04,3.6725,70.83658397,92.06340422,385.4731249,1.78964806,859.64601235,896.37180867,1.49600255,1.79,1.70058278,1.79252332,2.0,117.21793472,1.79252332,0.376,2871.94035645,1.0,1.34612899,6.91303141,5.25102636,1.0,83.10389034,13.66358574,3.27064353,2.01456154,1.36323498,2798.10317806,0.89547962,904.37018263,7.24210528,3867.25726045,523.78636266,23.99480395,101.06274419,22.62039797,177.72234022,6.83609646,58.78452086,134.88658995,47.10114504,15.0,57.12952085,0.91650262,2.25197896,0.78069502,0.78069502,2.79218705,14.85305725,0.78069502,67.79399639,8602.97237357,7.7671859,209.02763887,7.81965985,24.70938476,133.22034405,357.62145946,16201.19024261,3.66344519,83.10389034,1308.45569977,42284.81378544,137.02845905,155.56439803,0.709,156.36953046,129.80749532,87.69863133,4079.41949511,450.88973309,899.99132001,1371.64764848,0.30659747,0.82007767,447.48759747,21563.44994764,90650.5617063,301.8107852,193.82218235,18.5268394,4.8246931,9.93281874,17.6584075,4435.45612245,56.45620328,2099.39764319,3396.15037106,8.05424965,39.12392564,46.26562964,15.38318616,1733.72754334,17.61344941,4.69959107,63.62620556,18.5268394,1484.72069315,36.56791798,10.44433268,133.02855246,1.61607788,0.38498648,1.0,3.73053708,3.83940729,58.60522357,278.61034881,3.91654161,7526.86204556,3.64,4.55973786,107.35428221,90.3824503,1291.72189707,3.75,8.30839424,13.79676803,600.66548107,10.41004444,1.34612899,0.78069502,22.44846265,567.97456512,31.96124298,,22.53027983,13001.4932964,18.5268394,36.58648673,10.73709628,3.5045353,3.10401856,2.35052849,32.18489867,6.77974397,32.34227186,2600.29596458,40.50213223,3813.31448938,38.55226301,12608.74782723,36.48337832,25501.5985403,118.88299764,2.72520019,601.18631078,2.70015176,601.18631078,109.36785472,250.25196271,18.5268394,25.89812862,
2024-06-05,3.6725,70.70002397,92.25086119,385.52589522,1.79061532,859.9202591,896.88096766,1.50410836,1.79,1.70219582,1.79702153,2.0,117.39171635,1.79702153,0.376,2876.12991596,1.0,1.34646661,6.91000056,5.28950524,1.0,83.5376615,13.66930134,3.26996983,2.01451072,1.36787954,2796.84816469,0.89037237,906.16866648,7.23943645,3929.56720653,529.83834884,23.96592612,101.31635392,22.70964627,177.84064035,6.85390887,59.10057335,134.53160069,47.45338885,15.0,57.39119443,0.91880252,2.25522099,0.78280453,0.78280453,2.79195607,14.82679182,0.78280453,67.81063652,8581.95965858,7.76448192,208.90415845,7.80973227,24.69867011,133.05869186,361.28579208,16269.42444594,3.69119905,83.5376615,1309.07910899,42242.52771204,137.36481629,155.21457084,0.709,155.29730828,130.33742727,87.54883365,4096.12139014,452.02120865,899.9682638,1372.76162137,0.306369,0.82077006,447.96055453,21518.33109402,90819.58025296,301.72252312,193.87190895,18.71445258,4.83527113,9.93497047,17.65666521,4441.12047536,56.52528536,2099.58118161,3393.11152844,8.04402424,39.17813922,46.0995445,15.41525272,1733.01040291,17.7694171,4.6994526,63.57943227,18.71445258,1499.64500398,36.75092616,10.55776315,133.72291165,1.61869817,0.38497315,1.0,3.73397488,3.83840967,58.77324989,278.50287462,3.95973,7535.88159935,3.64,4.57034294,107.56912022,90.37832799,1296.55510684,3.75,8.28104727,13.80231105,585.44399288,10.42049621,1.34646661,0.78280453,22.39965082,569.84569077,31.9489537,,22.5658192,13001.49967867,18.71445258,36.60079677,10.70739315,3.50356214,3.10761416,2.35531904,32.64046089,6.77988102,32.37964015,2599.76046992,40.29997974,3806.80264036,38.74225205,12655.33240758,36.49491546,25512.19399789,119.35508781,2.72828533,602.69494486,2.70095867,602.69494486,109.64230553,250.35004318,18.71445258,26.12196731,
2024-06-06,3.6725,70.56434453,92.23194305,385.57354543,1.79071449,864.24469522,898.53846393,1.49770607,1.79,1.70070108,1.79622299,2.0,117.36520984,1.79622299,0.376,2871.87217727,1.0,1.34583911,6.90756448,5.3016037,1.0,83.39046291,13.68755621,3.26994163,2.01441241,1.36748717,2796.44864098,0.89059479,909.4503685,7.24752267,3928.36242238,528.46656801,23.98420474,101.27133176,22.6166481,177.71984673,6.85041346,59.15131104,134.40777273,47.59635379,15.0,57.4227445,0.91839423,2.25495091,0.78085925,0.78085925,2.80293326,14.80541704,0.78085925,67.83097369,8586.62562663,7.76003886,208.79545911,7.80938118,24.68715742,132.65604704,358.89372244,16302.10719021,3.71414389,83.39046291,1308.89455831,42213.75691362,137.30163373,155.39541859,0.709,155.48228123,130.33379853,87.31861211,4098.66708245,451.82034302,900.02840895,1365.37083267,0.3063616,0.82055063,448.36375415,21478.27484077,90431.78756104,301.9276808,193.53570108,18.91414897,4.82520938,9.9032815,17.64208746,4455.39562655,56.58808667,2098.54622014,3394.48492432,8.04366262,39.16329121,46.29388005,15.41287907,1732.89819187,17.48155135,4.69682298,63.66892715,18.91414897,1497.890836,36.76113807,10.55681563,133.4872835,1.61016689,0.38497426,1.0,3.75101121,3.83856453,58.61681802,278.63049479,3.94348231,7533.09504868,3.64,4.56956011,107.52844657,89.81892438,1297.77644736,3.75,8.27638542,13.72637857,585.46778976,10.36950698,1.34583911,0.78085925,22.5218704,570.10987353,31.89533418,,22.55572874,13001.53175308,18.91414897,36.51768198,10.69899703,3.50365418,3.10982952,2.35465806,32.32576654,6.77435081,32.25703334,2590.36191973,40.11020411,3803.35980208,38.75820196,12721.03416798,36.47851362,25511.64346619,119.89497774,2.72601944,602.42712402,2.70058006,602.42712402,109.59358355,250.20656347,18.91414897,26.24110562,
2024-06-07,3.6725,70.535267,92.19695543,386.40037376,1.79025416,861.12379222,898.50266446,1.50017976,1.79,1.69995061,1.79604035,2.0,117.39614385,1.79604035,0.376,2871.05582305,1.0,1.34570453,6.90800705,5.2586557,1.0,83.46517654,13.71084171,3.27003844,2.01452599,1.36691332,2829.44012599,0.89052546,908.5875689,7.2447598,3941.2337036,530.38393157,23.96204162,101.2610349,22.54892797,177.80907277,6.8503983,59.23204722,134.6456165,47.51295017,15.0,57.42648779,0.91830085,2.25674775,0.7820431,0.7820431,2.82486639,14.87081219,0.7820431,67.7978874,8600.23112425,7.75983136,208.78125776,7.80970639,24.68571046,132.62835928,358.11997465,16236.57512425,3.72774517,83.46517654,1310.36363359,42196.37256633,137.47376291,155.38447817,0.709,155.8314029,130.3264566,87.30171137,4102.15192658,451.77440375,900.00432675,1364.99826531,0.30639711,0.82040277,447.40958283,21477.59357622,90372.59104784,302.30600271,193.68270936,18.94343686,4.82974847,9.87730597,17.64380475,4465.78438659,56.58892873,2098.7996238,3394.1297925,8.04399758,39.12055726,45.76768229,15.37681161,1734.07517267,17.91966935,4.69607923,63.66599959,18.94343686,1498.29517425,36.72252572,10.55561729,133.60688135,1.61504226,0.38498698,1.0,3.75893218,3.847661,58.52709419,278.52652459,3.93326051,7531.65652818,3.64,4.56993555,107.51051304,89.37566835,1298.25665178,3.75,8.27743306,13.50062477,585.4776439,10.38488993,1.34570453,0.7820431,22.4582864,570.09760404,31.73739835,,22.64776811,12994.31669006,18.94343686,36.4010517,10.7144224,3.50363853,3.10420042,2.35312948,32.27226349,6.76655784,32.29192395,2628.60711217,40.1494912,3791.79742161,38.89545573,12647.82797985,36.44254269,25482.62359255,119.89741457,2.72293661,602.36587167,2.70052026,602.36587167,109.58244052,250.38038943,18.94343686,26.24107703,
2024-06-08,3.6725,70.29881869,92.17580585,385.69296088,1.7876374,853.46261859,899.24799044,1.51747348,1.79,1.70130403,1.80709082,2.0,117.43951637,1.80709082,0.376,2878.33354179,1.0,1.35116673,6.90448607,5.34620347,1.0,83.5157438,13.71292319,3.27435117,2.02409364,1.37668987,2813.58820551,0.89623529,914.76255719,7.24745882,3939.60719924,526.59987841,23.98752733,101.88406212,22.81068204,178.37861944,6.91044247,59.4833729,134.4948721,47.53032838,15.0,57.39829785,0.92395087,2.2549235,0.78609834,0.78609834,2.82117304,14.84969864,0.78609834,67.75929426,8602.48726639,7.75989838,208.78958768,7.81111378,24.68643468,132.68812823,362.2912445,16281.10352215,3.76285822,83.5157438,1309.20491549,42137.58533027,138.5653743,155.38854046,0.709,156.71538382,129.97964432,87.24909827,4114.00434074,454.55402921,900.04544078,1379.89374534,0.30661082,0.82006927,447.50189806,21505.56121143,89591.11741056,302.65998784,193.99176598,18.88894403,4.82998432,9.90987865,17.64332546,4473.43047062,56.9591031,2098.58646968,3386.69544012,8.04544719,39.0661966,45.78672829,15.39936159,1733.84049807,18.40109834,4.69389211,63.66166765,18.88894403,1471.70463884,36.74158976,10.71249479,133.68782689,1.63792139,0.38499946,1.0,3.73846296,3.81470514,58.7629191,278.43348651,3.99483402,7525.19468206,3.64,4.60436087,108.38726217,89.0515888,1299.18614359,3.75,8.23045694,13.67257402,586.39418827,10.54017789,1.35116673,0.78609834,22.50052086,570.34430134,32.17661164,,22.49056041,12994.69891325,18.88894403,36.78858431,10.73234791,3.50354792,3.10180723,2.3257105,32.37258731,6.76392958,32.41611805,2617.01398024,40.18535648,3806.38115239,38.72853637,12646.74777893,36.43467553,25437.18459251,118.19771967,2.71964973,606.07203894,2.70239438,606.07203894,110.25666672,250.37904604,18.88894403,26.24434845,
2024-06-09,3.6725,70.3170174,92.12080937,386.12464307,1.78750064,852.4903323,899.0038915,1.51886948,1.79,1.7000574,1.80789596,2.0,117.57644739,1.80789596,0.376,2873.4162758,1.0,1.3515075,6.92510396,5.30738679,1.0,83.51791053,13.71213466,3.27500013,2.01530823,1.37647398,2812.7199707,0.89628023,919.93162457,7.24746381,3939.88737555,516.44415603,23.90284895,101.92945595,22.80211139,178.38263447,6.90651091,59.34007059,135.19047038,47.52925792,15.0,57.39830361,0.92436253,2.2549237,0.78581493,0.78581493,2.82469988,14.8427207,0.78581493,67.75907203,8481.28800784,7.76737394,209.19750549,7.81185477,24.70851967,134.7845235,360.99146495,16214.77439004,3.75901557,83.51791053,1308.95037896,42002.59611175,137.55133204,154.86560612,0.709,156.73581762,129.63221735,87.23519899,4112.11327291,454.75655305,900.0,1379.44280038,0.30709851,0.82000559,447.40614924,21649.81497159,90280.01014952,302.37943202,194.21042233,18.87875342,4.83390043,9.91977631,17.5299993,4473.67014556,56.88999971,2095.80800803,3386.6841788,8.04621041,39.46976454,45.77038767,15.45999976,1733.7859645,18.39698944,4.69071637,63.66371371,18.87875342,1482.83733086,36.62443975,10.70862495,133.69129528,1.63531839,0.38510207,1.0,3.75542269,3.81460505,58.69272257,278.1620551,3.99320483,7562.91103606,3.64,4.57640107,107.77893213,89.00602014,1300.62546353,3.75,8.23045694,14.61411414,598.91241866,10.56087477,1.3515075,0.78581493,22.50011194,570.34846393,31.60000303,130.21188136,22.49985923,12994.2116179,18.87875342,36.74466378,10.73219673,3.50227829,3.10299416,2.32559075,32.36511732,6.73036548,32.44366715,2617.65145402,40.26023281,3793.36945321,38.91680652,12646.87011292,36.43331872,25405.11697043,118.18963195,2.71960471,606.34207073,2.70000006,606.34207073,110.30579092,250.23469694,18.87875342,26.46946188,
2024-06-10,3.6730101,71.04119118,93.10413406,391.62550672,1.82070322,855.49836837,907.78280685,1.52016924,1.80249964,1.70049779,1.81458773,2.03975486,118.65613335,1.80800553,0.3807665,2902.69650152,1.0,1.35931079,6.98075537,5.29365023,1.01027506,84.2854916,13.88629327,3.30565295,2.03632273,1.37663476,2827.99897565,0.89684019,917.24977384,7.24779658,3967.64855,533.94548204,26.49999026,102.30416096,22.86509364,179.8714346,6.9215471,59.98188642,134.97733529,47.70718763,14.99999443,58.09697937,0.92785466,2.25894939,0.79609837,0.78589846,2.82497599,15.02754986,0.79609837,67.77495256,8699.92491615,7.85013848,211.36174548,7.81174757,24.9604437,134.01057383,362.72436871,16276.7940506,3.76233931,83.5161674,1323.4115889,42099.9845438,138.73017708,157.04770101,0.70879931,156.86894053,131.83970847,87.3012707,4152.80621941,452.45013384,899.99936813,1378.42945753,0.30660122,0.84188429,452.21820172,21791.20021433,90468.50527717,305.81161952,195.94082792,19.10689442,4.88483561,9.97114186,17.83599612,4475.6785531,57.11062811,2737.6430506,1.06545367,8.12612236,39.80422081,45.79014526,15.39982556,1751.6751887,18.38674374,4.71750166,63.4949019,19.10689442,1497.83940877,37.18598568,10.7317266,134.85579468,1.63924918,0.38638002,1.0102797,3.79747902,3.87910703,58.76047896,280.95097958,4.00078218,7608.8390998,3.68513902,4.61809224,108.62598364,89.77115485,1313.66361186,3.75059916,8.48249927,13.72198134,585.99972628,10.5571461,1.35242425,1.26344949,22.84729461,577.36624465,31.66795236,130.26,22.8356,2512.52893654,19.10235165,36.9014841,10.84507796,3.50999903,3.12984955,2.3526024,32.53416778,6.83880195,32.42728821,2637.30007469,40.62364823,3829.02385514,39.48691493,12789.70047089,37.15334654,25409.99071217,118.72194608,2.80309161,608.59300954,2.70254928,608.59300954,110.722513,250.42489898,18.885988,26.64531735,
2024-06-11,3.6725,70.26911333,93.24656873,385.50332088,1.79126285,860.9773718,901.75331413,1.51552068,1.79,1.70065002,1.81710997,2.0,117.35190866,1.81710997,0.376,2873.23898737,1.0,1.35334056,6.90323504,5.35417114,1.0,83.5121879,13.7052679,3.27005689,2.01437182,1.37655791,2824.70770908,0.89684504,920.39074636,7.24746859,3935.56573987,530.35364918,23.9647566,102.44894327,22.88393772,178.4405238,6.93014623,59.75747887,134.81238381,47.69856611,15.0,57.84891607,0.92907358,2.2504753,0.78572106,0.78572106,2.86487206,14.8994374,0.78572106,67.87546635,8610.6817519,7.76045426,208.78447324,7.81145552,24.68633533,132.66963486,365.14798066,16298.51986648,3.74872975,83.5121879,1307.69407093,42294.56755972,139.08939538,156.08019409,0.709,157.15021298,129.16340212,87.01005779,4142.98858504,457.07423695,899.99472409,1377.98715353,0.30680392,0.82064953,448.78913453,21627.24761085,91383.17119586,302.38012136,195.12844421,18.75156325,4.86693675,9.95611877,17.64505378,4496.17975344,57.26840093,2098.06081867,3398.36663701,8.04579918,39.5297095,46.56542141,15.38916345,1735.01355606,18.43367597,4.72207091,63.60886629,18.75156325,1505.60281074,36.69343911,10.65573972,133.68213479,1.63303298,0.38497739,1.0,3.78271423,3.8483619,58.69919403,278.65332017,4.01850712,7528.40145666,3.64,4.62347762,108.75132176,89.70580121,1312.31042947,3.75,8.34694525,13.64774506,585.82533893,10.48313706,1.35334056,0.78572106,22.44963433,574.27409694,31.76437518,1549.30273021,22.80599794,12994.28002302,18.75156325,36.77994168,10.66004636,3.50331583,3.13710839,2.35750055,32.38994155,6.76616044,32.41020458,2606.91309722,40.488348,3769.20120897,38.7521232,12621.07542177,36.40392307,25441.04260969,119.88076296,2.73746599,609.43231593,2.70082259,609.43231593,110.86796854,250.22026535,18.75156325,26.38564483,
2024-06-12,3.6725,70.90132124,93.4226254,387.58495185,1.79124183,862.39197936,901.92827361,1.51414011,1.79,1.69994808,1.8216773,2.0,117.52357364,1.8216773,0.376,2882.39896278,1.0,1.35308669,6.90425165,5.36224744,1.0,83.58771406,13.70531585,3.27026241,2.02360807,1.37581182,2827.26053438,0.89811574,923.24314697,7.25433781,3990.45112081,529.70751459,23.98362647,102.70645007,23.03216046,178.52692926,6.94742018,59.42378613,134.83299893,47.55695162,15.0,57.66670725,0.93140882,2.24896682,0.78519831,0.78519831,2.86372419,15.00261388,0.78519831,67.88913321,8624.06308565,7.76102738,208.80082864,7.80985357,24.6884578,132.86127683,368.12180525,16300.69074696,3.70898916,83.58771406,1311.06329775,42300.85587588,139.25739389,156.03182073,0.709,157.15786933,128.97883988,86.98912257,4117.51114936,458.22309923,900.01139812,1377.70494482,0.30670452,0.82109552,450.96749098,21629.82435914,91494.559603,303.38280213,194.0578137,18.56779343,4.8695377,9.95137687,17.77098724,4453.85942577,57.30510397,2098.02571681,3393.75882489,8.04414917,39.29991837,46.49211079,15.41825525,1733.14740494,18.58360169,4.71975238,63.69505113,18.56779343,1515.1299742,36.806922,10.70185272,133.80303328,1.62867284,0.38500395,1.0,3.77629739,3.83734786,58.73528075,278.51852118,4.0423378,7530.37539386,3.64,4.63571802,109.02952974,90.22603464,1319.73784967,3.75,8.33960162,13.74981331,586.42173484,10.49333764,1.35308669,0.78519831,22.45618729,570.97412111,31.65467692,1549.33772134,22.8900418,13001.45761282,18.56779343,36.75062195,10.72511577,3.504267,3.13741369,2.35862205,32.38392513,6.76746459,32.37625,2610.96380115,40.54764034,3766.20352125,38.90763746,12622.40254333,36.28701014,25425.51602307,119.81225996,2.73438334,610.9641323,2.70113089,610.9641323,111.14663668,250.41431642,18.56779343,26.2827321,
2024-06-13,3.6725,71.1982826,92.87630127,387.57936942,1.79109923,863.09648054,901.7665926,1.50247165,1.79,1.70056819,1.80879134,2.0,117.27600315,1.80879134,0.376,2873.43890296,1.0,1.34821529,6.90340717,5.40207046,1.0,83.50805787,13.66576641,3.27060304,2.0145382,1.37333718,2826.09198473,0.89425277,917.00843123,7.23800539,4026.0629156,526.44132377,23.98756047,101.97993771,22.81527116,178.36910727,6.89918124,59.09648323,134.71642356,47.68851612,15.0,57.41552986,0.92482033,2.23112671,0.78149765,0.78149765,2.86495002,14.96267201,0.78149765,67.90700056,8605.3118039,7.76140503,208.77582389,7.80798136,24.69224357,133.69319192,365.31316335,16243.27360969,3.68956366,83.50805787,1309.63758962,42176.05097927,138.08468737,156.01944766,0.709,156.75984671,128.69873517,86.94548696,4100.38255814,454.98177656,899.99497869,1367.20584651,0.30643671,0.82108982,450.31470217,21598.54854777,90947.39490191,302.43821018,193.30400054,18.38269007,4.83533124,9.94533438,17.7574563,4469.17449887,57.24578196,2097.9394399,3392.75986035,8.0422208,39.40862615,46.60193689,15.41407394,1732.89040905,18.81232943,4.70496696,63.67242997,18.38269007,1515.6026938,36.64432718,10.58090067,133.67552364,1.61807839,0.38500625,1.0,3.77366408,3.86151708,58.51499267,278.58181864,4.00779852,7520.80910461,3.64,4.60460158,108.26451999,89.92060234,1316.50687513,3.75,8.3564463,13.80482784,587.21595689,10.3882933,1.34821529,0.78149765,22.53493107,568.84496706,31.71343046,1549.26388815,22.87740229,13001.48354691,18.38269007,36.58244893,10.66583758,3.50296911,3.10185749,2.35014741,32.34749817,6.77248728,32.29267409,2609.61610701,40.60626916,3744.21823551,39.0284885,12643.15964924,36.40368737,25574.41638958,119.21152696,2.72305599,606.64236875,2.70124405,606.64236875,110.36042116,250.23774762,18.38269007,26.4061191,
2024-06-14,3.6725,70.90875012,93.5658072,385.90368852,1.78994437,862.08239932,902.24808307,1.50913584,1.79,1.70057626,1.82118787,2.0,117.77309064,1.82118787,0.376,2873.97839382,1.0,1.35158597,6.92738477,5.36344129,1.0,83.55374542,13.63067244,3.27079388,2.02166779,1.37472885,2823.39590233,0.89397775,918.25122809,7.25217629,4147.86343547,527.42423386,24.07674279,102.67885576,23.03249896,177.93364769,6.94567833,59.66355094,134.89323164,47.70543592,15.0,57.66969374,0.93115857,2.24556979,0.78415952,0.78415952,2.86777241,15.00446899,0.78415952,67.81593178,8630.9874666,7.78597392,209.40651558,7.81088705,24.77858681,133.5946839,369.81492141,16287.09722992,3.71660883,83.55374542,1309.74741613,42203.91216939,139.0320278,155.77539663,0.709,157.28690779,128.31117282,87.12051819,4129.57407584,458.09998765,900.03796483,1378.6602414,0.30648367,0.82043199,451.28414474,21608.73874312,90631.74665803,304.98374538,194.70140022,18.43897204,4.83294257,9.96400465,17.76583182,4466.04830832,57.09732065,2097.68023849,3393.34241795,8.04521366,39.5211503,46.61013273,15.40358507,1733.13265328,18.43522047,4.7161839,63.66243717,18.43897204,1504.56008065,36.92002124,10.65440705,133.74865798,1.62614351,0.38503474,1.0,3.77909592,3.8424525,58.63224016,278.61375067,4.04933075,7518.04486162,3.64,4.63462335,108.94775435,88.37119914,1314.27497461,3.75,8.3445155,14.22877845,587.653561,10.48676447,1.35158597,0.78415952,22.47549208,572.92436534,31.70582042,1549.27923335,22.8668074,12994.25687344,18.43897204,36.76080861,10.62369466,3.50471297,3.1246369,2.35058856,32.51742549,6.80367669,32.40079919,2610.75472136,40.69708376,3736.48414788,39.28816247,12605.51488035,36.38132284,25430.75437241,119.20343716,2.72620541,610.79998354,2.70063598,610.79998354,111.11677472,250.22123022,18.43897204,26.49877125,
2024-06-15,3.6725,70.77074387,93.68366915,385.93052724,1.78760485,853.77612364,901.80511182,1.51262511,1.79,1.7012722,1.8264201,2.0,117.49695033,1.8264201,0.376,2877.25800549,1.0,1.35336638,6.93152416,5.3769962,1.0,83.55036479,13.71107675,3.27444284,2.02425661,1.37368228,2824.24597751,0.89099056,932.17975422,7.25575677,4135.7529643,529.27586833,24.09531011,102.9738496,23.09813668,178.27564364,6.96747273,59.40234629,134.8282205,47.64135658,15.0,57.41372262,0.93383377,2.25734342,0.78839911,0.78839911,2.86836035,14.97566951,0.78839911,67.79318911,8640.72462051,7.79558638,209.32151606,7.81076931,24.79939349,132.91299695,372.06370691,16488.01197665,3.72390314,83.55036479,1309.10277444,42085.75874623,139.61748801,155.57992118,0.709,157.38953658,128.98221779,87.85992679,4116.16335078,459.41609775,899.97128502,1383.26063211,0.30672559,0.82008508,452.15180805,21722.9517659,89556.2016176,304.04715859,194.01454168,18.35785148,4.85962563,9.9780309,17.76059248,4467.61775962,57.59630315,2098.60504374,3386.22440947,8.04509239,39.39495671,46.72264914,15.41886511,1733.78028351,18.47472334,4.71998061,63.65377592,18.35785148,1484.13980245,36.79249167,10.67356746,133.74324644,1.62788475,0.38489646,1.0,3.7736942,3.88221718,58.70701217,278.49115083,4.09184223,7518.89431228,3.64,4.65096255,109.35750058,89.31550802,1317.25249498,3.75,8.45894462,14.31558033,586.31955211,10.52338335,1.35336638,0.78839911,22.4501026,570.2496563,32.29502063,1550.93074259,23.22781453,12994.63196052,18.35785148,36.63328854,10.69200604,3.50349821,3.13581008,2.32945394,32.77343846,6.79789716,32.36155295,2618.25368391,40.52856795,3752.12729751,39.13545958,12637.02416362,36.37373685,25451.14999149,118.72360959,2.72630969,612.554797,2.70240454,612.554797,111.43601051,250.39070563,18.35785148,26.39542096,
2024-06-16,3.6725,70.80667505,93.85177009,386.87573688,1.78750106,852.49326422,903.0024382,1.51242612,1.79,1.70002296,1.82539722,2.0,117.52567237,1.82539722,0.376,2874.01010641,1.0,1.35339912,6.90993263,5.37894899,1.0,83.57322934,13.65163729,3.27450341,2.0153106,1.37370202,2822.54003907,0.89049333,933.64450126,7.25590139,4149.20358447,523.63449826,23.87177021,102.91617945,23.10807269,178.28137527,6.97242981,59.10872817,135.41130093,47.70995134,15.0,57.24063697,0.93331078,2.25749988,0.78822743,0.78822743,2.86879992,15.00265154,0.78822743,67.7504347,8477.57121838,7.77047114,208.98413651,7.81068022,24.72060134,134.78583063,372.20242087,16390.76641046,3.72278933,83.57322934,1310.39698248,42002.62387737,139.5486188,155.56924416,0.709,157.38422622,128.63251956,87.85990144,4115.50155135,459.15880333,899.99826748,1379.73645567,0.3067955,0.82000548,451.87876021,21783.70586977,90893.71470812,303.57267999,194.05576702,18.36228771,4.84720106,9.99707879,17.7100018,4466.3173563,57.72999618,2095.98945336,3384.43245915,8.04500063,39.44510492,46.7374247,15.45999783,1733.20018705,18.46526993,4.7186756,63.77068141,18.36228771,1469.37046486,36.62451889,10.6774742,133.77984687,1.62748463,0.38510267,1.0,3.77442551,3.86471513,58.64850883,278.56834514,4.09291212,7565.84913687,3.64,4.65441392,109.14703861,89.39721497,1302.31678117,3.75,8.46020995,14.87892096,598.76185397,10.56047074,1.35339912,0.78822743,22.45014051,571.06587128,31.42504592,1550.06214915,22.94629602,12992.16345268,18.36228771,36.68011115,10.69104949,3.50000175,3.13048594,2.32939056,32.78283466,6.81102148,32.37160007,2622.56890357,40.74737196,3714.46055174,39.28875504,12639.99999987,36.37231213,25455.00567188,118.69261714,2.72629251,612.21173778,2.69999662,612.21173778,111.37360115,250.24204273,18.36228771,26.0096022,
2024-06-17,3.6725,70.77133021,93.7669617,385.87959981,1.79098926,863.09648361,902.16328173,1.51389987,1.79,1.69994402,1.82754764,2.0,117.47578533,1.82754764,0.376,2871.41129467,1.0,1.35317721,6.89573981,5.35361841,1.0,83.58347569,13.71236466,3.27000986,2.02433446,1.37407619,2846.54130521,0.89051846,925.44688877,7.25576258,4133.054395,524.50411213,23.95395074,103.03742069,23.1133862,177.76499276,6.97074895,59.24858708,134.85301668,47.72984195,15.0,57.13972045,0.93441027,2.26288573,0.78852614,0.78852614,2.86998351,15.02439116,0.78852614,67.88679005,8580.6180972,7.75411458,208.47382287,7.8105963,24.66692444,132.44300802,372.15654225,16463.15313166,3.72380016,83.58347569,1309.02532351,42183.50856569,139.7000969,155.35540264,0.709,157.41243972,129.42918767,87.8605005,4113.8091169,459.69971908,899.99553612,1380.92564232,0.30670399,0.82065135,451.86614281,21954.38937271,91166.50009478,303.98183439,193.71165721,18.36550129,4.83976704,9.99886731,17.77102363,4441.30413559,57.49439917,2098.56962983,3401.38362986,8.04491418,39.31427658,46.78458838,15.39609985,1733.74289647,18.49649652,4.71974573,63.66244715,18.36550129,1484.41005335,36.73304414,10.68754395,133.79624871,1.63161911,0.38499586,1.0,3.77380316,3.84024593,58.70329135,278.41527374,4.09140674,7507.16096068,3.64,4.64992798,109.37340123,90.51529417,1309.73823498,3.75,8.34741724,14.30499683,585.60174238,10.52108982,1.35317721,0.78852614,22.44834778,569.98815458,31.64312323,1549.36490637,23.20734814,12994.25613601,18.36550129,36.66920145,10.69104846,3.50356309,3.14339864,2.35924478,32.7870349,6.78279848,32.3870687,2609.53591171,40.68129724,3716.02021818,39.17127742,12594.68867797,36.49354832,25424.30424567,119.87517215,2.73469686,612.93295878,2.70072697,612.93295878,111.50480573,250.34931777,18.36550129,26.15980134,
2024-06-18,3.6725,70.78488431,93.50855325,385.97804931,1.79210286,864.4598256,902.49679831,1.51149145,1.79,1.70081746,1.82260249,2.0,117.35830154,1.82260249,0.376,2875.41936977,1.0,1.35211913,6.89409855,5.42135974,1.0,83.52969742,13.58655808,3.27001231,2.01439868,1.37250442,2824.83074506,0.88877169,926.72748084,7.25598736,4132.99969533,524.39638704,23.95151091,102.75861215,23.03405637,177.73004237,6.95166255,59.09453406,134.81508954,47.70976088,15.0,57.55595802,0.93188186,2.24763714,0.78704931,0.78704931,2.86492791,15.01418559,0.78704931,67.96201334,8603.66964055,7.7524714,208.45762485,7.80985061,24.667954,132.45167174,368.79632995,16447.72452608,3.71984899,83.52969742,1309.03944824,42174.42866474,139.32383127,155.37952816,0.709,157.64562321,129.17258636,87.85962006,4106.5599604,458.45581945,899.98438887,1380.54089089,0.30674751,0.82162774,454.01130028,21949.08168739,91048.21187369,303.05079018,193.54930421,18.24652672,4.83707224,9.99921946,17.78094602,4473.06545665,57.32559935,2098.37928678,3397.59158656,8.04414613,39.2821558,47.07529886,15.40254205,1733.66256477,18.5361908,4.71437017,63.67873971,18.24652672,1500.48759583,36.7173851,10.66575651,133.71016315,1.63030759,0.38494412,1.0,3.79081832,3.85245707,58.71480697,278.62394824,4.05065898,7517.56609238,3.64,4.63763815,109.09134705,90.42971814,1303.61771288,3.75,8.30264114,14.07479393,585.62211151,10.47900248,1.35211913,0.78704931,22.5500184,569.41148933,31.55807135,1549.22567152,22.88217748,12994.26222462,18.24652672,36.83538477,10.76019284,3.50376128,3.1312052,2.36167967,32.82174518,6.78391234,32.37054103,2605.61491255,40.74958914,3701.64670163,39.20348859,12638.5581287,36.37219427,25377.1303212,119.90018198,2.73796119,611.27442593,2.70167597,611.27442593,111.20308532,250.33686734,18.24652672,25.76422904,
2024-06-19,3.6725,70.80327012,93.37004835,388.73487106,1.7912299,862.16520357,905.79412529,1.50024858,1.79,1.69994627,1.82164718,2.0,117.40707219,1.82164718,0.376,2878.81783901,1.0,1.35107234,6.89678435,5.44170846,1.0,83.38011374,13.57337291,3.27013415,2.01442543,1.37196963,2843.6770615,0.88405777,935.56443245,7.25428575,4149.31534303,521.65113698,23.94758459,102.70475172,23.13303005,177.74957408,6.94793652,58.98233497,134.70308623,47.70951941,15.0,57.57443873,0.93139341,2.25609897,0.78702628,0.78702628,2.83992505,15.04417918,0.78702628,67.91448704,8603.38659229,7.75277504,208.53877592,7.80779868,24.67880707,132.5639672,366.80966444,16399.42344804,3.71842301,83.38011374,1308.90304519,42093.67124984,139.06171201,155.40991315,0.709,157.82952403,129.19828629,87.60243406,4113.22254763,458.21552206,899.99762762,1380.38943799,0.30669522,0.82067705,460.27272256,21869.76221468,90588.03076121,304.43233247,193.84660832,18.04403876,4.84045712,9.99723437,17.79651175,4472.51663006,57.3931605,2099.09398429,3401.49799629,8.04203264,39.31332336,46.64127618,15.39936631,1733.48522034,18.41050511,4.70862916,63.82629286,18.04403876,1492.715952,36.70727988,10.58268215,133.47071707,1.62875964,0.38494757,1.0,3.81083874,3.84908552,58.62159187,278.51103322,4.04092257,7507.32039243,3.64,4.63409729,109.02750871,88.24458628,1300.44012014,3.75,8.32852497,14.05048284,585.98396522,10.44389041,1.35107234,0.78702628,22.45178891,569.92788278,31.44349207,1549.34439056,22.86075597,12994.2566208,18.04403876,36.70244663,10.70049207,3.50329738,3.13074253,2.35738489,32.65611181,6.78519844,32.37673471,2610.87065681,40.56220511,3716.55014506,39.21761017,12616.72808684,36.3482131,25301.33152427,119.50562267,2.73186495,610.95402942,2.70087789,610.95402942,111.14479876,250.35092178,18.04403876,25.78010594,
2024-06-20,3.6725,70.79521157,93.26189869,386.90463739,1.79118722,862.74381388,905.69472894,1.49957445,1.79,1.6999485,1.82043565,2.0,117.54846581,1.82043565,0.376,2881.29353704,1.0,1.35150826,6.90233811,5.4235634,1.0,83.44111401,13.54962461,3.27043536,2.02321003,1.37160327,2841.82123406,0.8839279,933.76158859,7.25689741,4158.22003031,521.48896675,23.98339026,102.6364456,23.18119635,177.88941148,6.94272423,59.00471125,134.5243601,47.71265695,15.0,57.6837054,0.93077397,2.25740093,0.78654977,0.78654977,2.79576785,15.09845296,0.78654977,67.91213591,8606.16435176,7.75461875,208.69055437,7.80449484,24.70254102,132.82143448,369.0531841,16388.98009754,3.71258365,83.44111401,1310.02264252,42070.67365697,139.1580165,155.40609548,0.709,158.05710683,129.32002544,87.30023854,4121.47715945,457.91077545,900.0187278,1385.14158076,0.30662173,0.82104055,460.56177426,21874.70123408,91149.95791812,305.21521573,194.28295677,17.95899172,4.84573221,9.97021069,17.8212961,4497.69041634,57.34972439,2098.29824565,3399.46024695,8.03862968,39.23578626,46.68711181,15.39911823,1734.12348848,18.44429283,4.71026796,63.78464858,17.95899172,1492.38621928,36.80107106,10.57507525,133.56836325,1.63147497,0.38495868,1.0,3.8216439,3.85657978,58.80476267,278.599948,4.02583613,7522.11551153,3.64,4.63197884,108.96319236,87.06102784,1305.14939959,3.75,8.34340941,13.85370682,600.75946146,10.44807645,1.35150826,0.78654977,22.5144847,570.96294208,31.26836012,1549.32916386,22.85493757,12994.25613604,17.95899172,36.69835085,10.59193232,3.50418852,3.132851,2.35616842,32.55329056,6.78520431,32.40651434,2609.71990316,40.5674187,3738.23398149,39.37706368,12619.61322237,36.33708401,25284.19831599,119.34034434,2.73216941,610.5477006,2.70122229,610.5477006,111.07087939,250.34309422,17.95899172,25.55469095,
2024-06-21,3.6725,70.78731946,93.62721541,386.75836309,1.79109042,862.43006536,905.78049134,1.5020906,1.79,1.69995811,1.82660051,2.0,117.61623443,1.82660051,0.376,2879.88685174,1.0,1.35419927,6.90375231,5.45234255,1.0,83.61180482,13.52937622,3.27071259,2.02191886,1.36876163,2839.6485357,0.89181649,932.51703723,7.26049098,4166.61398586,519.03787056,23.99106009,102.98402133,23.26103138,178.04137642,6.96629573,59.05691744,134.74075722,47.71190127,15.0,57.71294842,0.93392601,2.25430586,0.79005687,0.79005687,2.79602192,15.09597868,0.79005687,67.90607407,8591.69993851,7.75827757,208.69912071,7.80330026,24.71565991,133.07711185,370.6016591,16471.97300101,3.72699579,83.61180482,1309.71489466,42099.4367513,139.25446562,155.45071671,0.709,159.06222609,128.39610912,86.89681799,4126.03885233,459.46147871,899.98280795,1390.33096184,0.30679949,0.82121099,461.36090221,21955.64261866,91414.04110104,305.60566649,194.34073836,17.96903208,4.85678884,9.95950139,17.82170736,4476.47633416,57.48512148,2097.69772413,3396.78500566,8.03739927,39.34075024,46.64515859,15.39982994,1733.72448433,18.35617345,4.71618249,63.78156326,17.96903208,1489.50089811,36.82927865,10.54443738,133.84159657,1.63431621,0.38498042,1.0,3.80768907,3.86274022,58.85823613,278.49704196,4.04168182,7536.25279319,3.64,4.64772829,109.29442661,88.52844314,1312.32877312,3.75,8.35369387,13.8789862,600.66967113,10.49926418,1.35419927,0.79005687,22.44945289,571.5902447,30.82224433,1549.29029709,22.98672165,12994.25615729,17.96903208,36.74039337,10.62719226,3.50300148,3.13849509,2.35407183,32.84860439,6.78371968,32.38324209,2609.5833134,40.52977421,3748.31645971,39.45561867,12616.55982286,36.33420627,25432.9944143,119.3908068,2.71449992,612.61530495,2.70151017,612.61530495,111.44701812,250.37844465,17.96903208,25.55216532,
2024-06-22,3.6725,70.77532398,93.57538728,386.08371489,1.78744665,852.87855828,904.62236829,1.49980704,1.79,1.69999948,1.82868632,2.0,117.48594621,1.82868632,0.376,2874.68635569,1.0,1.35524079,6.90347603,5.43104886,1.0,83.56331095,13.5244943,3.27472537,2.02432154,1.36968944,2823.83200384,0.89364136,940.97446067,7.26094772,4151.02228683,523.30017994,23.99184822,103.10161965,23.2821265,178.01749413,6.97498165,58.98758773,134.41797058,47.66386495,15.0,57.49959792,0.93499247,2.25866333,0.79076659,0.79076659,2.80068918,15.01584743,0.79076659,67.79372573,8602.99119394,7.75405525,208.69363541,7.80421661,24.70938363,132.54343394,370.67869917,16474.53080711,3.75893527,83.56331095,1309.14866452,42105.37742456,139.41916157,155.51444016,0.709,159.77158723,128.48342907,86.75866138,4129.13232119,459.98614167,899.96913761,1389.04892293,0.30675462,0.81995925,465.95618194,21928.10679958,89591.69813637,305.30741901,194.04512526,17.95932523,4.85979185,9.95892358,17.85371212,4476.64727822,57.53794924,2098.61154088,3386.03591338,8.0383431,39.29678279,46.81610155,15.3990575,1733.77065389,18.10116136,4.71200852,63.66504811,17.95932523,1501.08705909,36.77405408,10.55799124,133.76397001,1.63427455,0.3849122,1.0,3.77055085,3.87821272,58.87922582,278.5393943,4.04401605,7521.79823029,3.64,4.65203046,109.4662429,88.98261068,1315.7010493,3.75,8.45209334,14.64460376,600.88747465,10.49898622,1.35524079,0.79076659,22.54959962,570.24245243,32.17333321,1550.52781569,23.07128998,12994.26320612,17.95932523,36.66998133,10.626983,3.49377283,3.13725597,2.3327301,32.83972083,6.78737116,32.37968979,2621.05477894,40.55434486,3708.89603322,39.31923581,12643.34868829,36.32783576,25451.66939866,118.7706264,2.73152441,613.31485556,2.70243572,613.31485556,111.57428041,250.34191547,17.95932523,26.15821156,
2024-06-23,3.6725,70.80220184,93.87744979,386.99474225,1.78730614,852.50385887,905.54996001,1.50378778,1.79,1.70000004,1.828701,2.0,117.60532984,1.828701,0.376,2874.48987726,1.0,1.35495474,6.92512471,5.44982192,1.0,83.5517292,13.52457873,3.27336367,2.01530987,1.36946377,2822.5600586,0.89393389,941.62482298,7.26102606,4144.11504557,523.43014702,23.85757764,103.10244726,23.33677887,178.0285809,6.97662904,58.93053221,135.42596903,47.70995463,15.0,57.55043792,0.93499998,2.2604998,0.79040527,0.79040527,2.80010009,15.08271675,0.79040527,67.75045874,8477.54560943,7.7661819,208.98385094,7.80568518,24.73584601,134.68007831,370.70872651,16438.90683304,3.75596268,83.5517292,1309.03366602,42002.61533443,139.39534575,155.6372211,0.709,159.77269711,127.87834525,86.7586975,4115.53592774,459.98983403,900.0,1387.62002338,0.30677616,0.8200065,465.73770762,21739.46379228,90229.53080297,305.30992989,194.13320297,17.95391114,4.84722139,9.9651534,17.78000363,4481.32721736,57.55000225,2095.93362335,3383.74256513,8.03985573,39.44374492,47.18990661,15.45981687,1733.21424774,18.1110975,4.71272131,63.78930464,17.95391114,1478.92685935,36.62455409,10.56866036,133.74543052,1.63434339,0.38500021,1.0,3.80283568,3.89919938,58.86289529,278.46037382,4.04380172,7567.13048636,3.64,4.654407,109.2860808,88.91152596,1304.09258242,3.75,8.45309411,14.79486778,598.86261891,10.505657,1.35495474,0.79040527,22.54996827,571.06132431,30.32012314,1550.54026197,22.85160745,13001.39560492,17.95391114,36.72252482,10.62690309,3.50639784,3.13147526,2.33261349,32.84937854,6.80555941,32.39420666,2622.56415152,40.57067561,3753.1940222,39.59545764,12644.99999999,36.3279536,25455.00563612,118.76690727,2.7314977,613.31977871,2.70000005,613.31977871,111.57517603,250.23907804,17.95391114,25.54343672,
2024-06-24,3.6725,70.77540443,93.83130283,386.06466572,1.79236477,861.7811599,905.23199649,1.50859875,1.79,1.69995389,1.83015913,2.0,117.37651404,1.83015913,0.376,2874.82741556,1.0,1.3558089,6.89983828,5.4359583,1.0,83.5571565,13.48563616,3.26997808,2.01434117,1.37069886,2841.26081559,0.89384386,931.09131068,7.26100505,4148.67679455,518.84295165,23.98085886,103.18465705,23.34357515,177.79391083,6.97996716,58.90462893,134.67197984,47.74151442,15.0,57.6183823,0.93574551,2.2436066,0.79141388,0.79141388,2.808726,15.14969088,0.79141388,68.01681372,8596.49658202,7.75363112,208.58354434,7.80323207,24.70404528,132.47813908,371.11824585,16480.85733111,3.75539727,83.5571565,1309.11443468,42264.69923082,139.52276749,155.53526065,0.709,159.73044515,129.3484571,86.75865053,4117.51123577,460.3566116,899.9916653,1390.79657212,0.30685066,0.82190195,465.97546824,22033.87409589,91314.22732528,305.30793828,193.71754962,18.02415233,4.8392635,9.96496926,17.86865907,4477.9732309,57.5140657,2098.09086338,3400.75818781,8.03732903,39.30626715,46.80880467,15.40377653,1733.92524725,18.11809947,4.71483398,63.66625758,18.02415233,1522.72410385,36.75541803,10.58812306,133.75411826,1.63740428,0.38499424,1.0,3.80552714,3.89460321,58.82268861,278.59423785,4.04768932,7526.35579772,3.64,4.65734159,109.4821031,90.87797834,1310.75757634,3.75,8.31186053,14.49263123,600.99199089,10.52659119,1.3558089,0.79141388,22.44924202,569.71506418,31.10582765,1549.29753237,23.10932016,13001.39560492,18.02415233,36.80006271,10.62698686,3.49357284,3.14355004,2.3649028,32.81955809,6.78311583,32.39591428,2655.13910194,40.45016773,3745.08850321,39.48366739,12622.87487446,36.3266561,25443.50349023,119.78476045,2.74095993,613.80881547,2.70191093,613.80881547,111.66414163,250.38337791,18.02415233,25.45150569,
2024-06-25,3.6725,70.78489535,93.39093176,386.02279593,1.79065125,863.76583088,908.80558217,1.5027507,1.79,1.70058351,1.82183916,2.0,117.47933965,1.82183916,0.376,2875.8425535,1.0,1.35252927,6.89989046,5.39062252,1.0,83.48457414,13.49859067,3.27009525,2.01442585,1.36555201,2840.11796917,0.89218891,945.40397267,7.25854395,4088.92576555,523.1507999,23.97492731,102.71557581,23.17047432,177.81926456,6.94818075,58.95375807,134.5136074,48.31571965,15.0,57.6840633,0.93149157,2.25363685,0.78820011,0.78820011,2.84829544,15.17661232,0.78820011,67.82814203,8604.26468364,7.75229957,208.56091405,7.80703833,24.70561239,132.52490399,368.07778149,16379.141232,3.72311131,83.48457414,1308.84159332,42202.64561811,138.89552318,155.6078936,0.709,159.40407892,129.39020972,86.69243484,4112.38974767,458.26381355,900.00928343,1386.00416727,0.30663125,0.82054394,466.76107336,22016.70710368,90677.88498758,305.2009199,194.04693427,18.09984644,4.84740236,9.92936033,17.87753476,4474.83264334,57.31993151,2098.60635785,3399.07907377,8.04124948,39.19002673,46.96268875,15.3864671,1733.411996,17.94245437,4.70860134,63.66598932,18.09984644,1522.63172583,36.78849108,10.5383511,133.63793205,1.63357551,0.38494623,1.0,3.81106893,3.85128377,58.74015012,279.25430874,3.99864787,7510.45017089,3.64,4.63619012,109.0512069,89.20740349,1307.19525539,3.75,8.3409512,13.6979599,600.89406439,10.47496164,1.35252927,0.78820011,22.63289019,570.55292773,30.88099851,1549.45283657,23.07072266,13001.50033313,18.09984644,36.59300447,10.70569618,3.50355993,3.13858818,2.35757169,32.94032223,6.78214127,32.40418715,2624.4557135,40.55004227,3733.67582285,39.48115712,12596.68921902,36.32753718,25411.06397877,119.67611339,2.73431907,611.01841807,2.70057523,611.01841807,111.15651235,250.20340115,18.09984644,25.47756087,
2024-06-26,3.6725,70.67041532,93.59621439,386.38584768,1.79101537,863.61696244,909.2055522,1.50459948,1.79,1.70051004,1.82531684,2.0,117.57196727,1.82531684,0.376,2875.07551057,1.0,1.3546482,6.90081946,5.45245903,1.0,83.44172727,13.51007536,3.27047006,2.02308808,1.36604989,2840.41025087,0.89521543,941.1351312,7.26283042,4093.90678663,523.27148214,23.97482648,102.91164775,23.17414661,177.92963293,6.96145153,59.09562836,134.67893871,48.37898808,15.0,57.42225388,0.93326968,2.25732791,0.78822028,0.78822028,2.81694065,15.17318231,0.78822028,67.92010983,8600.40264459,7.75693392,208.57267456,7.81033496,24.71279667,132.85489684,369.53560578,16411.98760387,3.74541515,83.44172727,1309.86485239,42217.39983373,139.15100243,155.67430873,0.709,159.78214549,128.33847835,86.58794096,4117.11642136,459.13858523,900.00852789,1390.89646499,0.306683,0.82181361,465.90736457,22072.29169423,90593.00884134,305.53244681,194.55817242,18.25469119,4.87527507,9.92667472,17.86809878,4476.30302646,57.43439662,2097.79051403,3396.9814678,8.04464501,39.36477196,46.82513145,15.43200837,1733.17566847,18.14176918,4.70884746,63.60104937,18.25469119,1526.96044969,36.80677337,10.61602224,133.56934492,1.63360292,0.38485346,1.0,3.81607835,3.86370335,58.79008916,278.75915888,4.01220522,7531.56029529,3.64,4.64214106,109.25520129,88.99329765,1312.55004145,3.75,8.33579273,14.03876166,600.76431355,10.51091615,1.3546482,0.78822028,22.58596497,571.26332226,30.93495834,1549.28883588,22.97201792,13001.49548993,18.25469119,36.75810944,10.68789791,3.50439561,3.1420692,2.35727196,32.98570989,6.78351909,32.47197791,2629.69102674,40.59161446,3705.83448143,39.64425453,12616.11639604,36.31928666,25426.91842652,119.74393306,2.73420189,612.18478031,2.70187819,612.18478031,111.36869705,250.19551283,18.25469119,25.79941521,
2024-06-27,3.6725,70.74493663,93.85621496,386.44618549,1.79146065,865.71991482,910.89891139,1.50417942,1.79,1.69925947,1.83077989,2.0,117.56318161,1.83077989,0.376,2878.24871043,1.0,1.35842393,6.90345923,5.52400057,1.0,83.5832491,13.53333796,3.27084682,2.02222498,1.37043211,2849.19423051,0.89731866,947.97824938,7.2665049,4143.64684841,523.06020182,23.97432966,103.21965552,23.32268033,178.05109608,6.9822907,59.02867866,134.93757648,48.04773686,15.0,57.74842852,0.9360629,2.26708119,0.79231985,0.79231985,2.8350214,15.23737731,0.79231985,68.02928136,8600.70220009,7.76112882,208.68941189,7.80866535,24.73107754,133.16091387,371.56505407,16424.3307297,3.75357828,83.5832491,1309.98256805,42184.12305,139.39989663,155.83252666,0.709,160.62072988,128.53305951,86.47263759,4108.89292192,460.51275672,900.03223574,1391.37209981,0.3068661,0.8213324,464.04052424,22111.99598476,90835.69179859,305.47216795,194.51641224,18.17888407,4.86892477,9.9473056,17.87247981,4480.86774438,57.60026828,2097.84031433,3395.83077666,8.04292532,39.51605019,46.99892377,15.41948304,1731.47596953,18.32715705,4.72100064,63.61738093,18.17888407,1524.09317637,36.7744652,10.68033524,133.79588599,1.64574536,0.38473554,1.0,3.81557086,3.84607964,58.88493449,278.89122816,4.04039685,7548.98497539,3.64,4.65884501,109.56776317,90.02150192,1319.67249427,3.75,8.27185161,14.22708084,600.66488559,10.58094237,1.35842393,0.79231985,22.60540685,571.14043922,30.98876313,1549.30964288,22.98947174,12994.25626782,18.17888407,36.97167364,10.65378063,3.50353541,3.1440469,2.3586809,32.8608968,6.7938971,32.60163492,2631.05700488,40.63987975,3714.59962928,39.34475602,12634.96722699,36.33124749,25483.92729872,119.4982361,2.74009401,614.01700896,2.70170029,614.01700896,111.70201621,250.21942857,18.17888407,25.89957349,
2024-06-28,3.6725,71.03658187,93.72825778,386.78246633,1.79150385,863.67017341,910.91953057,1.50933274,1.79,1.70083645,1.82889273,2.0,117.54802418,1.82889273,0.376,2876.03764141,1.0,1.3592812,6.90698742,5.50257914,1.0,83.47303741,13.54926586,3.27070877,2.02242038,1.372753,2858.10126378,0.89941649,954.88733631,7.26889744,4174.50640976,522.96863666,23.98725755,103.11325708,23.44368949,177.96906071,6.9748464,59.029483,134.70973491,48.03253983,15.0,57.73628809,0.93509801,2.25068547,0.79184974,0.79184974,2.8018785,15.24531651,0.79184974,67.95562942,8592.16268458,7.76718168,208.83286896,7.80849221,24.74498852,133.16125066,370.8730405,16408.76614775,3.75912873,83.47303741,1310.15207554,42232.1117636,139.24059411,156.00135834,0.709,161.02356821,129.35490374,86.45103658,4105.40107148,460.03806187,899.96769722,1387.59306969,0.30683484,0.82151021,466.84308287,22130.85576484,91057.01551369,305.84485392,194.46121268,18.51262437,4.87149714,9.95025231,17.89909526,4474.38296234,57.48576138,2097.95233192,3396.9723246,8.04274697,39.51311537,46.93322692,15.41980667,1732.24147222,18.51450029,4.72112877,63.68428736,18.51262437,1524.57121848,36.78481842,10.68280584,133.61946463,1.64831991,0.38475393,1.0,3.83194079,3.8480059,58.68027904,278.47759085,4.03359724,7551.14264719,3.64,4.65595975,109.45440576,87.95056962,1320.49476467,3.75,8.32214713,14.01212596,600.60906567,10.64857078,1.3592812,0.79184974,22.59007063,570.97262734,30.96616963,1549.16136489,22.94896386,12994.25620176,18.51262437,36.88648285,10.65749522,3.50356786,3.14263889,2.35779115,32.90952988,6.7926453,32.5683255,2623.64986207,40.53720974,3712.23988377,39.40219914,12549.76638476,36.35654673,25519.36598725,119.97937234,2.73663186,613.3840825,2.70170137,613.3840825,111.58687418,250.22365531,18.51262437,25.74244799,
2024-06-29,3.6725,71.05139124,93.68014429,386.18495685,1.78744958,854.03268963,910.50025212,1.49574113,1.79,1.7000415,1.82567154,2.0,117.50651934,1.82567154,0.376,2874.01963027,1.0,1.35621433,6.90694551,5.59377948,1.0,83.3660739,13.56994365,3.27472947,2.02425796,1.36858539,2847.83485877,0.90265004,946.89219523,7.26729989,4149.93045631,522.9408219,23.99784755,102.93164551,23.36854801,178.36907844,6.96191428,59.06288655,134.64090695,47.98294346,15.0,57.73800263,0.93345103,2.23754682,0.79079452,0.79079452,2.83119251,15.22873951,0.79079452,67.75405348,8609.4575258,7.76729652,208.82118092,7.80826687,24.74570065,132.66652034,368.77989473,16358.49700093,3.76577421,83.3660739,1309.47139742,42096.7694859,138.78703654,155.99454834,0.709,160.897117,129.4168707,86.44539321,4108.04773998,459.22780487,900.00402499,1381.36366929,0.30677852,0.82000574,473.60112803,22042.12855495,89637.36196786,306.00705973,194.36910368,18.17192863,4.87193911,9.93528073,17.91560749,4477.67249668,57.43195482,2098.56100448,3386.23332005,8.04251488,39.45600858,47.1670368,15.1547422,1731.81054834,18.31366252,4.71797907,63.6549026,18.17192863,1534.4601756,36.80375721,10.65258246,133.44824279,1.64179958,0.38491587,1.0,3.81331148,3.84540359,58.4162012,278.41681567,4.0249235,7538.51377965,3.64,4.64557758,109.26202426,85.66279434,1325.11672224,3.75,8.23045082,13.8512723,600.84927881,10.60110092,1.35621433,0.79079452,22.50474963,570.92154705,31.36515633,1550.29418901,22.8972875,12994.28137337,18.17192863,36.701443,10.67441665,3.50355523,3.14874543,2.3365701,32.71676012,6.79295076,32.51929752,2627.05998681,40.55368448,3742.20485232,39.39000299,12556.67202699,36.40249902,25445.32288481,118.85424284,2.73153895,612.30373983,2.70243603,612.30373983,111.39033817,250.36129857,18.17192863,25.41818505,
2024-06-30,3.6725,71.05785749,93.74865384,388.19686818,1.78730458,853.69744017,911.00249681,1.49864917,1.79,1.70000098,1.82531223,2.0,117.6052452,1.82531223,0.376,2875.56693753,1.0,1.35604652,6.93491708,5.59559868,1.0,83.36286772,13.56832865,3.2750001,2.01530732,1.3683024,2846.85009766,0.89907973,940.87374879,7.26730738,4148.14934246,529.92738442,23.91534409,102.91138761,23.4222274,178.38290668,6.96032959,59.02062907,135.00608183,48.03032881,15.0,57.73802114,0.93326732,2.23754688,0.79072493,0.79072493,2.81010008,15.18274528,0.79072493,67.75404067,8565.33702644,7.76992594,208.98285144,7.80840514,24.75507769,134.68005611,368.62305129,16376.02327489,3.76938023,83.36286772,1310.27378146,42002.5854327,139.08515489,155.5916412,0.709,160.8830954,128.88115163,86.44540405,4110.65624291,459.13742459,900.0,1381.21594766,0.30770078,0.82000362,473.30756125,22147.37639648,90154.04038278,306.01968795,194.55738515,18.18349835,4.87359999,9.96200894,17.81000256,4481.99649132,57.55000172,2095.73822182,3386.47740416,8.0426573,39.78995987,47.10041634,15.4599966,1733.25775227,18.34159529,4.71726912,63.63006257,18.18349835,1509.02088446,36.62446287,10.6542109,133.4431105,1.64301679,0.38510206,1.0,3.83700199,3.8454045,58.48476691,278.24576098,4.02687481,7569.79379735,3.64,4.64816048,109.4125671,85.74921478,1306.91977976,3.75,8.23045082,14.7477742,598.81252266,10.60044382,1.35604652,0.79072493,22.50489118,570.92183161,30.85000618,1549.98907677,22.90081872,13001.49540866,18.18349835,36.79206688,10.67436067,3.50146013,3.14000652,2.33642439,32.97454989,6.80172258,32.54936138,2652.5098819,40.6546316,3706.88063515,39.50528244,12557.66991458,36.39301745,25449.08948807,118.84976555,2.73149709,612.18323279,2.70000008,612.18323279,111.36841552,250.23301031,18.18349835,24.10109692,
2024-07-01,3.6725,71.05192807,93.6445564,386.15528347,1.79153295,865.3403975,906.88402679,1.49847318,1.79,1.70105321,1.81775221,2.0,117.14723718,1.81775221,0.376,2876.27444328,1.0,1.35459224,6.90862413,5.59353819,1.0,83.36704112,13.45532781,3.27027054,2.01443257,1.36666937,2861.1457344,0.89911186,951.93109596,7.26733074,4150.51264799,523.21548355,23.98253762,102.48515292,23.28127539,177.92451184,6.93191216,58.9643304,134.29909652,47.82026483,15.0,57.72199642,0.92940195,2.25914052,0.789604,0.789604,2.80490721,15.21569594,0.789604,67.91568474,8618.96657059,7.76687465,208.79281951,7.80899293,24.74641309,132.75151458,367.04497047,16355.37462455,3.76714538,83.36704112,1309.64036746,42374.53044971,138.20726679,155.99897599,0.709,160.92191134,129.04594784,86.44712445,4105.01019933,457.23578569,900.02681368,1378.34244997,0.30683231,0.82091251,473.58003227,22139.43940056,90875.77044108,304.98860627,193.96337084,18.07466649,4.870105,9.96628905,17.91435652,4476.25850101,57.42261521,2097.89529563,3397.96263307,8.04326272,39.53349485,47.16213634,15.42641796,1731.81475502,18.27566741,4.71719561,63.62716284,18.07466649,1527.56924376,36.79521311,10.65165989,133.44979107,1.63869833,0.38500487,1.0,3.84279582,3.84615432,58.47516147,278.06606112,4.01607483,7551.95809044,3.64,4.62619672,108.91657607,88.14164673,1323.90000013,3.75,8.27228558,13.98810752,600.85982511,10.55763557,1.35459224,0.789604,22.47681325,570.27359077,30.77877688,1549.39242272,22.90442215,13001.49999924,18.07466649,36.73222455,10.67434536,3.50347017,3.14697613,2.3606817,32.75091008,6.7912869,32.46883788,2637.19574158,40.56025918,3706.94848209,39.44233033,12519.60940071,36.39972236,25432.04031596,119.41515951,2.73621838,609.64771426,2.70108431,609.64771426,110.90715382,250.21852496,18.07466649,23.95991754,
2024-07-02,3.6725,71.04439514,93.41373434,386.30441789,1.79175194,870.59448913,913.42035769,1.50485402,1.79,1.70048726,1.82209345,2.0,117.643982,1.82209345,0.376,2875.60099968,1.0,1.35812278,6.90616315,5.65664514,1.0,83.47430254,13.56779437,3.27045304,2.02332464,1.37463285,2840.7852236,0.90348771,946.94166059,7.2683878,4135.86335617,527.14511427,23.98166342,102.72991244,23.43657243,177.82533792,6.94872876,59.02719506,134.6831053,48.29335002,15.0,57.75194096,0.93162159,2.25756292,0.79125151,0.79125151,2.79711515,15.32664569,0.79125151,67.99160933,8614.69349379,7.76806137,208.80121903,7.81179036,24.74851302,132.83928242,367.75569474,16378.13741106,3.76062307,83.47430254,1309.63850202,42208.62358379,138.91888656,155.85795832,0.709,161.55671273,128.44111518,86.35122561,4116.71944617,458.32777619,900.00906567,1387.25283902,0.30659993,0.8216185,474.699627,22088.95242102,91119.05827972,305.64830497,194.59789889,18.38800438,4.87917183,9.96863471,17.91310938,4480.02011478,57.30308679,2098.02990499,3400.8435369,8.04614407,39.61639718,46.78500803,15.42230306,1732.5072707,18.3916529,4.71693372,63.81044172,18.38800438,1513.0988044,36.82029546,10.66952269,133.62148979,1.65241619,0.38501679,1.0,3.84131417,3.84611809,58.77402097,278.97815324,4.02182682,7527.35431028,3.64,4.63732407,109.07467041,88.17613619,1306.15808364,3.75,8.27044787,13.87304497,600.76862881,10.62654178,1.35812278,0.79125151,22.51386984,570.38448249,30.78362917,1549.25072908,22.89964159,13001.48621364,18.38800438,36.77565582,10.65524149,3.50315579,3.13996171,2.36479247,32.6672182,6.77951574,32.63247375,2664.19303273,40.5546926,3712.80616582,39.56881165,12591.2565036,36.40972818,25557.7496922,120.00643395,2.7461393,611.10370158,2.70168945,611.10370158,111.17202713,250.36083505,18.38800438,24.01177916,
2024-07-03,3.6725,71.06896761,93.37900996,385.93935731,1.79004598,870.49055393,913.99689197,1.49974952,1.79,1.700669,1.8200904,2.0,117.30658473,1.8200904,0.376,2875.40687202,1.0,1.35708962,6.90174461,5.67719603,1.0,83.49221784,13.62601484,3.27086127,2.01467426,1.36777985,2842.12381449,0.90398393,947.22398518,7.27116584,4125.40226802,525.59204482,23.92385852,102.61698035,23.40898035,177.98057884,6.9411976,58.99500234,134.6433159,48.16339197,15.0,57.80043213,0.93059745,2.26552499,0.78818334,0.78818334,2.79691219,15.31951127,0.78818334,67.93991354,8606.83031067,7.75076723,208.31480954,7.81362565,24.71093943,133.11605358,367.44237822,16381.96405976,3.77085675,83.49221784,1309.70990739,42050.5784129,138.75455316,155.9769233,0.709,161.58397727,128.81895922,86.12885765,4110.75336535,457.82393157,899.99944372,1389.07747745,0.30681857,0.82081148,473.84975702,21977.87885078,90892.6470127,304.88428994,194.27561756,18.60502263,4.86284564,9.97589584,17.89595914,4476.07421306,57.23252447,2098.14432251,3398.27422188,8.04803442,39.58746823,46.80010739,15.43035079,1732.28416928,18.27129224,4.71795789,63.65636152,18.60502263,1518.38241796,36.72691743,10.66938742,133.65016771,1.64452132,0.3847071,1.0,3.82251503,3.84617804,58.77078448,278.80387742,4.00668848,7534.28011389,3.64,4.63136138,108.91267785,89.1469926,1310.64364444,3.75,8.27167286,13.87101399,600.5810715,10.57324847,1.35708962,0.78818334,22.59490429,569.85052463,30.46791663,1549.25159567,22.87363458,13001.49760368,18.60502263,36.85264789,10.64789706,3.50345692,3.14168364,2.3566711,32.55296986,6.76769574,32.64247092,2641.6753308,40.72003882,3697.6246591,39.94727274,12555.62269611,36.41625362,25365.3150631,119.42808083,2.73776226,610.43190876,2.70084,610.43190876,111.04981453,250.19909732,18.60502263,24.03043474,
2024-07-04,3.6725,71.22172326,93.01639245,388.2462991,1.79067583,869.78686401,913.76065169,1.48980608,1.79,1.69994639,1.81268613,2.0,117.13559931,1.81268613,0.376,2873.52888388,1.0,1.35284214,6.89396827,5.55691797,1.0,83.49151175,13.65053107,3.26997078,2.01438614,1.36343974,2841.46790788,0.90092803,941.89084117,7.26999739,4103.25610316,525.37787717,23.95235424,102.19952621,23.30318185,177.99073295,6.91335707,58.88168309,134.3387721,48.14405559,15.0,57.57923791,0.9268117,2.23307237,0.78444174,0.78444174,2.7929131,15.32760886,0.78444174,67.89289719,8592.42175755,7.75371943,208.37525668,7.81105025,24.71620726,132.32776261,365.72389026,16336.88324545,3.75861694,83.49151175,1309.32095189,42375.81009885,138.19175825,155.97271418,0.709,161.42251688,129.07204416,86.05955513,4101.98973931,455.96146696,899.95135756,1382.08037856,0.30638603,0.82083684,474.11438356,22145.30282009,91253.8780106,303.41739635,193.78548943,18.42027941,4.85657969,9.94054734,17.83723015,4613.03693241,57.03328586,2098.60161591,3401.72142097,8.04538175,39.42348924,47.05234091,15.33528423,1731.83937796,18.17393084,4.71042264,63.86655541,18.42027941,1530.11708891,36.69426701,10.55510545,133.64903744,1.63674389,0.38499341,1.0,3.80391336,3.84890137,58.63305913,278.49676529,3.98476591,7520.20296084,3.64,4.61284023,108.46806795,89.52252679,1313.9565738,3.75,8.32068319,13.88057662,600.95572289,10.48714212,1.35284214,0.78444174,22.52357854,569.0390867,30.60578895,1549.2084323,23.12030261,13001.47175988,18.42027941,36.62336485,10.70258603,3.49349595,3.13322667,2.36289387,32.56657058,6.75834776,32.61143932,2675.91376265,40.6356887,3691.71326872,39.92303915,12561.21377239,36.43167581,25715.70631286,119.20686841,2.72687673,607.94862262,2.70091947,607.94862262,110.59805495,250.22349506,18.42027941,24.14994938,
2024-07-05,3.6725,71.10077236,92.66972608,387.95877893,1.79071975,874.44706799,913.73836311,1.48438576,1.79,1.69994318,1.80797728,2.0,117.34755351,1.80797728,0.376,2878.70044009,1.0,1.35071018,6.89806618,5.48778746,1.0,83.48823141,13.62232203,3.27002563,2.01438714,1.36086831,2840.65410902,0.89942873,937.39310793,7.26687313,4091.58841799,526.40185737,23.96422879,101.93404058,23.23362995,178.02206386,6.89524685,59.03472465,134.34286547,47.98861243,15.0,57.66969009,0.9244041,2.24274107,0.78318969,0.78318969,2.76491787,15.37658808,0.78318969,67.8303454,8593.12748836,7.75702617,208.48757237,7.80834563,24.7303205,132.30355659,363.235603,16331.72329979,3.73919629,83.48823141,1309.59210993,42376.72288806,138.09301929,155.99656703,0.709,160.95410015,128.48937263,86.02366386,4115.97937798,454.77700728,899.97983094,1377.68654621,0.3062092,0.82037129,474.93054189,22083.14243352,91150.06956412,303.74718214,194.1170574,18.25255001,4.86439151,9.89290084,17.83913761,4449.98385347,56.89856611,2098.84298175,3402.3799029,8.042596,39.55350832,47.17349112,15.39417585,1732.31347528,18.08643825,4.70886511,63.86744142,18.25255001,1530.25445309,36.73912169,10.55933866,133.64378642,1.63364083,0.38500025,1.0,3.79356647,3.8489345,58.54609553,278.54404169,3.95984361,7520.62546615,3.64,4.6005963,108.19297533,89.86676151,1309.58459001,3.75,8.32793327,13.73226085,600.96983811,10.49470986,1.35071018,0.78318969,22.52372013,569.91407728,30.50548503,1549.23708443,22.70100291,13001.50020284,18.25255001,36.59644497,10.64638787,3.49354911,3.12178168,2.35469347,32.6494325,6.76115422,32.44882608,2639.99560746,40.50031363,3700.42111972,40.24906623,12641.45083008,36.46726738,25646.36481865,118.97552771,2.72954599,606.36934304,2.70051396,606.36934304,110.3107523,250.21939393,18.25255001,24.32400025,
2024-07-06,3.6725,71.08231052,92.44982772,384.87270377,1.78751802,871.81289644,914.56551445,1.48193655,1.79,1.69999396,1.80381653,2.0,117.33283299,1.80381653,0.376,2873.61282102,1.0,1.3502483,6.90137492,5.46026691,1.0,83.47083584,13.6341223,3.27459399,2.01440934,1.3642101,2856.46742292,0.89595758,936.67338893,7.26827893,4084.64142265,524.5904705,23.9761128,101.69945715,23.19089907,177.9831097,6.88100207,59.05750589,134.15872435,47.94125815,15.0,57.66296326,0.92227675,2.22795228,0.78038744,0.78038744,2.78132576,15.37291953,0.78038744,67.79273539,8604.27825661,7.75726454,208.55531219,7.81346067,24.73095938,132.3233945,362.106176,16248.15671801,3.69384075,83.47083584,1309.44081482,42157.7506121,137.753211,156.03681228,0.709,160.74322959,127.33382351,85.90001352,4119.46097418,453.73041725,899.96476324,1377.51529425,0.30614985,0.8199546,477.92960503,22065.29580848,89628.4834001,304.32300306,194.12827654,18.17491925,4.86259541,9.91260438,17.81279042,4470.89405062,56.85893128,2098.44312231,3385.93643446,8.04786449,39.60612291,46.78920026,15.40019003,1732.02987032,18.10831455,4.71190964,63.76821622,18.17491925,1526.83176618,36.78685028,10.54605397,133.61594047,1.62735372,0.38488869,1.0,3.80585448,3.82053706,58.52228363,277.95029985,3.95205208,7527.08765619,3.64,4.59377107,107.97118773,87.92507979,1315.91520632,3.75,8.43277632,14.15613801,600.79629028,10.4663451,1.3502483,0.78038744,22.529661,570.03203918,30.50618396,1550.85413559,22.59370188,13001.81927498,18.17491925,36.42786011,10.65488025,3.5034587,3.11802482,2.32964899,32.66975156,6.76052545,32.40736134,2650.66070689,40.54462775,3693.04143681,40.17402956,12624.58353943,36.46516304,25504.00678597,118.27908649,2.72559525,604.97388967,2.70239484,604.97388967,110.05689133,250.35900983,18.17491925,24.2726009,
2024-07-07,3.6725,71.08901992,92.44848138,384.87126756,1.78730614,871.15115554,915.00408036,1.48165433,1.79,1.69999963,1.8028537,2.0,117.6176295,1.8028537,0.376,2880.59170315,1.0,1.34888844,6.93487529,5.45895464,1.0,83.50190533,13.63601614,3.27494757,2.0151964,1.36401686,2846.66992201,0.89586072,937.25284803,7.26797985,4089.6471358,530.8039977,23.89301462,101.64517212,23.28774678,178.31835109,6.88216757,58.99005671,135.15390816,47.98635729,15.0,57.66300245,0.92178446,2.25847654,0.78064799,0.78064799,2.76130009,15.30269138,0.78064799,67.75045804,8609.58918419,7.76307247,208.98436497,7.813396,24.76712754,134.28154145,362.08505581,16292.67686628,3.69773457,83.50190533,1310.41888556,42002.63071204,138.21820197,156.66911724,0.709,160.69866182,128.12523959,85.90000154,4114.83405128,453.48822549,899.99995965,1377.35067147,0.30605256,0.82000576,479.13693646,22165.3609437,90474.1812194,304.31996546,194.74518728,18.15964231,4.8590003,9.87259684,17.68000381,4484.50159243,56.99999628,2096.03411547,3386.04769061,8.04779788,39.82000009,47.12062261,15.45999842,1733.19185943,18.10916593,4.70838663,63.70509264,18.15964231,1505.44897897,36.62443222,10.55098008,133.66567495,1.62750927,0.38504652,1.0,3.797092,3.79710624,58.54416379,278.31928454,3.95111687,7570.40464109,3.64,4.59435273,108.08156049,88.00746368,1308.68595355,3.75,8.43528418,14.76726922,598.91252605,10.37445568,1.34888844,0.78064799,22.5300904,571.0694893,30.00001374,1550.02632232,22.64829255,13001.98298146,18.15964231,36.50912329,10.65479141,3.50000137,3.12149203,2.32939151,32.63041175,6.75540713,32.43378186,2652.51343939,40.63074396,3695.77592771,40.04961373,12624.99999983,36.46517666,25416.12963092,118.27218357,2.72551233,604.65096732,2.69999993,604.65096732,109.99814527,250.23305443,18.15964231,24.55130796,
2024-07-08,3.6725,71.08099327,92.49179222,386.33613046,1.79235266,879.15115062,913.76990317,1.48261832,1.79,1.69995842,1.80676143,2.0,117.52673371,1.80676143,0.376,2876.56981023,1.0,1.34902372,6.89743007,5.47302335,1.0,83.49031181,13.56995302,3.27005361,2.0242188,1.3640114,2860.19888378,0.89563084,935.69084735,7.26792597,4086.28062697,528.89277168,23.94998929,101.86549067,23.22639722,177.77536174,6.89089836,59.05520822,134.22226589,48.05693583,15.0,57.68178881,0.92378245,2.2492394,0.78088261,0.78088261,2.73992071,15.39626048,0.78088261,68.04666691,8614.55984204,7.7583838,208.53631042,7.81183651,24.72452364,132.21564178,363.12721011,16265.2331936,3.69345018,83.49031181,1309.91367434,42324.15614218,137.9273459,156.01197907,0.709,160.65479111,127.54132858,85.89968644,4110.27490919,454.47117299,900.03020739,1378.90088232,0.30619323,0.82156189,478.72799205,22074.80842004,90437.49532104,304.81226947,194.06792876,18.17764808,4.86264879,9.87211474,17.77658656,4472.34075524,56.83895572,2098.83419556,3400.41612398,8.04619161,39.57161243,46.77988478,15.40433845,1731.34637612,18.08134846,4.71035201,63.86628433,18.17764808,1543.35645156,36.72802323,10.56527453,133.64711664,1.62861822,0.38528748,1.0,3.79709693,3.85055189,58.57987725,277.98035294,3.96066333,7518.98552454,3.64,4.59682637,108.15433712,89.44942507,1316.68531688,3.75,8.32062299,14.24855296,600.98803852,10.50022364,1.34902372,0.78088261,22.49991975,570.10488626,30.21874658,1549.30136157,22.68013304,13001.73761458,18.17764808,36.43338519,10.65522041,3.50356128,3.13189208,2.35455105,32.6778366,6.76102293,32.46386397,2674.66847186,40.55186316,3699.58949459,40.31121362,12637.2023437,36.32457811,25621.2499135,118.83026804,2.72525312,605.96156398,2.70178453,605.96156398,110.23656911,250.39670093,18.17764808,24.53087269,
2024-07-09,3.6725,71.07818614,92.56299905,386.03733881,1.79197469,882.10947576,917.21304216,1.48349891,1.79,1.6999377,1.80606918,2.0,117.53203113,1.80606918,0.376,2875.27345183,1.0,1.34984154,6.89914898,5.4721152,1.0,83.4747273,13.52890036,3.27015394,2.02390456,1.36336818,2860.68681388,0.8980994,940.01699101,7.26840004,4047.96784548,528.89542468,23.97486644,101.82646165,23.26088011,177.83523222,6.88786395,59.13399138,134.30170985,47.93099083,15.0,57.76892952,0.92342851,2.2519295,0.78082334,0.78082334,2.74510307,15.38330934,0.78082334,68.02619078,8625.80712528,7.75945491,208.61016476,7.80968602,24.73414979,132.27087852,364.50968527,16283.53799213,3.67888473,83.4747273,1309.40973876,42256.69377781,137.69017202,156.01685001,0.709,160.94548674,127.53653546,85.76736431,4117.9721111,454.29704569,899.99842117,1382.52535104,0.30602497,0.82166893,480.16086405,22119.2806691,90824.16298563,304.56577281,194.52070614,18.10918782,4.86027914,9.86014423,17.77333267,4482.11436831,56.81968678,2098.27627993,3398.62166159,8.0439766,39.7170464,46.73221496,15.39498388,1732.19489518,17.99909233,4.71027311,63.86671839,18.10918782,1540.71856119,36.8058945,10.6073185,133.62216973,1.63231609,0.38490286,1.0,3.79067627,3.85558502,58.53754979,278.56543043,3.94177065,7527.32500201,3.64,4.59347096,108.07300287,88.82205372,1312.50851508,3.75,8.31901312,13.82829396,600.91284576,10.580181,1.34984154,0.78082334,22.54734015,570.96344505,30.21046706,1549.2859469,22.70929286,13001.85557984,18.10918782,36.44495259,10.64969462,3.49340766,3.12706081,2.35466473,32.72210356,6.76186651,32.4803894,2674.18464412,40.65019661,3709.29902766,39.98307025,12648.95150794,36.44299495,25550.33243792,118.80129511,2.72738489,605.72939426,2.70171009,605.72939426,110.19433278,250.39599398,18.10918782,24.63760214,
2024-07-10,3.6725,71.11590184,92.78862893,386.54220307,1.78959625,878.81963245,917.25712566,1.48428451,1.79,1.70152435,1.8086061,2.0,117.60803282,1.8086061,0.376,2879.47315541,1.0,1.35081239,6.9151976,5.41831021,1.0,83.49568327,13.54258189,3.27141514,2.02118981,1.36343226,2860.53502302,0.89792039,934.40405525,7.27258365,4010.70744725,531.18060856,23.98404133,101.96949372,23.37432722,178.1871091,6.89845917,59.10646282,134.42098743,48.06886002,15.0,57.76639063,0.92472562,2.25167975,0.78200948,0.78200948,2.75167515,15.38468137,0.78200948,68.06759811,8622.44054732,7.76132584,208.87973218,7.81204904,24.76338841,132.86587624,364.47360049,16283.76845691,3.67446138,83.49568327,1309.96902061,42223.72474801,137.88143671,156.62074608,0.709,161.52693828,127.76880239,85.6449989,4115.27488915,454.93518087,900.02294819,1386.94745123,0.30628892,0.82038567,480.29882382,22114.5310465,90570.65484308,304.18512294,194.69625649,18.1555623,4.85530085,9.85326309,17.76471049,4499.59743467,56.86039681,2097.14873372,3397.11387194,8.04641051,39.69275944,46.73464501,15.38793876,1732.28628383,17.89355925,4.70918977,63.80074235,18.1555623,1540.55120884,36.77533571,10.60843406,133.655715,1.63172452,0.38501302,1.0,3.78586869,3.85599211,58.47530378,278.5822021,3.93582906,7544.34627319,3.64,4.59826593,108.21889846,88.62534689,1308.88115868,3.75,8.31897826,14.27603268,600.4380813,10.55536824,1.35081239,0.78200948,22.53510589,570.97355724,30.06454463,1549.18851971,22.67005033,13001.76093685,18.1555623,36.42667724,10.65770383,3.49437148,3.13046469,2.34858777,32.9170729,6.75873757,32.62268819,2670.20552232,40.71203729,3706.41162646,40.04899988,12650.31060843,36.45421724,25560.07438724,118.60454824,2.7144249,606.58024116,2.70119691,606.58024116,110.3491189,250.34223118,18.1555623,24.76799598,
2024-07-11,3.6725,71.03029786,92.57880302,385.98813742,1.78987671,880.00519206,918.66954434,1.48133839,1.79,1.70097072,1.80529735,2.0,117.40702206,1.80529735,0.376,2880.81627692,1.0,1.34865189,6.9071572,5.41738968,1.0,83.49270419,13.52958535,3.27079118,2.01441149,1.36235979,2861.54283749,0.89916839,912.53034209,7.27590182,3969.30297985,529.78593891,23.98872213,101.7829457,23.4442575,178.06622933,6.88575287,58.96707532,134.35624881,48.0033674,15.0,57.69199904,0.92303388,2.25664716,0.77817113,0.77817113,2.73974893,15.37163687,0.77817113,67.80869572,8618.4737977,7.76223313,208.86659643,7.80974648,24.76409889,132.66766641,363.31669082,16214.42572385,3.65932239,83.49270419,1309.46999045,42283.44931101,137.63167172,156.71545212,0.709,161.64279546,128.91755898,85.49166593,4102.59618108,454.10290002,900.00691184,1383.05989609,0.30600918,0.82036387,477.33804125,22141.01847922,90493.98999278,303.41947972,194.40781847,18.12396063,4.84651238,9.83886863,17.78020313,4498.28234432,56.8874698,2097.71530806,3396.5498313,8.04403888,39.60335008,46.87517776,15.42001499,1733.46841827,17.83397851,4.69767392,63.81670276,18.12396063,1578.37965574,36.73735435,10.71582471,133.65094623,1.64345951,0.38474623,1.0,3.78382991,3.85787531,58.29870498,278.55168406,3.93499149,7555.39359142,3.64,4.59098889,108.02263823,89.86802257,1307.36678741,3.75,8.30863909,14.16339707,600.64863303,10.54494151,1.34865189,0.77817113,22.59417166,570.42418813,29.88825465,1549.24449665,22.63873462,13001.85536797,18.12396063,36.27754935,10.6490958,3.49623853,3.12890623,2.35351108,32.90669326,6.77592482,32.61799243,2676.78909164,40.78853786,3704.39531192,40.01188888,12651.84432131,36.39944233,25581.77588906,118.69988256,2.73226971,605.47053336,2.70050582,605.47053336,110.14724078,250.37403418,18.12396063,25.37269286,
2024-07-12,3.6725,70.94079389,92.37264191,386.07068845,1.7913654,883.13242537,919.24540025,1.48027705,1.79,1.70065584,1.79954256,2.0,117.28399281,1.79954256,0.376,2876.71782829,1.0,1.3436371,6.89998917,5.439631,1.0,83.5346686,13.50402895,3.26995864,2.01440838,1.36337233,2844.15630498,0.89645934,914.25342432,7.25781438,3975.0101438,524.88403177,23.97330497,101.45848973,23.33130449,177.86051463,6.86436178,58.90219189,134.33841607,48.00227619,15.0,57.67775726,0.9200915,2.24344814,0.77472201,0.77472201,2.72990191,15.3781395,0.77472201,67.94581779,8608.89349959,7.75026678,208.669428,7.80687443,24.73677027,132.09807042,362.29401931,16121.84645476,3.63897625,83.5346686,1309.55494498,42345.24035587,137.38037418,156.69283061,0.709,159.28019589,129.74724446,85.31090345,4094.95490842,452.65534517,900.00427919,1376.20333576,0.30565907,0.82104829,474.65386722,22087.64101201,90794.87752074,302.41491777,194.66238572,18.00209955,4.84637239,9.82477132,17.73179474,4479.84161901,56.55373393,2099.05475774,3401.61923206,8.04108066,39.4898913,46.73199423,15.38903283,1733.54290796,17.76209482,4.67081968,63.86726086,18.00209955,1593.89773462,36.74265848,10.73440118,133.71812076,1.64544093,0.38497192,1.0,3.76050259,3.85616516,58.25654014,278.04262392,3.92733928,7534.39900438,3.64,4.57702573,107.67578197,89.88913615,1316.64115072,3.75,8.31516941,13.55093495,600.97657653,10.52065891,1.3436371,0.77472201,22.60219643,569.84057185,30.09467469,1549.08989403,22.58150996,13001.85515247,18.00209955,36.16393298,10.64947106,3.50361037,3.12813142,2.35630437,32.97747691,6.78593983,32.5012545,2652.63825106,40.95532254,3697.92758851,39.82535511,12621.50288175,36.48465881,25566.3358239,118.71842656,2.7282804,603.54046023,2.70106963,603.54046023,109.79612175,250.20959784,18.00209955,25.33003153,
2024-07-13,3.6725,70.83028721,92.1870869,387.99413014,1.78739039,873.49647531,919.00414824,1.47524863,1.79,1.70127887,1.79328193,2.0,117.62371377,1.79328193,0.376,2879.67258608,1.0,1.3411775,6.91200104,5.43188778,1.0,83.52389294,13.4769297,3.27471124,2.0152286,1.3634991,2846.45458318,0.89471312,905.61834605,7.2500494,3933.33871721,524.10994756,23.99011423,101.10551468,23.21838945,178.03737345,6.841841,59.06434195,134.89514785,48.00331076,15.0,57.70566263,0.91689049,2.24677171,0.77037211,0.77037211,2.72250791,15.3426499,0.77037211,68.35432149,8566.13420898,7.75834563,208.98309001,7.80777551,24.76900069,134.33303748,359.25000555,16147.32447809,3.61030568,83.52389294,1310.29144262,42002.59230187,137.09933169,156.21354439,0.709,157.9677612,128.88129715,85.30331165,4099.92414692,451.08055291,900.01861419,1374.85242977,0.30640035,0.82005576,473.43997276,22192.38357444,89550.57010266,301.65464988,195.31623858,17.95694803,4.84893941,9.80888645,17.63240665,4506.23726414,56.39013329,2095.80853078,3386.28468073,8.04200877,39.82703512,46.65025034,15.46000256,1733.39873548,17.62430887,4.66901669,63.66133383,17.95694803,1545.83818316,36.63961422,10.73544635,133.70087163,1.63425506,0.38504743,1.0,3.73358619,3.86621325,58.4083292,278.55574735,3.89858939,7569.3078939,3.64,4.55866423,107.49729867,87.85045078,1309.21168441,3.75,8.4402424,14.96848485,599.10004752,10.56470668,1.3411775,0.77037211,22.48502469,571.40670473,29.72473255,1551.30472405,22.55025697,13001.84167669,17.95694803,36.11856358,10.66543495,3.49984305,3.09310476,2.32938627,33.03030314,6.80005246,32.52646775,2652.51001365,40.98877217,3700.81260814,40.0745307,12639.55545553,36.47853132,25414.94994638,118.04991361,2.724798,601.44073721,2.70052295,601.44073721,109.41413999,250.22650088,17.95694803,25.7516435,14.06356347
2024-07-14,3.6725,70.78657903,92.17421581,387.99999922,1.78730635,872.61907342,919.0005996,1.47581606,1.79,1.70003604,1.79179954,2.0,117.38657643,1.79179954,0.376,2880.85033152,1.0,1.3413067,6.90996276,5.42943174,1.0,83.54006579,13.47709589,3.27499348,2.01519669,1.36356552,2846.4699707,0.89478429,905.63448612,7.25476867,3943.39652938,523.53242826,24.00003575,101.02193711,23.22658588,178.238177,6.84114627,59.09056764,134.89561444,48.00472924,15.0,57.70566263,0.91613256,2.24677171,0.77045615,0.77045615,2.72740006,15.34262838,0.77045615,68.35432149,8560.82915529,7.75777333,208.98444721,7.8077363,24.76902003,134.33393115,359.35385621,16142.30065815,3.62212588,83.54006579,1310.38349754,42002.61840948,137.09934678,156.2045332,0.709,157.85070619,128.88159427,85.30000473,4099.37421265,450.70767299,900.00151502,1375.84938262,0.30640046,0.8200054,473.45035189,22199.28868139,89550.00000002,301.6544544,195.31489519,17.95071886,4.84879971,9.80881016,17.63000107,4505.80061983,56.38999939,2095.95372179,3384.06164123,8.04196838,39.82971082,48.95294536,15.46000004,1733.27782879,17.61987319,4.67073124,63.78458722,17.95071886,1533.5811158,36.62435197,10.74230837,133.72676031,1.63421147,0.38504685,1.0,3.73358086,3.86621393,58.38115744,278.30410855,3.91273407,7571.8507075,3.64,4.56650138,107.52492713,87.85952981,1309.1267973,3.75,8.4402424,14.83269518,598.91247559,10.57281305,1.3413067,0.77045615,22.48503,571.40670473,29.69000054,1550.02235801,22.55028131,13002.01069216,17.95071886,36.14083025,10.66337623,3.49998921,3.09300422,2.32939185,33.06697269,6.80002386,32.5273316,2652.51421047,40.93647423,3700.81772145,40.08846279,12654.10561702,36.47481547,25414.93441246,118.04988229,2.72479844,600.94356399,2.70000217,600.94356399,109.32369421,250.23904871,17.95071886,25.7521314,14.06356347
2024-07-15,3.6725,70.83107104,92.17421581,387.9999995,1.79805548,882.318,919.41797536,1.47750954,1.79,1.70002329,1.79629644,2.0,117.62293614,1.79629644,0.376,2880.20568337,1.0,1.34245613,6.92442868,5.42473508,1.0,83.49006014,13.4589502,3.2739342,2.01520436,1.36548373,2845.27070367,0.89602163,910.2110295,7.2500488,3930.7033806,524.28611904,23.9214613,101.27547289,23.2633133,178.11815183,6.85303908,59.02523283,134.6048316,47.94455217,15.0,57.77228893,0.91843178,2.22653236,0.77128278,0.77128278,2.72347604,15.34103308,0.77128278,69.14969981,8595.95900771,7.75945794,208.98346407,7.80842877,24.76906553,134.3335238,360.34289326,16140.2867254,3.6196431,83.49006014,1310.29275497,42002.69964991,136.95558194,156.21048294,0.709,158.10284896,128.76620275,85.30979503,4100.21695107,451.83881863,900.00308835,1381.4947341,0.30640028,0.82350535,473.44550386,22192.34596111,89550.47602051,301.65618338,195.31489519,17.99393576,4.84886807,9.80882101,17.63058695,4506.2026039,56.3903392,2095.81158554,3386.68442383,8.04268163,39.78291817,46.65015568,15.45999632,1733.38761606,17.6881044,4.67764588,63.86423988,17.99393576,1599.26362903,36.6868384,10.74844235,133.64671376,1.63987071,0.38504777,1.0,3.73359267,3.88530768,58.52362699,278.55790413,3.90830404,7569.12212422,3.64,4.55960992,107.47184143,87.76482889,1309.27812365,3.75,8.40048548,14.99283325,598.94870829,10.55613918,1.34245613,0.77128278,22.48504038,571.62029103,29.69710487,1549.29223151,22.70165145,13001.84646052,17.99393576,36.22208643,10.65951831,3.49994237,3.09301485,2.34211572,33.09587407,6.79263564,32.59151703,2652.51433739,41.01022909,3700.01877738,40.07340312,12637.38787655,36.47885825,25414.89505496,118.05039435,2.71467402,602.45175817,2.70492958,602.45175817,109.598065,250.22364243,17.99393576,25.70383377,14.06356347
2024-07-16,3.6725,70.80456264,92.1300982,386.58624422,1.79231658,881.25812322,922.22843509,1.48202777,1.79,1.69995305,1.79554363,2.0,117.7159126,1.79554363,0.376,2880.54191166,1.0,1.34427049,6.90117675,5.44819035,1.0,83.60252125,13.48395989,3.27016447,2.02387922,1.36830954,2819.29189456,0.89577655,909.7315797,7.25909912,3947.95104211,520.70846623,23.96159403,101.23302961,23.30520664,177.85715926,6.84953788,59.16721305,134.36717486,47.94984813,15.0,57.84576711,0.91804688,2.22990687,0.77138337,0.77138337,2.69794777,15.39641958,0.77138337,68.02620632,8603.84386998,7.75214677,208.65836371,7.80671684,24.74286873,132.21003522,359.25214904,16207.71147204,3.61987097,83.60252125,1309.02190983,42320.30184543,136.81758863,156.58210249,0.709,158.51506391,128.98417883,85.30114678,4109.59865294,451.64945863,900.01823102,1386.61267998,0.30560503,0.82153826,473.78489367,22092.7354937,90372.29274384,303.10186687,195.26916326,18.20676809,4.85589319,9.82448259,17.65623278,4501.39703976,56.48015122,2097.88077588,3399.24043893,8.04091834,39.65523474,46.57493492,15.39059473,1734.73945278,17.74421229,4.67514255,63.86453714,18.20676809,1610.40359165,36.78567631,10.8214275,133.82673589,1.64873136,0.38491351,1.0,3.72167825,3.85809028,58.47893952,278.5577836,3.90821251,7528.46179261,3.64,4.56127028,107.43658731,88.89907617,1312.24318389,3.75,8.31385857,14.13557737,600.90431038,10.61454719,1.34427049,0.77138337,22.49805678,571.62598513,29.79551416,1549.29152379,22.66465544,13001.85291509,18.20676809,36.20229828,10.65680237,3.49464797,3.11505037,2.35731736,33.00821095,6.78402566,32.63643373,2675.14599552,41.19105253,3700.90977091,40.10653468,12608.36861759,36.45502344,25545.60060969,118.65735318,2.73008147,602.19927817,2.70178426,602.19927817,109.55213382,250.20544416,18.20676809,25.6666106,13.56310152
2024-07-17,3.6725,70.8743242,92.0240091,386.39649818,1.79023558,882.76153993,922.77489114,1.48496014,1.79,1.70076716,1.79471861,2.0,117.57404219,1.79471861,0.376,2880.62408714,1.0,1.3441256,6.90856776,5.42596662,1.0,83.54370252,13.47871048,3.27057503,2.02199732,1.36795417,2821.26939824,0.89428477,910.3871794,7.26849906,3974.9509027,523.8240915,23.98865794,101.18651452,23.24628992,177.91854189,6.84443384,59.10223048,134.32477586,48.03933442,15.0,57.80462556,0.91762505,2.24628651,0.77102804,0.77102804,2.6950798,15.40442161,0.77102804,67.93515596,8598.17813517,7.75359135,208.73251784,7.80606933,24.75423275,132.38108128,359.88274708,16168.04008729,3.62318287,83.54370252,1310.14751198,42231.66103858,137.00289411,156.20582301,0.709,158.51860955,127.71889981,85.23372935,4103.68014152,451.44193232,899.99684164,1382.79939559,0.30585944,0.82067166,475.1779975,22075.52119855,90523.17802563,303.42440799,195.08307435,18.06328725,4.83872778,9.83514884,17.67185879,4498.38029206,56.45412729,2098.33891773,3399.93062123,8.04025141,39.64169204,46.57376801,15.40650985,1734.42438778,17.66464709,4.67653886,63.8430821,18.06328725,1605.20051423,36.82013594,10.78913149,133.73258181,1.64585752,0.38484043,1.0,3.71839628,3.85973335,58.36527776,278.56335647,3.93057285,7526.93757766,3.64,4.5594119,107.39078106,89.27869351,1310.02760337,3.75,8.30871226,14.00519575,600.76997876,10.5934635,1.3441256,0.77102804,22.50441751,571.19755312,29.68245071,1549.37294107,22.62117332,13001.79747412,18.06328725,35.94463455,10.65420056,3.49427221,3.11297979,2.35635019,33.07568103,6.78605773,32.61828826,2688.57962763,41.27907642,3695.2795261,40.13894274,12599.68778593,36.45887613,25525.43016473,118.80570084,2.73673147,601.92257642,2.70078137,601.92257642,109.50179622,250.21266897,18.06328725,25.88220164,14.0131251
2024-07-18,3.6725,70.8428774,91.75557669,388.18908883,1.79078059,883.49563936,923.080117,1.48801065,1.79,1.69994463,1.78834147,2.0,117.43690264,1.78834147,0.376,2879.28682308,1.0,1.34061869,6.90536581,5.48922157,1.0,83.58320727,13.51512983,3.26996764,2.01430553,1.36829312,2820.27768655,0.88401891,924.45073828,7.26064019,3997.47962358,520.50031522,23.99219687,100.82697081,23.10766136,177.98342337,6.82080245,58.96710555,134.42395045,48.20180079,15.0,57.42504131,0.91436448,2.24032649,0.76897688,0.76897688,2.69482584,15.42630588,0.76897688,67.88276652,8608.93117272,7.75406342,208.80356511,7.80672212,24.76078288,132.06196623,357.48293636,16157.82557477,3.63719981,83.58320727,1308.84499294,42097.2435089,136.69942477,156.27289765,0.709,155.93683501,127.42208063,84.95677996,4105.60432102,449.83783413,899.98565686,1379.26594593,0.30549034,0.82050405,475.17212386,22231.15448811,90146.02544398,303.65505561,194.87714518,18.20636054,4.83201515,9.83027996,17.70173945,4495.99907154,56.24960955,2099.33586012,3402.47098267,8.04092378,39.56215978,46.54296034,15.41273776,1733.90816244,17.71975844,4.66234423,63.86705527,18.20636054,1606.07455526,36.77879723,10.71869751,133.79581903,1.64640703,0.38498174,1.0,3.72515834,3.85913103,58.29339623,278.42544737,3.92469527,7552.33443964,3.64,4.54454055,107.00580258,90.0955013,1308.86049115,3.75,8.32941783,13.70457506,600.98174016,10.54907644,1.34061869,0.76897688,22.5492748,570.55336567,28.88937285,1549.37258434,22.60319265,13001.85513313,18.20636054,36.00072001,10.64562709,3.50352715,3.10360796,2.35856788,33.11008539,6.78508003,32.598593,2674.16514749,41.49932935,3700.12194288,40.13014813,12587.58894804,36.49520696,25369.0892212,118.9210359,2.73375709,599.78377883,2.70055588,599.78377883,109.11270601,250.19534151,18.20636054,26.06006553,13.71773733
2024-07-19,3.6725,70.89851756,92.08249401,387.972545,1.79012929,880.00793027,924.70609955,1.49223976,1.79,1.70005026,1.79605481,2.0,117.80667156,1.79605481,0.376,2884.34706239,1.0,1.34404596,6.9122967,5.54546565,1.0,83.64476255,13.50617897,3.27092356,2.02134664,1.37062498,2823.4964471,0.88888694,935.96530807,7.26640915,4048.40173059,522.09521725,23.99825761,101.26185012,23.20172723,178.22510586,6.85161561,59.03774751,134.44576878,48.2522612,15.0,57.4500302,0.91830824,2.23719487,0.77274429,0.77274429,2.69516727,15.42786077,0.77274429,67.98213283,8605.46840778,7.75506255,208.86447111,7.8109129,24.76270842,132.71189163,359.02490669,16193.2379819,3.65425565,83.64476255,1311.99317394,42081.80508626,137.41447075,156.18886615,0.709,157.3728377,130.71786879,84.80368608,4104.01858031,451.77804086,900.00407712,1387.19955242,0.30591391,0.820836,479.07010122,22066.86990561,90244.7479599,303.99631432,195.1107535,18.28395267,4.829311,9.81187908,17.67144582,4502.98857026,56.3922513,2097.66683597,3396.0961391,8.04524029,39.63423924,46.50702487,15.37234863,1733.50034882,17.99297811,4.67743451,63.81142419,18.28395267,1611.90165773,36.77096341,10.83158563,133.89435366,1.65891621,0.38501702,1.0,3.73999943,3.87372484,58.33994515,278.89325356,3.94142249,7547.05769352,3.64,4.56309869,107.43969072,89.28433134,1309.2576933,3.75,8.328862,14.06245219,593.20291643,10.61639816,1.34404596,0.77274429,22.58183431,572.8649691,29.26064854,1549.24317896,22.59269926,13001.85042901,18.28395267,36.22930362,10.66518213,3.50336965,3.10517959,2.35519993,33.1005854,6.78546593,32.75391383,2679.49251312,41.62017239,3696.77844584,40.31082191,12571.87220036,36.51936009,25416.38653319,118.74736519,2.73591345,602.37072114,2.70131606,602.37072114,109.58332273,250.2137407,18.28395267,26.46115747,13.9132775
2024-07-20,3.6725,70.65456691,91.68810441,388.00348672,1.78751067,873.10343961,923.86516345,1.49614281,1.79,1.69999639,1.79649037,2.0,117.48885065,1.79649037,0.376,2877.8623231,1.0,1.34491769,6.90568276,5.59944784,1.0,83.73106519,13.51949247,3.27460771,2.02407613,1.3734716,2830.8296194,0.88884299,935.28885137,7.26952448,4019.04675337,524.59009841,23.99635726,101.28640674,23.17796538,177.51124828,6.85614525,59.09302988,134.47378168,48.22359748,15.0,57.79559937,0.91853094,2.23566141,0.77403127,0.77403127,2.69602783,15.43864193,0.77403127,67.79320627,8611.64333743,7.75370195,208.82251506,7.81088939,24.76024249,132.13944259,359.02172562,16216.28061572,3.64561255,83.73106519,1309.00608799,42082.54794634,137.56382633,156.30050941,0.709,157.50182352,130.9697527,84.64273791,4114.93848984,451.8875998,899.87607608,1389.76764618,0.30560608,0.81991911,475.44564757,22148.92348197,89754.80577886,303.55423486,194.98531487,18.27965551,4.8399171,9.84347809,17.69621158,4514.02079564,56.55943196,2098.50666202,3381.43639583,8.04521607,39.79838159,46.64650447,15.41628858,1734.65393363,18.04782227,4.68731526,63.65518456,18.27965551,1604.07379941,36.78195454,10.91950297,134.0325026,1.66378596,0.38491355,1.0,3.72093536,3.89338171,58.39447158,278.28877157,3.93745905,7552.70128711,3.64,4.56647353,107.55466136,87.64313876,1314.57161495,3.75,8.23044857,14.1267673,592.44837999,10.68354813,1.34491769,0.77403127,22.53576964,570.39322187,30.48241798,1550.1084186,22.84943057,13001.85453893,18.27965551,36.33940106,10.63111231,3.50378121,3.10395589,2.33609636,33.02554377,6.78674507,32.80081036,2676.30253957,40.99347634,3697.52974001,40.12099343,12607.92683413,36.5613763,25322.98953628,118.27553826,2.7367689,602.51679974,2.70230858,602.51679974,109.60989736,250.33412565,18.27965551,24.544983,13.69439483
2024-07-21,3.6725,70.69328663,91.97666948,388.14519745,1.78730454,872.61760788,924.0017947,1.49639768,1.79,1.69999994,1.79572406,2.0,117.89576482,1.79572406,0.376,2881.07539568,1.0,1.34526347,6.93491705,5.59900753,1.0,83.72882997,13.51773953,3.27500009,2.01530732,1.37462382,2831.76000976,0.88904817,948.06863751,7.26952415,4038.42463231,527.57947054,23.91535264,101.24320205,23.16363823,177.49380623,6.85641411,59.16048679,134.93424817,48.24522721,15.0,57.75004009,0.91813913,2.23566154,0.77398221,0.77398221,2.69959998,15.40266653,0.77398221,67.77412326,8607.53434302,7.75679394,208.98285292,7.81034521,24.76581691,134.17739678,358.73170267,16187.87943314,3.64303079,83.72882997,1310.27392349,42002.58547699,137.47389791,156.36778134,0.709,157.52325671,130.63158908,84.64270022,4111.21346461,451.69484278,900.0,1389.16287172,0.30679801,0.82000362,475.23510537,22192.94410587,89550.00048339,303.55981143,195.00502853,18.27408617,4.82120053,9.84235964,17.55000053,4524.01458461,56.62999663,2095.80829584,3381.15056591,8.04465556,39.84031879,46.63045842,15.45999976,1733.38752714,18.0525878,4.68786784,63.63830374,18.27408617,1582.03317706,36.62429884,10.92231351,134.02892457,1.66394723,0.38510208,1.0,3.74659058,3.91649629,58.35152318,278.06838748,3.93739174,7579.04228183,3.64,4.56840533,107.52108408,87.73263893,1310.52807886,3.75,8.23044857,14.96807243,598.96247885,10.68186208,1.34526347,0.77398221,22.53989124,571.06950049,29.73000493,1549.44720479,22.84965322,13001.85529725,18.27408617,36.35059008,10.64131506,3.50639495,3.10078766,2.33590135,33.03069416,6.78372525,32.82525812,2687.47486154,41.535161,3693.47206846,40.34545359,12601.53666465,36.5612857,25320.15038035,118.27161106,2.73671335,602.25979037,2.70000006,602.25979037,109.5631422,250.2225112,18.27408617,25.60082259,13.69439483
2024-07-22,3.67300886,70.62670057,92.06989943,387.64468334,1.8006408,872.63526231,924.12627414,1.49503564,1.80000092,1.69382657,1.7953005,2.01727587,117.48551822,1.79667574,0.37662919,2877.50780297,1.0,1.34396313,6.90380211,5.54373913,0.99909113,83.58585009,13.52959381,3.26972041,2.01388,1.37175527,2830.00090336,0.88842017,942.26047748,7.2703814,4048.47113145,524.23366949,26.5000078,101.21629447,23.16620382,177.88859277,6.8505965,59.15184367,134.48722763,48.21741174,15.00000459,57.27392783,0.91805024,2.2356993,0.77056088,0.77378783,2.7149711,15.41582994,0.77056088,67.80418264,8599.75457212,7.76299064,209.02337356,7.81041253,24.74482059,131.88118135,358.39009607,16219.4545331,3.6425856,83.69432507,1308.794197,42092.51903899,137.44039237,156.13329263,0.70869715,157.44653964,128.37995254,84.64272422,4105.05076267,452.75008469,900.00060132,1388.98058783,0.30581998,0.83257609,476.0096432,22155.32104492,89470.73797653,303.33219465,194.98073196,18.32585734,4.81829399,9.84459613,17.68421367,4500.68512713,56.55867213,3247.9619,1.12958318,8.03616934,39.42446512,46.67035845,15.35002134,1732.43790354,18.04910008,4.68397222,63.90000872,18.32585734,1625.34050943,36.77085833,10.90276287,133.73695657,1.66206846,0.38455472,0.99908195,3.74112544,3.91320019,58.41499543,277.85373899,3.93815096,7554.68867906,3.64641203,4.56369846,107.44455206,87.86590315,1309.08159447,3.75090175,8.45760673,14.11202875,586.00000734,10.66087775,1.34460577,0.77056088,22.84730897,570.96189082,29.70801779,,22.6994,2512.53107187,18.32952863,36.33010608,10.62548507,3.51000078,3.09739411,2.36309713,33.05919404,6.78541953,32.78399747,2684.6487503,41.45449546,3691.94154958,40.26070515,12589.4445438,37.31368675,25325.00707909,118.72207039,2.80360886,602.13255452,2.7025508,602.13255452,109.55253497,250.34979459,18.23425521,25.5023525,
2024-07-23,3.6725,70.70624802,92.08985106,386.18069505,1.79176804,882.26649735,925.72153831,1.50548709,1.79,1.69994901,1.79541406,2.0,117.4936869,1.79541406,0.376,2885.19788088,1.0,1.34505628,6.90371345,5.57215884,1.0,83.66240453,13.54507963,3.2699639,2.02437395,1.37591645,2821.10798533,0.88939506,944.01616321,7.27367265,3990.43367523,528.6155773,23.98870762,101.22572441,23.18792683,177.93005464,6.84949746,59.13917377,134.66232515,48.40852948,15.0,57.68116645,0.91798063,2.25660079,0.77320594,0.77320594,2.71391885,15.46076844,0.77320594,67.98092381,8608.91083544,7.75851782,208.75479548,7.80662373,24.75213814,131.96659176,357.86102091,16214.7784299,3.63174586,83.66240453,1309.7593576,42163.97575104,137.60710582,156.2591546,0.709,156.72801849,130.98432576,84.60024604,4104.42329556,451.61686659,899.99309862,1384.32685788,0.30569727,0.82136443,473.28651385,22137.47748812,90522.95528459,303.95362686,194.99127064,18.24249178,4.8234407,9.84179902,17.70699614,4520.46444943,56.58496183,2098.20851894,3400.76899523,8.04082244,39.56734395,46.58313589,15.37429258,1733.99142011,17.93906456,4.6823768,63.86715857,18.24249178,1615.66683308,36.79743548,10.95863794,133.92259405,1.673888,0.38496997,1.0,3.75751506,3.86315495,58.40864417,278.27684411,3.92785089,7564.97710508,3.64,4.56452594,107.46130784,89.9889143,1314.02386316,3.75,8.32433314,13.72893172,585.52751047,10.7251251,1.34505628,0.77320594,22.54894998,569.08853943,28.90426975,,22.71092281,13001.83694872,18.24249178,36.2803224,10.65218462,3.50356587,3.10212595,2.37249465,32.93910804,6.78679964,32.80003062,2675.1251115,41.35018503,3694.68598406,40.29257865,12588.1500854,36.48576445,25513.9490422,119.87153452,2.75378136,602.15582212,2.70139658,602.15582212,109.54422829,250.20398497,18.24249178,25.92412242,13.89122518
2024-07-24,3.6725,70.6450534,92.45797277,385.62951093,1.79313856,886.78334574,926.00933182,1.51285983,1.79,1.69995545,1.80281856,2.0,117.57921677,1.80281856,0.376,2870.92595208,1.0,1.34548796,6.90512712,5.58693713,1.0,83.71412429,13.56915893,3.27000812,2.02436658,1.3782401,2860.37887342,0.89171583,946.65310619,7.27482118,4016.28391146,528.92269774,23.99420682,101.64319111,23.4095634,178.10540478,6.87798338,59.24852226,134.76012761,48.36070373,15.0,57.74293736,0.92176649,2.26172285,0.7753728,0.7753728,2.71793452,15.46451475,0.7753728,68.16547573,8605.11993762,7.75815267,208.79321672,7.8089396,24.75680884,131.99473006,359.76364368,16219.10427383,3.62614494,83.71412429,1308.51381654,42227.56413749,137.99532513,156.25744403,0.709,155.43789922,132.39453905,84.36616819,4107.84238492,453.47938726,900.01623497,1384.62245838,0.30576678,0.82254783,474.51528474,22263.848839,90302.84480237,304.22464368,195.12850622,18.40411827,4.83442543,9.86746762,17.71805071,4522.81961408,56.63811955,2098.20643443,3399.35856044,8.04320778,39.59495464,46.55511325,15.42314619,1735.10922429,18.18858564,4.67572617,63.86624018,18.40411827,1605.74160627,36.80681715,11.02284636,134.00538445,1.68217839,0.38497083,1.0,3.75736045,3.86452686,58.47596322,278.77033546,3.94304948,7560.57196236,3.64,4.58304179,107.90097341,90.03188877,1314.01962999,3.75,8.32419095,13.73488392,585.49727897,10.77515308,1.34548796,0.7753728,22.49951677,569.06448253,29.16948021,,22.80531738,13001.85611396,18.40411827,36.1560202,10.64389375,3.50351303,3.10780907,2.37693489,32.84609859,6.78978262,32.79001954,2690.88092135,41.30063874,3699.81539708,40.52555674,12608.39798669,36.51383657,25572.22668554,119.87046128,2.75916312,604.63918301,2.70256109,604.63918301,109.99600147,250.40857892,18.40411827,25.9604437,13.71847278
2024-07-25,3.6725,70.7640133,92.52745956,386.14106866,1.79381349,883.54619866,928.02944349,1.52281394,1.79,1.70052036,1.80413789,2.0,117.5382956,1.80413789,0.376,2881.58797878,1.0,1.34363235,6.90714406,5.65585334,1.0,83.75029108,13.53673491,3.27015451,2.02386406,1.3814911,2852.23833459,0.88432865,947.60356878,7.26260096,4046.19539029,527.9034805,23.99603241,101.71757548,23.44051718,178.04428022,6.88378071,59.21803507,134.58932363,48.34093185,15.0,57.76808432,0.92244106,2.25788736,0.77531773,0.77531773,2.71968624,15.49771021,0.77531773,68.22835383,8610.67437332,7.75723583,208.83167311,7.8083403,24.73461781,132.12019577,362.99828957,16236.77457299,3.65034731,83.75029108,1309.5273494,42096.30415741,137.91255736,156.32304091,0.709,153.03664724,132.94526357,84.2268732,4109.43712969,453.81125188,900.00189523,1384.39028828,0.30570541,0.82316665,474.04823909,22159.26103845,90429.43181177,303.66162566,194.97674912,18.37093156,4.83367302,9.89679547,17.71787207,4540.49425756,56.72941531,2098.37525892,3399.12476715,8.04259051,39.62130917,46.71700274,15.4333921,1735.22656133,18.40712715,4.67013551,63.9024967,18.37093156,1601.56963696,36.81018203,11.03054304,134.06327844,1.68925128,0.38497722,1.0,3.74399966,3.86378308,58.55363281,278.57779977,3.96436414,7564.94625324,3.64,4.58467536,107.97181772,87.98935024,1313.29556302,3.75,8.32969304,13.89935673,586.32911892,10.77725417,1.34363235,0.77531773,22.49738099,569.08255436,28.94420306,,22.79432572,13001.77055715,18.37093156,36.07295972,10.65150873,3.49379523,3.10631326,2.37750803,32.94242474,6.79197775,32.77380799,2689.80144818,41.21830571,3720.18308175,40.15201505,12638.34193827,36.51303426,25485.38646883,119.83312588,2.74541851,605.08166917,2.70291937,605.08166917,110.07649858,250.39238908,18.37093156,26.05992224,13.76035157
2024-07-26,3.6725,70.81129279,92.41388825,386.10370405,1.79195994,887.7884996,929.51494599,1.52737393,1.79,1.70052909,1.80199676,2.0,117.4924372,1.80199676,0.376,2879.65445366,1.0,1.34333644,6.90489603,5.64519513,1.0,83.7439027,13.58580323,3.27002955,2.02432218,1.38183878,2826.17376766,0.88124417,947.51073029,7.23109713,4042.49173507,528.20014788,23.99159219,101.59685776,23.3642383,178.02561987,6.87624709,59.21036426,134.47492565,48.34197404,15.0,57.80960199,0.92134631,2.26183304,0.77783414,0.77783414,2.71296514,15.49845246,0.77783414,68.08225278,8622.96738901,7.75197107,208.83969968,7.8060502,24.75401775,132.04153236,361.61844509,16308.30946369,3.67140954,83.7439027,1310.02642615,42040.40362156,137.74482192,156.50377658,0.709,153.91826004,130.03124526,84.20099004,4100.66656126,453.27267181,900.00684008,1384.6063252,0.30585181,0.82148314,474.74791758,22272.02841765,90266.70669,303.33718238,195.37627629,18.35515037,4.83598589,9.86011938,17.77496535,4541.29754813,56.78346105,2098.08804099,3402.94964051,8.0402317,39.58637276,46.77335195,15.4028124,1734.00727831,18.43466294,4.66405737,63.90285847,18.35515037,1605.63833555,36.78944317,11.03095495,134.05305224,1.69840549,0.38495911,1.0,3.75870901,3.86545485,58.48509565,278.34150567,3.948099,7587.71778302,3.64,4.57799395,107.84709341,86.80031887,1310.39278645,3.75,8.3330067,13.41904417,585.71981504,10.82763405,1.34333644,0.77783414,22.50118294,570.62542578,29.04505034,,22.65732891,13001.8542711,18.35515037,36.24504738,10.6219537,3.49371327,3.10620185,2.38480468,33.11708929,6.79370113,32.76074557,2677.84019698,41.25245635,3738.89063788,40.18063375,12624.10100994,36.53422878,25329.69404173,119.88030174,2.77287674,604.36356242,2.7015509,604.36356242,109.94586055,250.17279641,18.35515037,26.10518429,13.77699317
2024-07-27,3.6725,70.73133195,92.48088051,385.88792071,1.78741893,873.10100031,928.10756981,1.52744515,1.79,1.7012919,1.80084521,2.0,117.46744644,1.80084521,0.376,2880.72886464,1.0,1.34384864,6.90451745,5.65614858,1.0,83.73460747,13.62192753,3.27449687,2.02432975,1.38302521,2844.21904399,0.8837859,947.38351038,7.25012815,4032.67170064,528.35994631,23.97270396,101.53193319,23.3409681,178.3997851,6.87404258,59.19409849,134.36660021,48.26804522,15.0,57.80361244,0.92075753,2.25872655,0.77733093,0.77733093,2.71422228,15.49957415,0.77733093,67.79424397,8617.04994861,7.74835983,208.77840931,7.80559127,24.74892434,131.9924538,360.24172121,16303.28073808,3.65875738,83.73460747,1309.29074531,42093.63819034,137.99938868,156.44295572,0.709,153.78828791,130.12498824,84.04380638,4102.32978093,452.98301192,900.00839814,1384.89323024,0.30586501,0.8200568,473.50563089,22164.16125765,89550.26475474,302.88648823,195.35905187,18.28992908,4.83337881,9.83760533,17.76011563,4546.52379494,56.76848921,2098.70968299,3386.15453422,8.03975901,39.5847542,46.79351213,15.34969277,1733.71956996,18.46270122,4.65600906,63.66163154,18.28992908,1585.94689266,36.77360552,11.02276066,134.03817291,1.69841533,0.38491208,1.0,3.74164961,3.86846494,58.50046494,278.32033096,3.9369269,7574.42686918,3.64,4.57918349,107.83670173,85.97326722,1312.37334717,3.75,8.23046062,13.74436016,585.87413503,10.81999277,1.34384864,0.77733093,22.50029476,570.45942267,28.96727191,,22.56832945,13001.84162029,18.28992908,35.90354422,10.59778745,3.54917624,3.10211502,2.35746709,32.94676041,6.78950887,32.81372911,2698.82120267,41.08394081,3732.83610351,40.21017693,12607.19346312,36.56090534,25305.62522393,120.20216887,2.76934472,603.97734923,2.70246206,603.97734923,109.87560062,250.39404464,18.28992908,26.11415579,13.77153748
2024-07-28,3.6725,70.76959745,92.51914543,386.80630856,1.78730638,872.62527593,928.50410926,1.52709812,1.79,1.7000455,1.79943971,2.0,117.90860494,1.79943971,0.376,2881.55870919,1.0,1.3423098,6.90993279,5.66149615,1.0,83.71998369,13.62228435,3.27499464,2.01519653,1.38319952,2845.57006827,0.8836164,954.08520092,7.25010605,4014.94093667,526.26631416,23.88676138,101.45269127,23.34853953,178.5383285,6.87428563,59.18923676,135.09906465,48.33491649,15.0,57.80363835,0.92003892,2.2587265,0.77698505,0.77698505,2.70869994,15.45263662,0.77698505,67.79432096,8614.70918042,7.75017916,208.98436496,7.80684018,24.75683907,134.1760229,360.2908623,16280.60479584,3.65914542,83.71998369,1310.41888533,42002.63071677,138.02743149,156.47055216,0.709,153.69793861,130.63242742,84.04060618,4098.56529983,452.62947544,900.0,1384.79176968,0.3067008,0.82000571,473.45610071,22206.95088061,89549.99678392,302.88935013,195.59801441,18.25548046,4.83070061,9.8756102,17.68002094,4547.5205211,56.7400052,2096.03411569,3385.57472223,8.04104539,39.85011114,46.79928716,15.45997162,1733.28494536,18.45968985,4.65760995,63.79027423,18.25548046,1576.14285574,36.62444941,11.01661835,134.0147639,1.69838261,0.38510282,1.0,3.7619621,3.86848981,58.34783698,278.32888415,3.93671612,7582.90714205,3.64,4.58585336,107.80321478,86.05094949,1310.57247944,3.75,8.23046062,14.92718569,598.90917321,10.81871387,1.3423098,0.77698505,22.50015224,570.44742621,28.88002355,,22.60096788,13001.98298152,18.25548046,36.06982981,10.61447025,3.53154539,3.10318685,2.35739311,33.02805977,6.80500801,32.84367734,2703.45457237,41.2495807,3729.39679965,40.28978602,12631.6387123,36.50330595,25304.94911827,120.20459498,2.76930506,603.50596726,2.70000007,603.50596726,109.78984678,250.2429085,18.25548046,26.19903682,13.77153748
2024-07-29,3.6725,70.73156309,92.49758389,385.88881068,1.79069869,886.34396196,928.7534241,1.52365765,1.79,1.7006012,1.80021576,2.0,117.45587343,1.80021576,0.376,2881.42295477,1.0,1.34195776,6.90039313,5.65017615,1.0,83.7228841,13.55728424,3.26998306,2.02438688,1.38225866,2825.66549162,0.88320326,952.20112474,7.25012717,4022.26670818,525.39014065,23.97047684,101.49644503,23.31798291,177.87925709,6.86923005,59.14541138,134.29085499,48.30159746,15.0,57.77288248,0.9204357,2.27033168,0.77635277,0.77635277,2.71176082,15.49275572,0.77635277,67.89451353,8609.72295177,7.74214022,208.63125529,7.80685162,24.73355381,131.89754639,359.60280154,16280.25288842,3.66534375,83.7228841,1309.42048397,42093.44535038,137.97710588,156.31417683,0.709,153.62816564,129.89195631,84.04034159,4098.49687041,452.82468207,900.04288527,1382.64369021,0.30584823,0.82036449,473.30154068,22120.26167365,90041.39066207,302.7477752,195.22996398,18.2728284,4.82949441,9.87969467,17.73885121,4548.17996325,56.71340355,2098.20744998,3402.65328199,8.04105717,39.56970077,46.79151216,15.40338827,1732.73591129,18.4568072,4.64612527,63.90645899,18.2728284,1620.20872972,36.75366184,11.00261332,134.01940672,1.6958297,0.38487536,1.0,3.73572259,3.86753315,58.43423902,278.13970725,3.93245313,7554.030834,3.64,4.57637809,107.84665177,88.36232407,1313.74142126,3.75,8.329434,13.83527318,585.42855405,10.80574187,1.34195776,0.77635277,22.54892714,569.64548759,28.85467244,,22.59177232,13001.85513348,18.2728284,35.88761569,10.59771194,3.4935562,3.10913425,2.38373535,33.01388681,6.7824615,32.84455736,2689.78430967,41.06525602,3726.18326083,40.23311299,12621.13527368,36.5617986,25300.03921806,119.87856334,2.77139561,603.76624277,2.7004723,603.76624277,109.83719612,250.16652835,18.2728284,26.10701829,13.7655548
2024-07-30,3.6725,70.81414092,92.70944359,386.17011776,1.78991672,884.98631458,931.7406664,1.5273042,1.79,1.69989606,1.8081542,2.0,117.70244428,1.8081542,0.376,2877.00860398,1.0,1.34371111,6.92148114,5.61627695,1.0,83.7472919,13.60332303,3.27108124,2.02098874,1.38555159,2843.92955223,0.88674554,956.70215479,7.25948582,4064.39409142,527.24463711,23.98333374,101.94401549,23.48466273,178.43170422,6.89926751,59.2559886,134.79486185,48.31779816,15.0,57.86984584,0.92449456,2.27390383,0.77820168,0.77820168,2.71717691,15.50338025,0.77820168,67.97242405,8618.61925121,7.75124569,209.00135302,7.81147629,24.76604798,132.89236839,362.80402845,16289.38851434,3.72319673,83.7472919,1310.10213923,42071.71240871,138.22490712,156.47553693,0.709,154.21090623,130.37669138,84.02898515,4102.88308947,454.82151018,899.98088476,1384.7637912,0.30588188,0.82065358,475.20888525,22155.35490255,89848.25989933,303.16698896,195.55537212,18.44813453,4.83472533,9.90858112,17.72328175,4563.98721835,56.90796614,2097.21335262,3397.35045462,8.04582058,39.70163182,46.55051271,15.41117274,1734.75004574,18.66200649,4.64229986,63.81298812,18.44813453,1614.54719918,36.76641789,11.01290472,134.0584775,1.70161151,0.38501616,1.0,3.74685749,3.86690326,58.67092182,278.76701715,3.96948951,7580.0227226,3.64,4.59844816,108.22887762,87.94228619,1318.32907252,3.75,8.33886412,14.0796789,588.84673132,10.84337385,1.34371111,0.77820168,22.49339346,569.5667415,28.81893771,,22.64778891,13001.57198153,18.44813453,36.00105675,10.61852875,3.49352977,3.10859302,2.38018337,33.06691187,6.78036229,32.89437916,2698.78411721,41.08836171,3725.26839022,40.34066496,12530.12201933,36.55785987,25233.18959256,119.97560699,2.775002,606.42868024,2.70079835,606.42868024,110.32154693,250.17648194,18.44813453,26.2307487,13.78210699
2024-07-31,3.6725,70.93542094,92.66443274,386.24862183,1.78978943,886.3718569,932.20859403,1.53026216,1.79,1.69987507,1.80744358,2.0,117.59450994,1.80744358,0.376,2883.06634386,1.0,1.34104845,6.91276551,5.61261463,1.0,83.72973253,13.60672601,3.27027786,2.02363312,1.38491996,2864.11562332,0.88169666,956.20174083,7.25110391,4080.72908544,525.19599663,24.0046629,101.90395064,23.48747902,177.71459453,6.89639107,59.30244841,134.78065363,48.44189016,15.0,57.85793106,0.92413123,2.26383308,0.77860385,0.77860385,2.72313403,15.54608828,0.77860385,68.08987998,8633.20085157,7.75397986,209.02858629,7.81179993,24.78453746,132.33183074,365.26011334,16306.66738277,3.74604352,83.72973253,1309.86344109,42060.42968889,138.16454648,156.47794656,0.709,152.27442798,130.06645536,84.03036941,4102.28145165,454.64276153,900.01135381,1380.52268843,0.30557138,0.81996843,475.30476927,22275.03550114,90470.1340619,302.60535474,194.93260954,18.31600711,4.83669386,9.90759827,17.73721152,4543.98813228,56.96068587,2098.46222217,3399.19439813,8.04615393,39.63374031,46.57895577,15.40643229,1735.97723187,18.80394617,4.61365012,63.86959058,18.31600711,1655.36809284,36.80692004,10.94677846,134.03036935,1.69328991,0.38494688,1.0,3.73108783,3.86830436,58.54511295,278.96684771,3.96289072,7575.96962211,3.64,4.59847198,108.17832812,87.02991008,1327.18554485,3.75,8.25139647,13.83120945,599.38879196,10.76699645,1.34104845,0.77860385,22.54751744,569.99799441,28.86690707,130.26223907,22.69106674,13001.85511641,18.31600711,35.85404243,10.5870848,3.48870231,3.10271754,2.38816201,33.13475693,6.78748143,32.8438334,2691.35255232,41.06068726,3722.04833422,40.3215573,12541.5544935,36.55672063,25084.51063298,119.90425733,2.77810275,606.1903487,2.69989623,606.1903487,110.27818964,250.38716188,18.31600711,26.43671896,13.77909736
2024-08-01,3.6725,70.92177804,92.46295505,386.23682417,1.7912105,889.28337189,930.71979829,1.52760564,1.79,1.69994576,1.80544766,2.0,117.52457048,1.80544766,0.376,2875.29507149,1.0,1.33464106,6.91150774,5.65812286,1.0,83.69261922,13.56916043,3.26997294,2.02438523,1.38067365,2861.72634785,0.87632424,943.35162813,7.21245675,4048.87588878,525.51593007,24.01108095,101.79142006,23.47548256,177.65884827,6.88928834,58.5018569,134.60578003,48.55891389,15.0,79.14918802,0.92311073,2.25462075,0.77761732,0.77761732,2.71477825,15.55564529,0.77761732,68.15395002,8614.38002361,7.75249443,208.99363877,7.81371746,24.77787561,132.13675659,363.75133276,16243.98543461,3.76712181,83.69261922,1309.00149919,41964.90999295,138.19757448,156.52673188,0.709,148.66990024,128.99343907,84.02922636,4100.43903334,454.14070821,899.98709379,1365.96682909,0.3053898,0.82092953,475.08492791,22204.05041302,90373.92294996,302.6626466,196.16044257,18.18753629,4.83385888,9.92237646,17.73221266,4556.00279192,56.93580914,2098.18140494,3401.51210098,8.04812898,39.65664736,46.62441505,15.41432065,1736.12550288,18.67703363,4.55779757,63.90449153,18.18753629,1660.64215271,36.834458,10.89796588,133.97096022,1.67723666,0.38497258,1.0,3.73755798,3.87898758,58.30033501,278.89329402,3.95978671,7564.93772773,3.64,4.59333926,108.0265623,86.32769887,1312.56036681,3.75,8.33645572,13.35613058,601.48891034,10.69270647,1.33464106,0.77761732,22.49828831,569.82775709,28.82952116,1634.44556537,22.68918853,13001.85513464,18.18753629,35.43795017,10.59513621,3.4958604,3.09428419,2.38032977,33.18628704,6.78594352,32.69727813,2699.43164057,41.04979299,3720.7070127,40.31200564,12499.53819117,36.59076944,25007.33038766,119.87491952,2.76448797,605.52094428,2.70096302,605.52094428,110.15641154,250.39423627,18.18753629,26.08799946,13.76946578
2024-08-02,3.6725,70.92616654,92.81576466,385.64668035,1.79070419,886.88847164,931.79934909,1.53990351,1.79,1.70088266,1.81266936,2.0,117.46668826,1.81266936,0.376,2880.51506559,1.0,1.33735744,6.90941411,5.75228927,1.0,83.75285004,13.58383788,3.26999725,2.02432518,1.38769943,2837.80783309,0.87278794,948.54370816,7.2441447,4090.07194009,522.50022466,24.00953519,102.19858072,23.46144742,177.62881043,6.91606885,58.38672348,134.79794541,48.69213968,15.0,77.48115086,0.92680313,2.26236353,0.78612934,0.78612934,2.70998331,15.53847058,0.78612934,68.55661401,8613.87360031,7.75010464,208.92129361,7.81443529,24.7622448,132.14133334,367.21319634,16278.9193647,3.79523026,83.75285004,1307.51172338,41897.25072573,138.93889236,156.49741917,0.709,149.68332716,129.97588191,84.02929118,4100.97994133,455.95724867,900.00077371,1375.88518752,0.30562285,0.8205866,474.37339941,22146.35488539,91495.696574,303.31415354,195.93109556,18.2871335,4.83230556,9.93506928,17.73195305,4555.92959826,56.97042461,2098.16834724,3401.48114999,8.04886835,39.64053545,46.61688658,15.41350491,1733.44245279,18.91462701,4.55865982,63.90332895,18.2871335,1660.54502569,36.80682151,10.96086795,134.0673747,1.68369258,0.3849723,1.0,3.74240333,3.88502807,58.31487107,278.46769144,3.98843771,7589.06458907,3.64,4.61171101,108.49124466,89.07637203,1312.1511008,3.75,8.34249338,13.98213768,601.53250042,10.73795161,1.33735744,0.78612934,22.45971633,569.79399042,28.69975041,1634.27421628,22.73005428,13001.73075981,18.2871335,35.60014665,10.5893225,3.49510115,3.10743841,2.38214711,33.19321677,6.78198241,32.81570377,2692.69814344,41.19683894,3734.15013031,40.28064318,12565.5558811,36.59714326,24995.42054012,119.87222693,2.76557324,607.94299823,2.70057123,607.94299823,110.59703176,250.31576045,18.2871335,25.86127157,13.78723778
2024-08-03,3.6725,70.90748608,92.53609023,385.80612068,1.7874089,876.38829226,932.42537085,1.53589806,1.79,1.69999779,1.79685597,2.0,117.46541261,1.79685597,0.376,2877.05435265,1.0,1.32722411,6.90869969,5.72871546,1.0,83.79050288,13.60577608,3.26483029,2.02437309,1.38700966,2853.2942298,0.85798831,951.53115995,7.16015005,4134.11847787,529.45630056,23.99075917,101.3070197,23.23568654,178.28304288,6.83873589,59.29482269,134.21295246,48.62721431,15.0,78.13198353,0.91871787,2.25407365,0.7812116,0.7812116,2.71313438,15.6048324,0.7812116,68.51437091,8620.24276473,7.74953994,208.90787491,7.80706081,24.79269949,132.14083027,365.13023206,16170.92573027,3.79991847,83.79050288,1308.78651145,42108.78506359,137.93102803,156.48262853,0.709,146.60848563,129.98320949,84.02999529,4100.77782092,451.97956416,899.9995873,1358.05209376,0.3052149,0.82000504,475.15459283,22197.11704666,89580.36752528,301.76002856,199.29350862,18.27854744,4.83979632,9.8898243,17.72938381,4566.90839649,56.96533009,2098.60473324,3386.28618605,8.04127264,39.77697419,46.73386921,15.3493847,1732.93538048,19.19083999,4.50274157,63.6542167,18.27854744,1635.29360552,36.80100074,10.94937035,134.12764749,1.6785123,0.38493422,1.0,3.73756546,3.90562852,57.80203952,278.87200913,3.9330754,7574.70398402,3.64,4.56045914,107.29222787,85.4251134,1317.6397885,3.75,8.48829386,14.98676638,601.43621454,10.5746804,1.32722411,0.7812116,22.45986126,569.84868659,28.89847804,1639.81552379,22.65639782,13001.90029809,18.27854744,35.28046926,10.56895312,3.50345292,3.10786014,2.35466871,33.19713517,6.77991646,32.60470019,2702.55967947,41.0736366,3726.35767265,40.30118032,12582.7839657,36.61036035,25215.75134458,120.10178127,2.7609291,602.63941888,2.70240098,602.63941888,109.63220424,250.3929076,18.27854744,26.19922379,13.92374568
2024-08-04,3.6725,70.96041087,91.6778729,386.61668158,1.78730514,876.25855579,933.00183271,1.53614787,1.79,1.69999997,1.79288889,2.0,117.92467394,1.79288889,0.376,2881.8345472,1.0,1.32684011,6.90994252,5.73024439,1.0,83.79463356,13.60586403,3.27498163,2.01530987,1.38723382,2852.56005864,0.85794604,950.65014408,7.16014968,4112.57901839,524.47175201,23.91536502,101.08335491,23.23074781,178.28572173,6.83840491,59.38935764,134.48023042,48.66471308,15.0,78.13198353,0.91668953,2.25407363,0.78112223,0.78112223,2.70749998,15.50268308,0.78112223,69.50139975,8615.34917931,7.74876019,208.98436496,7.80720113,24.75549545,133.977564,364.90849463,16215.917229,3.80268641,83.79463356,1310.39942614,42002.63071389,137.96945459,156.4207373,0.709,146.57574686,129.63301384,84.02999878,4100.16530237,450.98168748,900.0,1357.22166242,0.30499937,0.82000407,474.85340032,22219.1108768,89549.99995589,301.76310021,195.35044396,18.27637614,4.82850147,9.85012346,17.65001678,4566.88505308,56.89001387,2096.03411495,3384.17965517,8.04141717,39.8694756,46.75970069,15.45997949,1733.28514092,19.17807597,4.49812942,63.77069271,18.27637614,1606.65121845,36.62429817,10.94529413,134.13425967,1.67856125,0.38510282,1.0,3.74630051,3.92840164,57.93805844,278.4630852,3.92999672,7583.6846541,3.64,4.58515994,108.32351275,85.58489913,1314.02832204,3.75,8.48898602,15.02400138,598.96287236,10.57243299,1.32684011,0.78112223,22.45986195,571.06130345,28.7250326,1636.19515285,22.60096798,13001.98298118,18.27637614,35.39154717,10.58030289,3.50000788,3.10201747,2.35460097,33.14267556,6.76035914,32.61596706,2702.63772174,41.19704395,3727.18023392,40.4305616,12576.67458596,36.61039768,25209.91378401,120.10387466,2.76090175,601.30891665,2.70000007,601.30891665,109.39015919,250.23819048,18.27637614,25.94800714,13.92374568
2024-08-05,3.6725,70.90906534,91.79716533,385.75867591,1.7913487,889.2374447,932.7315497,1.53994753,1.79,1.69994679,1.79128963,2.0,117.01082731,1.79128963,0.376,2876.09755391,1.0,1.32441929,6.86228838,5.72760001,1.0,83.80981458,13.54694659,3.27001569,2.0045265,1.38676429,2862.7362491,0.85316636,951.46218724,7.16012301,4132.91529335,523.02732286,24.00104167,100.99318833,23.19727702,177.53324876,6.83399509,58.97097441,134.15639952,48.27911487,15.0,78.13198353,0.91587184,2.26508412,0.78202854,0.78202854,2.70974043,15.41717682,0.78202854,68.62036583,8626.49129689,7.74953418,207.01494762,7.7806073,24.79316654,132.16938788,364.95479,16176.93179185,3.80265178,83.80981458,1308.63901831,42323.70616462,137.8450794,155.09180547,0.709,145.13993816,128.88384423,84.02913469,4101.77161902,450.5794108,900.01829542,1356.77089541,0.30516395,0.82104862,475.16388068,22174.3533442,91199.70521102,301.76267897,199.05054676,18.34805699,4.83937211,9.84565528,17.62115689,4570.27674489,56.96624518,2098.48527329,3398.87127306,8.01402552,39.71558425,46.77276618,15.37164049,1718.87693888,19.42067166,4.42864095,63.90299797,18.34805699,1593.95770415,36.80652605,10.98353286,134.1585607,1.68051002,0.38489655,1.0,3.73022939,3.87148431,57.8725044,278.62458714,3.93461496,7576.42460937,3.64,4.55913321,107.22083922,88.53254004,1317.69875001,3.75,8.3364752,14.98894332,601.38607911,10.58034615,1.32441929,0.78202854,22.44911019,569.80200372,28.77954338,1634.716203,22.6595114,13001.85511874,18.34805699,35.31040718,10.56789038,3.50510088,3.10804802,2.37913362,33.26595811,6.71707216,32.69695429,2690.43616103,41.24905688,3722.31621589,39.95634017,12562.39450457,36.60885575,25257.9284322,119.8789553,2.76674784,600.77254774,2.7010688,600.77254774,109.29258292,250.40148867,18.34805699,25.65950995,14.00787123
2024-08-06,3.6725,70.91538956,91.40943137,385.96972648,1.79114979,885.49591837,934.7593625,1.53212237,1.79,1.70086009,1.78489715,2.0,117.47026371,1.78489715,0.376,2879.84832997,1.0,1.32398589,6.85294197,5.72252908,1.0,83.98677261,13.58080461,3.27031513,2.01448827,1.38061004,2843.9615061,0.85526481,953.71557341,7.13003941,4153.04334556,523.79440671,23.97938867,100.63277926,23.08448807,177.29152919,6.80912614,59.30273201,134.70801698,49.25152643,15.0,81.57893237,0.91260342,2.26438344,0.78171219,0.78171219,2.70293807,15.51375695,0.78171219,69.51309864,8607.03181243,7.74902364,207.15001618,7.79358147,24.6768411,132.3181439,361.95165259,16205.47844895,3.82830516,83.98677261,1308.90921782,42344.94117188,137.35225233,155.16672941,0.709,145.24843504,129.86367964,84.50425653,4097.6777981,448.9714518,900.02732029,1371.10037353,0.30561717,0.82068638,478.90367583,22155.7194629,90960.91591686,300.32127223,198.59121606,18.45571493,4.81367587,9.83052357,17.62238371,4536.6182862,56.37461857,2098.34293792,3398.72316848,8.02738892,39.61534867,46.35911768,15.34978934,1728.56928789,19.25082801,4.45852183,63.90420557,18.45571493,1584.9228864,36.65116939,10.98777899,134.44182625,1.67632665,0.38489646,1.0,3.72730253,3.87441166,57.99762915,278.31505989,3.92519017,7573.31435983,3.64,4.54193421,106.79608049,86.5436559,1314.38362321,3.75,8.337823,14.63569409,601.36679038,10.52741199,1.32398589,0.78171219,22.47607063,570.04733395,28.87089353,1634.39689261,22.60438697,13001.85544604,18.45571493,35.48033156,10.54856301,3.4951161,3.07758384,2.38153108,33.4435305,6.72068902,32.70790384,2701.6222226,41.26051753,3729.90225967,40.32750596,12628.97700848,36.60699187,25201.10665451,119.8852786,2.7727116,598.6286024,2.70096111,598.6286024,108.90255624,250.39307044,18.45571493,25.86093564,13.7568592
2024-08-07,3.6725,70.9708699,91.71690564,386.17069892,1.79006438,892.58093587,935.42277481,1.52883774,1.79,1.69994794,1.79024975,2.0,117.47509124,1.79024975,0.376,2875.5749003,1.0,1.32558787,6.86202129,5.65696687,1.0,83.90971702,13.49582147,3.27045233,2.01454526,1.37788032,2861.8576407,0.85392614,945.07539347,7.15622323,4142.38253669,523.56633978,23.83829159,100.93455982,23.1409326,177.8206004,6.83072532,59.34078301,134.81386625,49.2033616,15.0,80.31777019,0.91534016,2.26120542,0.78744009,0.78744009,2.70491028,15.51703221,0.78744009,69.49802727,8625.14736549,7.69290773,207.31108244,7.79679221,24.74683139,131.07810505,364.44053091,16141.97640303,3.83195738,83.90971702,1309.81810888,42296.83023275,138.15936456,155.13351022,0.709,144.86583493,129.60758201,84.58630699,4100.95159928,450.31784068,899.97435222,1375.12710666,0.30571955,0.82025517,477.21030309,22138.93841467,91060.847473,301.62614136,198.61936661,18.46748641,4.80044041,9.83773437,17.63839128,4551.1660749,56.29139606,2097.48542188,3397.31183546,8.03069597,39.62194364,46.27472277,15.40036643,1730.31292783,19.53824466,4.47387379,63.88606322,18.46748641,1587.63884428,36.70649461,10.8998406,134.31847953,1.66616479,0.38500039,1.0,3.72916242,3.87843188,57.68089656,278.2058764,3.94508485,7514.34751376,3.64,4.55582612,107.11353123,87.73094044,1315.00742406,3.75,8.3572922,13.74498958,601.19929741,10.51925709,1.32558787,0.78744009,22.54605805,565.76833957,28.70634566,1634.51674683,22.60768964,13001.84972291,18.46748641,35.51497924,10.56260397,3.50309724,3.08814094,2.37725224,33.62371846,6.71973092,32.72399536,2695.85900898,41.09672163,3723.57894054,40.44248698,12573.55727233,36.61617894,25205.71078953,119.92179595,2.7663222,600.42378757,2.70040426,600.42378757,109.22913645,250.38166451,18.46748641,25.94639327,13.72797825
2024-08-08,3.6725,70.87962836,91.70899177,386.36052717,1.7907054,889.591277,934.85591219,1.53166176,1.79,1.70081917,1.79008225,2.0,117.52556263,1.79008225,0.376,2881.54989396,1.0,1.32691439,6.85744554,5.63716997,1.0,83.94770578,13.51545606,3.27045986,2.01447409,1.37390029,2843.46847735,0.85920573,944.60675586,7.17608916,4140.56567297,522.82435063,23.82371128,100.92511586,23.124862,177.65002996,6.82998948,59.4616597,134.74072716,49.25854982,15.0,80.31695532,0.91525452,2.25079097,0.78827743,0.78827743,2.70329465,15.55362413,0.78827743,69.5106677,8615.33035304,7.69349686,207.28140686,7.79249671,24.75771013,131.61935897,364.14305483,16025.48092009,3.79450672,83.94770578,1309.58615585,42276.3304658,138.11838224,155.96145276,0.709,146.24187525,129.52557779,84.74109528,4095.82445976,450.27570663,899.99300856,1378.67014696,0.30589372,0.82077717,477.0314386,22126.74083322,90529.25201354,301.66114639,198.73869891,18.37757262,4.80267225,9.8389635,17.64878537,4544.97787341,56.30375211,2098.28739797,3397.81453923,8.02627161,39.61857337,46.38427896,15.37710896,1732.41478198,19.31224277,4.48336841,63.88566326,18.37757262,1572.94829533,36.75981918,10.8139931,134.37929003,1.66665618,0.38476233,1.0,3.73870875,3.88256315,57.59555673,278.53287274,3.95870254,7552.08417064,3.64,4.55512444,107.10169933,90.05047083,1319.64734341,3.75,8.31833925,13.74383432,601.19541432,10.47512838,1.32691439,0.78827743,22.59940414,564.14945344,29.02407439,1634.44459304,22.61715496,13001.85382497,18.37757262,35.55772514,10.58752014,3.50343188,3.09034591,2.37531451,33.54605712,6.71988339,32.66356498,2694.55395652,40.96864527,3726.61385721,40.59981931,12666.96119857,36.63400012,25221.15262446,120.57927996,2.76075663,600.36760884,2.7009222,600.36760884,109.21891641,250.20338313,18.37757262,25.93342716,13.77335267
2024-08-09,3.6725,70.77985492,91.80217665,385.99559724,1.78972315,885.6674668,936.19314478,1.51825411,1.79,1.700925,1.79173043,2.0,117.66764444,1.79173043,0.376,2881.61042384,1.0,1.32564068,6.91724074,5.54722312,1.0,83.98544917,13.57763474,3.27043703,2.02189821,1.37395752,2844.46855424,0.86623485,935.73477238,7.17471795,4060.03889188,528.67648755,23.9685197,101.01804073,23.13863808,177.94085626,6.83601132,59.6399002,134.7582725,49.25012717,15.0,102.76620607,0.91609722,2.24463436,0.78457006,0.78457006,2.70027027,15.61615617,0.78457006,69.50534155,8624.47349489,7.74871367,208.98122844,7.79673762,24.84465867,132.31222641,362.78779325,15946.39291797,3.77977876,83.98544917,1309.4070585,41887.10115644,138.43030402,156.71192942,0.709,147.32589228,129.58803687,85.1543934,4107.92205098,450.69028935,900.00939345,1375.8046075,0.3063272,0.82032511,476.76961247,22213.32609481,90863.1695507,301.22505612,195.60591319,18.37433656,4.81504686,9.83912008,17.67221884,4558.97696061,56.36280215,2097.26287298,3397.74969935,8.03063975,39.307821,46.27729253,15.36516508,1735.31846934,18.87698011,4.47144428,63.81952681,18.37433656,1597.71186184,36.78654708,10.85543353,134.43970776,1.66381893,0.38501047,1.0,3.72712957,3.89143782,57.34136668,278.84838403,3.96194888,7572.84300664,3.64,4.55962835,107.20611624,86.76805535,1317.59884414,3.75,8.36623077,14.09440042,601.19459627,10.52494341,1.32564068,0.78457006,22.49781938,571.26900096,28.79528987,1634.40426052,22.61112909,13002.33622146,18.37433656,35.18332281,10.5274159,3.49357756,3.08457514,2.37147982,33.56555905,6.78427131,32.4813597,2696.06614177,40.97499039,3729.60995292,40.5389998,12704.56660779,36.63542255,25284.35167628,120.14516199,2.7541153,600.9203858,2.70052262,600.9203858,109.31947763,250.38383748,18.37433656,26.11056334,13.76742923
2024-08-10,3.6725,70.82788051,91.65141751,386.76172384,1.78778602,878.69491374,935.71686715,1.52132653,1.79,1.70010621,1.79117649,2.0,117.52957154,1.79117649,0.376,2881.21511951,1.0,1.32504101,6.90817197,5.50602416,1.0,83.95342971,13.56225564,3.27415625,2.02428379,1.37321339,2843.64244077,0.86512542,932.80556499,7.16612683,4069.68752691,528.99967538,24.00853813,100.98680972,23.12501423,178.31205041,6.83575978,59.70956338,134.39011148,49.1981579,15.0,106.1686559,0.915814,2.24535951,0.78375436,0.78375436,2.7044896,15.62265456,0.78375436,69.4819746,8628.22523583,7.74923985,208.94779107,7.79770884,24.89262379,131.80624164,361.06081129,15944.10900972,3.72485394,83.95342971,1310.17347659,42032.57074989,138.39933399,156.8880443,0.709,146.6079648,128.9876391,85.39979249,4109.03062441,450.55095274,900.00044149,1364.83214263,0.30614462,0.82000553,478.65515123,22181.4860384,89555.4858005,300.03192788,195.38677369,18.33014272,4.80984553,9.84718007,17.64213583,4589.41441161,56.33299588,2098.68088064,3386.83496222,8.0316401,39.75241053,46.37441639,15.39916594,1732.86500469,18.83519592,4.42054292,63.6191751,18.33014272,1596.85276868,36.81115931,10.80641841,134.38845261,1.66739859,0.38492939,1.0,3.73075622,3.87823405,57.24008753,278.68835493,3.95870664,7572.21158687,3.64,4.55920011,107.18110483,88.404623,1317.79033166,3.75,8.47472686,13.64620502,601.36555522,10.52025325,1.32504101,0.78375436,22.49794821,570.18344532,28.83768604,1634.90633674,22.61472486,13001.85554068,18.33014272,35.21573504,10.54527469,3.50352274,3.09195194,2.34669259,33.48977251,6.78759542,32.45009869,2698.47640475,41.11101196,3728.30894985,40.46977225,12648.09983659,36.61989117,25109.61889118,119.46810483,2.68460517,600.73460366,2.7024423,600.73460366,109.28568013,250.39036084,18.33014272,26.11039094,13.75928352
2024-08-11,3.6725,70.81326565,91.6001501,387.3559268,1.78750029,878.07077464,936.50302528,1.52141512,1.79,1.70000304,1.79081372,2.0,117.97614662,1.79081372,0.376,2882.53062062,1.0,1.32495468,6.9250469,5.50882152,1.0,83.96301296,13.56240272,3.27492995,2.01519881,1.37373014,2843.64244077,0.86552005,932.15748206,7.16594566,4067.06047663,531.12304153,23.99566043,100.96635653,23.12160396,178.40452389,6.84215516,59.63014081,134.97501662,49.25550958,15.0,106.1686373,0.91562852,2.27024405,0.78465249,0.78465249,2.6967001,15.50268759,0.78465249,68.99932002,8614.81208618,7.74780312,208.89434506,7.7978654,24.76796391,133.88307126,362.40219524,15926.63812721,3.72585665,83.96301296,1310.27660944,42002.58590234,138.40564118,156.96054576,0.709,146.66368037,128.88115269,85.40000127,4094.82866202,450.45970117,900.00000012,1364.4881455,0.30709867,0.82000362,478.42785001,22195.15631579,90154.09990969,299.81178017,195.50830882,18.32257152,4.80399992,9.82685302,17.50999869,4585.05271305,56.20999944,2095.73822422,3386.69732213,8.03180136,39.84997016,46.4298069,15.45999987,1733.41936009,18.83180291,4.42264283,63.62059078,18.32257152,1585.95878766,36.62446292,10.80555372,134.403793,1.66715599,0.38510184,1.0,3.73137476,3.87821197,57.27167341,278.46619736,3.94301661,7586.32001819,3.64,4.55339217,107.14519262,88.63122116,1317.92694598,3.75,8.48178734,14.91502473,598.91248225,10.52103738,1.32495468,0.78465249,22.49507189,571.0658612,28.84000015,1634.57521382,22.49984749,13001.8156742,18.32257152,35.20442478,10.56170471,3.50000789,3.09050937,2.34578482,33.49396162,6.79636032,32.47947676,2697.54406201,41.10980058,3726.31683879,40.33664715,12650.58569122,36.62238293,25094.86593966,119.44788794,2.68240174,600.6129349,2.70000005,600.6129349,109.26354614,250.22490345,18.32257152,26.21110961,13.75928352
2024-08-12,3.6725,70.82713695,91.63528858,386.75184905,1.79130469,894.86083454,935.95334996,1.51817436,1.79,1.70088104,1.79060199,2.0,117.54018789,1.79060199,0.376,2882.78667263,1.0,1.32309907,6.90833264,5.50748838,1.0,83.91195712,13.55059123,3.270128,2.02414682,1.37295504,2843.98418234,0.86473532,932.7762868,7.16595131,4068.6221961,529.38840363,24.00084854,100.95441908,23.11143359,177.70613669,6.83264532,59.72995103,134.40482765,49.22326839,15.0,106.70441362,0.91552026,2.26043029,0.7836222,0.7836222,2.69308855,15.58705269,0.7836222,69.49073562,8634.75694902,7.74892243,208.92049828,7.79904178,24.7577681,131.82894945,360.92732743,15940.19338421,3.72647584,83.91195712,1310.29871705,41851.37073644,138.34076167,156.98359919,0.709,146.7957306,129.69285551,85.40174542,4098.41405809,450.40644245,900.02427061,1364.53517249,0.30616507,0.82105204,478.70473825,22189.43178494,91178.47041477,300.02525618,195.4718267,18.28836661,4.80454425,9.8258495,17.62069889,4565.81423634,56.34039462,2098.69958661,3398.3284599,8.03301303,39.58989853,46.37587806,15.38986044,1733.89657061,18.81603074,4.42208844,63.90578972,18.28836661,1589.98109503,36.79657706,10.7980273,134.32206536,1.66246558,0.38481855,1.0,3.72944993,3.87898176,57.30202274,278.91087118,3.95632715,7576.61900054,3.64,4.55708584,107.13974386,89.5926701,1328.99265006,3.75,8.32962127,13.68314965,601.41999327,10.51124815,1.32309907,0.7836222,22.59449617,570.47685345,28.79087523,1634.41038554,22.48139979,13003.59075676,18.28836661,35.21603358,10.54478757,3.50355951,3.09102037,2.37343844,33.55091343,6.79055945,32.38208091,2694.50240904,41.14996387,3725.75269468,40.31442123,12703.09862137,36.61989174,25305.37421983,120.0963293,2.75462401,600.54192326,2.70112647,600.54192326,109.2506277,250.20813197,18.28836661,26.24618985,13.74717249
2024-08-13,3.6725,70.83589534,91.37574709,386.42178319,1.78987281,894.94949346,938.65483707,1.51785547,1.79,1.70090426,1.78935386,2.0,117.64117264,1.78935386,0.376,2880.92064359,1.0,1.32463605,6.91446142,5.49362164,1.0,83.95005402,13.52303218,3.27073372,2.02229092,1.37450931,2843.12224784,0.86665344,933.96843244,7.17454243,4049.13763327,528.65781219,23.98525169,100.88404933,23.0335908,177.89257542,6.82747764,59.69446792,134.64213391,49.31940002,15.0,106.70210828,0.9148821,2.2566927,0.78335081,0.78335081,2.69494127,15.60315018,0.78335081,69.46564655,8623.12461576,7.74561638,208.8922954,7.78855588,24.74876823,132.27981249,360.63552887,15945.01347389,3.77417922,83.95005402,1309.62727558,41945.01101629,138.24035406,157.01950895,0.709,147.45599821,128.90523979,85.40081236,4098.12640036,450.09248899,899.99679692,1371.13851825,0.30635898,0.82038714,479.67201767,22209.67996304,90760.68390588,299.44698478,195.40645442,18.24198672,4.8058166,9.81249381,17.60098707,4575.70378539,56.26913519,2097.58479731,3397.01823272,8.02221256,39.67583123,46.37328285,15.41095403,1735.39911258,19.02624167,4.45467466,63.86770616,18.24198672,1589.03116838,36.7753767,10.81339409,134.38304896,1.66041991,0.38503855,1.0,3.7458815,3.88032365,57.27413838,278.77316904,3.94055665,7570.19803558,3.64,4.55313594,107.04377733,90.91346773,1322.60570653,3.75,8.33227217,13.98898808,601.15394247,10.53482062,1.32463605,0.78335081,22.54225488,570.60217898,28.66528598,,22.4455079,13001.90160162,18.24198672,35.1594499,10.60061097,3.49463564,3.0833904,2.36899435,33.53344778,6.79188308,32.45145492,2703.9622149,41.30333053,3731.79559995,40.23121334,12636.85826205,36.58445726,25271.21303492,120.00921749,2.75298591,600.12331865,2.70053189,600.12331865,109.17447512,250.20957369,18.24198672,26.25664909,13.74692139
2024-08-14,3.6725,70.92095001,90.81738789,386.38051422,1.79211493,886.58358078,939.71260048,1.50596887,1.79,1.70058347,1.77873183,2.0,117.20982222,1.77873183,0.376,2880.6735044,1.0,1.31668173,6.90743019,5.45745278,1.0,83.90997404,13.5018618,3.27005078,2.01445968,1.37071077,2842.61402128,0.86501261,931.5113022,7.1551134,4039.96604223,527.47809022,23.98658817,100.28517778,22.90629202,177.73946665,6.78661187,59.47038185,134.3125617,49.37801353,15.0,104.78339156,0.90945115,2.24707561,0.77723119,0.77723119,2.69667134,15.56664372,0.77723119,69.3875895,8641.25815656,7.74497676,208.83337526,7.78621817,24.70093029,132.11279397,357.90640565,15708.6028549,3.72185426,83.90997404,1309.12631762,41924.9631304,137.99975219,156.9214166,0.709,146.99490323,128.98768865,85.67489734,4080.94991377,447.42063364,900.00884775,1359.33320539,0.30619627,0.8215373,480.33429457,22118.6498664,90861.54873631,299.08144044,194.86139292,18.10655936,4.79989956,9.78196415,17.61692178,4589.79283352,55.96184921,2098.79330086,3398.13497814,8.01980471,39.55889405,46.34325987,15.41985272,1730.00145695,18.99312035,4.42227907,63.86742249,18.10655936,1586.96943551,36.70034204,10.73172742,134.31889095,1.64588463,0.38484723,1.0,3.74733114,3.88320097,56.90646439,277.22323526,3.90046163,7568.56726188,3.64,4.52556528,106.45396194,91.44406851,1314.64080593,3.75,8.36425277,14.2274207,601.50937396,10.46873125,1.31668173,0.77723119,22.44732351,570.74636309,28.95084956,,22.42052184,13004.10855996,18.10655936,34.90756435,10.60389758,3.50290564,3.08430906,2.36508074,33.5368776,6.79271579,32.30798235,2707.62157099,41.35930089,3727.22471448,40.03265723,12603.08125498,36.6108119,25231.61112517,119.8727733,2.74571515,596.56084486,2.70175171,596.56084486,108.52638964,250.40367877,18.10655936,26.00085776,13.74730203
2024-08-15,3.6725,70.91815144,90.73080688,386.67044149,1.79121392,887.84909546,940.18357296,1.52028053,1.79,1.70111816,1.77701715,2.0,117.56612135,1.77701715,0.376,2874.92697877,1.0,1.31796925,6.9071217,5.47061851,1.0,83.99384554,13.47498737,3.26996711,2.024378,1.3722646,2863.62491206,0.86560713,934.23303184,7.13824712,4017.75856995,522.83861557,23.98767577,100.1885036,22.84468464,177.80466177,6.77926227,59.69564755,134.41456208,49.10121655,15.0,104.7816059,0.90857444,2.25538211,0.77983323,0.77983323,2.69491504,15.66251355,0.77983323,69.12518231,8643.46582147,7.7466664,208.85637795,7.79379991,24.81571786,131.79418653,359.2005611,15630.985997,3.71904563,83.99384554,1309.42987561,41786.00412694,138.21006542,157.04710626,0.709,147.36391044,128.98967487,85.69867557,4082.30740971,446.98932338,899.9587223,1361.82548831,0.30615014,0.82077488,480.53590703,22203.7476163,90829.37275736,299.55687052,195.21821892,18.09431401,4.80981576,9.76710701,17.59288497,4566.42230586,55.86928131,2098.9028698,3383.13586005,8.02761391,39.66367402,46.19229658,15.41493335,1735.04950564,18.83041606,4.44333937,63.90426677,18.09431401,1589.87520078,36.79376722,10.73078678,134.45314825,1.67051728,0.38494262,1.0,3.7385103,3.88871717,57.10191834,278.94639127,3.89897509,7568.00789879,3.64,4.5214169,106.31775979,90.19408613,1319.08913536,3.75,8.32952179,14.74212645,601.51952397,10.47990739,1.31796925,0.77983323,22.51715312,570.58883066,28.87561129,,22.39616371,13004.58151312,18.09431401,35.1578614,10.62851124,3.49362954,3.0581784,2.36844908,33.62445703,6.79263462,32.31245656,2699.73535178,41.24958523,3726.98648712,40.33775286,12600.55485729,36.5677711,24997.62813851,119.99999568,2.75454314,595.98576451,2.70085603,595.98576451,108.42177099,250.4082142,18.09431401,26.25413554,13.76365383
2024-08-16,3.6725,70.90352612,90.90961946,386.05831521,1.7908961,889.2954343,943.04640321,1.510345,1.79,1.69994343,1.78170322,2.0,117.67512154,1.78170322,0.376,2889.4724704,1.0,1.32141183,6.92774731,5.48582687,1.0,83.94995453,13.45181017,3.2699394,2.02438725,1.37309608,2862.63642687,0.87184176,935.12807979,7.17350596,4015.7926254,519.95393872,24.02511638,100.45270517,22.9860486,178.53721966,6.79736313,59.92395954,134.65970484,48.93517923,15.0,110.61844974,0.91097039,2.24317643,0.7772837,0.7772837,2.69496779,15.64366196,0.7772837,70.03011438,8647.45298589,7.76335849,209.47622892,7.79711506,24.84602832,132.30581893,360.53262644,15740.01957555,3.68863925,83.94995453,1309.22489533,41931.5393187,138.92617556,157.60598162,0.709,149.11640611,130.67393834,85.69899815,4106.77757313,448.16805426,900.01149052,1360.83835409,0.30614136,0.82045665,480.58484664,22118.05123052,89952.67618895,299.89560557,195.62250823,17.99925453,4.80934844,9.77891548,17.60306002,4602.3016909,56.06956474,2098.5430679,3401.66866726,8.03102852,39.6764738,46.17186573,15.36728304,1739.37938493,18.64958154,4.4564112,63.90249791,17.99925453,1591.70100966,36.83038608,10.74228811,134.38288971,1.66939256,0.38502284,1.0,3.74421313,3.92924353,57.17391553,279.49794375,3.90777495,7585.20674432,3.64,4.53282079,106.60771053,90.09977077,1324.09461217,3.75,8.34879571,14.23165679,601.45768079,10.54059644,1.32141183,0.7772837,22.51744982,570.97223982,28.88809621,,22.34370567,13004.58896352,17.99925453,35.03002003,10.6224853,3.49356187,3.06469064,2.37189522,33.70373335,6.81172969,32.37382344,2714.8709774,41.16970415,3722.09172804,40.54070929,12647.78646781,36.63106176,25098.09954005,119.80568485,2.75380676,597.55740568,2.70091945,597.55740568,108.70768406,250.39948498,17.99925453,26.3557307,13.77785759
2024-08-17,3.6725,70.92864617,90.76927085,386.45861337,1.78771455,886.93553179,937.2780419,1.4992542,1.79,1.70008524,1.77439308,2.0,117.5128584,1.77439308,0.376,2878.39294333,1.0,1.31795979,6.91987674,5.4731668,1.0,83.86969597,13.46425795,3.26797026,2.01440385,1.36799211,2844.77822118,0.86562597,940.01499601,7.16430776,4027.09213397,526.75642347,24.04564346,100.04055828,22.84054141,178.22728409,6.76565042,59.71413508,134.18553144,48.86504152,15.0,110.61927165,0.90723278,2.23307889,0.77247376,0.77247376,2.69210998,15.65156937,0.77247376,69.0130446,8610.9032961,7.75703975,209.2613478,7.79405371,24.82101934,132.21960925,357.07536066,15692.18324998,3.67338188,83.86969597,1309.62939305,41983.17977262,138.3203005,157.37345738,0.709,147.64827315,128.9769011,85.69988583,4087.99687938,446.32926785,899.99715423,1350.08848511,0.30590017,0.82000566,477.59306408,22072.27118817,89170.57043817,298.75915801,194.69954049,17.97392228,4.77392953,9.78195379,17.58184525,4605.013071,55.84525706,2098.55543123,3386.36555937,8.02787532,39.77326653,46.20597214,15.40939341,1734.67943126,18.6419784,4.40094883,63.62322592,17.97392228,1586.90331141,36.84593146,10.67653378,134.25441582,1.65166757,0.38488805,1.0,3.74824844,3.8955012,57.15713962,278.1036497,3.86599609,7583.86162629,3.64,4.51240387,106.16501728,89.37897659,1319.84438417,3.75,8.47234442,14.04805728,601.31385109,10.44889699,1.31795979,0.77247376,22.43012258,570.36451171,28.72021738,,22.26451903,13001.85408967,17.97392228,34.61137509,10.65046011,3.49385056,3.06595701,2.34498062,33.63973873,6.80508234,32.19011112,2708.12873844,41.2518951,3731.0995066,40.53578782,12664.35388181,36.63930387,25008.76075449,118.72654044,2.68285912,595.10569046,2.70242714,595.10569046,108.26166786,250.33836375,17.97392228,26.35490393,13.76808171
2024-08-18,3.6725,70.93009349,90.3010142,386.8836296,1.78750012,886.00669473,941.00213196,1.49938328,1.79,1.70000197,1.77345268,2.0,117.97681288,1.77345268,0.376,2883.49148764,1.0,1.31626882,6.93491936,5.47583001,1.0,83.8717407,13.46534993,3.2750001,2.01530818,1.36810452,2842.92993164,0.86583345,938.14984705,7.16437485,4027.26369792,521.17552155,23.93354582,99.98753812,22.83864071,178.24756407,6.76542192,59.69040335,134.58825183,48.89987884,15.0,110.61893533,0.90675196,2.27413048,0.77252492,0.77252492,2.69029999,15.55264119,0.77252492,69.99876629,8615.34524199,7.73543121,209.08190235,7.79425392,24.77751157,133.88336587,357.55420142,15689.44700316,3.66995039,83.8717407,1310.30801474,42002.59611576,138.35066442,157.17756011,0.709,147.63143565,128.63195601,85.6999969,4095.68045981,446.09271928,900.0,1349.59841012,0.30689956,0.82000411,478.75145679,22178.8629825,90229.5685246,298.76261555,195.42995589,17.90798656,4.79049955,9.77338037,17.42000145,4588.77296997,55.81999991,2095.80806127,3386.38576528,8.02808154,39.85008192,46.2196308,15.45999961,1733.38777095,18.64435833,4.430864,63.62066431,17.90798656,1580.41067005,36.62438083,10.67614212,134.25768893,1.65168716,0.38510207,1.0,3.74600987,3.89559934,57.0838138,278.46697334,3.86608777,7582.92633313,3.64,4.51420424,106.3839265,89.40010155,1320.9863611,3.75,8.47459286,14.78242913,598.96254002,10.49834646,1.31626882,0.77252492,22.43506319,571.07218182,28.53000003,,22.2994177,13001.92616996,17.90798656,34.65811753,10.65383026,3.50639236,3.06250356,2.34468622,33.70536197,6.78417654,32.18037608,2708.5353526,41.24811157,3723.82402676,40.37397145,12655.33119563,36.64066364,25055.07264931,118.68017012,2.68240139,594.79029237,2.70000006,594.79029237,108.20429061,250.23469714,17.90798656,26.30116759,13.76808171
2024-08-19,3.6725,70.92819896,90.26366176,386.42904952,1.79240067,901.28255788,937.84369148,1.49638079,1.79,1.70100741,1.77337057,2.0,117.30556205,1.77337057,0.376,2874.49036715,1.0,1.3135361,6.90054822,5.46629877,1.0,83.87844628,13.43513463,3.26995683,2.0143866,1.3668916,2860.99626941,0.86688103,939.98587791,7.16437083,4031.26139242,519.49606517,23.96097507,99.9829091,22.83778232,177.62945954,6.76497931,59.67873758,134.1536466,48.89218092,15.0,110.61825415,0.90670998,2.2470111,0.77241231,0.77241231,2.68477776,15.57615254,0.77241231,69.26356904,8613.24377178,7.73717123,208.66410284,7.79362525,24.72327749,131.72291878,357.84599031,15617.96260431,3.67154831,83.87844628,1309.59999849,41799.75782835,138.27958665,156.86992713,0.709,147.74404489,128.6572675,85.69909984,4089.59794223,446.072067,899.98974589,1340.25526613,0.30583884,0.82183375,477.76375773,21961.10864005,89390.27168827,298.76480128,194.39821221,17.85745737,4.77425147,9.76191084,17.5256648,4603.04395711,55.80564571,2098.96742801,3382.63664322,8.02743401,39.53677114,46.20192046,15.39568097,1735.5690715,18.62988162,4.38941807,63.90394429,17.85745737,1588.64020731,36.73355699,10.6874113,134.26842288,1.64919235,0.38492158,1.0,3.734804,3.88628798,57.01742441,277.58991666,3.86729433,7551.05506241,3.64,4.51479156,106.12235337,89.70190991,1319.74693807,3.75,8.31413565,14.10383839,601.39369568,10.43969514,1.3135361,0.77241231,22.43942563,567.8824282,28.88780391,,22.28330553,13004.29444737,17.85745737,34.52688035,10.65034125,3.49354143,3.06474902,2.3646077,33.70029476,6.78393698,32.07260509,2704.14599098,41.24480959,3716.53249937,40.15117404,12639.68943253,36.71459896,24994.77638525,119.43471367,2.74549665,594.762756,2.70187905,594.762756,108.19928119,250.39876982,17.85745737,26.13894171,13.75569949
2024-08-20,3.6725,70.92609475,89.83459464,388.16700616,1.79244334,900.79113966,943.28774485,1.48591978,1.79,1.69995204,1.76411795,2.0,119.0538816,1.76411795,0.376,2876.22906713,1.0,1.30717292,6.90175,5.40694767,1.0,83.81945474,13.37290785,3.27004713,2.01438891,1.36308083,2860.50003398,0.86146715,923.56217049,7.13928173,4027.23474707,518.54676865,23.97432287,99.46124486,22.68715115,177.59912422,6.73104476,59.5649195,134.03445519,48.77632411,15.0,110.6201148,0.90197919,2.22010424,0.76976387,0.76976387,2.68997246,15.60422507,0.76976387,69.26997801,8608.28344176,7.7378501,208.70024861,7.78794157,24.71385347,131.73753502,355.74011689,15541.09186029,3.71446353,83.81945474,1309.44886816,42070.86282603,137.00970098,156.88818321,0.709,146.22648526,128.39961553,85.70193133,4079.45323796,443.74467076,900.02951477,1327.73731759,0.305582,0.82198501,476.7539147,22053.11958382,90434.1304957,298.82832779,194.49892014,17.70882637,4.77668228,9.71171243,17.52578762,4604.84050188,55.73183051,2099.13749896,3398.28309193,8.02157981,39.43006269,46.21361619,15.41225562,1729.34648574,18.69252656,4.36442159,63.9046581,17.70882637,1594.27600086,36.73060103,10.54469858,134.17399217,1.63406838,0.38499231,1.0,3.74188257,3.90129334,56.54171972,277.28712158,3.84794363,7570.19633002,3.64,4.48992371,105.57899602,90.35781035,1343.01119144,3.75,8.32570974,13.8807287,601.43360104,10.30560317,1.30717292,0.76976387,22.44896971,567.99088668,29.01742029,,22.21886459,13002.00108129,17.70882637,34.25597618,10.64485441,3.49361244,3.06380228,2.35500457,33.7869425,6.78210513,31.87196385,2708.51458651,41.41006515,3725.28277623,40.18142104,12682.80371475,36.63935379,25001.02063742,118.91199054,2.72885406,591.65956102,2.70203482,591.65956102,107.63474775,250.39081797,17.70882637,25.57064601,13.7833831
2024-08-21,3.6725,70.87184322,89.58163529,386.06032901,1.79237009,902.13089733,943.800974,1.48127446,1.79,1.69995385,1.75779301,2.0,119.06425024,1.75779301,0.376,2874.83549308,1.0,1.30473978,6.88780575,5.47975199,1.0,83.7793465,13.31491619,3.27009332,2.01439065,1.36151147,2860.96365085,0.85350395,923.94405054,7.13206648,4009.67026442,518.50332621,23.93430072,99.10464394,22.58775461,177.53064258,6.70628769,59.59131848,133.96332477,48.90066173,15.0,108.73454383,0.8987453,2.21408599,0.76710603,0.76710603,2.70198827,15.58480973,0.76710603,69.53119303,8614.98269741,7.72560896,208.26351054,7.7904448,24.71478126,131.45299086,353.36151098,15458.40461762,3.6924711,83.7793465,1309.10726702,42239.22340062,136.7022687,156.67290162,0.709,145.29302155,128.63932607,85.67556111,4081.25795608,442.15370176,899.99633597,1329.04105787,0.305405,0.82230299,474.43790656,22102.04692747,90278.27345151,298.34686299,194.41602409,17.8003337,4.76578648,9.69235356,17.49961614,4605.7604015,55.29466769,2097.75121836,3399.63254007,8.02415815,39.4386517,46.13339423,15.4222274,1729.64091491,19.00212865,4.36868574,63.89970239,17.8003337,1572.29437058,36.72983351,10.49195628,134.10978891,1.62332967,0.38498687,1.0,3.75024739,3.89338073,56.43579586,277.17479475,3.84252642,7557.28249008,3.64,4.47342734,105.20286928,91.03922678,1344.14193597,3.75,8.3245274,13.6317076,601.48909395,10.20438898,1.30473978,0.76710603,22.45978616,568.91683719,28.82813204,,22.1843842,13001.89578457,17.8003337,34.10396371,10.64702618,3.50367736,3.04863826,2.35020763,33.90175541,6.7682152,31.92550111,2707.69691454,41.37199327,3716.86109783,40.17787031,12614.06903937,36.63780701,24994.33623853,118.74117086,2.7111915,589.53826901,2.70240606,589.53826901,107.24884216,250.40038594,17.8003337,25.67044934,13.79322908
2024-08-22,3.6725,70.77811506,89.32547518,386.38523771,1.79230256,906.90390111,944.09717965,1.48288225,1.79,1.69995312,1.75459989,2.0,119.12116258,1.75459989,0.376,2891.09499004,1.0,1.30557523,6.89111897,5.48345835,1.0,83.90356136,13.29367413,3.27001539,2.01438962,1.35876339,2868.77434694,0.85202928,916.02624744,7.13422428,4027.40672258,520.87447875,23.93014509,98.92461524,22.50103478,177.58876999,6.69544463,59.62469666,134.07715148,48.79018525,15.0,108.64379139,0.89711268,2.21736871,0.76388696,0.76388696,2.70996254,15.60684746,0.76388696,69.68906245,8614.90044555,7.72857723,208.39646771,7.79309172,24.84846256,131.52450679,352.13973403,15507.48737179,3.72338965,83.90356136,1309.96644172,42309.14918704,136.63994138,156.67126605,0.709,145.41341686,128.71963523,85.6097854,4090.99802483,441.35050676,899.97112383,1335.36547967,0.30544013,0.82208333,477.07430971,22078.64296332,90179.93304543,299.74010422,194.59677765,17.84799161,4.76975487,9.68050567,17.42073845,4555.41912671,55.26287067,2098.4809203,3401.76511943,8.02688448,39.70830148,46.07232595,15.40515556,1730.85534729,19.28207368,4.37397219,63.90601402,17.84799161,1574.28912311,36.71915624,10.51077977,134.30862585,1.62519611,0.38497705,1.0,3.7506137,3.89034873,56.29404114,278.89364855,3.83856931,7572.5356228,3.64,4.46493883,105.00916009,91.50206553,1348.27062243,3.75,8.32542935,13.90637032,601.47977885,10.19603763,1.30557523,0.76388696,22.49866304,568.24154571,28.8626368,,22.10378051,13001.75237553,17.84799161,34.24529167,10.65755452,3.50352021,3.04363869,2.34765594,33.94161207,6.77082227,31.94224573,2708.73451665,41.35070667,3718.23163276,40.17764346,12681.39800999,36.60285469,24976.69742271,118.79060107,2.70276389,588.46734234,2.70210801,588.46734234,107.05401911,250.40628985,17.84799161,25.89865634,13.95770928
2024-08-23,3.6725,70.97493621,89.75580174,386.40130407,1.79211542,908.71104731,945.27048574,1.48979186,1.79,1.69995032,1.75825159,2.0,119.63966369,1.75825159,0.376,2888.95436847,1.0,1.30898076,6.91258324,5.59272623,1.0,83.91612443,13.34872123,3.27002427,2.02432173,1.3600445,2829.07255482,0.85129444,919.56868998,7.14392783,4065.90442437,523.95769972,23.98906081,99.13049833,22.54920019,177.80190173,6.70768191,59.83410486,134.19518298,48.7795368,15.0,109.45523896,0.89897976,2.21938439,0.76328548,0.76328548,2.70192756,15.61924362,0.76328548,69.80558161,8634.76053968,7.74653406,209.02520183,7.79757729,24.83185316,132.01797903,353.85197251,15680.47115457,3.70955079,83.91612443,1310.68038887,42192.23622063,136.91936064,156.81484838,0.709,145.75858792,129.28547906,85.49778658,4073.79798688,442.26905069,900.01661061,1341.02536143,0.30564986,0.82139612,479.93265398,22155.32675046,90227.41875517,301.85373275,195.43970033,18.00396534,4.79034523,9.67145829,17.44259536,4565.28585191,55.35932226,2097.5533391,3399.4896733,8.03150461,39.69141454,45.97419642,15.38592209,1738.39507452,19.49182316,4.38625304,63.90211634,18.00396534,1576.52207028,36.81513403,10.58377022,134.32873618,1.62621241,0.38497751,1.0,3.74581348,3.89080792,56.4682873,279.29008373,3.85138633,7589.57531578,3.64,4.47425998,105.23651205,91.32857275,1347.88683899,3.75,8.30872275,14.22625034,601.39694234,10.23078142,1.30898076,0.76328548,22.52427352,569.4039438,28.91733429,,22.11275941,13002.44637706,18.00396534,34.47731451,10.66682855,3.49391377,3.05103395,2.35340784,33.96723756,6.79060797,32.02433208,2708.27943168,41.28785372,3716.20700879,40.36893382,12671.84985327,36.65134001,24969.70958462,118.967694,2.70651973,589.69206759,2.70158026,589.69206759,107.27682121,250.40092297,18.00396534,26.08624044,13.79901541
2024-08-24,3.6725,70.84237602,89.6325394,386.35655953,1.787527,905.16225512,944.75432379,1.47209239,1.79,1.70172598,1.74532718,2.0,119.55389589,1.74532718,0.376,2877.31820271,1.0,1.30091282,6.91152338,5.48646298,1.0,83.81404696,13.35924524,3.27450499,2.0233827,1.35106145,2796.40383067,0.84796788,908.89632306,7.12460381,4027.55252545,519.9071778,24.01398297,98.40181822,22.37731702,178.28437186,6.6659774,59.67686337,134.28474539,48.72227164,15.0,109.86942564,0.89237162,2.20568398,0.75658288,0.75658288,2.70675429,15.58916285,0.75658288,69.98042403,8629.93786809,7.74386112,208.9748185,7.79598379,24.86278665,132.23017361,351.59148467,15417.33110423,3.68980368,83.81404696,1309.95932481,42128.92345554,136.26717913,156.87573126,0.709,144.32424285,128.94074909,85.34404766,4086.86502116,439.01805666,900.00179473,1324.84190275,0.30552433,0.82011232,483.73724402,22098.64288028,89477.28061209,299.89745028,195.05316637,17.72567653,4.76871296,9.6520702,17.42793808,4579.1847621,54.98077041,2098.21753196,3386.22513054,8.02986331,39.76697929,46.12572378,15.36690541,1734.82050343,19.10885656,4.37573605,63.60994071,17.72567653,1585.36143336,36.78066949,10.46164567,134.16533567,1.60439522,0.38486511,1.0,3.74409908,3.84261764,56.17081885,278.59144929,3.81068432,7596.66849159,3.64,4.44673101,104.59572389,91.35760022,1331.0460169,3.75,8.45200901,13.76506316,601.21872197,10.17882707,1.30091282,0.75658288,22.51003704,570.55923072,28.79119281,,22.03617148,13001.84144525,17.72567653,33.89551613,10.63386838,3.50319747,3.05018571,2.3218407,33.95515426,6.78739607,31.81065172,2708.75670143,41.34494011,3717.60566271,40.32954556,12703.71167947,36.54381055,24961.3060948,118.38652777,2.68260596,585.35740887,2.70228476,585.35740887,106.4882598,250.38049113,17.72567653,26.05295516,13.93529616
2024-08-25,3.6725,70.80036916,89.65201552,386.88358595,1.78750083,904.07028756,945.50192044,1.47197735,1.79,1.70006077,1.75040348,2.0,119.90443817,1.75040348,0.376,2881.34451995,1.0,1.30064108,6.92513281,5.48220301,1.0,83.81518383,13.35804117,3.2738977,2.01519656,1.3511981,2795.35009774,0.84789364,908.99546921,7.12449322,4028.304294,525.05239659,23.98435679,98.68802095,22.36921328,178.28557013,6.66581729,59.59074826,134.37520174,48.78033039,15.0,109.86936534,0.89496709,2.2471154,0.7569408,0.7569408,2.69770002,15.55262001,0.7569408,69.99915559,8615.66918823,7.73339245,208.98436497,7.79616878,24.77822392,133.97756391,351.64568959,15539.6601393,3.69460081,83.81518383,1310.41888559,42002.63071876,136.25567814,157.60565694,0.709,144.40025313,128.63265833,85.33970224,4079.83017183,440.29494529,900.0,1324.31021332,0.30640048,0.82000421,483.53852814,22178.47087856,90474.18127829,299.94971311,195.34866454,17.70931604,4.75930357,9.63584203,17.30004374,4566.0819281,55.06996866,2096.03411576,3385.05584623,8.03005385,39.82916912,46.01954452,15.45996765,1733.28514076,19.1017388,4.37462823,63.6094441,17.70931604,1580.89210238,36.62433005,10.49276082,134.16715552,1.60432014,0.38504652,1.0,3.74321058,3.78355834,56.40427088,278.4694865,3.81373705,7629.62656405,3.64,4.44815026,104.95637041,91.50731866,1326.00390759,3.75,8.45309533,14.75085118,598.91329189,10.18247099,1.30064108,0.7569408,22.50989692,571.0694956,28.86997151,,22.04856777,13001.98298152,17.70931604,34.1470631,10.64563467,3.50000673,3.05148527,2.32180054,33.9583297,6.77003135,31.78727559,2702.63772211,41.34260801,3714.83303456,40.31514857,12684.76358584,36.5434146,24970.02435987,118.38355418,2.68240111,587.05992705,2.7000001,587.05992705,106.79798203,250.23908015,17.70931604,26.15026575,13.93529616
2024-08-26,3.6725,70.84306118,89.6477117,386.22400988,1.79010072,913.05818207,938.88437188,1.47174687,1.79,1.69994093,1.74658459,2.0,119.13924685,1.74658459,0.376,2889.19686396,1.0,1.30015257,6.87936135,5.48665345,1.0,83.80209323,13.32257882,3.27004977,2.01442062,1.35001873,2820.15635552,0.84611381,908.83322361,7.12447634,4025.26610684,523.18271545,23.90213208,98.47271117,22.35674263,177.03988109,6.66277074,59.31729638,134.49066392,48.75665484,15.0,108.40651773,0.89301452,2.20325964,0.75645543,0.75645543,2.69693172,15.55554677,0.75645543,69.98867815,8559.11373019,7.70843066,207.98364085,7.79527007,24.59751804,131.38753588,351.29730555,15358.01073182,3.68859781,83.80209323,1310.42348546,42176.53340386,136.18902345,156.04382707,0.709,143.65495979,128.47812807,85.33780534,4054.20554873,439.33434434,899.99565455,1320.2976713,0.30537186,0.82009176,483.72195035,21989.08224124,90229.0444211,299.94429409,193.74991053,17.7042847,4.74431111,9.64823724,17.3477549,4536.45279292,54.95365635,2098.74923616,3399.33890297,8.02912817,39.4957661,46.13569891,15.39325131,1721.69024155,19.20373103,4.34540443,63.89976563,17.7042847,1572.63088519,36.5639641,10.4511949,134.14620073,1.60493571,0.38497629,1.0,3.74191929,3.89096758,56.12336437,278.60488035,3.80891547,7566.64624771,3.64,4.44847361,104.5753405,91.06236749,1314.62280923,3.75,8.3120164,13.85119815,601.40622409,10.17762378,1.30015257,0.75645543,22.53795859,566.21358417,28.92271915,,21.8963034,13001.90594467,17.7042847,33.90680023,10.6308601,3.50356835,3.03987736,2.34042819,34.02586199,6.75811135,31.75866527,2707.03063546,41.36239837,3714.52183019,40.10323535,12689.988455,36.5429595,24913.6654411,118.68550982,2.69786729,585.77912579,2.70012933,585.77912579,106.56497857,250.39193387,17.7042847,26.08759562,14.00381328
2024-08-27,3.6725,70.82159944,89.70960447,386.25088383,1.79200119,917.55035971,949.56843717,1.47643542,1.79,1.69995148,1.75154036,2.0,119.56978187,1.75154036,0.376,2883.98054707,1.0,1.30386197,6.87948531,5.49687097,1.0,83.88083113,13.2745867,3.27013741,2.02389884,1.34820267,2837.89045426,0.84741736,906.87050949,7.12110308,4032.6587445,525.12064803,23.89719869,98.75211854,22.43237693,177.62833133,6.68184417,59.54930793,134.21457117,48.72447126,15.0,108.40549106,0.89554837,2.22170752,0.75816023,0.75816023,2.69992187,15.61873235,0.75816023,70.10021438,8619.67063176,7.71457084,207.98264505,7.79904225,24.77183138,131.39229631,353.28005749,15505.8385077,3.68125744,83.88083113,1309.25449172,42184.66276611,136.93309872,156.04561589,0.709,144.82078218,128.93591522,85.20860219,4056.91356514,440.58091562,900.04153502,1330.76662898,0.30551154,0.82161617,483.66140102,22016.80391893,90229.54275108,301.14104071,194.90545209,17.71320833,4.76033389,9.64134272,17.34980601,4566.76056124,54.97921716,2097.8339521,3400.26175056,8.03301351,39.59878374,46.05495385,15.31236807,1733.40528339,19.40206636,4.35906523,63.90524385,17.71320833,1590.2620494,36.77821448,10.54943405,134.27224044,1.61190177,0.38491895,1.0,3.74696246,3.89105286,56.22262528,278.63133425,3.83515993,7569.70277045,3.64,4.45727432,104.81185279,91.99118222,1325.48414058,3.75,8.32282057,13.26406156,601.39900354,10.21461673,1.30386197,0.75816023,22.54256165,566.78011489,28.97917134,,22.13689026,13003.18782553,17.71320833,34.06702415,10.65098767,3.49443826,3.03848186,2.34220825,34.0208666,6.76466016,31.87067317,2709.20806213,41.39470317,3713.68429574,40.39067656,12639.08817381,36.51756639,24910.06216115,118.4487042,2.70330656,587.44122083,2.70173742,587.44122083,106.86734702,250.40318462,17.71320833,26.32822182,13.81171394
2024-08-28,3.6725,70.73451555,89.59440229,386.08473946,1.79290345,918.56731314,948.69987846,1.47063115,1.79,1.70095327,1.74992875,2.0,119.48811063,1.74992875,0.376,2888.15312983,1.0,1.30213975,6.87645042,5.50986969,1.0,83.93569277,13.27415528,3.26998698,2.01437508,1.34475724,2833.12040621,0.8422635,907.79408547,7.12381765,4039.40814614,524.97415694,23.90027976,98.6612553,22.37744044,177.63162503,6.67487896,59.6459403,134.20724417,48.69859143,15.0,111.76836102,0.89472436,2.20181694,0.75441385,0.75441385,2.69497205,15.61602499,0.75441385,70.1048364,8606.45095872,7.71430929,207.94084177,7.79970425,24.7687087,131.35327549,351.61487346,15492.00004327,3.67988138,83.93569277,1309.21725725,42140.04352518,136.80976707,155.95507666,0.709,144.17149026,128.98927197,85.13710766,4067.06000773,440.17553081,900.00183362,1332.73520705,0.30516906,0.82180391,480.6507777,22114.62230572,90304.90228835,300.33274879,194.98798513,17.71637412,4.75671196,9.63395024,17.34757848,4565.47493746,55.02467547,2099.49103591,3385.25804094,8.03369538,39.59287665,46.13403223,15.42172865,1732.10448245,19.70153231,4.34771709,63.89890401,17.71637412,1590.05904555,36.78982755,10.46236549,134.3600602,1.60201701,0.38497387,1.0,3.73900601,3.90967684,56.28518244,277.95629656,3.83189033,7556.82016058,3.64,4.45412386,104.71597228,91.49511128,1335.50791915,3.75,8.31249111,13.01785433,601.48358464,10.15509969,1.30213975,0.75441385,22.61469675,566.30861359,28.89842754,,22.03338762,13003.66577201,17.71637412,33.94478663,10.65851081,3.50347883,3.03362153,2.33858532,34.3136247,6.76262075,31.93249195,2709.39024217,41.31046126,3712.71860172,40.25323719,12599.57732441,36.54257217,24836.38823644,118.29055408,2.69879466,586.90070774,2.70212107,586.90070774,106.76901684,250.18943896,17.71637412,26.24285053,14.02013189
2024-08-29,3.6725,70.69933395,89.88942863,385.8552621,1.79175605,923.4334423,948.48989672,1.47208672,1.79,1.69998355,1.75735707,2.0,119.4095696,1.75735707,0.376,2886.90753908,1.0,1.30249604,6.89524453,5.56357368,1.0,83.93755697,13.28524627,3.2701061,2.02183168,1.34663484,2835.4281898,0.84148274,912.76383276,7.12913963,4101.48173181,524.76646597,23.90995987,99.08006539,22.52850626,177.74638746,6.70256297,59.60806796,133.98055213,48.6610575,15.0,111.89547893,0.8985224,2.20172522,0.75732653,0.75732653,2.69493103,15.64367447,0.75732653,70.09707606,8626.96611466,7.72192001,208.20821388,7.7986351,24.78628104,132.26953262,353.44718423,15432.55630303,3.65825106,83.93755697,1309.53775537,42059.83458595,137.39220081,156.28888536,0.709,144.55059743,128.72961775,85.10103637,4061.37264175,442.04404496,899.99157324,1337.27051112,0.30532623,0.8219209,480.83639025,22101.04274837,89825.36005069,300.39257661,195.10988946,17.80561224,4.75871563,9.66659148,17.35119846,4558.93170594,55.15743398,2097.54273932,3394.05717862,8.03259415,39.65915245,46.15215884,15.41572574,1733.68871003,19.69767139,4.3364383,63.90396515,17.80561224,1589.89929423,36.80118863,10.48829725,134.36304432,1.59360207,0.38499073,1.0,3.7409546,3.90461895,56.31350905,278.27217211,3.86228303,7558.06957065,3.64,4.4716512,105.14695691,91.52210661,1328.24506534,3.75,8.30522944,13.97159524,600.92774465,10.18200775,1.30249604,0.75732653,22.54556224,566.20619406,28.88005943,,22.08374381,13001.91873523,17.80561224,34.0111346,10.66572173,3.4935914,3.03735248,2.33938764,34.14832517,6.77481072,31.98119903,2707.82663687,41.27791395,3719.17435287,40.22948015,12691.10481437,36.54622468,24877.51206877,118.74693631,2.69708995,589.39205994,2.70221693,589.39205994,107.2222438,250.36292602,17.80561224,25.91333666,14.00612344
2024-08-30,3.6725,70.63969826,90.14520958,387.85644362,1.79223676,921.82824952,950.28343521,1.47195518,1.79,1.69995691,1.76564563,2.0,119.64194859,1.76564563,0.376,2879.7598034,1.0,1.30301298,6.90501068,5.62896667,1.0,83.87937127,13.29449435,3.2700307,2.02292165,1.34846497,2849.3480777,0.84718598,915.16432601,7.09960948,4115.1950689,518.5366964,23.99516529,99.54737538,22.61426365,177.80227299,6.73358332,59.69426252,134.06540938,48.62141698,15.0,111.88858457,0.90276027,2.2025081,0.75946472,0.75946472,2.69495751,15.65753764,0.75946472,70.11725829,8631.88001477,7.73384026,208.80445598,7.79445473,24.81521387,132.48178355,354.57677678,15416.50480236,3.65920856,83.87937127,1310.06274212,42142.47717858,138.03861573,156.46929643,0.709,144.85487438,128.96613826,85.05714803,4067.57096889,444.12894064,900.00436723,1334.29623837,0.30542497,0.82184367,482.00606311,22050.96656096,89550.86155546,300.54766473,195.22464855,17.76464646,4.7620184,9.71696317,17.41467676,4578.64600442,55.56051356,2097.03686948,3400.46166786,8.02828838,39.72528404,46.15830413,15.42235535,1734.72303915,19.85485819,4.31365855,63.90162048,17.76464646,1592.25627453,36.836315,10.5037998,134.26990356,1.59484075,0.38499731,1.0,3.74919186,3.90798646,56.14179331,278.90631191,3.86819379,7583.991894,3.64,4.4933267,105.63937328,91.60065238,1330.25311874,3.75,8.30523429,14.09709821,600.97654819,10.22374804,1.30301298,0.75946472,22.5423073,566.38160531,28.89713022,,22.20790001,13001.87689528,17.76464646,33.95322344,10.670405,3.50343711,3.05199027,2.33459152,34.08866725,6.78517388,31.92128662,2715.06959894,41.15215766,3715.73390004,40.3480325,12643.39744604,36.58017868,24952.61819182,118.27829767,2.69842389,592.17192085,2.70190026,592.17192085,107.72795629,250.36652865,17.76464646,26.0641109,13.83022589
2024-08-31,3.6725,70.4690095,90.06765805,385.82305085,1.78757035,913.30481811,950.04630097,1.47844177,1.79,1.70211275,1.76813995,2.0,119.51299839,1.76813995,0.376,2881.35898813,1.0,1.30683442,6.90722462,5.61050314,1.0,83.88785912,13.25381539,3.2746269,2.02403639,1.3493893,2798.18557367,0.84986642,913.86224028,7.0900689,4178.99075069,524.78650945,23.98810972,99.68800598,22.66038309,178.28204094,6.75193498,59.78189628,133.80295181,48.56223065,15.0,110.89014421,0.9040356,2.20673028,0.7618146,0.7618146,2.69104922,15.68991326,0.7618146,70.49135094,8627.20193508,7.73008669,208.8294982,7.79880053,24.82370252,131.92264168,355.58643799,15524.11010987,3.6278871,83.88785912,1309.44802327,42104.35255641,138.38005042,156.62320622,0.709,146.17039145,128.96601546,84.9166714,4059.40290807,444.75636168,899.99578162,1337.5344019,0.30566055,0.82002581,481.67118579,22089.1387442,89649.25335926,299.20192387,195.19508696,17.83281384,4.75055464,9.75466592,17.37085556,4568.74599083,55.65324851,2098.41522859,3385.81465454,8.03276454,39.72145355,46.43178166,15.36319941,1733.79713079,19.72528337,4.31999448,63.65221458,17.83281384,1590.64648021,36.80384944,10.6080148,134.28349049,1.59998478,0.38470251,1.0,3.74773889,3.90998123,56.23479144,278.57116761,3.87588836,7569.54950325,3.64,4.50427432,105.83938321,90.54364525,1332.59692065,3.75,8.23045243,13.37326126,601.30171764,10.35549157,1.30683442,0.7618146,22.55518872,570.14237613,28.8873677,,22.44548842,13001.88904629,17.83281384,33.99889811,10.66824421,3.49355299,3.05368351,2.31166254,34.07602208,6.78282244,32.01319069,2717.96002985,41.08300926,3716.0368483,40.26839102,12627.91817031,36.58033237,24892.10199223,118.49753087,2.68245458,593.00848224,2.70237494,593.00848224,107.88014359,250.31156031,17.83281384,26.07411604,14.09010907
2024-09-01,3.6725,70.43674669,89.60541836,386.47711995,1.78750094,912.36846525,950.5000192,1.47841031,1.79,1.70211275,1.76778745,2.0,119.95907099,1.76778745,0.376,2881.31231153,1.0,1.3066498,6.93488495,5.61191666,1.0,83.91218037,13.25234678,3.27670338,2.01531013,1.34921556,2795.35009769,0.85007706,913.19853758,7.09012742,4176.6832799,519.92852265,23.82348001,99.66813155,22.65496729,178.28557013,6.75127212,59.53060612,134.22716505,48.61625287,15.0,110.89003003,0.90385537,2.20673065,0.76156108,0.76156108,2.69110012,15.58265612,0.76156108,70.99830725,8624.62918715,7.72972867,208.98756809,7.79747356,24.77883301,133.97756404,355.57925904,15445.7678243,3.63689293,83.91218037,1310.41888561,42002.63071212,137.91145637,157.33432484,0.709,146.19573258,128.3842085,84.91520045,4050.31655952,444.66769226,900.0,1337.06898707,0.30629827,0.82000447,481.45768671,22183.59088192,89550.00060295,299.19009125,195.30786468,17.82219656,4.75929978,9.77036527,17.26000412,4563.32348959,55.55000846,2096.03411558,3384.41664694,8.03139777,39.85047798,46.5292785,15.45999497,1733.28494535,19.72518691,4.31992498,63.77095289,17.82219656,1589.17745067,36.62449669,10.54818543,134.32242273,1.60015082,0.38504652,1.0,3.74894698,3.91008988,56.23914351,278.46948649,3.87612194,7685.96609133,3.64,4.50388787,105.87884679,90.68420459,1329.88728519,3.75,8.23045243,14.70770861,598.96264655,10.30241301,1.3066498,0.76156108,22.5550239,570.14049216,28.71000837,,22.1508866,13001.98298152,17.82219656,33.95078219,10.67193906,3.49735973,3.05046903,2.3116013,34.07189225,6.75493727,32.03663498,2714.45970496,41.25035224,3716.09370296,40.36499232,12625.02373345,36.5803637,24865.07251761,118.49826092,2.68240111,592.89025635,2.70000005,592.89025635,107.85863593,250.24156174,17.82219656,26.07643118,14.09010907
2024-09-02,3.6725,70.46879106,90.19000117,386.09636291,1.79229656,921.44137554,952.39202057,1.47630837,1.79,1.69995151,1.76926806,2.0,119.63811612,1.76926806,0.376,2886.89202489,1.0,1.30542153,6.91073373,5.61092652,1.0,83.87493046,13.27487758,3.26999305,2.02431467,1.34893566,2846.39008686,0.84992805,913.90839219,7.09584434,4179.26214456,518.53882414,24.01253073,99.75160904,22.65033421,178.29811171,6.74733902,59.70737736,133.82201749,48.59873327,15.0,110.78927678,0.9046124,2.20828187,0.76159883,0.76159883,2.6879228,15.6539499,0.76159883,70.48167782,8636.2698786,7.7354241,208.96770943,7.79707637,24.82044874,132.02590387,355.33110897,15520.84009022,3.63787187,83.87493046,1309.1862725,42211.44950774,138.31996355,156.79708378,0.709,146.13263616,129.18278324,84.91661302,4065.31079216,445.04012569,899.99971526,1336.94121391,0.305719,0.82172639,482.80859039,22144.46389963,92076.47486183,299.86753718,195.27129522,17.83524177,4.76882862,9.76661026,17.39680651,4568.058536,55.65076898,2098.43716835,3381.52180677,8.03098866,39.85122946,46.42377561,15.41943928,1737.74505127,19.71807207,4.33403684,63.90515163,17.83524177,1590.78468993,36.85983495,10.60633906,134.26279494,1.60137257,0.38487498,1.0,3.74807553,3.90962131,56.27236141,279.12046198,3.87456907,7682.50841821,3.64,4.5022654,105.90945721,91.49731011,1331.56865475,3.75,8.31613215,13.37475467,601.46099822,10.26132788,1.30542153,0.76159883,22.60640143,571.73755545,29.03896184,,22.47452567,13002.07111106,17.83524177,34.04941683,10.6687521,3.49354887,3.05637921,2.33886991,34.08055808,6.79174669,31.99819767,2715.37926491,41.05208118,3717.53957631,40.36385362,12631.0814698,36.59270719,24988.79778077,118.94597703,2.69995079,593.38683425,2.70178161,593.38683425,107.94897342,250.1782879,17.83524177,26.13587958,14.09006297
2024-09-03,3.6725,70.47056229,90.22198678,387.6176366,1.79206547,924.61862548,952.66403578,1.47420659,1.79,1.69995157,1.76805558,2.0,119.5656607,1.76805558,0.376,2891.65516844,1.0,1.30818703,6.91066868,5.61648024,1.0,83.9298426,13.28352266,3.27030848,2.02348848,1.35010438,2843.66387971,0.85262329,915.7057819,7.11943968,4147.61316516,519.25821388,23.97675813,99.68324892,22.63284852,178.20090912,6.7429391,59.69710871,133.82160968,48.53939456,15.0,110.32992078,0.90399246,2.21768482,0.76107473,0.76107473,2.68796383,15.64422307,0.76107473,70.48478218,8618.82120589,7.73279546,208.92682625,7.79668987,24.79834267,132.15236921,354.88828274,15570.71642201,3.65127403,83.9298426,1309.26523413,42226.58141062,138.58553884,156.9324327,0.709,147.00676784,128.71586812,84.73134953,4060.22945663,444.73513814,899.99069905,1341.69835217,0.30564739,0.82115434,482.95659496,22170.7712382,90251.47313275,299.08398565,195.12233787,17.83284932,4.76448175,9.77710018,17.40781617,4563.40159743,55.58758925,2098.75180803,3382.07188743,8.03059056,39.85119831,46.4708233,15.41388092,1735.52633682,19.81489165,4.37775278,63.87938254,17.83284932,1590.85105106,36.821916,10.59769878,134.35069555,1.60637902,0.3849808,1.0,3.7704246,3.89787141,56.5977087,278.73613229,3.86088199,7676.08180825,3.64,4.49773403,105.7909146,89.99981935,1333.0006068,3.75,8.31726952,13.89138148,601.26844522,10.25359861,1.30818703,0.76107473,22.55092542,571.14917751,28.97783332,,22.22593297,13002.11756314,17.83284932,34.28296097,10.66945658,3.49350612,3.04990445,2.33748357,33.92865332,6.78384907,32.09782733,2714.90046801,41.2180629,3720.3025141,40.38611304,12573.2942078,36.59885538,24988.86314295,118.50076708,2.69544711,592.98018419,2.70147152,592.98018419,107.87499561,250.19050492,17.83284932,26.2195963,14.09009623
2024-09-04,3.6725,70.44157777,90.39055173,385.10825071,1.79140688,921.54867971,953.41579337,1.49190782,1.79,1.69994835,1.76998154,2.0,119.4623642,1.76998154,0.376,2886.79244867,1.0,1.30756076,6.90896455,5.64866958,1.0,83.96357753,13.30752936,3.27019494,2.01442423,1.35472381,2834.35933991,0.84928207,928.71954433,7.1159063,4185.69720077,515.21158419,23.98934718,99.79183512,22.71799756,177.95860372,6.75110925,59.59617872,133.13433296,48.50095053,15.0,110.84595423,0.90497719,2.21976318,0.76288728,0.76288728,2.68995163,15.6348969,0.76288728,70.60847343,8627.74386475,7.73029487,208.85667169,7.79723744,24.76870788,132.03144489,356.52977373,15545.38208829,3.69048452,83.96357753,1309.37784538,42244.90656372,138.91730964,156.84100576,0.709,145.4576032,128.72434737,84.60872558,4059.8169349,445.21959367,899.98548901,1341.23717792,0.30556329,0.82078411,482.87153971,22048.6120251,92504.08339979,298.74445924,194.88250203,17.98382326,4.75822006,9.76086337,17.4236167,4562.84796286,55.69307105,2097.46152968,3401.49523071,8.03115456,39.64268543,46.60567283,15.41766925,1733.25759993,19.808359,4.35044528,63.90137428,17.98382326,1589.55718007,36.78469285,10.68646424,134.40469673,1.61884344,0.38498731,1.0,3.78910256,3.91657738,56.58562633,278.41178801,3.87482416,7680.46833938,3.64,4.50058242,105.89897994,88.25106603,1335.62437374,3.75,8.31232388,13.81196,601.30221314,10.30147788,1.30756076,0.76288728,22.51259452,570.28200835,28.97407515,,22.23825439,13001.86863854,17.98382326,34.30478978,10.64873872,3.49460663,3.05607806,2.34038934,34.01716005,6.77887051,32.16300811,2721.91023709,41.31917126,3727.77176666,40.32346535,12631.98124044,36.59321668,24988.71317249,118.92003651,2.70164853,593.62612489,2.70101407,593.62612489,107.99250519,250.38934311,17.98382326,26.16309647,14.0903341
2024-09-05,3.6725,70.27892356,90.04057893,385.82721066,1.79175037,935.5242314,953.19236605,1.48641621,1.79,1.69995137,1.7649958,2.0,119.40317071,1.7649958,0.376,2879.14091374,1.0,1.30274879,6.90495642,5.64318432,1.0,83.98210005,13.31866707,3.2703038,2.01445644,1.3507066,2832.0373622,0.84691458,943.37831569,7.10336643,4182.18688142,518.67929433,23.98450159,99.51073825,22.60528571,177.8200481,6.73237131,59.64836249,133.15314082,48.48286209,15.0,110.93271259,0.90242802,2.22217365,0.76036564,0.76036564,2.69494632,15.62425767,0.76036564,70.80462085,8622.80831424,7.72792376,208.76015091,7.79483135,24.74075567,132.01937609,354.8932576,15424.23186203,3.68775818,83.98210005,1309.97272162,42125.21402387,138.52698276,156.96586318,0.709,143.77420013,128.60424221,84.37067596,4055.75901972,443.96548471,899.98710544,1334.35695713,0.3054804,0.82142539,482.39617433,22017.59649596,91612.24093413,298.27506919,194.80579529,17.87738014,4.75436906,9.74862864,17.43481359,4552.95560831,55.69272905,2098.58043871,3398.68060082,8.02867629,39.57571986,46.12043815,15.42004052,1731.92831049,19.94564418,4.33673449,63.89717053,17.87738014,1603.44020125,36.76002169,10.6395026,134.43434666,1.61386268,0.38499034,1.0,3.78878709,3.9033378,56.43387971,278.16938577,3.85742789,7694.49091014,3.64,4.48632871,105.59850089,87.50361668,1346.40999546,3.75,8.30520284,13.53157311,601.39503123,10.27773508,1.30274879,0.76036564,22.64128334,570.32668383,29.01990576,,22.22074783,13001.90356432,17.87738014,33.91879511,10.66156342,3.50354581,3.04623534,2.34631758,34.05503414,6.78430785,32.11631523,2724.69311216,41.25479429,3717.02307581,40.23400009,12670.42099743,36.59737419,24926.39797354,118.75136036,2.70760046,591.95397962,2.70150674,591.95397962,107.6883084,250.21055235,17.87738014,26.27623178,14.0904852
2024-09-06,3.6725,70.23150711,89.73838308,387.30478503,1.79215873,929.57818238,953.86292847,1.48501403,1.79,1.69996492,1.76017582,2.0,119.51502993,1.76017582,0.376,2885.50962768,1.0,1.29991754,6.90707283,5.56893717,1.0,83.98731327,13.32127212,3.27067636,2.0145452,1.35019159,2834.79185733,0.84345868,942.75836831,7.08779144,4155.42150097,520.99574099,23.97944251,99.2389866,22.5259279,177.89775664,6.71401036,59.82542712,132.70378352,48.44390512,15.0,110.93058925,0.8999636,2.22158588,0.75898067,0.75898067,2.69199626,15.6495886,0.75898067,70.75274878,8634.73645178,7.72680534,208.74839153,7.79545165,24.76844316,132.3565536,353.90857937,15382.03964627,3.70601216,83.98731327,1309.42029936,42072.06925982,137.96967688,157.01423601,0.709,143.27748174,128.60983598,84.22958771,4071.61651357,442.75306929,899.98833104,1332.80864357,0.30550127,0.82188567,482.01225349,22142.14678172,90826.27178437,298.5016774,195.04211949,17.70811826,4.76366059,9.72496945,17.42275109,4550.17412017,55.5001933,2097.24984582,3397.29960327,8.0293152,39.65718336,46.03155016,15.42814072,1732.67670485,19.89279343,4.33581877,63.83608465,17.70811826,1607.75109579,36.77157918,10.62705799,134.44269172,1.60864535,0.3847218,1.0,3.79379345,3.90308258,55.98760191,278.41629373,3.85456365,7713.10947184,3.64,4.47678044,105.30764371,88.32286223,1345.49098828,3.75,8.31091719,13.74328779,600.88938544,10.25294055,1.29991754,0.75898067,22.59587216,570.22057472,28.97818516,,22.18336898,13001.77695196,17.70811826,33.57403169,10.64669311,3.49567267,3.04905825,2.34062392,33.99834018,6.77242381,31.99368752,2721.02983302,41.22181778,3718.3063364,40.32820765,12719.82784134,36.63517201,24805.27433699,118.44933303,2.70387982,590.33742572,2.70179334,590.33742572,107.39422481,250.34038138,17.70811826,26.30788242,14.09009329
2024-09-07,3.6725,70.46722781,89.81550207,385.75508036,1.78750485,920.46121504,955.73674083,1.4994472,1.79,1.69999598,1.76273315,2.0,119.50934858,1.76273315,0.376,2881.32402938,1.0,1.30383937,6.90084431,5.59860481,1.0,83.98504269,13.33229496,3.27465918,2.02431296,1.35705154,2828.3647872,0.84290146,945.81454647,7.08764885,4173.45465061,517.65159506,23.97960914,99.38316925,22.58493521,178.32049703,6.73174161,59.79084527,132.45180945,48.40280918,15.0,110.93153641,0.90127115,2.21889874,0.76164292,0.76164292,2.69662376,15.67433972,0.76164292,70.9679727,8631.01608421,7.72394328,208.6671274,7.79525166,24.7953742,131.6939769,355.1418551,15452.23516331,3.72722334,83.98504269,1309.44292213,42087.7553083,137.57329451,156.89681605,0.709,142.43797318,128.98481814,84.20006992,4072.80644315,443.39633776,899.99825829,1338.78498965,0.30542432,0.82000595,479.40654914,22107.08995727,89655.95854318,298.80403977,195.33057069,17.84994913,4.75980101,9.77166526,17.44204536,4556.31750637,55.50397167,2098.56882034,3387.87129018,8.02910921,39.61624926,45.93399094,15.35964886,1734.90280829,19.9828748,4.33396448,63.62131006,17.84994913,1605.31633748,36.8027725,10.72196857,134.43905708,1.61955677,0.38495708,1.0,3.79043551,3.90467,56.21828082,278.38266528,3.86293768,7686.71354709,3.64,4.48463323,105.54541134,90.27859919,1340.70389254,3.75,8.23052913,13.44786925,601.4437879,10.30019524,1.30383937,0.76164292,22.5804879,570.1803619,28.9210527,,22.1928812,13002.00370329,17.84994913,33.72005655,10.66861389,3.49364529,3.03922143,2.3170128,33.97998319,6.77431861,32.04131308,2718.97535703,41.1791168,3718.7048943,40.30938682,12702.32309807,36.64896513,24608.86665901,117.37135967,2.68243019,591.19511701,2.7024624,591.19511701,107.55025607,250.35266836,17.84994913,26.25834598,14.09011851
2024-09-08,3.6725,70.24556828,89.72070864,386.22800671,1.7875006,920.31720976,956.00334104,1.49928255,1.79,1.69999977,1.76405437,2.0,120.00491307,1.76405437,0.376,2881.19446104,1.0,1.30268616,6.92511031,5.59083413,1.0,83.98973846,13.33287961,3.27500103,2.01519706,1.35753413,2827.91992188,0.8429879,944.13039661,7.08764776,4174.46043796,523.82916599,23.91534498,99.45765985,22.58782963,178.67484117,6.7323241,59.80909942,132.8571632,48.44619429,15.0,110.93010004,0.90194667,2.21889836,0.76152039,0.76152039,2.69350004,15.62277067,0.76152039,69.99929932,8629.42918698,7.73313006,208.98436497,7.79563024,24.78194473,133.6188987,355.06206357,15384.19437202,3.72570923,83.98973846,1310.41888561,42002.63071198,138.06600964,157.48393183,0.709,142.32679324,128.3842085,84.19999704,4066.62752404,443.72867629,900.0,1337.41330978,0.30640048,0.82000407,479.15294232,22180.07088278,90474.18133444,298.79519391,195.20020817,17.85369283,4.75940037,9.73137682,17.36999959,4543.65161501,55.37000397,2096.03411557,3386.90068535,8.02949914,39.81034267,45.93931607,15.45999912,1733.28494535,19.97898187,4.33075801,63.66683672,17.85369283,1613.95680418,36.62429877,10.71697253,134.44657384,1.61997386,0.38510282,1.0,3.7992325,3.90471249,56.1814473,278.54145534,3.86283029,7751.64125114,3.64,4.4843362,105.23041581,90.31832064,1333.08587754,3.75,8.23052913,14.70645077,598.96254707,10.3002676,1.30268616,0.76152039,22.57999296,571.0695009,28.85000103,,22.10128538,13001.98298152,17.85369283,33.69406795,10.66875702,3.49999996,3.03398673,2.31698723,33.96743455,6.78375215,32.06777151,2717.42604595,41.18973771,3717.89084186,40.37583628,12707.57108095,36.6488918,24605.06037688,117.37061042,2.68240111,591.63823506,2.70000006,591.63823506,107.63086813,250.16854478,17.85369283,26.39942556,14.09011851
2024-09-09,3.6725,70.24963481,89.92550658,385.46538904,1.79032621,933.68013693,955.80967734,1.4959456,1.79,1.69995306,1.76455221,2.0,119.73482151,1.76455221,0.376,2878.09067631,1.0,1.302952,6.91213647,5.59826867,1.0,84.01308179,13.29776907,3.27099481,2.02183229,1.35556553,2834.13104378,0.84466187,945.13334365,7.10399388,4179.42602003,523.06802025,23.99898083,99.48572844,22.58290599,178.32139702,6.73197591,59.86962682,132.61811053,48.43238525,15.0,114.44845475,0.90220122,2.2311073,0.76119094,0.76119094,2.69194312,15.67798511,0.76119094,70.04848871,8640.21681369,7.73391859,208.90391213,7.79664642,24.79504952,132.65673301,355.22496839,15465.82523001,3.72916579,84.01308179,1309.97948992,42087.64455194,137.5894394,157.16363854,0.709,142.70015477,128.7506479,84.20217301,4073.77902949,443.85390384,899.96004261,1340.01339869,0.30565778,0.82075266,480.10900253,22147.40932766,91441.07064637,299.41109323,195.23066627,17.81581555,4.76421869,9.7241855,17.41272082,4549.80344488,55.46248991,2097.50242065,3394.86028621,8.03054581,39.72963777,45.93434579,15.42386751,1734.33955614,19.97401037,4.35308823,63.80344718,17.81581555,1616.93543851,36.80382523,10.70461619,134.48394068,1.61746833,0.38505638,1.0,3.80076726,3.9109648,56.20524831,278.953678,3.86271211,7728.7009698,3.64,4.48602189,105.47243323,90.12928395,1341.14521589,3.75,8.30538659,13.86166557,600.90505053,10.3024103,1.302952,0.76119094,22.58612328,571.1629134,29.05190902,,22.13932661,13001.48533319,17.81581555,33.74486927,10.6506587,3.50352569,3.03434255,2.34148729,34.01808671,6.78290689,32.01568796,2719.63632565,41.07198506,3721.56882775,40.4426494,12668.71108576,36.64453828,24591.37803903,118.63248687,2.7052217,591.80520512,2.70102031,591.80520512,107.66124334,250.3479773,17.81581555,26.35524761,14.09005782
2024-09-10,3.6725,70.22859438,90.37665979,385.19087539,1.79213186,935.49528143,957.78140682,1.50322176,1.79,1.69995002,1.77265237,2.0,119.54392265,1.77265237,0.376,2893.12498508,1.0,1.30651102,6.90803469,5.58555789,1.0,83.97092931,13.30584943,3.27002812,2.02437821,1.35672674,2852.64608598,0.84974634,943.85522518,7.11888119,4236.69912022,522.27067846,24.00103095,99.94241684,22.70098652,178.09869168,6.76288068,59.94049671,132.65744983,48.35031068,15.0,114.44904603,0.90634277,2.23769523,0.76531663,0.76531663,2.69482126,15.67761693,0.76531663,70.07503956,8633.20607224,7.73627986,208.91299234,7.79764929,24.83544976,132.17746099,359.68129053,15462.45663363,3.76580558,83.97092931,1309.19916843,42239.29903466,138.03555588,157.07381001,0.709,143.49087482,128.98677591,84.20145685,4074.48857368,445.89141147,900.01673014,1344.96761223,0.30549426,0.82167565,479.29264155,22041.66059129,92304.77759745,301.01198087,195.14337631,17.89746681,4.75987776,9.73431552,17.41289154,4548.39779298,55.71408068,2098.32042583,3400.23795241,8.03157877,39.48773519,46.0314218,15.37789115,1735.75760154,19.90235666,4.36890653,63.90534893,17.89746681,1645.48882195,36.79772108,10.86017646,134.4164651,1.63002125,0.38497391,1.0,3.81626379,3.90603038,56.52491356,278.93941935,3.87482601,7739.90146877,3.64,4.50820327,106.05446914,90.56827547,1336.8939842,3.75,8.30340803,13.54018781,601.47856325,10.38719077,1.30651102,0.76531663,22.5485877,570.89552877,29.29901882,,22.34316942,13003.40993977,17.89746681,33.90342494,10.65183542,3.50355649,3.05460432,2.35597529,34.08889491,6.7851429,32.14704813,2722.57434828,41.12997434,3715.87761319,40.38508017,12706.77007609,36.63961786,24635.56262416,119.25672905,2.73127242,594.52188196,2.70172308,594.52188196,108.15546137,250.4027879,17.89746681,26.29690855,14.09043572
2024-09-11,3.6725,70.11053479,90.41691682,385.36916786,1.79151838,937.43926676,957.62050885,1.5025058,1.79,1.69994645,1.77241449,2.0,119.60823447,1.77241449,0.376,2885.62470334,1.0,1.30313818,6.91330345,5.66413391,1.0,83.96491251,13.36577054,3.27002142,2.02437044,1.36070433,2837.30689292,0.84486002,949.87239656,7.11924306,4278.03789306,519.45615289,24.00429489,99.92900523,22.72247102,177.70889624,6.76260486,59.9976086,132.65474641,48.35566359,15.0,114.46575607,0.90622114,2.22262799,0.76417743,0.76417743,2.69493684,15.69953732,0.76417743,70.47360475,8662.20709034,7.73995308,209.0568649,7.79705791,24.82486956,132.01654794,359.97265232,15434.90991347,3.76038687,83.96491251,1309.63468668,42170.61388913,138.02351573,156.8630799,0.709,141.77748047,129.22195755,84.20221118,4076.71558154,445.8315758,899.99305793,1339.10036588,0.30538825,0.82096092,478.28827739,22242.46339372,92099.58275982,300.95221163,195.33701503,17.94160962,4.77291139,9.74081957,17.42455292,4562.06075457,55.82902617,2098.25116773,3400.93334253,8.03096965,39.66309073,45.97308374,15.41470648,1736.94644592,20.08433838,4.33795198,63.9044898,17.94160962,1645.72500365,36.86538857,10.82848765,134.4068337,1.62640536,0.38497899,1.0,3.80801859,3.9174042,56.19635893,279.16131024,3.87820457,7737.60650211,3.64,4.50761259,106.04417289,90.9964147,1335.272152,3.75,8.2984236,14.02247537,601.44834738,10.36255715,1.30313818,0.76417743,22.59832907,571.92352707,29.18789139,,22.29434336,13001.75357018,17.94160962,33.6134143,10.64852591,3.49354525,3.05452369,2.35336943,34.04369492,6.7904775,32.1384214,2724.90554605,41.165377,3716.68823034,40.43314027,12682.17154424,36.66100688,24652.30251975,119.32091939,2.73116589,594.44210107,2.70109923,594.44210107,108.14094763,250.40413862,17.94160962,26.45893739,14.09010481
2024-09-12,3.6725,69.76136836,90.54782739,385.19178879,1.79422829,938.9231864,957.78685253,1.49712168,1.79,1.69995869,1.77637424,2.0,119.72836407,1.77637424,0.376,2895.76334585,1.0,1.30469062,6.91551208,5.66909616,1.0,83.97887938,13.36455729,3.27002402,2.02436577,1.35791012,2856.46542332,0.85248398,942.11813759,7.12278301,4253.66454466,516.48665115,24.01151648,100.15225636,22.78759094,177.88457389,6.77775603,59.99543,132.77401698,48.37259575,15.0,114.26657738,0.90824573,2.22349058,0.76708192,0.76708192,2.6969696,15.720236,0.76708192,70.84478341,8658.29511361,7.73880789,209.12029781,7.79936357,24.8740812,132.0257579,359.66720263,15434.50375183,3.7757315,83.97887938,1308.82839286,42330.71109141,138.33043907,156.91781303,0.709,142.63694695,129.47959528,84.20269867,4079.5058103,446.82760695,899.9960431,1340.65129114,0.30565772,0.82326959,479.58234925,22167.58849457,90843.09013121,300.55612076,195.70351779,17.91882982,4.7882237,9.78419201,17.426728,4550.87849154,55.86376645,2099.54966431,3402.06584642,8.03334448,39.74185231,45.97379004,15.40788217,1740.49008833,19.82004996,4.33605341,63.90564263,17.91882982,1656.62084652,36.89488602,10.86857214,134.42919117,1.63036107,0.38497918,1.0,3.78135239,3.90493812,56.12504285,279.56096679,3.89454069,7734.07871622,3.64,4.51737818,106.26996375,91.57380679,1362.39381089,3.75,8.30192526,13.58328081,601.49749204,10.39163052,1.30469062,0.76708192,22.60189981,572.80973496,29.60320207,,22.34869305,13003.6292764,17.91882982,33.73921594,10.65323514,3.49352824,3.05544158,2.35193914,34.01450605,6.78613952,32.1337043,2722.61004691,41.149921,3721.04519564,40.55481787,12739.58950805,36.73294941,24484.89319459,119.23494803,2.72982943,595.7701426,2.70336873,595.7701426,108.38254503,250.39897373,17.91882982,26.5235761,14.09036613
2024-09-13,3.6725,69.6590774,89.72574341,386.80250568,1.79023868,935.43051223,959.82734024,1.48669615,1.79,1.69996116,1.76440587,2.0,119.33869985,1.76440587,0.376,2894.69743551,1.0,1.29970222,6.88472051,5.62720172,1.0,83.93136919,13.32142715,3.27112006,2.0068003,1.3570425,2851.5360646,0.84956554,934.23885828,7.10696652,4203.7072853,518.81444901,23.86194413,99.47747749,22.66599388,177.23832369,6.73229596,59.51496751,132.5787895,48.42065717,15.0,113.16256714,0.90212639,2.21166025,0.76081232,0.76081232,2.69691666,15.62098439,0.76081232,70.95460405,8602.26814344,7.70046571,207.89689747,7.80073304,24.68551358,131.57822744,356.66225934,15404.96605431,3.72197843,83.93136919,1310.07828636,42159.20123434,137.4002129,156.54103855,0.709,141.11884453,128.9111753,84.35111234,4039.81036566,443.81709239,899.96061331,1331.96602356,0.30539563,0.82081782,479.54778749,22068.92812954,90187.53336223,301.77082775,197.92131557,17.73951612,4.7455707,9.77330515,17.37937453,4527.05601557,55.55637747,2097.26542329,3395.97215646,8.03475503,39.46500725,46.16100458,15.42263091,1725.78911369,19.51000403,4.31860238,63.85391106,17.73951612,1627.95576405,36.60134938,10.69617821,134.35313922,1.61635483,0.38500886,1.0,3.77266766,3.92706028,56.00272239,277.10905118,3.86627701,7711.74126908,3.64,4.48750493,105.57995665,89.20264653,1327.54121269,3.75,8.31206368,13.93058279,600.87549205,10.26438217,1.29970222,0.76081232,22.57520823,568.2022326,29.60372036,,22.15677286,13001.4721714,17.73951612,33.34544985,10.66410111,3.5029254,3.04922096,2.3486907,33.98291843,6.74447965,32.05074604,2720.98000793,41.26391499,3721.68335521,41.05072764,12728.36679893,36.69054235,24414.39613319,118.66415193,2.71348884,591.75612319,2.70096143,591.75612319,107.65231435,250.35737828,17.73951612,26.17011834,14.09012866
2024-09-14,3.6725,70.44195146,89.97056943,385.79417658,1.78733192,926.58608421,958.06615981,1.49164844,1.79,1.69999793,1.7640359,2.0,119.51833269,1.7640359,0.376,2894.07536514,1.0,1.29841363,6.89909512,5.56500301,1.0,83.8815348,13.31030018,3.27482338,2.02399941,1.35951036,2841.06899773,0.84918511,924.37464424,7.09311508,4178.5128785,516.65619656,23.95897505,99.45661897,22.69321766,178.39597303,6.73774023,60.0686177,132.29615955,48.36230268,15.0,113.16230682,0.90193724,2.21486548,0.76194085,0.76194085,2.6981185,15.67347981,0.76194085,70.93250914,8648.83826298,7.72073389,208.55043509,7.7995731,24.82442216,131.74012826,356.45011092,15406.57983412,3.70883542,83.8815348,1309.48119421,42084.20618558,137.49638037,156.90951161,0.709,140.83707169,128.97248887,84.54980421,4063.68145268,443.72403245,899.99990445,1329.48652926,0.30529055,0.82000488,480.1023097,22121.72294721,89586.7385475,301.26946769,199.2614777,17.75972361,4.76044007,9.77669926,17.43479556,4550.33957424,55.5288582,2098.39122751,3386.45904227,8.0335603,39.70284361,45.93369621,15.35226514,1735.765594,19.21453311,4.3019633,63.64790541,17.75972361,1639.39530978,36.79045718,10.66212119,134.27336684,1.62442284,0.3849438,1.0,3.77533972,3.92759938,55.94312179,278.58193492,3.86490795,7748.41582204,3.64,4.49087163,105.65428627,89.946348,1326.33459203,3.75,8.22315454,13.52713812,601.33851293,10.23558955,1.29841363,0.76194085,22.560077,570.27033154,29.39397215,,22.08325213,13001.85793549,17.75972361,33.22006655,10.66841996,3.49354141,3.03953043,2.32772465,33.92815223,6.76893908,31.95500095,2726.41454376,41.29090939,3710.65170583,40.25289155,12748.24469964,36.72936274,24548.77867654,118.22034054,2.6824592,591.63204327,2.70240359,591.63204327,107.62974172,250.31089614,17.75972361,26.24283543,14.09011405
2024-09-15,3.6725,69.53915628,89.65901631,386.38421399,1.78730186,926.27637025,959.0025117,1.49164488,1.79,1.69999993,1.76443177,2.0,119.09425717,1.76443177,0.376,2889.97883241,1.0,1.29788034,6.93496262,5.56518341,1.0,83.89268197,13.31085701,3.27499996,2.01530408,1.35868434,2840.57006837,0.84886588,926.75219039,7.09076991,4182.71976535,519.20524707,23.89520781,99.47893804,22.71853844,178.60014681,6.73751585,60.00970034,133.01362337,48.44545258,15.0,113.16243811,0.90213964,2.21486578,0.76202741,0.76202741,2.69840002,15.64263874,0.76202741,69.99974284,8632.41399629,7.72983476,208.98385094,7.79916986,24.80041449,133.90679681,356.45079997,15401.18975262,3.70936489,83.89268197,1310.36960495,42002.61533423,137.4389009,157.70749566,0.709,140.82179669,128.63234614,84.54980469,4048.74990547,443.82360859,900.0,1326.54258593,0.30599852,0.82000514,479.84586498,22178.73313115,90365.45411865,300.67453023,195.11884918,17.75762992,4.77159932,9.75128212,17.35000188,4545.77668589,55.4000067,2095.89242957,3383.99937156,8.03314496,39.84035707,45.99782104,15.45999571,1733.35432201,19.21279792,4.30117244,63.76907644,17.75762992,1621.00300841,36.62455196,10.66113633,134.29121066,1.62447905,0.3851023,1.0,3.76819175,3.92771333,55.99129793,278.39280523,3.86528491,7799.16679099,3.64,4.49174587,105.57874773,90.05753944,1334.93859088,3.75,8.22315454,14.81065111,598.91257285,10.23043937,1.29788034,0.76202741,22.56006882,570.27762169,29.27000543,,22.10105022,13001.89459293,17.75762992,33.27589746,10.66710604,3.49586617,3.03102111,2.32771671,33.96291389,6.78186654,31.9784443,2727.64927994,41.2918999,3716.38141067,40.93970525,12742.14546584,36.72944785,24497.94301427,118.21837121,2.68240139,591.76481145,2.70000005,591.76481145,107.65389492,250.22957607,17.75762992,26.35027614,14.09011405
2024-09-16,3.6725,69.48518913,89.7275395,385.14772136,1.78992343,935.76873527,959.82966292,1.49071697,1.79,1.69994705,1.76352127,2.0,119.5336986,1.76352127,0.376,2886.02332849,1.0,1.29766464,6.91042804,5.60476991,1.0,83.9100744,13.28368552,3.27019675,2.02386931,1.35783544,2853.15622098,0.84693496,925.19347254,7.09308288,4183.26605456,517.60413215,24.00500449,99.42760406,22.65468667,178.09296374,6.72797195,59.97629664,132.20007877,48.34509648,15.0,113.16384394,0.90167411,2.21576789,0.76093538,0.76093538,2.69494419,15.6787912,0.76093538,70.95206569,8645.19545736,7.73381044,208.9071836,7.79867619,24.79258114,132.05187313,355.71246704,15395.07715197,3.71186682,83.9100744,1309.87155811,42191.0885553,137.32968703,157.17864675,0.709,140.51372631,129.0419928,84.54997851,4058.64997888,443.59458293,900.00145362,1326.92956028,0.30533638,0.82006176,479.91178536,22013.3840419,90962.60454417,301.29915565,199.49930121,17.73298464,4.77417474,9.7584096,17.45659601,4542.2640564,55.51495149,2097.51575142,3400.05014965,8.03263648,39.57899975,45.96579497,15.41483032,1734.7145448,19.19713922,4.30161375,63.90437755,17.73298464,1642.08347599,36.80119795,10.63600309,134.31905159,1.62443731,0.38474439,1.0,3.77772299,3.90466676,55.89383718,278.21929686,3.8582006,7770.30615416,3.64,4.48615919,105.54466584,90.99638903,1326.45174273,3.75,8.23045996,13.57018547,601.28151186,10.2119391,1.29766464,0.76093538,22.58134835,570.27445062,29.54741773,,22.11726573,13001.83541921,17.73298464,33.21748944,10.64000035,3.50353776,3.03473752,2.35251473,33.98034328,6.7808497,31.8749757,2729.15011542,41.37436543,3714.79883336,41.05219795,12773.51997461,35.96379696,24478.34520246,118.53772826,2.72275199,591.45944391,2.70059382,591.45944391,107.59834243,250.39085168,17.73298464,26.28373852,14.09008223
2024-09-17,3.6725,69.50813697,89.1869391,385.30510603,1.79276821,936.05181232,960.49294527,1.48150184,1.79,1.69995365,1.75805851,2.0,119.50139302,1.75805851,0.376,2892.37448771,1.0,1.29582053,6.91333901,5.50573787,1.0,83.88732992,13.27134582,3.27000483,2.02428683,1.35925037,2858.82093,0.84450908,922.86184928,7.09309186,4224.08212807,517.52719428,24.00295443,99.11961275,22.61385091,177.95001582,6.7076468,59.98575201,132.32929021,48.4264522,15.0,117.20921095,0.89888104,2.21365651,0.75731267,0.75731267,2.69482341,15.69418375,0.75731267,70.70660198,8643.54258473,7.73417591,208.89972851,7.79139131,24.79998671,131.94226779,354.4177152,15379.47759026,3.74313075,83.88732992,1310.33438838,42139.415997,136.87915149,157.17893464,0.709,140.48373031,128.99800781,84.66794982,4057.44775179,442.22048486,899.98988199,1320.20791904,0.30492323,0.82190065,480.8996489,21967.21070669,91498.8227304,301.99379922,199.86912488,17.63683314,4.7730573,9.73988528,17.45988078,4528.42042785,55.28639883,2099.20905596,3399.20152442,8.02513305,39.71151442,45.97219033,15.38332239,1733.68284835,19.24473825,4.29700002,63.90530645,17.63683314,1639.21800826,36.79268668,10.59872641,134.28264337,1.61562531,0.38497356,1.0,3.78214337,3.90726548,55.81255127,278.08746189,3.84568162,7774.21103558,3.64,4.47095956,105.22186052,91.3985581,1354.87012967,3.75,8.34403621,13.46493726,601.45227643,10.183903,1.29582053,0.75731267,22.59012999,570.30961884,29.80891804,,22.19831631,13001.96151227,17.63683314,33.33935015,10.64474374,3.50349164,3.03428368,2.34988688,34.03828928,6.78362638,31.8438855,2721.20043799,41.48463327,3715.89802378,41.07263028,12711.59181578,36.73006008,24534.14726628,118.85372056,2.70749974,589.62731315,2.70228023,589.62731315,107.26504108,250.4000951,17.63683314,26.42543718,14.09023887
2024-09-18,3.6725,69.41288481,89.2268467,385.22617512,1.79267033,936.35418618,961.30191783,1.4783285,1.79,1.6999556,1.75792462,2.0,119.5366852,1.75792462,0.376,2898.63635125,1.0,1.29491875,6.91641169,5.48339069,1.0,83.80314076,13.24832159,3.26997082,2.02438914,1.35887533,2851.59801211,0.84571048,929.87511468,7.09465131,4204.14007232,517.47965953,23.98156578,99.11206376,22.56124637,177.92528133,6.70665366,60.03556345,132.48894004,48.39872785,15.0,117.20796763,0.89881259,2.2190744,0.75956239,0.75956239,2.70292497,15.70640066,0.75956239,70.49187484,8635.65794318,7.73475673,208.93515431,7.7930881,24.82604974,131.90450517,354.64710482,15339.22564554,3.78358639,83.80314076,1309.99306644,42170.19472049,136.87815317,157.24162093,0.709,141.69268499,128.99003819,84.55485004,4051.56877526,442.18680519,899.98566819,1322.30795338,0.30508422,0.82126597,480.22356395,22052.02538651,91214.61781106,302.19807469,198.51784949,17.58831104,4.76715131,9.75852052,17.43913044,4530.27071165,55.38772154,2098.3397549,3400.52117994,8.02688074,39.69630226,45.80740504,15.39080957,1734.21954407,19.12691826,4.26146966,63.90441706,17.58831104,1639.62356418,36.80998012,10.60135342,134.14787757,1.61305906,0.38497322,1.0,3.75713169,3.90995786,55.83279419,278.13818384,3.84820366,7778.86612542,3.64,4.47084106,105.22220146,91.3997113,1339.7393735,3.75,8.35541027,13.87151698,601.50713912,10.17823379,1.29491875,0.75956239,22.62391028,570.87071746,30.07235783,,22.12045559,13001.90650277,17.58831104,33.36725516,10.65186106,3.50474533,3.03366788,2.34070348,34.07764824,6.78729251,31.90265377,2725.23088432,41.47017389,3715.06983785,40.80957793,12718.85107798,36.72382845,24670.81986279,118.51219744,2.70121274,589.58240692,2.70174271,589.58240692,107.25687174,250.24426178,17.58831104,26.44207861,14.09012796
2024-09-19,3.6725,69.50634382,89.49723642,384.50324625,1.79287717,936.24144243,962.31276601,1.4829647,1.79,1.70094663,1.76606861,2.0,119.75620733,1.76606861,0.376,2898.4890261,1.0,1.30027377,6.91917397,5.46243364,1.0,83.74436623,13.21950761,3.26997922,2.02435483,1.36443731,2838.91097465,0.85086831,930.65525856,7.10827971,4175.71437916,517.78406794,23.98204801,99.57122341,22.65013289,177.52356537,6.73610168,60.15497404,132.49759874,48.53113772,15.0,117.20711344,0.90297654,2.22188043,0.75994931,0.75994931,2.71490988,15.73741981,0.75994931,69.74624266,8670.36328631,7.73411374,208.94805991,7.79509737,24.89563445,131.91755789,356.42603269,15392.47743835,3.78426975,83.74436623,1309.85200916,42282.49409283,137.52443945,157.17376401,0.709,143.86095523,129.37824101,84.36232136,4062.82938293,444.2353382,900.04957157,1335.24692264,0.30498445,0.82058729,479.04152235,22137.59753758,92496.07545091,303.43265369,199.90031826,17.61236689,4.77524148,9.74538512,17.43964152,4538.82864057,55.53335833,2099.45693703,3401.99906648,8.02895029,39.62425761,45.83365667,15.42913813,1739.19517085,19.30315376,4.27081807,63.90616772,17.61236689,1640.50852029,36.86491171,10.64363018,134.05379425,1.61659125,0.384972,1.0,3.75426219,3.91074191,55.91234031,279.29553564,3.8596027,7777.82781367,3.64,4.49285733,105.7127366,92.11985087,1339.93845439,3.75,8.38164339,13.70644627,601.50372246,10.25153478,1.30027377,0.75994931,22.61593928,571.97875039,29.74199481,,22.43788407,13001.87371251,17.61236689,33.49879844,10.65195185,3.50340968,3.04198926,2.34413998,34.12738839,6.790259,32.07270951,2719.8347198,41.48860374,3718.5195805,41.15843253,12725.9178702,36.73179069,24447.6678226,118.55875392,2.69910641,592.31378427,2.70215284,592.31378427,107.75376409,250.21100315,17.61236689,26.59185891,14.09006358
2024-09-20,3.6725,69.37045944,88.96766933,385.74037401,1.79411261,937.12122075,962.71254776,1.46907311,1.79,1.69996038,1.75215681,2.0,119.54640908,1.75215681,0.376,2897.99654865,1.0,1.29100072,6.91804399,5.42570961,1.0,83.61600454,13.23269317,3.27001127,2.02436964,1.35644871,2856.75149648,0.84638358,930.82012743,7.05405054,4167.87278636,517.49978264,23.98161931,98.78687406,22.48467855,177.86600276,6.6827466,60.07991535,132.42824465,48.53064773,15.0,116.54237854,0.89586355,2.19995664,0.75288858,0.75288858,2.72989619,15.74938144,0.75288858,69.72095988,8645.55468215,7.73330173,208.96482389,7.79218989,24.86045708,131.9097149,353.06377581,15147.97186707,3.76356264,83.61600454,1311.32595514,42157.34049231,136.44383148,157.19259066,0.709,142.18767978,129.16579782,84.27564623,4061.35552557,440.73597677,899.98988747,1329.62272001,0.30490173,0.82268379,479.34226587,21988.93478344,90021.61567792,304.67068503,200.00148491,17.54689267,4.76543409,9.69775005,17.43907086,4548.52548243,55.19194211,2099.76872857,3399.85891663,8.02595559,39.63220011,45.85245896,15.40419802,1735.92464087,19.3232918,4.19369243,63.90552481,17.54689267,1639.41509832,36.81824966,10.50607006,133.84831927,1.60371705,0.38497795,1.0,3.74811841,3.93336614,55.59221494,278.36617292,3.83086273,7789.00480279,3.64,4.45638637,104.87720935,92.1795274,1345.46396529,3.75,8.40556988,13.78338479,601.48022358,10.16393577,1.29100072,0.75288858,22.55110334,571.58614901,30.32396161,,22.09016431,13001.95299459,17.54689267,33.10100985,10.64309791,3.50352646,3.02902476,2.34301179,34.08952266,6.79523641,31.89472455,2721.18051886,41.39053715,3714.11718039,41.11541007,12729.42048469,36.7554432,24748.37263492,118.95691771,2.70868366,587.64796903,2.70294893,587.64796903,106.90495866,250.39648769,17.54689267,26.04746066,14.09012362
2024-09-21,3.6725,70.42810394,89.15471804,385.78512663,1.78739563,928.86201673,961.80836453,1.46886931,1.79,1.70004365,1.75018033,2.0,119.52845163,1.75018033,0.376,2898.07541752,1.0,1.29122013,6.91615164,5.51465333,1.0,83.48363374,13.26402242,3.27445286,2.02394175,1.35696194,2845.8059099,0.8505248,930.58128899,7.0505903,4154.04573973,518.55139302,24.01591904,98.6754396,22.44971627,178.40240484,6.68190018,60.07137555,132.23538519,48.45861833,15.0,116.54101528,0.89485299,2.20086593,0.75060708,0.75060708,2.72292971,15.73711008,0.75060708,69.47721426,8646.2735804,7.73419932,208.96517389,7.79173988,24.84868064,132.01935528,352.16441062,15155.61518274,3.78192431,83.48363374,1309.48613428,42087.23291595,136.25734532,157.19047336,0.709,143.82301409,128.99107713,84.2466678,4064.18581595,440.23881382,900.00096184,1332.39184281,0.30512401,0.82033124,479.94259356,22102.11676879,89578.40324852,305.18014493,199.30541762,17.4297625,4.75928764,9.73699176,17.44352688,4527.23337683,55.20125957,2098.40546997,3386.83391041,8.02549208,39.6798049,45.85125257,15.36199869,1735.3475757,19.41077887,4.20309586,63.66519958,17.4297625,1637.26175852,36.81407676,10.48439993,133.63642672,1.60323371,0.38492956,1.0,3.75612763,3.90328857,55.65158706,278.24166232,3.82441596,7791.96289823,3.64,4.45123082,104.8981213,92.25690646,1346.2252179,3.75,8.30396923,13.1144909,601.34053228,10.18915234,1.29122013,0.75060708,22.58506406,571.59324642,29.70819899,,21.9963204,13001.82604529,17.4297625,32.90261184,10.6680479,3.49354025,3.03079347,2.31165963,34.12263465,6.7954053,31.98206633,2726.63397038,41.50045796,3716.37056478,41.00842583,12728.67691039,36.77769051,24596.93368933,116.71074461,2.68251759,586.98508509,2.70240353,586.98508509,106.78436677,250.34023119,17.4297625,26.42273825,14.09020508
2024-09-22,3.6725,68.98913558,88.78893359,386.39956494,1.78730541,927.70437414,962.00169093,1.46952236,1.79,1.70000127,1.75030657,2.0,119.40129623,1.75030657,0.376,2890.56001262,1.0,1.29076897,6.92512638,5.51562083,1.0,83.48510991,13.26855252,3.2695991,2.01519674,1.35702324,2846.16992187,0.85028737,929.50560525,7.05371812,4156.46463834,519.6194925,23.91437702,98.68255683,22.44395767,178.4067514,6.68098261,60.09980455,132.90766126,48.51653132,15.0,116.54090881,0.89491754,2.20086634,0.75096692,0.75096692,2.7277,15.68262494,0.75096692,69.47730221,8628.97796942,7.72923924,208.98413652,7.79029671,24.82736103,133.90655925,352.13402757,15158.19208239,3.77623144,83.48510991,1310.39698358,42002.62387804,136.22072034,157.43402815,0.709,143.8674055,128.6326583,84.23850135,4062.78752408,440.27056723,900.0,1335.01690584,0.30590235,0.82000411,479.64148423,22177.19088172,90474.18133131,304.99301864,194.50997964,17.42769421,4.74710107,9.68158227,17.35000764,4543.72848987,55.28999223,2096.03411559,3385.07582057,8.02400561,39.74801388,45.78522381,15.45999043,1733.28494536,19.41528279,4.20514579,63.76034282,17.42769421,1611.54366165,36.62430171,10.48421401,133.63878969,1.60323493,0.38510282,1.0,3.75233079,3.90320027,55.65290281,277.99971555,3.82509756,7816.28876325,3.64,4.44987109,104.81945961,92.36570338,1335.22756158,3.75,8.30396923,14.82186499,598.96275653,10.17210941,1.29076897,0.75096692,22.58506004,571.59322677,30.00997064,,21.9406759,13001.98298152,17.42769421,32.99777915,10.66250238,3.49586644,3.03,2.3116013,34.11331832,6.81064639,32.00677329,2709.80365748,41.5092784,3700.97419876,41.66261855,12725.19775153,36.77775983,24598.54614281,116.69981383,2.68240111,587.02742297,2.70000005,587.02742297,106.79206888,250.22001301,17.42769421,26.47415032,14.09020508
2024-09-23,3.6725,68.97512176,88.95643924,387.28004532,1.79049321,941.23770132,962.71420601,1.46654151,1.79,1.70116453,1.75277351,2.0,119.54166079,1.75277351,0.376,2897.76073549,1.0,1.29158518,6.90816066,5.45013617,1.0,83.48050215,13.21861477,3.27021877,2.02374481,1.3561546,2839.56198126,0.85133333,930.53067845,7.05082663,4151.11797883,517.8764237,23.99741455,98.8216434,22.46358141,178.01974903,6.68470305,60.01672823,132.39163965,48.53264089,15.0,116.78463385,0.89617886,2.21429911,0.75116405,0.75116405,2.72673298,15.7205965,0.75116405,69.49846757,8628.90776658,7.72745947,208.84493399,7.79117554,24.80270573,132.12289802,352.25593456,15150.99524593,3.78090765,83.48050215,1309.66988439,42201.76958037,136.30982451,157.13771523,0.709,144.37741461,128.91292097,84.23846848,4071.74135236,440.8910996,900.02583619,1334.52196059,0.3051362,0.82042247,479.52095226,22076.13574462,90072.24577832,305.13869278,199.22869557,17.40985881,4.7487529,9.68199714,17.44227384,4528.20524513,55.22314479,2097.32499791,3399.13646095,8.02491081,39.73950658,45.85288687,15.41497584,1733.54502851,19.37766036,4.21414346,63.89728242,17.40985881,1638.28131669,36.79427797,10.48098782,133.63141382,1.60365918,0.38507588,1.0,3.75832208,3.9141541,55.68570131,277.89083883,3.82656758,7805.71049222,3.64,4.45320017,104.88854923,92.67567201,1346.97755156,3.75,8.35938445,13.24390377,601.30523846,10.17404373,1.29158518,0.75116405,22.59154713,571.58542512,30.41480406,,22.01321543,13002.99325766,17.40985881,32.94700409,10.63189756,3.50357241,3.02727524,2.33836971,34.13594043,6.80059165,32.01315869,2728.51217223,41.36879711,3697.93740159,41.35218441,12731.63734548,36.8150131,24591.0862765,118.11365353,2.70151374,587.85479947,2.70049887,587.85479947,106.94258527,250.19034298,17.40985881,26.48344321,14.09014232
2024-09-24,3.6725,68.8582428,89.18265959,385.368934,1.79013891,937.04883893,965.16583649,1.46035363,1.79,1.69995561,1.76084841,2.0,119.5919787,1.76084841,0.376,2893.22964451,1.0,1.29145498,6.92069875,5.53512651,1.0,83.54328711,13.17175134,3.27038909,2.02328164,1.35241631,2862.14117055,0.84719449,922.87451756,7.05971549,4156.63587427,518.85864964,23.99710519,99.27690762,22.63333089,177.79328556,6.71493676,60.10489999,132.66202804,48.65845364,15.0,119.2574932,0.9003075,2.19980474,0.74897232,0.74897232,2.7219914,15.73259716,0.74897232,69.28028098,8641.20511563,7.72998749,208.84630698,7.7882431,24.8380596,132.1760129,355.51616456,15193.49124007,3.78634028,83.54328711,1308.82771125,42146.44783745,136.5816651,157.25092762,0.709,143.76491529,128.93839369,84.25159424,4063.58069534,442.92225327,899.98040849,1335.58478126,0.30514819,0.82005705,480.9901339,22031.0226707,91472.22955411,304.66905531,198.88939078,17.34158804,4.75049498,9.70632353,17.42466182,4544.70658696,55.36485506,2097.26962851,3400.32166862,8.0218904,39.65208434,45.69325541,15.39030883,1734.94156682,19.42591194,4.199136,63.85557529,17.34158804,1612.38488077,36.80568554,10.48012661,133.73191683,1.59537935,0.38499433,1.0,3.7728004,3.91546801,56.10784496,278.0337527,3.84645855,7798.0589434,3.64,4.47908177,105.40434807,91.47701704,1348.14017366,3.75,8.35004594,13.96541493,601.20304083,10.1965401,1.29145498,0.74897232,22.58631414,570.93641233,30.48831326,,22.07780723,13001.85585498,17.34158804,32.99913518,10.62456911,3.49545376,3.03719222,2.33189836,34.1548281,6.80052135,32.06965835,2720.62538474,41.4533369,3701.69120418,41.65583201,12772.5893128,36.76645698,24590.57606342,117.61315128,2.69573207,590.56300436,2.70044583,590.56300436,107.43526209,250.38260452,17.34158804,26.53864662,14.09019734
2024-09-25,3.6725,68.84850811,88.53728668,385.80656602,1.79088235,943.75498949,965.1811919,1.45113821,1.79,1.70100129,1.74789903,2.0,119.29320416,1.74789903,0.376,2897.03591104,1.0,1.28332085,6.91688059,5.45204651,1.0,83.58452125,13.11187071,3.27044823,2.01450816,1.34252138,2838.74050634,0.84227929,913.20919183,7.01690987,4153.07205975,519.02086095,23.97197785,98.54681935,22.41474863,177.85940898,6.66481092,60.25602217,132.44387207,48.70554271,15.0,119.83804813,0.89368658,2.19397905,0.74525065,0.74525065,2.72493886,15.71274483,0.74525065,68.67494385,8603.13531077,7.72898798,208.84916682,7.78543777,24.71470034,132.29060286,352.35383063,15103.59606548,3.75887078,83.58452125,1309.98734199,42078.05827752,135.03747937,157.16416374,0.709,143.36777986,128.23607399,84.22308477,4073.38026595,439.66497673,900.03593078,1328.19787124,0.30537734,0.82066413,478.85206444,22123.01984876,90663.51308745,303.11069234,197.72617349,17.28559539,4.73751886,9.66338361,17.4313995,4545.12648391,55.03375994,2098.95287926,3400.64926012,8.01900091,39.73200507,45.86983425,15.41935361,1730.5160227,19.330704,4.12292079,63.88549321,17.28559539,1635.11327954,36.60750784,10.40472833,133.7979224,1.5757662,0.38502059,1.0,3.76589711,3.91237218,55.86844322,277.94287749,3.80333561,7776.86590396,3.64,4.44674136,104.66916752,92.40163558,1341.35125265,3.75,8.35028349,13.74246351,601.15871899,10.08976421,1.28332085,0.74525065,22.53741133,568.29146807,30.42119782,,22.01071476,13001.89751999,17.28559539,32.64123062,10.63527901,3.49434379,3.02271555,2.32470359,34.12801174,6.80380624,31.81792757,2723.26325696,41.37189332,3697.88133064,42.12415576,12772.46453529,36.76394879,24676.05802638,117.53744903,2.68949035,586.21996897,2.70018657,586.21996897,106.64517679,250.18584637,17.28559539,26.39066571,14.09007343
2024-09-26,3.6725,68.4539951,88.85592757,382.89634464,1.79075318,946.03731216,968.4263307,1.46322509,1.79,1.69991276,1.7565028,2.0,119.76348423,1.7565028,0.376,2907.11556957,1.0,1.28835204,6.90400858,5.47513154,1.0,83.61747144,13.13738205,3.26992913,2.0243871,1.34746571,2863.48047896,0.85074855,911.94904699,7.02877227,4209.59666235,517.95336817,23.97124148,99.03190117,22.59113215,178.43326731,6.69773814,60.23408839,132.48841221,48.54661406,15.0,119.78833313,0.89808562,2.19928795,0.75043097,0.75043097,2.72793376,15.80270697,0.75043097,68.60248645,8678.11595019,7.7204735,208.60369126,7.78437579,24.95586737,131.83321018,354.9457769,15165.31777481,3.74422468,83.61747144,1309.75785127,42267.51408953,135.16906847,157.1619081,0.709,144.89048469,129.40277305,84.19962615,4080.69118965,441.82916114,900.00195979,1330.68835427,0.30535475,0.82066187,477.8050277,22133.48866033,90205.03830367,300.87283065,194.90211025,17.27580554,4.77260903,9.68234445,17.43436782,4531.3454546,54.99866421,2100.0074009,3402.02028858,8.01790706,39.69904747,45.64116164,15.38498066,1741.82333745,19.64494136,4.15011228,63.90620467,17.27580554,1652.38742567,36.96103714,10.57640704,133.85066741,1.59881354,0.38496852,1.0,3.75111959,3.92281948,56.02423783,279.06565458,3.83481141,7768.93936718,3.64,4.46864826,105.17119459,92.02624998,1362.42144158,3.75,8.35529967,13.91872759,601.45786779,10.18000481,1.28835204,0.75043097,22.59344493,573.43355034,30.7024823,,22.03623657,13003.5984222,17.27580554,32.70779207,10.63213135,3.49358387,3.02956421,2.33478766,34.18292922,6.79247694,31.92040143,2720.59042554,41.22518401,3693.99307169,42.30798093,12769.92330265,36.80436205,24568.07902116,118.13973408,2.6979347,589.10554819,2.7005812,589.10554819,107.17012156,250.38574907,17.27580554,26.64332603,14.08997764
2024-09-27,3.6725,68.43852814,88.51209696,384.64133212,1.7906985,958.38675677,967.19652819,1.45288224,1.79,1.70117015,1.75153619,2.0,119.4143344,1.75153619,0.376,2898.320505,1.0,1.28521438,6.90710107,5.43782479,1.0,83.63319842,13.10675046,3.26997301,2.01438723,1.34871445,2845.79173712,0.84786931,905.99460177,7.01775073,4165.86586305,521.7569179,24.00424385,98.75188309,22.51497064,178.28321093,6.67823715,60.16546051,132.43076871,48.37595675,15.0,119.59014647,0.89554623,2.1898656,0.74677196,0.74677196,2.72991672,15.76352575,0.74677196,68.59132482,8691.03814199,7.72556301,208.75617174,7.78270208,24.95619261,132.03760759,354.74327989,15102.12931591,3.69760513,83.63319842,1309.47719834,42194.93702342,134.96651616,157.10164962,0.709,145.47023303,128.93665258,84.20084935,4083.96271269,440.57986518,899.95677468,1320.25590331,0.30524931,0.82007516,478.28505287,22268.73111525,91496.67003558,299.34103722,194.90315815,17.23633132,4.77261226,9.68122737,17.42735584,4527.41195591,55.06360466,2098.46005912,3398.98409731,8.01618314,39.72099994,45.81288522,15.27137743,1742.36131037,19.63338739,4.13025552,63.90396919,17.23633132,1652.91884765,36.96251411,10.55595568,133.87584237,1.58432741,0.38497241,1.0,3.7272479,3.92169799,55.84667684,277.32839562,3.82984435,7803.30299619,3.64,4.45595754,104.86969301,92.61971497,1362.12572831,3.75,8.33956104,13.45516566,601.44059075,10.14004764,1.28521438,0.74677196,22.61401822,573.427178,30.67521953,,21.99794217,13003.39819938,17.23633132,32.4929761,10.63526435,3.49354716,3.02978482,2.3332707,34.18338645,6.80124733,31.75455552,2729.11446406,41.2492231,3690.09921871,42.21314749,12720.34902412,36.80470348,24734.5495004,117.36262818,2.69065229,587.43982024,2.70055201,587.43982024,106.86709222,250.20759387,17.23633132,26.28912421,14.0901093
2024-09-28,3.6725,68.33955489,88.70154503,385.76465853,1.78739224,940.75452702,965.46792427,1.44845291,1.79,1.70056055,1.75061623,2.0,119.48872009,1.75061623,0.376,2895.2311671,1.0,1.27986702,6.90787701,5.43391141,1.0,83.71696237,13.13692798,3.27469574,2.02427076,1.35150475,2844.96478752,0.84126655,899.16321517,7.01107129,4174.72488593,519.67405743,24.00301632,98.70001555,22.51287552,178.40242748,6.67923531,60.33761284,132.18234987,48.31053689,15.0,119.59089326,0.89507586,2.18277045,0.74771831,0.74771831,2.72822408,15.79432401,0.74771831,68.4854055,8635.41543719,7.72564578,208.76537855,7.77283586,24.88973292,132.03836071,355.54320337,15120.00220324,3.69873005,83.71696237,1307.76678096,42102.30653485,135.1696736,157.10874646,0.709,142.16600741,128.98530568,84.2014445,4067.61340594,440.348459,899.99924558,1310.27749581,0.30501576,0.82001291,480.85497442,22095.4914556,89604.96746491,298.54161885,193.90436815,17.11589322,4.73995109,9.677174,17.42397106,4543.53955034,55.07420649,2098.56598648,3386.37933513,8.00602094,39.63805869,45.87455869,15.35999073,1736.71740133,19.70869737,4.12637983,63.64012442,17.11589322,1668.43952264,36.7944837,10.50387948,134.00992751,1.57706406,0.38492309,1.0,3.75215058,3.95134925,56.00820776,278.18385681,3.83049373,7794.36707823,3.64,4.45751393,104.86801372,94.21280652,1362.12901706,3.75,8.29164539,13.70232684,601.42027625,10.09105918,1.27986702,0.74771831,22.58506356,571.59863612,30.41903292,,22.12434305,13001.85081518,17.11589322,32.36445245,10.61982832,3.50347641,3.03146336,2.30105352,34.15713637,6.79832825,31.5908807,2733.32947064,41.33032351,3694.90944185,41.87765648,12736.25535601,36.82281228,24613.97873283,116.90443999,2.68244863,587.13127867,2.7024528,587.13127867,106.81096232,250.31338267,17.11589322,26.48402681,14.08925765
2024-09-29,3.6725,68.69850107,88.27823598,386.46306144,1.78730614,940.08700823,966.00476949,1.4483555,1.79,1.70001977,1.7511942,2.0,119.41890466,1.7511942,0.376,2890.85395513,1.0,1.28097785,6.9348729,5.4346874,1.0,83.70684323,13.1303886,3.2750001,2.01519633,1.35170156,2844.0500492,0.84084493,900.16997299,7.01109871,4166.37443089,520.7840527,23.99442591,98.73260186,22.51290376,178.40728918,6.67921222,60.16890537,132.76530825,48.35721318,15.0,119.59078126,0.89537138,2.20879242,0.74765719,0.74765719,2.72970009,15.75272998,0.74765719,69.99681173,8625.58925981,7.73235165,208.68396783,7.77229971,24.85824074,133.90636916,355.52566895,15127.24024062,3.70885134,83.70684323,1310.41888257,42002.63071626,135.20555657,157.63269597,0.709,142.17671008,128.6326583,84.20000132,4050.95659532,440.49384229,900.0,1313.62123089,0.30590267,0.82000409,480.55637648,22172.52023702,90474.17488104,298.68289288,193.87619561,17.10369367,4.74169969,9.6890849,17.3380252,4545.72521259,54.90005005,2096.03410977,3384.82660735,8.0054687,39.82968069,45.94997368,15.45997218,1733.28397164,19.70797245,4.12533128,63.75444031,17.10369367,1637.29472963,36.62429849,10.49955583,133.9937293,1.57716788,0.38510282,1.0,3.71842686,3.92928645,56.08762592,277.85600138,3.83055857,7817.78954336,3.64,4.45683355,104.84022657,93.28890322,1340.48818046,3.75,8.29188997,14.80777944,598.86320093,10.09671835,1.28097785,0.74765719,22.58506004,571.06136724,30.61494518,,21.89905443,13001.98298152,17.10369367,32.40486157,10.63050112,3.50001757,3.031,2.30098934,34.16710286,6.82219266,31.61535683,2717.93093621,41.27347274,3692.08684763,41.65017309,12736.64112422,36.8195577,24626.82753239,116.90296981,2.68240111,587.32512305,2.70000006,587.32512305,106.8462265,250.23001832,17.10369367,26.46934079,14.08925765
2024-09-30,3.6725,68.5427173,88.58557156,385.04526441,1.79230638,953.52507419,966.17291071,1.44365393,1.79,1.69995154,1.75162334,2.0,119.4252623,1.75162334,0.376,2890.15006784,1.0,1.28015594,6.90767553,5.43464867,1.0,83.69529529,13.06827934,3.2700026,2.01440131,1.35119614,2860.98235071,0.84123059,900.37354574,7.01680324,4184.93301083,519.52383813,23.98798128,98.75679688,22.51041154,177.67096403,6.67821405,60.27439567,132.05276408,48.32184358,15.0,119.59013162,0.89559079,2.18131696,0.74715321,0.74715321,2.72976172,15.77083223,0.74715321,68.8904703,8634.29197685,7.72798745,208.76746215,7.77363716,24.88954777,132.04964401,355.43236592,15117.66632597,3.69729669,83.69529529,1309.38409827,42084.70780908,135.14691051,157.11709754,0.709,142.57326795,128.98413326,84.20094255,4064.33368246,440.60178798,899.96658636,1304.75188807,0.30508448,0.82202192,479.37216038,22089.88549842,91777.43528026,298.40300847,193.91024477,17.08881736,4.73995966,9.69110152,17.42371274,4546.59635267,55.07387263,2097.92045452,3399.03241577,8.00684628,39.64075124,45.87528966,15.40417266,1736.67069875,19.69472369,4.10218046,63.90541609,17.08881736,1668.73639981,36.79503905,10.4922809,133.97524393,1.57077513,0.384996,1.0,3.71509754,3.96782754,56.02285185,277.42982367,3.82926734,7793.19460318,3.64,4.45687857,104.79724828,94.13373517,1361.76425796,3.75,8.35680429,13.84426331,601.44696704,10.08115716,1.28015594,0.74715321,22.59559743,571.56229562,30.69723627,,22.13418655,13002.9512431,17.08881736,32.35305307,10.63738174,3.49353572,3.0185895,2.32470865,34.17971489,6.7983642,31.59059765,2719.76664359,41.21300752,3690.43647996,41.70438072,12753.00792359,36.86278659,24710.48309792,117.97142229,2.68881794,587.46905064,2.70181847,587.46905064,106.87240982,250.35256662,17.08881736,26.42934123,14.09009541
2024-10-01,3.6725,68.53497688,88.67933602,384.82026935,1.7923572,955.38646804,967.06710798,1.44291733,1.79,1.69995161,1.75546845,2.0,119.44725057,1.75546845,0.376,2894.61320479,1.0,1.28435172,6.90689565,5.44416982,1.0,83.79294778,13.07168448,3.26998255,2.02437432,1.35216822,2860.1275534,0.84498253,897.99480401,7.01756184,4209.70284114,519.5408203,23.99617846,98.97358486,22.62856564,177.67021017,6.69054562,60.34003865,132.45021285,48.29402534,15.0,119.5907674,0.89755677,2.19357643,0.7469564,0.7469564,2.72987817,15.78510369,0.7469564,68.89081745,8628.14040885,7.72642807,208.77039116,7.77300144,24.89009244,132.01851515,356.5420421,15138.41207572,3.71987428,83.79294778,1309.15836482,42164.94063167,135.0836199,157.10518955,0.709,143.8314291,128.98794483,84.20281462,4069.11980569,441.56898387,900.01820169,1315.48758201,0.30536438,0.82205059,480.7936949,22112.91942856,91525.21800732,296.19311905,193.91021559,17.26884917,4.73880631,9.72132731,17.42451236,4544.14285942,55.07522328,2097.40797729,3400.3845368,8.00619149,39.63593319,45.87426856,15.39849311,1737.25481633,19.66756058,4.14381734,63.9052685,17.26884917,1670.69452442,36.79756418,10.53267263,134.13156116,1.57641322,0.3849729,1.0,3.70671481,3.91849415,56.16593917,279.11410661,3.84446481,7799.16679365,3.64,4.46628584,105.04588041,92.89851937,1359.04657122,3.75,8.30892116,13.68960312,601.58267135,10.15371627,1.28435172,0.7469564,22.58444401,571.48996382,30.80227425,,22.25183293,13002.84455695,17.26884917,32.45677783,10.6468345,3.49369092,3.02742072,2.32341208,34.1994454,6.79520233,31.75627388,2711.77894285,41.14771017,3683.20542523,41.92103236,12713.38442552,36.87693196,24498.65714163,117.54762327,2.69155969,588.75864516,2.701871,588.75864516,107.10701294,250.40656236,17.26884917,26.61095201,14.09014906
2024-10-02,3.6725,68.45511844,89.33865269,384.25699025,1.79068794,961.06089326,969.80666849,1.44950522,1.79,1.70070142,1.76622448,2.0,119.7284051,1.76622448,0.376,2893.34190423,1.0,1.28698254,6.90894295,5.42544359,1.0,83.8756068,13.06015627,3.26997345,2.02440165,1.34806274,2841.05779623,0.84586434,904.26860894,7.01757473,4219.37266964,517.16705862,24.00224081,99.58001131,22.83720039,178.3442237,6.7356632,60.51819978,132.7744342,48.22931618,15.0,119.66830079,0.90305624,2.1914998,0.75224148,0.75224148,2.7299445,15.83397816,0.75224148,68.60748457,8639.53662901,7.72985413,208.83765227,7.77097887,24.90994048,132.01333177,359.3094858,15213.95757891,3.76124862,83.8756068,1308.48609134,42133.73086569,135.37282363,157.48085265,0.709,143.80686076,129.05704299,84.24141873,4078.10983445,444.27454527,899.99778482,1322.06638767,0.30552207,0.82056406,482.11524169,21991.74355653,91600.46796017,295.66575871,193.84715653,17.36854649,4.74316826,9.75542596,17.45950099,4566.20242119,55.64236962,2098.95818888,3385.36559445,8.00410824,39.62446825,45.99204962,15.41316005,1734.77306805,19.6067484,4.16576813,63.90491433,17.36854649,1669.65300551,36.86256464,10.59406462,134.26387758,1.58725974,0.38500681,1.0,3.71778818,3.94225642,56.19157772,278.14565203,3.87261502,7793.41050253,3.64,4.49380378,105.6845229,94.58319808,1367.13946797,3.75,8.30902114,13.51655118,601.50817787,10.26419535,1.28698254,0.75224148,22.61069473,571.84723684,30.79708119,,22.18146785,13002.49266073,17.36854649,32.52468831,10.63971258,3.49356121,3.04533634,2.32461533,34.19661895,6.78449606,31.82670964,2716.85861776,41.29026666,3671.37391593,41.64845058,12787.56740728,36.87615726,24575.45617372,117.84851423,2.69148716,592.36606036,2.7005539,592.36606036,107.76327416,250.17386085,17.36854649,26.27523575,14.09014158
2024-10-03,3.6725,68.52778057,89.60773431,387.18075953,1.7900424,944.26962974,970.12791183,1.45627922,1.79,1.69995185,1.77201667,2.0,119.79560396,1.77201667,0.376,2895.26641558,1.0,1.29439117,6.91063599,5.44204395,1.0,83.96659069,13.08504178,3.26997554,2.02439875,1.35145052,2864.48355718,0.85075109,911.77994318,7.01757138,4179.56365756,516.4679117,24.01583243,99.90657607,22.97351724,177.00227123,6.75807357,60.67423118,132.99473817,48.37171832,15.0,119.87185097,0.90601774,2.20633114,0.75458434,0.75458434,2.73291842,15.83457272,0.75458434,69.54169111,8653.52379658,7.73222175,208.89616469,7.7701459,24.92434264,132.00136938,362.7884256,15321.30681188,3.78500891,83.96659069,1308.98303308,42258.74318214,135.45677443,157.56599279,0.709,146.9167733,129.12872304,84.40093056,4080.87811428,445.73150847,899.99988072,1331.8564343,0.3057677,0.82061755,484.4508584,22037.72737791,90379.4372856,295.74691345,193.78593276,17.38119779,4.75476492,9.78719525,17.4674111,4580.02728525,55.68271841,2099.93877715,3401.26665787,8.00325028,39.59766132,46.17330455,15.4035332,1736.21659692,19.45770079,4.20694195,63.9050426,17.38119779,1670.09787299,36.88713367,10.58783932,134.40952004,1.60257172,0.38499343,1.0,3.72426169,3.92495627,56.19645195,278.29588069,3.89253224,7808.70412448,3.64,4.50894796,106.03499059,95.6554418,1357.47635387,3.75,8.3133734,13.23672209,601.5224941,10.28744099,1.29439117,0.75458434,22.70122537,572.07907396,31.01667197,,22.18715476,13001.96597246,17.38119779,33.06532966,10.62479267,3.49355295,3.05153914,2.33312712,34.24201897,6.78559747,32.04600159,2711.93759438,41.24936703,3676.86967559,41.75878587,12748.16691285,36.87241736,24603.21164141,117.80740059,2.69584734,594.30867797,2.70055742,594.30867797,108.11667529,250.13068058,17.38119779,26.24014546,14.09015786
2024-10-04,3.6725,68.73318846,89.61256015,385.292035,1.7906072,928.40037235,971.70636396,1.46093005,1.79,1.69995303,1.77286692,2.0,119.59786719,1.77286692,0.376,2901.66776741,1.0,1.29680039,6.91166702,5.47778755,1.0,83.97604412,13.16397673,3.2700806,2.02412028,1.35526023,2863.27216903,0.85200861,919.62209861,7.0175174,4186.00313973,518.5367097,24.01427262,99.95451292,22.95277527,178.16400578,6.76197542,60.16257052,133.12533335,48.35264329,15.0,120.91316458,0.90645246,2.2030778,0.76189101,0.76189101,2.73291854,15.86003524,0.76189101,69.54666003,8635.76231285,7.7340405,208.9297672,7.76769169,24.96355978,132.07311654,364.06325022,15459.27254685,3.80030677,83.97604412,1309.88279779,42277.83139134,135.33987353,157.80596294,0.709,146.59232272,129.02611579,84.4600676,4064.40015628,445.94537792,899.99234691,1334.34639832,0.30598946,0.82062256,483.02764356,22079.65442909,90348.56072454,294.12423532,193.72072805,17.48229032,4.75928622,9.77301222,17.49175243,4542.39987974,55.77069909,2098.29063187,3404.69322148,8.00072244,39.53814904,46.34464278,15.41356145,1735.07979449,19.36346698,4.22941388,63.90555647,17.48229032,1649.76373752,36.82612842,10.60505891,134.42465262,1.61024392,0.3850064,1.0,3.72673726,3.92712935,56.33149305,277.85681928,3.90499987,7801.49170336,3.64,4.51118038,106.08422916,94.75533706,1336.34664275,3.75,8.31522171,13.12787267,601.39897251,10.30779546,1.29680039,0.76189101,22.65436073,571.22063569,31.13435512,,22.35073423,13002.02024762,17.48229032,33.17985979,10.64332438,3.49363042,3.05938348,2.34064296,34.2477267,6.78407297,32.04486836,2712.37983971,41.21588354,3667.80161863,41.9184844,12756.44916529,36.93924792,24807.79017904,117.79507447,2.70109131,594.59383723,2.70057724,594.59383723,108.16855148,250.39748996,17.48229032,26.39529447,14.09021621
2024-10-05,3.6725,68.48406309,89.78613561,384.99774945,1.78742049,910.4450959,970.58731773,1.47144711,1.79,1.70070374,1.78096426,2.0,119.46498712,1.78096426,0.376,2892.50694235,1.0,1.30367043,6.91019304,5.45743091,1.0,84.0291471,13.06288789,3.27526529,2.02421745,1.35872612,2848.63502435,0.85754895,924.74364825,7.01758302,4169.83530177,518.05665743,24.01161001,100.41104238,23.10283442,178.39748411,6.79363722,60.42363338,133.41968603,48.3075554,15.0,120.91090366,0.91059257,2.21208461,0.7619392,0.7619392,2.73388623,15.90952451,0.7619392,68.97432625,8628.39372918,7.73339393,208.89427352,7.76551635,24.9650939,132.02360303,365.83030415,15671.43689512,3.81589162,84.0291471,1309.05091335,42116.62442959,135.65899071,157.82539181,0.709,148.79628956,128.99007888,84.68602962,4059.64508266,447.98217645,900.00786466,1346.89271569,0.30631105,0.82002811,482.58613573,22087.7358211,89706.38019469,293.59898449,199.80122933,17.48437762,4.76011699,9.77495455,17.49840342,4556.23582259,56.08130775,2098.56875601,3387.38255017,7.99848184,39.59942302,46.46194066,15.36030375,1735.78073542,19.2866446,4.21999196,63.64927277,17.48437762,1619.46572696,36.79522456,10.65599788,134.50965722,1.62403049,0.38498405,1.0,3.72637784,3.95817148,56.6362828,277.39430513,3.93271,7797.49268416,3.64,4.53578833,106.57846915,94.93469797,1355.12137633,3.75,8.27856012,14.97304574,601.39396739,10.37010336,1.30367043,0.7619392,22.63001047,570.8107873,30.82232014,,22.39355252,13001.85181368,17.48437762,33.25455769,10.64516844,3.49398429,3.06969048,2.30642467,34.18455099,6.7830317,32.28746418,2726.42535519,41.26184461,3668.89098916,41.76154014,12785.31139718,36.98944566,24767.97692556,116.25452812,2.68251599,597.3095686,2.70244487,597.3095686,108.66259752,250.29380323,17.48437762,26.30056803,14.09012109
2024-10-06,3.6725,68.38342039,90.25163173,385.89380353,1.78730659,909.95607797,971.00460865,1.46994762,1.79,1.70002481,1.78108697,2.0,119.46170639,1.78108697,0.376,2891.45156615,1.0,1.30454113,6.92512823,5.46307049,1.0,83.98283658,13.06011139,3.27500108,2.01519698,1.35747879,2847.45996099,0.85806812,924.26645815,7.01859653,4170.01382969,520.26148664,23.91536104,100.41796085,23.16502222,178.40631743,6.78924296,60.15003831,133.61670332,48.33518152,15.0,120.91062305,0.91065531,2.21208444,0.76215743,0.76215743,2.73539996,18.81260476,0.76215743,68.99928498,8624.90841378,7.73135595,208.76888653,7.76648454,24.8656805,133.97788268,365.76894301,15487.2252564,3.78277772,83.98283658,1310.39698211,42002.61358153,135.6488494,157.6331491,0.709,148.72532191,128.99939693,84.69998588,4049.44275357,448.01304308,900.0,1347.31586572,0.30720056,0.82000407,481.52965751,22174.35859032,90505.10649056,293.59476866,193.35199411,17.4911308,4.76749861,9.822175,17.43251071,4568.01734179,56.16998232,2096.03440194,3385.48214559,7.99947907,39.78993784,46.41622069,15.45998222,1733.2701555,19.28478444,4.21907977,63.77321105,17.4911308,1626.76032332,36.62429826,10.6532177,134.43552566,1.62378011,0.38489778,1.0,3.73427824,3.93390524,56.27605869,277.71652478,3.93145869,7814.03728159,3.64,4.53459019,106.10467054,94.99346749,1344.10509605,3.75,8.27811198,14.80690475,598.91291938,10.36554854,1.30454113,0.76215743,22.63004312,571.05986843,30.99996824,,22.34925655,13001.99567207,17.4911308,33.15198983,10.64466464,3.50992854,3.07,2.30629195,34.274254,6.7240131,32.32699069,2718.93417252,41.27416308,3665.94096515,41.49243884,12753.46294275,36.98944187,24763.4571876,116.25142125,2.68240119,597.35072411,2.70000005,597.35072411,108.67008453,250.17002021,17.4911308,26.49796612,14.09012109
2024-10-07,3.6725,68.48491416,90.12894186,384.97216815,1.79066771,915.11189055,975.89398127,1.4693581,1.79,1.69994447,1.78205043,2.0,119.81194163,1.78205043,0.376,2896.07935757,1.0,1.30311818,6.92434753,5.45567872,1.0,83.97354989,13.2623235,3.27007627,2.02427235,1.35759991,2863.68852748,0.85798228,924.52391987,7.01765728,4167.19995625,518.53973056,24.05075077,100.47228071,23.0991993,178.54329684,6.79330647,60.36819431,133.11090087,48.33657909,15.0,120.27227778,0.91114792,2.21775088,0.76161133,0.76161133,2.741755,15.88745573,0.76161133,69.07356013,8666.08778466,7.75305257,209.38074072,7.76681632,24.98402039,132.26498859,365.75916568,15625.76283905,3.8149139,83.97354989,1309.00848012,42381.86744023,135.67804231,158.31031816,0.709,148.50908715,129.54042362,84.70147258,4067.8236803,448.2553902,900.02617085,1346.26444983,0.30624844,0.82051035,482.57851552,22255.91348678,90941.18515569,294.0173084,193.78750737,17.45264057,4.78327101,9.81199197,17.49852869,4595.35213918,56.10322359,2098.05802677,3399.92615213,7.99982081,39.71896614,46.46137224,15.41329614,1740.95591812,19.26349685,4.26314659,63.89520938,17.45264057,1658.08887811,36.90919714,10.65615092,134.42065999,1.62215306,0.38507966,1.0,3.72519725,3.93857939,56.61232447,278.92952746,3.93434837,7824.00402817,3.64,4.53739076,106.62558795,95.58240112,1360.31673761,3.75,8.32535607,14.97474769,601.37893466,10.36454367,1.30311818,0.76161133,22.62581415,572.9394823,31.34691524,,22.33979968,13002.00955549,17.45264057,33.39669864,10.64517847,3.49354719,3.06502598,2.34530269,34.28389479,6.79629288,32.20048453,2720.14252093,41.16883951,3663.3966356,42.03639768,12818.54273327,36.98963027,24713.45763577,118.52347964,2.70826833,597.67385361,2.70054971,597.67385361,108.72886827,250.3996885,17.45264057,26.46263061,14.09028116
2024-10-08,3.6725,68.26497944,89.99952465,385.62221526,1.79520214,912.27290987,974.68965232,1.47980175,1.79,1.70099929,1.78068828,2.0,119.7252934,1.78068828,0.376,2899.17427424,1.0,1.30278828,6.92939787,5.49597277,1.0,83.98609872,13.23989169,3.27126761,2.01697108,1.36185814,2860.12871932,0.85382932,926.38000816,7.05678611,4215.76199108,520.90255951,24.05374232,100.39548241,23.09521906,178.11498227,6.7880659,60.27796472,133.11039665,48.40156197,15.0,119.92693938,0.91045146,2.22313023,0.76352027,0.76352027,2.74681936,15.83959649,0.76352027,68.86311757,8628.30930815,7.74386901,209.17765062,7.76899193,24.88963826,132.73510212,366.07231736,15705.78171633,3.78985044,83.98609872,1309.89631505,42154.04273612,135.20922428,158.10746261,0.709,147.88813609,128.92534228,84.70260001,4064.53930747,447.9127559,900.03193073,1347.51579161,0.30639077,0.82084527,484.47247367,22107.93746173,89919.00445255,293.67871379,193.13903363,17.38462019,4.77304897,9.81188567,17.55858887,4583.31746665,56.0981376,2097.80844532,3385.55550467,8.00206168,39.63762068,46.59706662,15.43165702,1734.45198451,19.29737693,4.28370582,63.83707101,17.38462019,1626.62151939,36.79181021,10.64850131,134.44074752,1.62904662,0.38500769,1.0,3.73335298,3.94364289,56.7629296,277.58081919,3.93626465,7813.33580782,3.64,4.53258728,106.5604564,96.16763421,1351.10948156,3.75,8.34172226,14.66100163,600.71950723,10.34783526,1.30278828,0.76352027,22.59498649,571.06757378,31.68756115,,22.61165148,13001.94399893,17.38462019,33.46191331,10.63573844,3.50666661,3.06968328,2.34067483,34.27184967,6.77451676,32.14264895,2720.86681588,41.25402851,3673.95329763,41.53940087,12779.42324572,36.98873224,24872.02800994,118.4845567,2.71284881,597.21700787,2.70128903,597.21700787,108.64575886,250.24556414,17.38462019,26.47513351,14.09203302
2024-10-09,3.6725,67.91547239,89.9145153,385.64004961,1.80031735,916.28581937,974.22020192,1.48428159,1.79,1.69995478,1.7829561,2.0,119.70193294,1.7829561,0.376,2902.1734946,1.0,1.30427506,6.92831611,5.53546446,1.0,83.93192884,13.23455762,3.26998478,2.0221631,1.365741,2863.86858087,0.85794084,933.59286053,7.06568215,4228.42897134,519.51964745,24.05117172,100.52334235,23.08617,177.83438664,6.79849051,60.27157649,133.01098292,48.60309176,15.0,120.54553023,0.91161098,2.23037323,0.76366591,0.76366591,2.72993491,15.91000906,0.76366591,69.12472799,8630.36464245,7.75222297,209.29477008,7.77719995,24.97853246,132.16781951,364.07186273,15646.35728383,3.76378746,83.93192884,1311.13344466,42320.80921048,135.56283873,158.4014315,0.709,148.2742715,128.98194741,85.06119698,4067.73745192,448.48320085,899.98229766,1342.43841884,0.30658696,0.82118362,485.84256224,22076.65058162,89756.45030132,294.04304443,193.1313002,17.57126269,4.7822545,9.81138597,17.60313265,4587.47896496,56.08643549,2098.82882571,3400.59916865,8.01051595,39.65654252,45.9978553,15.41558503,1735.9292772,19.3577382,4.28630177,63.90684296,17.57126269,1620.52891176,36.82332902,10.71863144,134.35403508,1.63813792,0.38501268,1.0,3.72729783,3.9331587,57.02409296,277.83096032,3.92197741,7813.33011773,3.64,4.53748193,106.69766165,96.75054584,1353.75923019,3.75,8.33749899,13.6753363,601.49585356,10.33420501,1.30427506,0.76366591,22.62492081,571.23360769,32.08341501,,22.34186145,13001.89722189,17.57126269,33.46236094,10.64247568,3.50960406,3.07035703,2.35069705,34.2729845,6.79574906,32.21960655,2718.6748563,41.26743231,3677.32238594,41.37759375,12799.16549857,37.02715078,24846.1039298,118.89337553,2.71378698,597.97760113,2.70104759,597.97760113,108.78412604,250.25520565,17.57126269,26.47742524,14.09490552
2024-10-10,3.6725,67.45701554,90.01755877,385.52600851,1.79776613,922.20335816,974.73200142,1.48759455,1.79,1.70146713,1.78712076,2.0,119.71310236,1.78712076,0.376,2900.60670977,1.0,1.3067314,6.92416335,5.59727632,1.0,83.95797726,13.31208186,3.27061408,2.0212278,1.37104039,2862.10266002,0.86040734,933.34203311,7.07567811,4235.91578245,518.31442758,24.04265655,100.7581466,23.15807979,178.43569315,6.8149462,60.27795131,133.18018823,48.50231657,15.0,121.00068966,0.91374033,2.22595092,0.76489416,0.76489416,2.72366951,15.94826575,0.76489416,68.73608063,8629.58152665,7.7440717,209.15390255,7.77188074,24.9507316,132.25078545,364.63466593,15653.07093565,3.76712098,83.95797726,1310.58907343,42132.87183546,135.69627246,158.21315623,0.709,149.17669782,129.1200511,85.19064242,4069.64396245,449.53077607,899.98574,1348.86330382,0.3066794,0.82133966,487.99494415,22076.80501797,89871.48104278,293.75569763,193.24050046,17.64653464,4.78732675,9.82642543,17.60565524,4592.70375885,56.22533357,2098.51510204,3399.10888495,8.00503716,39.63799662,46.01285739,15.39551553,1736.07533673,19.46553435,4.29287397,63.90055423,17.64653464,1620.288429,36.84376897,10.77166637,134.3957321,1.64569897,0.38501055,1.0,3.73418229,3.97179577,57.17199299,278.12993455,3.92836934,7807.20726155,3.64,4.54643852,106.96036184,97.07640024,1348.74182239,3.75,8.39484908,13.95047779,601.04539107,10.39617301,1.3067314,0.76489416,22.5817024,571.26778527,32.11640961,,22.3985659,13001.6118666,17.64653464,33.5367691,10.66491464,3.50793223,3.07129531,2.35031189,34.27373619,6.78816402,32.23993939,2724.15657539,41.22743033,3676.82182598,41.33208356,12808.42076571,37.47032501,24855.03382524,119.03987198,2.7217752,599.37436809,2.701023,599.37436809,109.03822598,250.32237615,17.64653464,26.47987452,14.0917499
2024-10-11,3.6725,67.51844493,90.22212958,385.14992818,1.79813191,920.0698447,974.70561671,1.48425066,1.79,1.69994797,1.78941123,2.0,119.61018935,1.78941123,0.376,2898.8985884,1.0,1.3062085,6.91997592,5.58309249,1.0,83.96697902,13.25918156,3.27038037,2.02014559,1.37526002,2862.50813284,0.8570601,929.81238683,7.07756712,4208.591661,518.54128824,24.02004499,100.88728392,23.18948824,177.95027045,6.82598294,60.27682109,133.29505919,48.58552778,15.0,121.37721166,0.91491143,2.232227,0.76591509,0.76591509,2.72494118,15.94373494,0.76591509,68.57379766,8638.67992144,7.73898082,209.00728923,7.77036948,24.86903348,132.08359185,367.145529,15650.73020108,3.76542581,83.96697902,1310.94343745,42079.56072112,136.05366768,158.16273557,0.709,148.57923451,128.96296365,85.200574,4070.74346462,450.10692003,899.99323871,1350.66098857,0.30647162,0.82078675,488.21227166,21953.70136012,89791.73046916,293.27157914,193.04805609,17.51269201,4.78847391,9.82774979,17.60253343,4591.2410118,56.32505772,2098.93924678,3399.30208334,8.00348057,39.6639768,46.10110645,15.39652653,1734.6825379,19.45756852,4.28656292,63.89595577,17.51269201,1620.55327884,36.81029327,10.74133528,134.41014166,1.64056794,0.38494738,1.0,3.74172948,3.93101165,57.23077323,277.7884604,3.93619212,7803.6551737,3.64,4.55259145,107.08124046,96.6088738,1345.53340474,3.75,8.38530024,13.87955056,601.21047822,10.3903537,1.3062085,0.76591509,22.55242981,571.14999189,32.10334864,,22.48034789,13001.71058464,17.51269201,33.34905084,10.65368351,3.5084645,3.0780866,2.35455299,34.27848749,6.78877559,32.21531681,2724.2618864,41.24782645,3676.30828737,41.58107652,12789.53533435,37.60254015,24853.10558148,118.9853322,2.71486581,600.14256004,2.70077627,600.14256004,109.17797551,250.3562095,17.51269201,26.51680161,14.09347225
2024-10-12,3.6725,67.68779294,90.36122984,386.28912933,1.78759574,909.23103751,973.5246458,1.48105955,1.79,1.69999852,1.78625148,2.0,119.55264334,1.78625148,0.376,2893.53437038,1.0,1.30514304,6.9209267,5.61178394,1.0,84.11190559,13.27886602,3.27478011,2.02462862,1.3763852,2852.08880458,0.85731547,926.63482154,7.06677947,4209.06648647,519.97349333,24.01077363,100.70913644,23.12613667,178.28050558,6.82125447,60.37674823,133.03980155,48.51911424,15.0,121.00027933,0.91329588,2.22060489,0.76531162,0.76531162,2.7253319,15.96014538,0.76531162,68.49151965,8635.18357889,7.73995142,209.32616812,7.76576395,24.86032684,131.99011239,366.88711848,15564.63271051,3.75950049,84.11190559,1310.51810748,42085.9923758,136.68800421,158.12194809,0.709,149.14224198,128.99658709,85.49999356,4068.34727999,449.31211808,900.00000674,1349.3180066,0.30654081,0.8200057,484.4092822,21916.34777021,89620.16981416,292.87855763,192.89745575,17.39959827,4.79986042,9.82746803,17.62446601,4584.02136314,56.32374887,2098.66253225,3389.32176618,7.99873687,39.70423036,46.09390212,15.35945384,1735.8634174,19.28795104,4.28798938,63.63228794,17.39959827,1639.31578273,36.82247792,10.70106575,134.64213287,1.63637258,0.38488516,1.0,3.75335907,3.93001553,57.24880962,277.60198302,3.92227034,7803.64048371,3.64,4.54894845,106.99518589,95.68350362,1349.8657817,3.75,8.29847167,13.63135308,601.35017518,10.37594924,1.30514304,0.76531162,22.52507724,571.78514158,30.84627977,,22.44555296,13001.85502298,17.39959827,33.13074379,10.66577142,3.49946835,3.07467073,2.32943889,34.27958443,6.78827106,32.17163608,2723.83617599,41.23060547,3676.51274888,41.94559174,12794.04208904,38.40197816,24827.88333007,117.88764049,2.68249269,599.08282411,2.70247569,599.08282411,108.98518828,250.39327336,17.39959827,26.49648627,26.3237699
2024-10-13,3.6725,67.33472332,90.3503853,386.46202805,1.78730935,909.09778416,974.7512087,1.48151647,1.79,1.69999998,1.78789565,2.0,119.50329175,1.78789565,0.376,2896.67494488,1.0,1.30498552,6.92524653,5.62537692,1.0,84.08048645,13.28013631,3.27498847,2.01531696,1.37635949,2853.35241741,0.85731646,925.03465012,7.06714397,4192.88449504,516.62880671,24.00000002,100.80183491,23.1227736,178.45145994,6.82248109,60.1208749,133.83371499,48.58570592,15.0,120.99770126,0.91413653,2.2299992,0.76534571,0.76534571,2.7263,15.85020894,0.76534571,68.49853245,8621.68794068,7.72832269,208.98451416,7.77058896,24.88476508,133.6876516,366.89985677,15584.77490034,3.76505834,84.08048645,1309.18525863,42002.6919455,136.64955739,157.48656577,0.709,149.1635674,129.00067056,85.49999999,4062.67814802,449.72569074,900.00000062,1350.88083867,0.3065792,0.82000428,486.22618007,21762.96653565,90249.72337053,292.6522023,192.94215843,17.40620338,4.79503483,9.8060947,17.5502388,4586.7487651,56.36018777,2095.83150839,3387.2412684,8.00370663,39.82996935,46.10253835,15.34988147,1733.38294016,19.27716214,4.28820709,63.79401809,17.40620338,1619.45002181,36.62429811,10.69639521,134.59183869,1.6368821,0.38479688,1.0,3.75460594,3.93002256,57.20962334,277.60683589,3.93332301,7817.16653742,3.64,4.54788602,106.9968881,95.8182124,1347.46410955,3.75,8.29878537,14.75608895,598.96491229,10.37449974,1.30498552,0.76534571,22.5311973,571.06950091,31.71009913,,22.39926869,13001.89294722,17.40620338,33.25633042,10.66468684,3.50639565,3.06853256,2.32938668,34.28189589,6.79480858,32.15189964,2716.86257762,41.2529526,3665.11483859,41.62310156,12779.68260923,38.83527814,24810.11640544,117.88108257,2.682418,599.63425432,2.70000005,599.63425432,109.0855045,250.3521846,17.40620338,26.49849939,26.3237699
2024-10-14,3.6725,67.68015781,90.3226175,385.10658547,1.7972919,918.48268983,975.81399712,1.48419852,1.79,1.6999589,1.79036391,2.0,119.53459894,1.79036391,0.376,2906.72449501,1.0,1.30567237,6.91984792,5.61232652,1.0,84.08731347,13.25488348,3.2699208,2.01986993,1.37794322,2828.68750334,0.85823576,928.9686365,7.0778713,4205.32814649,517.07366298,23.99707571,100.94099624,23.16773004,177.96344075,6.83029104,60.19845005,133.14567106,48.63255799,15.0,120.30090304,0.91539853,2.24171174,0.76610249,0.76610249,2.72490266,15.96127525,0.76610249,68.81544679,8627.94294788,7.72970726,208.80531133,7.77173613,24.85477848,131.7683484,367.44068709,15596.27509365,3.74832143,84.08731347,1309.87370963,42138.65635506,136.85538498,158.18651622,0.709,149.16847361,129.01576771,85.49870894,4061.59060702,450.34655666,900.00649868,1354.42139302,0.30653126,0.8202893,484.65276067,21945.57320766,89835.00022268,292.93448169,192.84957201,17.45294098,4.78628253,9.81851598,17.64869439,4593.15439356,56.32768122,2098.6977729,3399.03873626,8.00488821,39.59267006,46.08804554,15.41039573,1733.38287876,19.30110021,4.29024124,63.90674319,17.45294098,1620.33422312,36.78280184,10.73636525,134.60276703,1.63991104,0.38503494,1.0,3.74089184,3.92953986,57.28244453,277.53721022,3.93050662,7801.905748,3.64,4.55236981,107.16466653,96.25084864,1345.43505184,3.75,8.33529516,13.58909471,601.49488663,10.38730599,1.30567237,0.76610249,22.54878017,571.48698847,32.46732989,,22.43680901,13001.94196698,17.45294098,33.23962936,10.66587561,3.49906271,3.07426788,2.35524584,34.2855054,6.78563806,32.20792123,2723.52559362,41.17068458,3672.95099418,41.87504027,12778.15273095,38.83660354,24818.33623631,118.79710695,2.73467819,600.46207554,2.70172878,600.46207554,109.2361018,250.39530319,17.45294098,26.45500007,26.30623267
2024-10-15,3.6725,67.54566599,90.45800977,385.7966378,1.79695121,918.13357634,980.04654901,1.48630522,1.79,1.69996316,1.79308921,2.0,119.54596633,1.79308921,0.376,2902.85301827,1.0,1.30804757,6.92584249,5.59620116,1.0,84.05975645,13.29848367,3.27027418,2.01918013,1.37982254,2826.60031744,0.86178466,926.79102173,7.09245186,4210.17630094,516.04312822,23.99195184,101.09464919,23.15309754,178.06429796,6.84039887,60.19703561,133.51332221,48.59818677,15.0,120.03519815,0.91679196,2.24760699,0.76530613,0.76530613,2.72489108,15.94397915,0.76530613,68.66407591,8630.84374724,7.72907182,208.81291457,7.76614857,24.86995731,131.84128883,367.47603269,15566.15414695,3.76060532,84.05975645,1309.89252997,42087.89856604,136.88459207,158.22339138,0.709,149.52312563,129.04920674,85.49993456,4062.51679538,451.03207673,899.99324029,1359.39253775,0.30669611,0.82118794,486.20832242,21908.87946689,89695.32333614,293.02484597,192.83106938,17.55795827,4.78850783,9.8418968,17.65216921,4594.17705926,56.40419327,2098.23060805,3399.91678427,7.99913303,39.62081376,46.22074506,15.40915966,1733.89240528,19.41673691,4.29738227,63.90612312,17.55795827,1635.13496135,36.79103124,10.80071399,134.55865514,1.64286409,0.38494766,1.0,3.73578325,3.93093624,57.46849903,277.71415184,3.93618176,7803.32395068,3.64,4.56064802,107.29558532,95.16561319,1346.8286791,3.75,8.33354488,15.02966275,601.31670527,10.42939671,1.30804757,0.76530613,22.5616924,570.84987098,32.41559639,,22.46486315,13001.76845267,17.55795827,33.26368227,10.65209668,3.497856,3.07754812,2.35440668,34.27501857,6.78694013,32.19354513,2720.77079744,41.20401519,3667.11921402,41.78824425,12803.46645162,38.83436746,24856.4404894,118.85220972,2.73430912,601.37610231,2.70107351,601.37610231,109.40238161,250.39867551,17.55795827,26.45389836,26.67229227
2024-10-16,3.6725,67.71326598,90.67482172,387.19674295,1.79739003,918.1097134,979.40734354,1.49651303,1.79,1.69989933,1.79607414,2.0,119.53480797,1.79607414,0.376,2910.27200872,1.0,1.30875048,6.93066315,5.65363078,1.0,84.06320204,13.27976982,3.26985044,2.01969783,1.37841711,2839.75674735,0.86207853,940.04395297,7.12173882,4245.46469068,514.68172052,23.99680468,101.26293996,23.16552416,177.59058962,6.85185774,60.27397693,133.47836316,48.54932477,15.0,120.18728167,0.91831813,2.23342533,0.76509322,0.76509322,2.72985119,15.9704219,0.76509322,68.8233385,8636.88978401,7.72999218,208.80578597,7.76939212,24.91020766,131.73367333,367.48011132,15534.79033404,3.75844267,84.06320204,1310.56818678,42097.81299512,137.11195373,158.34468628,0.709,149.02581567,129.0991768,85.49616326,4066.26938586,451.78290315,899.99341558,1364.42912409,0.30662349,0.82171237,488.38403244,21939.06176515,89888.38409145,293.19191525,192.77845504,17.63997604,4.79890292,9.84018493,17.653424,4592.35074057,56.50420815,2098.59806837,3407.29626558,8.00247388,39.64688437,46.28720161,15.41838324,1735.13766151,19.71143649,4.30579217,63.90385469,17.63997604,1635.43878229,36.82032836,10.83167255,134.56417067,1.65107934,0.38494803,1.0,3.75589505,3.93441955,57.82752498,277.99437691,3.9424941,7803.23319203,3.64,4.56975545,107.47082843,96.93958172,1352.52938588,3.75,8.33622798,14.22039539,601.4085052,10.41488351,1.30875048,0.76509322,22.54860773,570.72341227,32.77392777,,22.54324212,13001.93180598,17.63997604,33.27102913,10.63162945,3.50840238,3.07330535,2.35901941,34.23209778,6.78690119,32.18304456,2724.91740748,41.20788123,3671.08718602,41.62158181,12816.81537299,38.86825409,24949.13605721,119.2671467,2.73705503,602.37720419,2.70167006,602.37720419,109.58450213,250.37221906,17.63997604,26.44334964,26.4490509
2024-10-17,3.6725,66.51919726,90.91208352,387.20380173,1.79532998,918.08280245,980.25061106,1.49214252,1.79,1.70043948,1.80044351,2.0,119.6011143,1.80044351,0.376,2904.73959854,1.0,1.31123643,6.92725294,5.6697705,1.0,84.0182048,13.28776083,3.27002662,2.02133347,1.37518442,2840.67472244,0.86563255,937.54237085,7.11802633,4256.10990468,514.76271171,23.99606821,101.5092857,23.27085416,177.66656936,6.8687901,60.31922579,133.68328139,48.58398241,15.0,119.99278856,0.92055215,2.23154506,0.76953979,0.76953979,2.71992307,15.99692122,0.76953979,68.6217156,8641.64375484,7.73143857,208.88021853,7.77291033,25.07494127,131.77994704,369.4458193,15546.20514235,3.75954222,84.0182048,1310.09639618,41864.3506401,137.63027435,158.31449184,0.709,149.34227748,128.99644244,85.49997916,4063.90643252,452.88197051,900.0126264,1364.5453406,0.30670228,0.8209235,488.94567839,21947.02747375,89797.18737126,293.37079557,192.76746713,17.62321804,4.81128456,9.86650556,17.6592823,4595.15524888,56.64755738,2098.8197483,3391.0840041,8.00609764,39.64466288,46.28386719,15.39753836,1737.5800644,19.89528417,4.29795512,63.90592435,17.62321804,1635.90356399,36.85538708,10.90665302,134.49214133,1.64719266,0.38498532,1.0,3.76784999,3.93484824,57.66437427,278.29629446,3.95961147,7821.80223543,3.64,4.58113577,107.71185043,97.33041799,1358.19613527,3.75,8.37771349,13.16986858,601.4401414,10.50883127,1.31123643,0.76953979,22.61006838,570.4053508,32.84265802,,22.67216387,13002.74374227,17.62321804,33.21239952,10.64829245,3.49747766,3.08640507,2.36607937,34.20703538,6.78908305,32.16063556,2723.06739066,41.22121777,3671.29606923,41.54367036,12796.40332627,38.96304569,24956.58362327,119.52836217,2.74314376,603.84262735,2.70093116,603.84262735,109.85109201,250.28674281,17.62321804,26.55017785,26.66485818
2024-10-18,3.6725,65.79687409,91.14674035,386.00264779,1.79434062,918.11535259,980.77017802,1.49167469,1.79,1.69995735,1.80560026,2.0,119.66668158,1.80560026,0.376,2901.13611441,1.0,1.31417216,6.92573386,5.65382832,1.0,84.06823729,13.31085921,3.26999843,2.02243482,1.37938459,2844.52897418,0.86604905,946.55988032,7.12290908,4251.9642067,514.19106158,24.01805956,101.80002377,23.2998438,177.69863463,6.88597805,60.32503638,133.61916999,48.62923539,15.0,120.40272331,0.92318875,2.23461179,0.76814549,0.76814549,2.7197139,16.04532703,0.76814549,68.87444414,8638.21324003,7.73605381,208.97123173,7.77222111,25.01322104,131.83050299,369.52981451,15513.42710397,3.73193261,84.06823729,1309.92177086,41925.90511064,137.65275643,158.3692327,0.709,149.95137029,128.99530505,85.50065016,4063.99783938,454.17909353,899.99903903,1372.22617863,0.30672921,0.82060851,487.19280679,21959.04615008,90286.51253952,292.90103986,192.75833298,17.656876,4.81610567,9.91061782,17.65836202,4587.29328356,56.81862434,2098.77871742,3407.5802918,8.00538774,39.69257482,46.3905692,15.41143868,1737.43249514,19.81973279,4.30611362,63.90466851,17.656876,1636.73188639,36.8656715,10.91137903,134.57223084,1.64936187,0.38499606,1.0,3.76754469,3.93465249,57.75086101,278.53153706,3.97733782,7813.8010075,3.64,4.59241426,108.02771683,97.21108523,1364.67626822,3.75,8.36795877,14.13538169,601.42912142,10.54479861,1.31417216,0.76814549,22.61019017,570.5496961,33.13199138,,22.74629293,13002.65077256,17.656876,33.11981369,10.6422454,3.50895383,3.09516015,2.35985122,34.19397023,6.79282699,32.13936422,2727.35566996,41.20384774,3673.67238053,41.84244358,12802.23816966,39.0854187,25165.02763018,119.46020056,2.74212304,605.57212471,2.70065012,605.57212471,110.16572229,250.27635543,17.656876,26.62860495,26.63929907
2024-10-19,3.6725,65.7887099,91.07974114,386.88378712,1.78777974,909.957059,979.98565609,1.49059629,1.79,1.70058678,1.79840825,2.0,119.55995046,1.79840825,0.376,2896.40767655,1.0,1.31017924,6.92566832,5.69249121,1.0,84.07032423,13.34658356,3.27472887,2.02382611,1.38023387,2839.9552532,0.86479235,953.42865392,7.10180011,4267.70440958,515.37959015,24.00212033,101.39453699,23.20738958,178.02780972,6.86338624,60.37090712,133.59190176,48.59330757,15.0,120.01224567,0.91951154,2.23211944,0.76598606,0.76598606,2.71720361,16.08420283,0.76598606,69.09079996,8632.05191889,7.73895097,209.337669,7.76985095,25.05170777,132.00418771,368.15864933,15477.44342121,3.71678348,84.07032423,1310.11395671,42091.12184445,137.42667861,158.52880201,0.709,149.54220632,129.04586238,85.50113405,4062.6713775,452.3700211,899.9999938,1369.72655968,0.30650074,0.82001436,482.87320008,21921.57321706,89679.05764317,292.79713562,192.20990846,17.59577678,4.81007426,9.85216789,17.66363233,4591.6142409,56.62147813,2098.93418361,3398.59283331,8.00294647,39.75324634,46.44710181,15.37009426,1735.58171473,19.88029842,4.30409751,63.64210948,17.59577678,1645.26871321,36.75324141,10.92573969,134.5755715,1.64720809,0.38496548,1.0,3.76433052,3.93546538,57.53224448,277.75227951,3.96118619,7837.10776821,3.64,4.57679626,107.72700761,95.88059562,1353.15241811,3.75,8.33318753,14.26703191,601.14376224,10.52130091,1.31017924,0.76598606,22.79023921,571.05119767,31.01224339,,22.56417711,13001.88900106,17.59577678,33.12699638,10.66477826,3.5010324,3.09265588,2.33433197,34.15127453,6.79490693,32.06253961,2720.49689208,41.27360455,3673.20701607,41.67957791,12825.55237247,39.1202014,25158.86255797,118.1927733,2.68270097,603.16002813,2.70226793,603.16002813,109.72691351,250.37662037,17.59577678,26.56523597,26.84657675
2024-10-20,3.6725,65.33402225,90.90041123,386.99847384,1.7873069,909.05325749,980.49942341,1.49090716,1.79,1.70002069,1.79953631,2.0,119.99189992,1.79953631,0.376,2897.59153049,1.0,1.31024809,6.90992913,5.68922345,1.0,84.07147009,13.34584301,3.27499816,2.01531113,1.38028651,2839.93994141,0.86491982,953.23327995,7.10133966,4269.56991461,514.80034171,23.99999995,101.45813759,23.21016819,178.03290194,6.86359632,60.16083907,134.06402662,48.63553015,15.0,118.4984687,0.92008831,2.25996192,0.76626456,0.76626456,2.71569991,15.90276977,0.76626456,69.99902495,8619.5091876,7.7282456,208.7688324,7.77058231,24.90540475,133.47707675,368.15458305,15488.9177159,3.71507418,84.07147009,1310.41888559,42002.63071537,137.40025965,158.38219655,0.709,149.52789387,129.29945867,85.50000072,4062.46752403,452.65377411,900.0,1368.61115226,0.30642898,0.82000383,484.11330857,21802.28837351,90474.18129661,292.83058898,192.60616771,17.59879912,4.81070027,9.92847514,17.69199455,4606.75424103,56.49002798,2100.14895975,3396.02907075,8.00369978,39.82968068,46.47037949,15.45997944,1733.28494544,19.88333413,4.30468911,63.79877235,17.59879912,1637.84530209,36.62429812,10.92601977,134.57740575,1.64728233,0.3848977,1.0,3.75373675,3.9354879,57.49972852,277.54440513,3.96215122,7937.05590438,3.64,4.57708087,107.90236121,95.31934831,1349.62753422,3.75,8.33331031,14.90537376,598.86301517,10.51748228,1.31024809,0.76626456,22.78996212,571.06132413,32.6696183,,22.60096804,13001.98298152,17.59879912,33.12893553,10.66483142,3.50638677,3.08148251,2.33428952,34.28694936,6.79400704,32.08277142,2715.13275426,41.27353645,3672.94056038,41.59807793,12808.28553007,39.12113193,25156.22954212,118.17684717,2.68240111,603.53836548,2.70000005,603.53836548,109.79574067,250.22003701,17.59879912,26.70162397,26.84657675
2024-10-21,3.6725,65.78907466,90.88047254,385.89269633,1.79578388,918.17643179,978.78565254,1.48773966,1.79,1.70066288,1.79966664,2.0,119.34634596,1.79966664,0.376,2900.51075669,1.0,1.30943912,6.90226563,5.63727035,1.0,84.05767215,13.3010289,3.27009075,2.01442476,1.38037527,2840.48258197,0.864833,950.3207957,7.10024205,4259.31333955,514.16516913,23.97980187,101.46548556,23.22074808,177.70143286,6.86217253,60.08662713,133.46183765,48.6315601,15.0,119.55655234,0.92015494,2.24108333,0.76624903,0.76624903,2.7217107,16.01752625,0.76624903,69.12475805,8606.13692809,7.72343579,208.62473242,7.76846194,24.92482354,131.55659492,368.223703,15453.09548826,3.71911526,84.05767215,1311.00139437,42089.61566485,137.38861561,158.56846639,0.709,149.14733106,129.20648684,85.50107735,4063.00694072,452.68655694,900.00923739,1366.84976403,0.30665138,0.82122837,485.17143465,21889.17487217,89552.51782907,292.41472571,192.0549309,17.59084715,4.80211653,9.88765058,17.76323537,4573.92241175,56.59816712,2098.86680111,3406.57726166,8.0015158,39.56313754,46.42632517,15.40743694,1730.87726882,19.89275277,4.30023013,63.90561726,17.59084715,1634.65748988,36.72581186,10.92207016,134.5553187,1.64426537,0.38495054,1.0,3.76342058,3.93389257,57.31405958,276.95313228,3.96244831,7887.62331116,3.64,4.57591187,107.64797034,95.89194019,1354.18136041,3.75,8.36761649,14.09746042,601.40748076,10.52371487,1.30943912,0.76624903,22.92699717,570.59575575,33.20435174,,22.57659404,13002.07548795,17.59084715,33.14077067,10.66536905,3.49796069,3.0901726,2.35948767,34.28738732,6.78057854,32.03014851,2719.10550647,41.22147226,3666.97094388,41.82238514,12791.03954003,39.12074793,25168.32160839,119.18494087,2.73909499,603.58207592,2.70110609,603.58207592,109.80369248,250.33745392,17.59084715,26.54569915,26.85698084
2024-10-22,3.6725,65.77410791,91.21130577,385.54534549,1.79417709,918.23864159,983.26502455,1.50063852,1.79,1.69995763,1.80761667,2.0,119.69910981,1.80761667,0.376,2900.14926936,1.0,1.31531766,6.90268215,5.68975692,1.0,84.07586934,13.32812086,3.26998027,2.02125311,1.3831472,2853.62211904,0.86506476,952.19122507,7.12118088,4270.23191349,513.5881379,23.97654916,101.91370937,23.35847685,177.42319194,6.89250089,60.24359868,133.67405059,48.66636755,15.0,118.89478006,0.92421973,2.23723555,0.76985524,0.76985524,2.72596341,16.06635899,0.76985524,69.12300264,8633.64142675,7.72302443,208.60330963,7.77365001,24.96423334,131.52123163,371.02992783,15533.29027507,3.78381562,84.07586934,1308.53896545,42088.05460034,137.80872991,158.57903896,0.709,150.68389908,129.16948973,85.49964742,4063.08361051,454.68629992,900.01016054,1379.69670811,0.30660189,0.82119885,483.58836921,21961.80394187,89757.6135787,293.56896378,192.62334598,17.60763669,4.8165274,9.90303169,17.76300249,4589.89522778,56.88597217,2098.86969244,3408.75313554,8.00685951,39.66685531,45.9648329,15.42092474,1735.73067306,19.95711828,4.3257511,63.90732162,17.60763669,1642.5539266,36.82479733,10.9470299,134.58444784,1.65667236,0.38497876,1.0,3.76113166,3.96452735,57.71013432,278.07586324,3.99272321,7888.71966402,3.64,4.59741393,108.18045205,96.79809817,1355.09098841,3.75,8.37583172,13.72986285,601.46427809,10.55879532,1.31531766,0.76985524,22.69923606,569.70084948,33.56857841,,22.69540221,13002.94227264,17.60763669,33.46767065,10.65260951,3.49881509,3.10337451,2.36552016,34.24927495,6.78103216,32.08348307,2725.43435398,41.30248409,3665.64525631,41.76150262,12820.84529658,39.13167511,25237.99887341,119.73601058,2.74650625,606.24839989,2.70109797,606.24839989,110.28875032,250.38578459,17.60763669,26.68837841,26.99654938
2024-10-23,3.6725,66.35941099,91.27220112,385.94496514,1.79653993,918.11370581,983.65041648,1.49894787,1.79,1.6999582,1.81162277,2.0,119.6371078,1.81162277,0.376,2898.48982299,1.0,1.31758573,6.90569393,5.6908529,1.0,84.10653279,13.30886389,3.26999361,2.01930552,1.38264702,2852.67672291,0.86691056,949.01043685,7.13091836,4266.1687819,515.08713171,23.97416376,102.13957382,23.36400201,178.17273341,6.90792049,60.34797853,133.41479533,48.70322986,15.0,119.21726302,0.92626801,2.23824134,0.77060666,0.77060666,2.73989932,16.07698608,0.77060666,69.6917347,8647.81876342,7.72587173,208.62784027,7.77348814,25.00096113,131.52047372,370.71345236,15605.57769937,3.7720859,84.10653279,1310.28186119,41838.77739629,138.29420937,158.71788045,0.709,151.74464545,129.20151402,85.49932149,4056.03928526,455.69399036,900.02204987,1384.25277694,0.30666677,0.82184708,485.02371865,21979.78289322,89878.59530062,293.41736274,192.82636465,17.55556239,4.81819202,9.89783838,17.76321412,4599.96955032,56.98905028,2098.82977349,3408.27935677,8.00669278,39.77692856,46.06257301,15.42683192,1737.64159135,19.96714783,4.34284951,63.90522492,17.55556239,1644.8250444,36.84625865,10.93390288,134.63353237,1.65716761,0.38496341,1.0,3.76193005,3.9633726,57.93360564,278.30136933,4.00547877,7908.8524763,3.64,4.60692482,108.42612038,95.74932304,1353.17795076,3.75,8.36932973,13.98883165,601.45177161,10.55283961,1.31758573,0.77060666,22.69918042,568.98625518,33.70176176,,22.78609416,13002.85094109,17.55556239,33.62918554,10.62088976,3.49810877,3.10172276,2.36404237,34.26492426,6.78267943,32.10587152,2724.43433187,41.22627267,3664.05387242,41.69479438,12813.53534714,39.2739746,25443.49788247,119.55915291,2.74322718,607.59198714,2.70168798,607.59198714,110.5331758,250.39013087,17.55556239,26.61810406,27.04090274
2024-10-24,3.6725,66.85450665,91.31252131,385.43667068,1.79507631,918.1583063,983.2132473,1.50620195,1.79,1.69998754,1.81367252,2.0,119.41611321,1.81367252,0.376,2894.34649673,1.0,1.32185935,6.90976397,5.68992951,1.0,84.03695265,13.388101,3.27001289,2.01488074,1.38289427,2853.43850187,0.86665738,945.40877996,7.12026733,4316.99413912,514.90674121,23.98862158,102.25513886,23.43128138,178.16029586,6.91707242,60.25906803,133.64478399,48.70906234,15.0,119.38910675,0.92731603,2.25509541,0.77392797,0.77392797,2.72988762,16.09833199,0.77392797,69.8723024,8624.37585611,7.72863296,208.74732056,7.76925869,25.17526282,131.61498524,373.92794734,15636.02346498,3.79528191,84.03695265,1308.28859014,42086.54731567,138.27408289,158.77961512,0.709,152.72443294,129.01718112,85.50001443,4056.6505957,456.20958185,899.9944225,1381.66557142,0.30665506,0.82087301,484.79616857,21952.77812742,89812.73580008,293.16791476,192.45554746,17.80198048,4.8141252,9.90391476,17.88232633,4619.84384649,57.08630638,2098.65914631,3409.99410946,8.00233645,39.73821611,45.89639569,15.41501391,1734.22102052,19.8310416,4.35097811,63.90768638,17.80198048,1642.89630575,36.78356841,10.97880505,134.52215196,1.6639371,0.38472671,1.0,3.75714146,3.94085907,58.07619732,277.57135277,4.03058454,7922.3678317,3.64,4.61216873,108.55884296,95.92276944,1351.53279181,3.75,8.36220502,13.2300833,601.45840021,10.58990225,1.32185935,0.77392797,22.699657,568.83751207,33.6870273,,22.74700841,13002.9487406,17.80198048,33.77931027,10.64764098,3.50622947,3.1160203,2.36736419,34.2895198,6.78827978,32.06603495,2719.86060749,41.28314279,3665.81903501,41.41182432,12806.90413108,39.41310875,25398.75955373,120.00548093,2.75419096,608.27944247,2.70086365,608.27944247,110.65823772,250.39360799,17.80198048,26.53014253,27.24740257
2024-10-25,3.6725,66.15574109,91.06919498,385.36280456,1.79566467,918.12615369,985.19600106,1.50674829,1.79,1.70023802,1.80694518,2.0,119.40201735,1.80694518,0.376,2901.90034025,1.0,1.31861502,6.91272362,5.66565953,1.0,84.07498236,13.35501313,3.27042987,2.0152207,1.38485931,2859.17293675,0.86600052,946.91869505,7.11803476,4296.93461573,515.16899375,24.00251981,101.87585081,23.28487886,177.8931574,6.89182936,60.18198759,133.50095972,48.7790211,15.0,119.59829647,0.9238764,2.24378294,0.77090948,0.77090948,2.72994164,16.07533484,0.77090948,70.14626212,8624.3415551,7.73223556,208.84165341,7.77021474,25.15116333,131.81985448,372.45205239,15596.5691072,3.79223904,84.07498236,1309.58303618,41989.54855976,137.38951683,158.72995979,0.709,151.90362698,128.92671976,85.79527787,4055.79110344,454.51739458,900.00070643,1380.35165515,0.30629367,0.82211335,485.61533037,21932.60818422,89720.82690895,293.22691166,192.0323215,17.65207413,4.81140093,9.87018477,17.92517151,4596.89737251,56.99709236,2098.08856472,3406.99966186,8.00332118,39.81312874,46.08187452,15.40624098,1732.90975566,19.82408894,4.34894289,63.8999921,17.65207413,1642.86110193,36.76683397,10.93423745,134.58302801,1.66502853,0.38495886,1.0,3.75176076,3.96877536,57.86588662,277.4170786,4.01219541,7928.40407745,3.64,4.59449896,108.16309097,96.24543965,1353.03600559,3.75,8.39602773,13.67463769,601.19415296,10.56752604,1.31861502,0.77090948,22.74530699,568.90213324,34.00690951,,22.74616592,13002.13176236,17.65207413,33.66744276,10.66082231,3.49648805,3.10872566,2.36642866,34.31069893,6.79310662,32.07903746,2725.46392795,41.30432368,3667.35099459,41.45768777,12801.88406412,40.81834641,25460.02331131,119.8140862,2.75016731,606.02319277,2.70192444,606.02319277,110.24778062,250.39361789,17.65207413,26.56959038,27.43563147
2024-10-26,3.6725,66.55248995,91.0466365,385.73148473,1.79141673,909.5407118,984.41435291,1.51384003,1.79,1.70000003,1.81061312,2.0,119.80101518,1.81061312,0.376,2901.32162455,1.0,1.3219027,6.92038083,5.70804007,1.0,84.1010634,13.37848029,3.27467869,2.02290174,1.38929392,2840.50515247,0.86689201,948.0531329,7.12001302,4326.56764269,516.01390447,24.01187964,102.08264996,23.42738664,178.61239648,6.91139994,60.2398918,133.64275797,48.75593064,15.0,119.58548968,0.92575179,2.24619306,0.77154733,0.77154733,2.71946352,16.08241952,0.77154733,69.98128406,8623.94389839,7.73509702,209.21260012,7.77043997,25.17725653,132.19335503,374.29825182,15681.68785088,3.78769531,84.1010634,1309.84475993,42080.07700263,138.04336866,158.53052435,0.709,152.26873136,129.21355896,85.80115581,4065.55876898,455.44002552,899.94730223,1388.60440341,0.30646232,0.82002283,487.17494499,21956.34009363,89574.7538019,294.10217165,192.15032479,17.66493846,4.81635331,9.90797845,17.94749532,4607.50855627,56.86972495,2098.75085809,3404.30842615,8.00355316,39.86168087,46.08172034,15.37989319,1734.08718245,19.97965499,4.34031888,63.64115588,17.66493846,1643.02342186,36.75928749,10.97286087,134.62477724,1.67281092,0.38492781,1.0,3.75878965,3.95254807,58.41434965,277.71272473,4.01780789,7948.88875123,3.64,4.60390559,108.36888706,96.59836816,1353.0498793,3.75,8.3061927,13.53722879,600.95914383,10.62351807,1.3219027,0.77154733,22.72000278,570.68968385,31.15878968,,22.66609376,13001.84872199,17.66493846,33.65744509,10.64471085,3.49729797,3.10129496,2.34087474,34.28312043,6.79102631,32.09226312,2723.98715434,41.35153239,3667.34112414,41.60536204,12809.66170451,40.9623016,25363.10856174,119.05390289,2.68258656,607.25336736,2.70203588,607.25336736,110.47157407,250.35179324,17.66493846,26.6057138,27.64869074
2024-10-27,3.6725,66.55637769,91.00647649,387.07838009,1.78730405,909.06625063,984.50305992,1.51408791,1.79,1.70000005,1.81136167,2.0,120.00491721,1.81136167,0.376,2897.37241653,1.0,1.32125293,6.93492617,5.70799397,1.0,84.09868626,13.37252469,3.2750001,2.01519791,1.38922053,2839.93994141,0.86691033,948.73244178,7.11992844,4328.51949608,517.80141447,23.81279935,102.12485292,23.43198283,178.76237735,6.91119622,60.17973054,133.93781801,48.78019385,15.0,119.58395278,0.92613451,2.24614326,0.77150191,0.77150191,2.7198,16.0127548,0.77150191,69.99446368,8617.34499038,7.72681516,208.76914259,7.77047025,24.95249437,133.90733128,374.35601872,15638.91706669,3.78485498,84.09868626,1310.30800411,42002.59611175,137.74071714,157.73435033,0.709,152.28365669,129.3496897,85.80000378,4052.29158806,455.62831333,900.0,1388.65948903,0.306851,0.82000408,486.03527471,21837.31498125,90229.54506456,294.27012809,192.38234045,17.66846194,4.81599999,9.88926982,17.87099892,4609.7676525,56.69999818,2099.76009935,3403.55042863,8.00358436,40.04983011,46.08041313,15.45999946,1733.3877808,19.96816685,4.340139,63.627178,17.66846194,1636.42098454,36.62446929,10.97402694,134.62097203,1.6729676,0.38479649,1.0,3.75939917,3.95259018,58.55650328,277.53823644,4.02219744,8010.26516825,3.64,4.60701049,108.15582684,97.21362311,1353.28996281,3.75,8.3061927,14.87648967,598.91249022,10.62382135,1.32125293,0.77150191,22.72002258,570.31282134,34.09997718,,22.64874624,13001.85513347,17.66846194,33.67152907,10.64747196,3.49996443,3.09558917,2.34081196,34.28520266,6.77975532,32.10930017,2717.00843367,41.38010274,3665.12576271,41.64655392,12815.5561082,40.98999002,25360.05644846,119.04880657,2.68240174,607.50441777,2.70000006,607.50441777,110.51724518,250.17999391,17.66846194,26.65122623,27.64869074
2024-10-28,3.6725,66.54530579,91.26266534,385.61613739,1.80075338,918.127939,987.96025338,1.51576026,1.79,1.70026519,1.81211343,2.0,119.65074953,1.81211343,0.376,2908.18984217,1.0,1.32459602,6.91498907,5.70837294,1.0,84.08441647,13.36134005,3.26991665,2.02017937,1.38968708,2841.64987377,0.86988058,948.45621748,7.13390072,4328.63274899,515.57689566,24.01098608,102.16723746,23.43298504,178.17182125,6.91292985,60.33401566,133.55371028,48.79123398,15.0,120.91038429,0.92651889,2.25554981,0.77193529,0.77193529,2.75476645,16.09802407,0.77193529,70.49029622,8628.82004313,7.73462021,208.91559167,7.77313852,25.23445625,131.90894745,374.45726513,15660.56543404,3.7727613,84.08441647,1309.69779036,41859.25248381,138.15934911,158.72194431,0.709,153.80061303,128.99553043,85.79895169,4068.46893753,455.81741124,900.00425262,1388.84671332,0.30670618,0.82703927,485.7650767,21968.37583033,89692.94173848,293.92705004,192.09477887,17.69503281,4.82649047,9.89673131,17.96561535,4619.80241384,56.91151498,2098.73323575,3401.71896341,8.00633268,39.87278516,46.1018252,15.43145793,1737.59314882,19.98166532,4.360596,63.90610203,17.69503281,1641.17396425,36.83096281,11.00046208,134.59812967,1.67504049,0.38480332,1.0,3.76288054,3.95007132,58.40552504,278.16501443,4.02830182,7985.76048018,3.64,4.60964158,108.39134144,97.27655745,1355.06445563,3.75,8.35365257,13.26300089,601.480295,10.62943205,1.32459602,0.77193529,22.71375507,570.25549258,34.10215428,,22.83754603,13001.89601332,17.69503281,33.79642091,10.64200646,3.49903163,3.10273808,2.37180206,34.30059415,6.79552968,32.09732426,2727.88915209,41.35807008,3668.34669958,41.65430899,12812.9556107,40.99093832,25425.88035652,120.23054814,2.75618524,607.75654832,2.70624101,607.75654832,110.56311278,250.31126952,17.69503281,26.55903669,27.64876189
2024-10-29,3.6725,66.51965667,91.04110437,387.12290408,1.79961517,918.10125727,987.44537422,1.51890244,1.79,1.69999042,1.80818404,2.0,119.44678667,1.80818404,0.376,2905.01816995,1.0,1.32261435,6.90346742,5.71154734,1.0,84.08040857,13.39689078,3.27003429,2.01935149,1.38877944,2845.39605403,0.86485435,946.91864219,7.13012443,4344.32148077,514.15205786,23.98513871,101.9456977,23.45041863,178.09415539,6.89490334,60.3779821,133.54529855,48.69625937,15.0,121.11972401,0.92450982,2.26824989,0.77073616,0.77073616,2.72993575,16.22370567,0.77073616,70.39337669,8630.67055121,7.72813592,208.61042354,7.77090004,25.18891465,131.81378796,373.83854174,15741.12447041,3.73221129,84.08040857,1309.43204799,42067.78566911,137.66931849,158.42237025,0.709,152.95174153,128.99620333,85.80109124,4064.95103366,454.82901532,900.02477052,1380.20878411,0.30661165,0.82630557,490.56907427,21932.34046535,89740.64225128,293.45511571,191.99839793,17.69835302,4.81990646,9.85086478,17.9376138,4611.98131012,56.89756424,2098.91960291,3417.3557559,8.00402705,39.96987393,46.22715137,15.41676045,1734.90491912,20.03631037,4.36228436,63.90719529,17.69835302,1643.09391602,36.80411511,10.99385277,134.59171401,1.67125804,0.3849712,1.0,3.75895326,3.95428478,58.16462597,277.94480091,4.02165955,8006.74771885,3.64,4.59845279,108.23407501,97.17080059,1357.86465686,3.75,8.34317933,13.80784028,601.45239644,10.64308977,1.32261435,0.77073616,22.6988206,570.66633738,34.76450387,,22.84936136,13002.75312268,17.69835302,33.75483628,10.64369766,3.49648217,3.09976518,2.37533979,34.29728408,6.77862259,32.08177465,2725.74644912,41.41246029,3664.56628186,41.61742451,12800.44857869,41.68429141,25412.43557065,120.39534366,2.7595531,606.43868709,2.70594648,606.43868709,110.32336738,250.3814149,17.69835302,26.62618358,28.35880493
2024-10-30,3.6725,67.50753406,90.95826925,385.88311872,1.79977264,918.13531501,987.78159576,1.52222863,1.79,1.69998478,1.80692158,2.0,119.40126132,1.80692158,0.376,2903.50934317,1.0,1.32364289,6.90441704,5.76165416,1.0,84.06285248,13.4092309,3.27009511,2.01449389,1.39096452,2850.66301457,0.86713586,956.37430783,7.12760076,4396.3682775,513.78885109,23.98288686,101.87452027,23.42376647,177.93209787,6.89247822,60.21198707,133.43694388,48.70766093,15.0,120.69832921,0.92386434,2.27885206,0.76808268,0.76808268,2.74497133,16.21892691,0.76808268,70.83580339,8619.26234089,7.72654506,208.6460295,7.77064576,25.1624227,131.76672064,374.56262809,15739.41785248,3.72406359,84.06285248,1308.07971577,42086.94546926,137.2067535,158.23025,0.709,153.16000289,128.58487719,85.79980166,4067.06843221,454.51145841,900.01459318,1382.70453388,0.30662006,0.82830131,489.6982225,21902.17947525,89824.44469664,293.27196586,191.6607528,17.63441457,4.8185433,9.84919137,17.92608887,4611.79631282,56.97440076,2099.02778133,3414.78781647,8.00376514,39.83113448,46.21356764,15.44594108,1731.68482111,20.04875616,4.37478077,63.90842992,17.63441457,1642.34715583,36.77558689,10.94443845,134.5636111,1.67320199,0.38498361,1.0,3.76156839,3.94713259,58.217452,277.40960291,4.00924754,8004.8735179,3.64,4.59602786,108.1583182,97.50146263,1357.98254186,3.75,8.35455558,14.63577049,601.3842347,10.6276987,1.32364289,0.76808268,22.69901751,570.25557673,34.30103809,,22.79120837,13001.21255269,17.63441457,33.6425701,10.65167223,3.50837821,3.09305222,2.37682033,34.29093779,6.77589284,32.07103808,2724.9091523,41.3730209,3664.22501058,41.30748381,12760.34642589,42.06748708,25290.34828151,120.59998107,2.7627145,606.01527788,2.70611983,606.01527788,110.24634074,250.3613594,17.63441457,26.59094922,28.58407776
2024-10-31,3.6725,67.1734356,90.65182327,387.05754816,1.79779672,918.09190351,988.84914612,1.52245595,1.79,1.69997882,1.80235316,2.0,119.49580737,1.80235316,0.376,2905.09208551,1.0,1.32318894,6.90280773,5.76303634,1.0,84.08857082,13.39515235,3.27003761,2.02015044,1.39137058,2844.71968276,0.86638967,961.84700822,7.1233371,4415.19954153,512.91043126,23.96325868,101.61695188,23.39814994,177.77563469,6.87417905,60.39340647,133.43229578,48.74451478,15.0,120.59778915,0.92152854,2.27795013,0.77213884,0.77213884,2.7467097,16.29117689,0.77213884,70.61131757,8621.12186592,7.72402269,208.65248584,7.77173812,25.14712975,131.71521612,375.96396265,15699.53782947,3.70502707,84.08857082,1310.3441549,42013.64989128,136.85414228,158.20849837,0.709,153.48263076,128.99725278,85.80165889,4066.25952405,453.36232139,899.99308525,1379.50966741,0.30665161,0.82581429,488.37987894,21931.81140715,89667.32164054,293.28768873,192.00313788,17.67405618,4.81990111,9.85641624,17.92305886,4617.36712827,56.67038909,2098.70416038,3414.27809108,8.00489026,39.99945078,46.10364505,15.41123173,1734.09100739,20.16571293,4.37888522,63.9066924,17.67405618,1645.89638354,36.79050261,10.97034083,134.60477973,1.67266423,0.38500375,1.0,3.77027617,3.97891175,58.24664836,277.75403573,4.01266765,8000.98266766,3.64,4.58440562,107.85966969,96.9243353,1360.06368634,3.75,8.34899491,13.59590387,601.44149896,10.68394856,1.32318894,0.77213884,22.85450881,570.74344442,34.69536148,,22.80451021,13002.95714551,17.67405618,33.80684216,10.64859529,3.49892273,3.10296164,2.37760882,34.29517162,6.78052092,31.97394891,2717.84659447,41.28226065,3660.40592061,41.20715925,12788.18420454,42.5097551,25278.78536571,120.45658618,2.76681751,604.48309518,2.70458121,604.48309518,109.96760596,250.23488502,17.67405618,26.6189349,28.65208109
2024-11-01,3.6725,67.00759885,90.38595313,387.61846795,1.79884866,918.15922075,990.23159217,1.52121741,1.79,1.69998413,1.79767953,2.0,119.43335434,1.79767953,0.376,2905.24455669,1.0,1.32148096,6.90248154,5.79066408,1.0,84.09376548,13.3816521,3.26993178,2.01449043,1.39319985,2845.17978213,0.8637697,961.43556875,7.12075134,4424.33334542,512.81711343,23.96331852,101.35345209,23.26963491,177.7517322,6.85595381,60.39884222,133.33156155,48.95151512,15.0,120.80108982,0.91913895,2.27004712,0.77568246,0.77568246,2.73989774,16.30003679,0.77568246,70.34901772,8626.18691268,7.72025082,208.61057878,7.77428018,25.17039866,131.65107419,375.3993749,15705.79827075,3.73977441,84.09376548,1309.53940868,42090.06881918,136.86561609,158.17714598,0.709,152.23975307,128.99962643,85.80080368,4065.56976373,452.18672152,900.02876014,1378.19934207,0.30659604,0.82533737,488.95131916,21922.29137092,89308.30065362,292.98732402,191.99758841,17.6159842,4.82010584,9.83177081,17.91797146,4613.57823994,56.65295675,2098.26244663,3414.48432038,8.00750859,39.79005008,46.09638574,15.43401531,1734.19233751,20.05276162,4.37261705,63.90486249,17.6159842,1643.40073884,36.79037791,11.00788299,134.61309509,1.6757353,0.38502519,1.0,3.77280135,3.9718459,58.30205738,277.76946795,4.00172722,8005.40856684,3.64,4.57251765,107.57825035,97.37418908,1359.83864754,3.75,8.37171879,13.60939843,601.48064941,10.65266224,1.32148096,0.77568246,22.85639047,571.3213453,34.70153031,,22.67334923,13002.85225243,17.6159842,33.82354342,10.64328369,3.50651169,3.09956725,2.38375731,34.3141438,6.78084997,31.99270905,2712.107659,41.27772771,3661.42704054,41.41314138,12782.33121666,42.65612064,25299.47960555,120.36454882,2.77023358,602.91562869,2.70520665,602.91562869,109.68245235,250.26051719,17.6159842,26.66231435,28.63609576
2024-11-02,3.6725,66.92541367,90.548439,385.73265836,1.79025671,909.55673712,986.03258533,1.52484903,1.79,1.70000003,1.79762243,2.0,119.51098626,1.79762243,0.376,2900.51353125,1.0,1.32609982,6.90442057,5.86899652,1.0,84.11085287,13.38756098,3.27446174,2.02470722,1.39599245,2848.88210295,0.86620794,961.12014826,7.12143477,4426.58201677,512.70338391,23.98306452,101.3502325,23.38348958,178.37333198,6.8843458,60.38181562,132.94232231,48.72198311,15.0,121.09779542,0.91910975,2.27297441,0.77358066,0.77358066,2.74077863,16.40448799,0.77358066,69.50136812,8627.41182925,7.72411131,209.01700416,7.78033968,25.15895724,131.60279273,376.89471346,15854.48436948,3.75261114,84.11085287,1310.05245233,42086.64277826,137.44935497,158.14440594,0.709,153.01993621,129.00058635,85.80000363,4066.05014761,452.17235736,899.98347605,1380.3884685,0.30665603,0.82109707,488.93001834,21925.99516215,89566.18154509,292.98933286,191.95472733,17.65489304,4.819978,9.83854318,17.91262455,4613.89202885,56.48905101,2098.80653655,3411.15256631,8.01374987,39.65286466,45.85959636,15.35987235,1733.99098368,20.28245801,4.37999232,63.64076715,17.65489304,1647.51208572,36.79751453,11.064651,134.64044773,1.67692676,0.3849998,1.0,3.77378902,3.94755224,58.35989907,277.5002305,4.02669862,8006.14439992,3.64,4.5900948,107.94189085,98.24959701,1361.8957087,3.75,8.32003913,14.10136031,601.472083,10.74805213,1.32609982,0.77358066,22.69074269,571.42657913,34.46710813,,22.67852744,13001.86649781,17.65489304,33.91156366,10.6317691,3.50993119,3.09395284,2.34882867,34.32707691,6.77523183,31.93660085,2698.23677494,41.28294457,3661.23488847,41.39484608,12815.28830478,42.80288874,25296.01250697,119.44730126,2.73122763,602.89647648,2.70254594,602.89647648,109.67896818,250.3934324,17.65489304,26.60482621,28.68013208
2024-11-03,3.6725,67.13986567,90.54853502,385.11260054,1.78730548,909.06631489,990.001662,1.52433753,1.79,1.70000005,1.80321406,2.0,119.99232373,1.80321406,0.376,2898.10279415,1.0,1.32574219,6.92511665,5.86855654,1.0,84.09169147,13.37199173,3.27485398,2.01530925,1.39511335,2849.830078,0.86931682,961.36996242,7.12145346,4414.48816526,513.39170213,23.9153438,101.66548964,23.46743355,178.40568917,6.88252147,60.20026962,133.83384977,48.92645468,15.0,121.05041905,0.92196871,2.27496482,0.77356131,0.77356131,2.7263999,16.25273636,0.77356131,71.49714086,8617.64978555,7.72566695,209.29154427,7.77575204,24.98619512,133.47737836,376.83095402,15738.73723065,3.75556478,84.09169147,1310.37398965,42002.61720842,137.24973336,157.53389154,0.709,153.0060247,129.34962118,85.80000305,4063.06016414,453.57887177,899.99808709,1379.40698223,0.30700166,0.82000406,488.36963678,21837.41917919,90375.12801302,292.74031038,192.05187746,17.57997061,4.81790036,9.82037117,17.79203737,4609.3821191,56.79990632,2099.97629922,3408.73904074,8.0090246,39.99001814,45.97152491,15.4599688,1733.33008305,20.28288114,4.37833559,63.79001757,17.57997061,1654.44328008,36.62429907,11.05517661,134.60977513,1.67647599,0.38489794,1.0,3.76905965,3.94631499,58.47618258,277.61822417,4.02602396,7881.98878104,3.64,4.58923042,107.64863065,97.9731097,1357.00447071,3.75,8.31948958,14.83044682,598.96328906,10.70442409,1.32574219,0.77356131,22.69008614,571.06973411,34.33004536,,22.49986657,13001.93122337,17.57997061,33.88084771,10.63732213,3.50010136,3.08802418,2.34850798,34.31353293,6.73756346,31.96372202,2684.12715347,41.26676752,3660.59395548,41.63364979,12785.38256632,42.80319929,25285.05462932,119.43091683,2.7307189,604.77182903,2.69999521,604.77182903,110.02013244,250.19014921,17.57997061,26.88095524,28.68013208
2024-11-04,3.6725,66.92616776,90.63162209,387.16315453,1.79830987,918.09528594,988.98926244,1.51529374,1.79,1.70011983,1.79698534,2.0,119.54614001,1.79698534,0.376,2902.41571382,1.0,1.32024692,6.91817168,5.79537002,1.0,84.05988379,13.32103476,3.27045105,2.01849453,1.39099077,2854.43524592,0.86600679,961.03830171,7.1145158,4432.12196653,512.8504506,23.95246949,101.31431332,23.28873713,177.83059079,6.85284959,60.1746064,132.97083279,48.71131665,15.0,120.30898682,0.91878401,2.25733921,0.77098722,0.77098722,2.72463646,16.30213785,0.77098722,70.33725745,8615.560376,7.71744846,208.60454162,7.77609119,25.18528107,131.5431567,374.65813103,15843.29206135,3.75668946,84.05988379,1309.1475468,41792.33345573,136.84136284,158.24011888,0.709,151.913731,128.86352773,85.80050036,4060.65541558,452.01210455,899.97533581,1371.66859169,0.30644265,0.82726897,488.68202416,21926.58393573,89635.00760171,292.85287846,191.7807077,17.54052615,4.81450417,9.82687997,17.8879712,4606.55845335,56.5489439,2098.53519538,3415.45953175,8.00937392,39.6772501,45.85072607,15.43967419,1732.38784447,20.10516281,4.37649041,63.90704764,17.54052615,1643.15954867,36.78156844,10.98015322,134.55885898,1.66825073,0.38500155,1.0,3.77196514,3.95420417,58.21592869,277.4287709,4.00162562,7896.71211652,3.64,4.57590036,107.83691737,97.84318931,1365.00146481,3.75,8.38869962,13.90912957,601.26127781,10.67729459,1.32024692,0.77098722,22.74406456,570.56937471,34.79926692,,22.66317673,13001.48720268,17.54052615,33.82712874,10.63114862,3.50760511,3.09290648,2.37053712,34.3423294,6.77612514,31.87057107,2698.77198939,41.2983811,3659.04719064,41.51429564,12775.42221845,42.80321315,25280.63038858,120.00035297,2.76013727,602.68280607,2.70577966,602.68280607,109.64009724,250.38037494,17.54052615,26.80528459,28.67501864
2024-11-05,3.6725,66.95247167,90.32673883,387.17295147,1.79909852,918.13297987,992.72262704,1.51837091,1.79,1.69998089,1.79855001,2.0,119.42657177,1.79855001,0.376,2895.01860302,1.0,1.32021363,6.92121421,5.79190162,1.0,84.1424549,13.32313185,3.26998519,2.01798781,1.39057134,2849.02782716,0.86416879,954.39949056,7.11002367,4427.51804109,511.65642331,23.96979649,101.40252978,23.29963085,177.8836476,6.85817681,60.29740084,133.17894166,49.05663785,15.0,120.7975516,0.91958402,2.25749233,0.77217965,0.77217965,2.73495143,16.34037116,0.77217965,71.29233488,8622.23808697,7.71714828,208.49450458,7.77390674,25.19385358,131.43686647,375.18187498,15782.940018,3.75202125,84.1424549,1309.15360129,42090.0491599,136.9308217,158.23220121,0.709,152.289273,128.99489505,85.79906704,4057.44874096,452.40568081,899.98822883,1378.00875908,0.3065276,0.82757766,488.52282881,21916.36288316,89136.00154271,292.88306505,191.80776532,17.51467948,4.80995837,9.84444472,17.8722253,4609.78154639,56.46034661,2098.82931709,3415.54153921,8.00712395,39.79727439,45.88886019,15.44394876,1734.06902247,20.11964431,4.37519251,63.90513293,17.51467948,1644.8921591,36.78092765,11.00456971,134.69103468,1.67449317,0.38501944,1.0,3.76865639,3.95536893,58.44180513,277.74806029,4.00731842,7889.59612917,3.64,4.57495061,107.61836327,98.43519186,1364.00061307,3.75,8.35682437,13.62405852,601.5025151,10.72875042,1.32021363,0.77217965,22.72375791,570.07404865,35.01499247,,22.72519426,13001.97644437,17.51467948,33.77654631,10.65631473,3.50000755,3.09668211,2.3733136,34.35507239,6.77631225,31.96217744,2692.89661159,41.33162969,3659.09684199,41.60263298,12783.20931606,42.80339704,25320.26149162,120.40909514,2.75753383,603.20757441,2.70701765,603.20757441,109.73556314,250.07786908,17.51467948,26.80211513,27.99180456
2024-11-06,3.6725,66.99603269,90.52367677,387.11882569,1.79970245,918.15691812,992.72950313,1.51817843,1.79,1.69998792,1.80536328,2.0,119.4277992,1.80536328,0.376,2897.83628661,1.0,1.32261039,6.92230602,5.79381935,1.0,84.18997366,13.30123482,3.2701283,2.01813856,1.38889948,2859.73312436,0.86902093,956.54826226,7.12854914,4415.11946246,512.23365147,23.9734945,101.78666264,23.39194915,177.88638614,6.88380631,60.35759201,133.33401404,49.15325176,15.0,120.80127935,0.92306759,2.25858166,0.77146588,0.77146588,2.7228316,16.36216481,0.77146588,71.45517488,8624.65317381,7.71622308,208.99358271,7.77440215,25.16888034,131.45830261,377.5085717,15823.69220045,3.75133534,84.18997366,1309.52542741,42102.64177309,137.44857691,158.24521265,0.709,152.95217275,129.00326129,86.17161895,4064.94659869,454.11948308,900.08132811,1387.93135963,0.30658431,0.82728384,488.73282803,21949.21996038,89425.709943,293.18882106,191.66483964,17.58816958,4.82006363,9.81371828,17.87090713,4611.48077485,56.30690956,2098.8143679,3413.84039098,8.00763422,39.79840028,46.01405383,15.42932769,1734.04360996,20.38900405,4.3604369,63.90600837,17.58816958,1661.72715531,36.79280504,11.04680104,134.76710034,1.67578074,0.38503127,1.0,3.77095974,3.99763927,58.58684989,277.80792646,4.02508805,7890.31995643,3.64,4.59263297,108.01037211,98.00330581,1365.080375,3.75,8.37126823,13.74302387,601.47668148,10.77792994,1.32261039,0.77146588,22.74879679,569.69030044,34.89688816,,22.78281767,13001.89881745,17.58816958,33.80800057,10.65224053,3.50868318,3.10189343,2.37092221,34.30198703,6.77671668,32.04627783,2692.23782911,41.33252731,3665.24271286,41.61402137,12797.54177502,43.40499228,25385.16311561,119.83787385,2.75308119,605.49264411,2.70577457,605.49264411,110.15126317,250.07134869,17.58816958,26.8438712,27.41763217
2024-11-07,3.6725,68.17908337,91.35537253,387.3526457,1.79876849,918.14615241,992.77689501,1.5202908,1.79,1.69999316,1.82535438,2.0,119.42776171,1.82535438,0.376,2919.16534299,1.0,1.33449705,6.91926793,5.67839403,1.0,84.2991089,13.38412324,3.27006316,2.01862559,1.39363665,2861.60126518,0.87710931,963.40506917,7.18555855,4411.7673235,511.78637458,23.97201066,102.91376447,23.65592623,177.7988993,6.96011139,60.3950436,133.78273244,49.24065159,15.0,121.19976296,0.93328888,2.2602417,0.77599979,0.77599979,2.72696983,16.38500529,0.77599979,71.51227823,8626.73658355,7.71650342,208.92915709,7.77497659,25.15676351,131.45408501,382.52937449,15839.41754436,3.73639984,84.2991089,1309.76436321,42066.57086914,138.41123065,158.22576943,0.709,154.59498012,128.99644466,86.20186362,4065.59269843,459.14802893,899.99421641,1401.36870839,0.30705617,0.82605194,490.28030131,21936.9490213,90014.33250433,292.96020541,190.67254346,17.67280969,4.83997917,9.89961132,17.86803836,4616.01139471,57.49530028,2098.84825756,3414.45751175,8.00822589,39.8404242,46.47947271,15.43222034,1735.99552448,20.20067745,4.4211652,63.90503757,17.67280969,1672.76355583,36.78959143,11.08793624,134.94179857,1.6824751,0.38502108,1.0,3.78109501,3.96500875,58.78298811,277.89772123,4.06435795,7880.26308218,3.64,4.64384949,109.21236379,97.22360061,1362.03674396,3.75,8.38530556,13.60397763,601.45788755,10.86224289,1.33449705,0.77599979,22.64816121,569.17810971,35.01157639,,22.97240285,13001.96543752,17.67280969,34.44881222,10.64907666,3.49772818,3.12540671,2.38025249,34.2098901,6.77693997,32.32735881,2685.24365357,41.32276611,3674.19861972,41.57591007,12779.01236129,43.72796456,25384.45751262,120.72871588,2.76422786,612.19737191,2.70578833,612.19737191,111.37098771,250.1070084,17.67280969,26.89660578,26.00404708
2024-11-08,3.6725,68.26333708,91.09743544,387.23274182,1.79946307,918.17707179,993.80858706,1.50113588,1.79,1.69997699,1.81390564,2.0,119.4742279,1.81390564,0.376,2926.41717044,1.0,1.32228335,6.9300037,5.69330008,1.0,84.40514434,13.31186168,3.27000647,2.02133096,1.38755623,2859.35387459,0.8734576,957.54555066,7.15265689,4312.60020795,511.24477766,23.99288966,102.26828264,23.42316126,177.84444648,6.91596757,60.39314641,133.51891355,49.29613919,15.0,121.8288397,0.92743523,2.25785642,0.77100453,0.77100453,2.72986637,16.39197878,0.77100453,71.51393234,8624.70643205,7.72399641,208.73834134,7.77161609,25.16407009,131.52490303,375.35132953,15629.95761707,3.72099104,84.40514434,1309.74105272,42069.99082719,137.54451783,158.20910298,0.709,153.2568852,128.996648,86.19956277,4068.7131512,456.26822261,899.95941102,1385.46291279,0.3067081,0.82649294,491.40022566,21917.76489972,89253.08349913,292.51099836,189.59970746,17.35393588,4.84006591,9.87438118,17.92733297,4617.91559381,57.00970121,2098.78422001,3417.7011799,8.00476457,39.89977957,46.44683581,15.43519276,1736.25587479,19.83331411,4.38994133,63.90573503,17.35393588,1680.20359855,36.78879646,10.88953995,135.11153481,1.66234701,0.38501319,1.0,3.75255521,3.99472301,58.46543545,277.96933981,4.00103043,7761.26666199,3.64,4.61517317,108.49345461,98.00013245,1360.89265388,3.75,8.35963126,13.68456949,601.44313665,10.7067419,1.32228335,0.77100453,22.78666647,570.6091121,35.32848301,,23.05250418,13003.09123709,17.35393588,34.0939765,10.62698828,3.49845694,3.11623153,2.36856001,34.35278131,6.78829461,32.1313174,2680.16870465,41.33183871,3669.71703178,41.78054031,12822.98397274,44.13096529,25365.80946595,119.61994862,2.76400988,608.35763014,2.70574964,608.35763014,110.67246163,250.18689949,17.35393588,27.13342111,27.07548793
2024-11-09,3.6725,67.98607639,91.51572186,387.25081828,1.78995547,909.54059921,993.2733232,1.51905735,1.79,1.7,1.82446272,2.0,119.60055816,1.82446272,0.376,2898.53206055,1.0,1.32592825,6.9253475,5.73803284,1.0,84.39305835,13.26916016,3.2745805,2.02336557,1.39098946,2847.49315928,0.87575019,970.60389043,7.17821797,4359.61627998,512.02310428,24.00762103,102.86349215,23.55845591,178.25886764,6.95696309,60.43455969,133.76091501,49.27867295,15.0,121.78007543,0.93283297,2.26558839,0.77398151,0.77398151,2.73196581,16.39826329,0.77398151,71.49453033,8642.45013497,7.73180814,209.27433761,7.77491322,25.05583265,131.92756214,379.82100572,15652.79655582,3.74986118,84.39305835,1310.31870793,42089.59820072,138.73190439,158.66121406,0.709,152.63744027,129.07895428,86.1999765,4051.83208111,458.92373981,899.97848523,1397.78042843,0.30690343,0.82003057,492.49154639,21908.14115602,89761.35456809,292.60176967,189.46046508,17.58719224,4.85029893,9.88676548,17.92612487,4629.71150843,57.2682187,2099.06453571,3412.85352125,8.00816061,39.85305607,46.34572219,15.42578529,1735.29211507,20.15884295,4.39156894,63.63207063,17.58719224,1667.51973588,36.75336988,11.00222435,135.09218815,1.67502597,0.38495457,1.0,3.76869943,3.99287068,58.46138395,277.89634563,4.03597316,7770.20592827,3.64,4.64168189,108.95795584,97.522625,1368.46175109,3.75,8.34030687,13.93455558,601.0571048,10.81550047,1.32592825,0.77398151,22.73005852,570.82294041,34.93413377,,23.09157955,13001.85892002,17.58719224,34.17641387,10.63695287,3.50147911,3.11502425,2.34163202,34.36819214,6.79436267,32.26157652,2667.92659136,41.35219389,3661.4323807,41.79160332,12826.42734359,44.15845081,25268.7328762,118.6474327,2.68288494,611.89831974,2.70217165,611.89831974,111.31658412,249.82194744,17.58719224,27.25512772,26.18372311
2024-11-10,3.6725,67.99146138,91.65021484,387.23266126,1.78730281,909.06162541,993.50249014,1.51923538,1.79,1.7,1.82422575,2.0,120.00489829,1.82422575,0.376,2898.62648828,1.0,1.32608984,6.93490814,5.73801588,1.0,84.40166593,13.26883509,3.27507268,2.01519736,1.39139556,2844.43994143,0.87570959,971.8904532,7.17862583,4357.29405401,514.00569245,23.91458503,102.85013177,23.54856342,179.07854752,6.95763444,60.21959952,134.15257618,49.30483217,15.0,121.50343478,0.93271181,2.26030799,0.77358892,0.77358892,2.72469997,16.30263786,0.77358892,71.50004626,8613.34498932,7.72301225,208.9832084,7.77467801,25.03195863,133.47784946,379.69247491,15674.43901778,3.74915058,84.40166593,1310.30800407,42002.59611181,138.79493821,158.23392299,0.709,152.67662664,129.3496897,86.1999765,4051.29158787,458.86413273,899.9999344,1396.73908825,0.30755018,0.82000515,492.34876149,21843.31497629,90229.54509886,292.30859224,189.63887578,17.58880519,4.85200019,9.88625377,17.83200317,4629.35484998,57.35999822,2099.76009941,3412.81518257,8.00791835,39.96981531,46.20002334,15.45999912,1733.38778079,20.18110621,4.38231067,63.62585726,17.58880519,1666.61901436,36.62440622,10.99962296,135.10596674,1.67523478,0.38510207,1.0,3.77113301,3.96981451,58.47476859,277.63178036,4.03232315,7826.40992193,3.64,4.64082605,108.53917367,97.61411312,1360.31708369,3.75,8.34029441,14.97953416,598.91253208,10.81392463,1.32608984,0.77358892,22.72992749,571.06947759,34.73000862,,22.80121014,13001.85513347,17.58880519,34.13847418,10.6430616,3.50629685,3.10701865,2.34138609,34.38170927,6.78569574,32.28064207,2661.1050537,41.47589623,3659.67609101,41.78128285,12812.39453373,44.57129669,25265.14292541,118.63901629,2.68240174,611.81884364,2.69999984,611.81884364,111.30212582,249.84853547,17.58880519,27.30001712,26.18372311
2024-11-11,3.6725,67.98694366,91.61511692,387.22534334,1.80374081,918.07463047,999.42212296,1.51655859,1.79,1.69998579,1.82386052,2.0,119.86895317,1.82386052,0.376,2954.10368646,1.0,1.32585127,6.95381166,5.74035321,1.0,84.38775445,13.30744979,3.27002663,2.02443624,1.39121748,2860.33401636,0.87614637,970.30834893,7.17768565,4361.37052144,513.36901479,24.04466716,102.82954025,23.54679332,178.10817179,6.95394633,60.55469256,133.65855593,49.27996904,15.0,124.05958285,0.93252508,2.26594607,0.77388392,0.77388392,2.72289763,16.45205426,0.77388392,71.51831024,8634.49101785,7.73989697,209.70769585,7.77530647,25.18876633,132.15806785,379.77951709,15672.85407041,3.73771054,84.38775445,1315.27708924,42053.81502201,138.67084403,159.3409472,0.709,153.13947303,128.99784173,86.19944234,4075.37763432,458.77226401,899.99368735,1394.44736224,0.30702792,0.82521277,493.85850447,22082.02063568,90176.96465853,293.50337949,190.56024568,17.61375597,4.87989441,9.90361663,18.0114355,4652.26379849,57.35450625,2098.8508259,3419.9336848,8.00856566,40.06246781,46.39990159,15.43757974,1743.74135028,20.13863723,4.39668253,63.90804852,17.61375597,1676.25314626,36.86065199,11.00501916,135.08369793,1.67518227,0.38496325,1.0,3.76782433,3.95849055,58.49230617,279.09991191,4.03886187,7823.60276629,3.64,4.63858211,109.09275587,97.64013664,1375.82939426,3.75,8.34587168,13.80037234,601.47795099,10.8195104,1.32585127,0.77388392,22.74765071,570.73436029,35.41759052,,23.10106645,13003.6264837,17.61375597,34.25485607,10.63540441,3.500019,3.1174608,2.37410249,34.36628972,6.80704686,32.19623801,2673.93238848,41.40209422,3666.14596651,41.83681871,12858.73075138,44.69516864,25274.76783899,120.70874512,2.74396698,611.69635202,2.70460439,611.69635202,111.27984214,249.99610795,17.61375597,27.30763851,26.17820066
2024-11-12,3.6725,67.96603227,91.86610002,385.33235974,1.80253393,918.15323499,998.48267149,1.52366991,1.79,1.70004202,1.8361847,2.0,119.80899473,1.8361847,0.376,2947.01063419,1.0,1.33471119,6.94651262,5.75750005,1.0,84.40649809,13.4099045,3.27012748,2.02489351,1.39293526,2860.51758638,0.88140382,974.37194131,7.22338672,4362.22996764,513.06841323,24.08686188,103.52437908,23.79320949,178.47058117,7.00306988,60.52317687,134.0763708,49.23642184,15.0,124.52268481,0.93882633,2.25775013,0.77765764,0.77765764,2.72292872,16.43006165,0.77765764,71.55354577,8637.22872742,7.73931044,209.7766975,7.77582441,25.2994744,132.20571156,385.28541653,15758.03207781,3.75043482,84.40649809,1314.38643302,42089.93450322,138.86801565,159.40069889,0.709,153.94990344,129.02527201,86.1998079,4083.08225225,461.87227573,900.0119131,1403.0341636,0.30718721,0.82613426,495.14755991,22064.1971566,90223.75983238,293.37931181,189.99597519,17.9448327,4.88074539,9.92950321,18.00751458,4652.70966734,57.74257828,2098.73917758,3420.12075121,8.00909914,40.00458818,46.74767859,15.43226622,1743.80950069,20.37676587,4.42296141,63.9088905,17.9448327,1672.81568273,36.89275902,11.03099981,135.11370181,1.6776547,0.38502887,1.0,3.77171395,4.00457806,58.81751831,279.10996274,4.0962396,7860.05716599,3.64,4.67160369,109.8326789,97.21964473,1378.48184699,3.75,8.37596941,13.79310449,601.5043552,10.84445581,1.33471119,0.77765764,22.74663763,574.48140927,35.48642397,,23.0975513,13003.561415,17.9448327,34.66649983,10.64042648,3.49771927,3.13403107,2.38150794,34.36246653,6.81103483,32.42654935,2662.43719466,41.40824979,3671.5902507,42.16992337,12833.87561716,44.69935497,25321.65247176,120.7087566,2.76748935,615.82970097,2.70615813,615.82970097,112.03178126,250.13879401,17.9448327,27.27460318,25.47815702
2024-11-13,3.6725,67.92714739,92.21272808,387.49066606,1.79862731,926.30857768,997.72763541,1.53040406,1.79,1.69997465,1.84027848,2.0,119.64176041,1.84027848,0.376,2935.11433119,1.0,1.33717517,6.94736202,5.75061634,1.0,84.38810607,13.44956866,3.26993448,2.02394893,1.39427775,2861.81316541,0.88196422,985.93142601,7.22237485,4444.96293768,511.38665721,24.07420842,103.75518708,23.89189744,178.0257091,7.01890258,60.39495784,133.58312237,49.20714309,15.0,122.59927968,0.94091944,2.27457916,0.784365,0.784365,2.7429449,16.37474297,0.784365,71.54667426,8623.61475118,7.73707575,209.4540215,7.77755291,25.20395927,132.0380386,386.69589694,15778.85476714,3.75784459,84.38810607,1314.38989673,42091.62737239,138.78860961,159.19203086,0.709,154.73750821,129.09313231,86.19893429,4083.60343842,462.90202176,900.00383937,1406.19646022,0.30773572,0.82650979,495.62172732,21987.55433923,89921.70535684,292.90955879,189.92116175,18.09273198,4.85997378,9.91362129,18.00324259,4644.39813457,57.78542051,2098.56478965,3422.01182843,8.0108795,39.99812839,47.09182033,15.43522764,1738.31212106,20.56003896,4.44570287,63.90513019,18.09273198,1673.71373019,36.80886129,11.06949068,135.08426079,1.68617493,0.38500652,1.0,3.78392567,3.96084759,58.70082606,278.06071725,4.09410074,7844.09379686,3.64,4.68189297,110.07356772,98.09779741,1366.14731566,3.75,8.37352023,13.90017359,601.46980217,10.89421089,1.33717517,0.784365,22.79831303,573.09165463,35.53693972,,23.07989137,13003.08405502,18.09273198,34.72604794,10.63504554,3.50970488,3.14021681,2.38544462,34.38940417,6.80603409,32.45383185,2664.40936243,41.41374342,3675.04264052,42.18525491,12805.51265232,44.87236727,25350.12582456,121.18407014,2.77207629,617.20269568,2.70575506,617.20269568,112.28155655,250.20659963,18.09273198,27.25917369,25.47250681
2024-11-14,3.6725,67.93785991,92.65830273,387.65979419,1.79849603,919.98331463,998.29323095,1.54248091,1.79,1.69998126,1.85336492,2.0,119.63860648,1.85336492,0.376,2933.7057179,1.0,1.34455524,6.94782512,5.80626334,1.0,84.4224846,13.4177379,3.26999664,2.02306342,1.39998535,2860.94435892,0.88671655,979.92579313,7.23710652,4479.7573847,511.5756764,24.059142,104.4930027,23.96256354,177.89629775,7.06782861,60.38727188,134.14870384,49.33192682,15.0,122.27434207,0.94761044,2.27487275,0.7878084,0.7878084,2.72993852,16.17190327,0.7878084,71.30565703,8616.42584434,7.73118557,209.32074309,7.78143311,25.18898388,131.87399464,386.62534988,15833.22541954,3.75317648,84.4224846,1310.60860064,42101.57751859,139.59703472,159.15247674,0.709,155.87301953,129.39768381,86.19939049,4058.71665253,466.19377371,899.98264546,1407.38810914,0.30780094,0.82607656,493.98193432,21950.99881009,89822.00342613,292.77543405,188.34568846,18.25450619,4.85998472,9.96563958,17.99268787,4652.64940877,58.24552395,2098.87645349,3420.10612423,8.0148761,39.8794508,46.88592041,15.40915776,1735.98599854,20.55924397,4.47217941,63.90629385,18.25450619,1678.70331206,36.79365026,11.14603642,135.13929222,1.70351815,0.38501717,1.0,3.79774921,3.98374491,58.80919785,277.97115202,4.11464423,7843.15479544,3.64,4.7158522,110.84670062,98.50445265,1367.89327681,3.75,8.39594108,13.63435103,601.47522403,10.99220541,1.34455524,0.7878084,22.58031194,572.61394919,35.64749027,,23.24297723,13001.89284272,18.25450619,35.01487118,10.66226186,3.4994016,3.14719383,2.38639343,34.36621405,6.80024864,32.5542982,2663.9049019,41.37273681,3670.68915281,42.4867807,12822.67009023,44.99567718,25390.55650271,121.76938017,2.77441156,621.59169828,2.70580293,621.59169828,113.08000421,250.1557853,18.25450619,27.31465364,25.27739103
2024-11-15,3.6725,67.94155983,93.10328758,385.41079891,1.80022987,920.0346012,1002.64966036,1.55028302,1.79,1.70058178,1.85708338,2.0,119.63105078,1.85708338,0.376,2929.85102876,1.0,1.34620518,6.94823626,5.78964915,1.0,84.50136591,13.48207431,3.26998726,2.01737381,1.4065901,2859.23449953,0.8901681,975.42157888,7.24124766,4483.16828134,510.90961385,24.02149907,104.70265043,24.01839571,178.12147542,7.08256872,60.39527309,133.68070803,49.5864474,15.0,122.41900101,0.94951166,2.28084959,0.78973884,0.78973884,2.73262133,16.07321856,0.78973884,71.30689235,8626.72550576,7.73030154,209.31815061,7.78308844,25.22311679,131.87749622,385.94898361,15927.92716422,3.74200393,84.50136591,1312.09004487,42169.25693292,138.3483844,159.1522652,0.709,156.60766501,129.39719381,86.37828141,4070.64868542,467.12911356,899.95693746,1405.78843209,0.30770341,0.82524137,495.38392656,21975.1583236,89960.84096909,292.64746657,188.36046753,18.3010264,4.87994649,9.9790262,17.99299214,4666.03772003,58.49902847,2098.94943039,3415.43499722,8.0165811,39.88698118,47.26678095,15.44152671,1735.8631416,20.48235322,4.48810177,63.90719087,18.3010264,1680.20788972,36.79973576,11.15471997,135.26556148,1.71059385,0.38501924,1.0,3.80316083,3.96423895,58.88191924,278.13835969,4.10537063,7844.39185869,3.64,4.72466922,111.08085391,99.5115634,1369.86176887,3.75,8.37959995,13.58121001,601.47751726,10.99770688,1.34620518,0.78973884,22.74311412,573.10884209,35.44871894,,23.37650052,13002.96045912,18.3010264,34.97524149,10.65786453,3.50622793,3.15354288,2.39357764,34.42073733,6.80052638,32.62485079,2658.87317026,41.35965234,3670.77750157,42.90585354,12803.50236684,45.45035467,25454.89472512,122.13687828,2.78793855,622.83881807,2.70524457,622.83881807,113.30688032,250.12140152,18.3010264,27.4581275,25.27482934
2024-11-16,3.6725,68.09528313,92.9262972,386.78084014,1.79070894,911.58884467,997.24288564,1.54762046,1.79,1.70000004,1.85528554,2.0,119.54915281,1.85528554,0.376,2905.38774009,1.0,1.34223024,6.93028447,5.79697348,1.0,84.48713618,13.33233618,3.27894579,2.02461097,1.4089468,2849.79725793,0.88799024,980.32046857,7.23089146,4440.06982752,511.44425488,24.02287379,104.60128746,23.96588423,178.24359603,7.07805311,60.38826792,133.52713705,49.29816086,15.0,122.1946372,0.94859243,2.27696626,0.79241779,0.79241779,2.73276325,15.97355825,0.79241779,70.99479381,8632.16245043,7.74021147,209.57949467,7.78562992,25.1682738,131.7007068,387.21791866,15902.9867836,3.74952288,84.48713618,1310.72785494,42103.1738536,137.64802297,158.83587789,0.709,154.3684206,129.49518807,86.49997123,4051.29544175,466.67688436,900.00302042,1395.78915697,0.30755824,0.82016662,497.24477046,21947.54012848,89693.46511322,292.32949973,184.47249194,18.19732506,4.88005363,9.95243049,17.9963749,4667.92545784,58.38416621,2098.84410579,3414.91421268,8.01919882,39.93104649,47.16568582,15.45967372,1735.90037053,20.35504598,4.473867,63.63855069,18.19732506,1665.54677568,36.74562694,11.08875431,135.24278323,1.70592042,0.38500935,1.0,3.80630885,3.97186682,58.73776418,278.04428361,4.09700226,7811.33305118,3.64,4.722742,111.07279786,99.87722155,1369.6901474,3.75,8.38915561,13.87227646,601.38079865,10.97899336,1.34223024,0.79241779,22.66954507,573.42384523,35.20683251,,23.2956372,13001.8626936,18.19732506,34.8093327,10.66685741,3.50017237,3.15442808,2.36431972,34.43182678,6.80246383,32.48336402,2659.22487448,41.40568476,3673.07305071,41.92838565,12828.79281769,45.73297657,25385.2360359,121.19351558,2.79044994,622.23584581,2.70247541,622.23584581,113.19718757,249.80218999,18.19732506,27.36526807,25.2779637
2024-11-17,3.6725,68.06544063,93.10048795,386.52084222,1.78730628,910.89130265,998.00344841,1.54758695,1.79,1.70000001,1.85527114,2.0,119.99188491,1.85527114,0.376,2898.96562325,1.0,1.34296797,6.92514094,5.7967104,1.0,84.48807213,13.66519679,3.2750001,2.01519635,1.40927441,2849.08007815,0.88793745,979.71761891,7.23073575,4451.44155682,509.74375364,23.99999702,104.60047554,23.96813302,178.28557392,7.0788244,60.20870012,134.08498808,49.35887752,15.0,121.99797494,0.94858507,2.31727425,0.79230569,0.79230569,2.73110008,15.9027696,0.79230569,70.99831702,8614.0318797,7.7207038,208.9843535,7.78561561,25.0909055,133.47707658,387.288607,15869.52827271,3.74647004,84.48807213,1310.39453274,42002.63072502,137.55095544,158.2317389,0.709,154.33642173,129.44988997,86.49999998,4033.4558252,466.67326199,900.00317133,1394.80685075,0.30845106,0.82000415,496.1516833,21814.14728985,90474.07160387,292.33937558,183.9235043,18.23571879,4.88259899,9.99409867,18.04998089,4670.80472666,58.53994968,2100.14878592,3413.82336585,8.01918408,39.96974279,47.06993258,15.45999992,1733.28499172,20.3410346,4.47034562,63.77065718,18.23571879,1664.14940414,36.62442169,11.08891674,135.24428145,1.70528817,0.3848977,1.0,3.80674645,3.99599972,58.74979866,277.54759884,4.09728081,7814.27639817,3.64,4.72542478,110.9752794,99.99982737,1362.69297446,3.75,8.38928743,14.78551708,598.9633254,10.97824127,1.34296797,0.79230569,22.6700565,571.45760126,35.06504523,,23.19943286,13001.98292507,18.23571879,34.88168621,10.66303641,3.50631302,3.14751677,2.36408921,34.4445825,6.78614955,32.52221921,2649.76416156,41.30272163,3669.71691414,42.91633958,12805.24779893,45.73211006,25385.14930613,121.18506206,2.79044994,622.23101598,2.70001034,622.23101598,113.19630893,250.09439822,18.23571879,27.60097719,25.2779637
2024-11-18,3.6725,68.09137543,93.17428562,385.98662867,1.79967623,920.0286228,997.57901341,1.54562849,1.79,1.69998908,1.85536622,2.0,119.58745872,1.85536622,0.376,2928.17116018,1.0,1.34134183,6.92616739,5.79492864,1.0,84.44296009,13.50981777,3.27013454,2.02255031,1.40766569,2859.94021887,0.88787355,979.76803966,7.23126546,4440.96699503,509.53731657,24.01957366,104.60583617,23.97092941,178.27524058,7.07560108,60.43560711,133.50081856,49.31024476,15.0,121.91423541,0.94863368,2.2767667,0.79154029,0.79154029,2.72582791,16.01170006,0.79154029,71.29543945,8619.26167146,7.73170819,209.18658762,7.78487861,25.25505052,131.74433067,387.21051326,15852.16423461,3.74279083,84.44296009,1312.71063914,42116.25229001,137.65105953,158.89922938,0.709,154.66259249,129.39717172,86.49950315,4052.12285407,466.69717838,900.00119148,1390.92191913,0.30747477,0.82613563,496.45698977,22027.41375463,89966.27657132,292.48198505,184.37332565,18.14290878,4.88967395,9.98820103,17.99417564,4665.36269945,58.36874156,2098.79506235,3418.62233681,8.01842497,39.98524174,47.16940763,15.43476274,1737.31759361,20.35278613,4.46591262,63.90700566,18.14290878,1666.6021401,36.82676278,11.07810738,135.17206836,1.70540654,0.38494039,1.0,3.80280489,3.97506839,58.69696274,278.06216528,4.09910888,7816.79680322,3.64,4.72055619,111.01279874,99.93767247,1374.43420754,3.75,8.37770028,13.90569348,601.38746124,10.96946242,1.34134183,0.79154029,22.60303797,573.18563093,35.64551819,,23.39689178,13002.96209588,18.14290878,34.75266322,10.66702095,3.4996623,3.1568664,2.39246327,34.48622556,6.79599285,32.47088551,2663.24546142,41.37067262,3671.1839947,42.88631738,12824.24724381,45.73252963,25439.22680645,121.33792472,2.78547318,622.2629045,2.70505721,622.2629045,113.20211009,250.20750119,18.14290878,27.5150051,25.27938367
2024-11-19,3.6725,68.12581518,92.69220359,388.89973125,1.79854148,918.58777915,998.52611237,1.53712994,1.79,1.69997703,1.84658715,2.0,119.55833407,1.84658715,0.376,2922.80259473,1.0,1.33898039,6.92633304,5.74776545,1.0,84.38594226,13.63927346,3.27081463,2.01657338,1.40221566,2856.2937928,0.88314331,973.10501105,7.23273814,4395.37807349,509.5649154,24.02458348,104.11087129,23.86510817,177.99719903,7.04228913,60.3712013,133.46732053,49.44916354,15.0,121.89019294,0.94414502,2.27147445,0.78904869,0.78904869,2.73189831,15.93823546,0.78904869,71.30199702,8624.32201815,7.72772576,209.15579907,7.7833541,25.23490613,132.05329003,383.81465772,15816.53565799,3.73784536,84.38594226,1310.72871635,42070.33119343,136.43169952,158.77863277,0.709,154.17494123,128.92225044,86.50041094,4044.34186728,464.48890085,899.98694141,1392.91407296,0.30740934,0.82578941,497.15213742,21960.32611057,89776.72558908,291.34282683,183.53182077,17.96433398,4.8805264,9.99410605,18.1412912,4664.27482608,58.07511717,2098.94357259,3423.71573258,8.01685472,39.94578083,46.59065848,15.43843788,1737.15005983,20.21128659,4.46961751,63.89359198,17.96433398,1668.22475413,36.77984118,11.00945914,135.08079707,1.69861498,0.38500215,1.0,3.79819129,3.98516692,58.64285009,277.66903386,4.08170902,7816.36288716,3.64,4.69851516,110.51484175,99.77505038,1369.95200143,3.75,8.37689805,14.20679872,601.05148742,10.91840677,1.33898039,0.78904869,22.6584206,571.11438387,35.47963097,,23.34624257,13002.29341259,17.96433398,34.6327574,10.64725437,3.50848013,3.15647063,2.37484135,34.60359958,6.7963494,32.50077068,2654.66563494,41.34974921,3670.65769551,42.76000256,12819.09491941,45.7267774,25401.06766023,121.27981719,2.77705906,619.31853447,2.70523821,619.31853447,112.66647009,250.07959268,17.96433398,27.5995096,25.23786242
2024-11-20,3.6725,68.26509219,92.6479556,388.98475535,1.79985659,920.07515217,1001.72505947,1.53058543,1.79,1.6999855,1.8452873,2.0,119.53571439,1.8452873,0.376,2934.36237929,1.0,1.33808079,6.92423066,5.77344347,1.0,84.39216725,13.63877314,3.26999073,2.02043077,1.39610397,2857.33895355,0.88286905,971.20174242,7.23886945,4395.20703364,508.91985074,24.00806733,104.03758518,23.86015294,177.81801838,7.03800011,60.39711501,133.37497609,49.54750225,15.0,122.29218035,0.94348041,2.26425368,0.78811182,0.78811182,2.74771787,15.91493743,0.78811182,71.44163539,8630.83669003,7.72235738,208.87287349,7.78250642,25.22854823,131.53699356,385.26782326,15847.81284943,3.74334424,84.39216725,1308.57179641,42074.95669372,137.2793205,158.82718826,0.709,154.82169507,129.39687383,86.49978882,4043.3855993,464.16193614,899.99290962,1393.36479673,0.30745141,0.82655741,497.01086379,21909.1437752,89631.38212031,291.83002666,183.88580152,18.07572723,4.8799495,9.97244886,18.15427097,4661.625869,58.07024031,2098.45183249,3414.98524528,8.01598161,39.89614802,46.28563691,15.4393346,1735.65567125,20.1208211,4.47047684,63.90487865,18.07572723,1679.2552677,36.79839972,10.97815579,135.09076172,1.69181066,0.38502243,1.0,3.7988116,3.96560707,58.84850499,277.87516049,4.0891999,7802.2659077,3.64,4.69546121,110.37252138,100.57692595,1369.93646723,3.75,8.36195233,13.58261803,601.4694226,10.91717621,1.33808079,0.78811182,22.59995178,571.3294763,35.5146146,,23.34598174,13003.58018502,18.07572723,34.51001363,10.63031069,3.49663047,3.14894707,2.38894294,34.4730686,6.78270656,32.39873159,2652.33907045,41.3632722,3681.91394234,42.6272561,12820.59590451,45.78366154,25429.23672976,120.94538806,2.7747766,618.88258151,2.70572329,618.88258151,112.5871615,250.10293951,18.07572723,27.66678118,25.28217249
2024-11-21,3.6725,68.32385134,92.92906187,388.52360329,1.79949704,920.04785121,1002.77430293,1.53443314,1.79,1.69997492,1.85402459,2.0,119.50117887,1.85402459,0.376,2933.33755311,1.0,1.3420125,6.90732085,5.77337875,1.0,84.40408428,13.61208943,3.26997399,2.02026166,1.39686061,2856.76697956,0.883176,973.85044287,7.24093852,4393.41247074,508.25013877,23.9853055,104.53019511,23.97669282,178.01377187,7.07110523,60.37087737,133.58223269,49.71985736,15.0,122.79972294,0.94794772,2.27375797,0.79001838,0.79001838,2.74294643,15.89572082,0.79001838,71.36652611,8620.23315033,7.71835244,208.64521968,7.78248956,25.24475199,131.3378222,388.45541296,15911.01546674,3.73656688,84.40408428,1308.55725172,42101.70174944,137.93224547,158.60376345,0.709,155.01027468,129.38488175,86.49893442,4045.46169233,466.35970706,900.03680311,1398.63904642,0.30746611,0.82660591,497.1847094,21978.44640517,89826.27232982,291.36769833,181.12464736,18.10753652,4.87960283,9.99036745,18.16727645,4678.33376001,58.36425024,2098.83501518,3427.92465718,8.01596425,39.80533209,46.18536333,15.43865561,1735.05311192,20.28866212,4.47388829,63.90536232,18.10753652,1681.01508507,36.80608597,11.05233741,135.10983791,1.69986978,0.38502169,1.0,3.79411165,3.96761093,58.93649807,278.11598706,4.11107175,7802.75601226,3.64,4.71759395,110.89703631,100.49784716,1377.33866095,3.75,8.37802581,13.61392901,601.50312849,11.01671525,1.3420125,0.79001838,22.57492645,571.43416435,35.57164469,,23.36178662,13003.56076965,18.10753652,34.61716077,10.65035872,3.5092809,3.15887594,2.39133034,34.50639255,6.78433372,32.57432862,2651.22830747,41.32253691,3686.80609016,42.78684832,12831.50044459,46.00191568,25425.11347933,121.08792689,2.7826079,621.81294274,2.7053826,621.81294274,113.12025301,250.04244646,18.10753652,27.61102802,25.28406174
2024-11-22,3.6725,68.23618914,93.42539154,387.01469301,1.79769751,920.20101842,1004.00676382,1.53417295,1.79,1.6999743,1.86723073,2.0,119.47248781,1.86723073,0.376,2923.2619054,1.0,1.3458203,6.91054414,5.81619676,1.0,84.49811943,13.61507819,3.26999038,2.02125964,1.39660598,2860.842156,0.88629902,973.51269743,7.24632151,4388.46527454,509.09763309,23.98205792,105.27475919,24.20638091,177.73681437,7.12057644,60.38224168,133.76884712,49.72509404,15.0,123.39863587,0.95469991,2.28321304,0.79426106,0.79426106,2.73394301,15.85156685,0.79426106,71.33487422,8615.78412752,7.71600449,208.60492564,7.78233666,25.23013152,131.26966426,392.50782171,15919.42649097,3.7158559,84.49811943,1310.78062366,42091.03234065,139.48531018,158.52486947,0.709,154.40846229,129.39537547,86.4988004,4040.81940421,469.68156714,900.03674144,1400.17766183,0.3076887,0.82659583,496.1523852,21938.08475886,89667.80719433,291.02424429,180.29701871,18.08520361,4.87999332,10.016353,18.16795368,4670.71530344,58.73997842,2099.42925049,3427.20316742,8.01580676,39.90914408,46.39118215,15.42654426,1736.0168451,20.42440091,4.47276909,63.90658895,18.08520361,1693.35605804,36.7943284,11.06570522,135.26036468,1.70908497,0.38499384,1.0,3.7899353,3.97270013,58.90820659,277.94792927,4.14647169,7801.9619357,3.64,4.75144775,111.68681526,101.2992885,1371.91918513,3.75,8.38023265,13.44234047,601.4596946,11.06037592,1.3458203,0.79426106,22.71893742,570.96651474,35.54400883,,23.64142582,13001.82320202,18.08520361,34.7604074,10.64937475,3.49668752,3.15691923,2.39162668,34.53723907,6.78372406,32.57176776,2650.88748029,41.28665612,3692.21620769,42.52463774,12857.83788664,46.26226549,25435.75787417,121.09186216,2.77666839,626.24208952,2.70409424,626.24208952,113.9260037,250.19997691,18.08520361,27.64652044,25.28667204
2024-11-23,3.6725,68.16697296,93.61387583,389.06680389,1.78903334,911.34915253,1003.84622131,1.53791459,1.79,1.70000004,1.87653319,2.0,119.54935733,1.87653319,0.376,2945.10611701,1.0,1.3480171,6.91379118,5.80088091,1.0,84.43779475,13.63573744,3.27456945,2.02441073,1.39722427,2848.69321108,0.89352651,986.6558824,7.24542683,4419.3050897,508.14193867,23.98186882,105.79923372,24.32585801,178.27879602,7.15811075,60.38630272,134.15560844,49.65094185,15.0,123.44120629,0.95945619,2.27656554,0.79774922,0.79774922,2.7429236,15.83192804,0.79774922,70.9952406,8627.49540912,7.71662887,209.07228498,7.78455169,25.31492593,131.33670792,395.01145226,15944.80698564,3.70210516,84.43779475,1310.64117966,42099.48555389,139.67120202,158.49642319,0.709,154.72906109,129.51007099,86.49999275,4038.96897908,472.02150146,900.00475648,1404.45965193,0.30787038,0.82010973,499.1937235,21955.23165174,89613.85594748,291.25281491,180.00843714,18.11548672,4.88001737,9.96378448,18.16997273,4670.13231334,59.07736454,2098.71441432,3422.14730556,8.01808824,39.9135306,46.76947152,15.45887521,1735.90124192,20.4279127,4.46799397,63.62699876,18.11548672,1696.41210134,36.74606361,11.07278553,135.16379994,1.71392757,0.38497653,1.0,3.80370946,3.99645514,58.93661932,277.6933948,4.16366845,7809.16567672,3.64,4.77682867,112.30269802,104.27403783,1370.6973712,3.75,8.38213735,13.72118335,601.38640309,11.03686528,1.3480171,0.79774922,22.70104198,571.35611763,35.35590965,,23.78854758,13001.87034031,18.11548672,34.46918053,10.65824072,3.50980781,3.17358633,2.3630862,34.55932623,6.77820455,32.58293174,2656.64108155,41.30159932,3675.05001602,42.77469754,12832.61426977,46.55915079,25414.03316065,120.74658924,2.68286661,629.36200195,2.7025007,629.36200195,114.49357838,249.76360339,18.11548672,27.6070444,25.32875918
2024-11-24,3.6725,68.06894645,94.25044741,388.34850762,1.78730444,910.85191672,1004.00398769,1.53801249,1.79,1.70000001,1.87665935,2.0,120.0048937,1.87665935,0.376,2899.75041332,1.0,1.34651035,6.93490438,5.81088445,1.0,84.4378721,13.63631786,3.27499963,2.01519702,1.39804171,2846.29003908,0.89368316,985.3739585,7.24540303,4418.55216314,511.32584054,23.91532666,105.80634652,24.30042491,178.28582865,7.15879996,60.23002175,134.7356455,49.6739538,15.0,123.0134466,0.95952069,2.27660071,0.79760074,0.79760074,2.73839998,15.75272454,0.79760074,70.99833987,8611.97271359,7.7175084,208.98357641,7.78413502,25.14013096,133.28001046,394.98603551,15905.37473304,3.70991404,84.4378721,1310.34328535,42002.60712151,139.7024713,157.42597986,0.709,154.67491012,129.78769081,86.49999999,4012.93668824,472.05323507,900.0,1402.98087614,0.30854818,0.82000362,498.81114368,21852.37957262,90307.3855587,291.26999742,180.38133703,18.11988945,4.88230021,10.06528125,18.20149756,4677.25496943,58.29006037,2099.88383035,3420.72108577,8.01765907,40.00977692,46.50045341,15.45999997,1733.35508459,20.42244015,4.46793187,63.70614294,18.11988945,1676.4189683,36.6244629,11.07473865,135.16392377,1.71365699,0.38489811,1.0,3.79738455,4.02574623,58.9656924,277.69148933,4.1616523,7816.0465948,3.64,4.77765651,111.77749076,104.25652247,1365.82788278,3.75,8.38221035,14.93872263,598.91261279,11.0375496,1.34651035,0.79760074,22.69996128,571.4550163,35.34000115,,23.49942732,13001.92204448,18.11988945,34.52205043,10.66192839,3.50000363,3.1634733,2.36291957,34.59500442,6.78655721,32.60326454,2649.92822975,41.37147315,3702.60406728,42.63991157,12839.91461681,46.5591382,25425.1418495,120.74226642,2.68240139,629.40431343,2.70000008,629.40431343,114.50127569,249.7872641,18.11988945,27.6701019,25.32875918
2024-11-25,3.6725,68.1566407,94.09622298,388.83771465,1.79722819,920.11195658,999.17805598,1.52888401,1.79,1.69996943,1.86558755,2.0,119.68521327,1.86558755,0.376,2929.98045061,1.0,1.34270804,6.92217281,5.80759599,1.0,84.40291214,13.65327863,3.27103749,2.01896209,1.3934685,2855.66273806,0.89012379,982.1029468,7.24085514,4412.40278017,509.92064864,23.98273215,105.18211669,24.16298834,178.05625792,7.11316885,60.24242377,134.14120149,49.51670221,15.0,122.72120359,0.95385977,2.26926945,0.79380269,0.79380269,2.73890091,15.800681,0.79380269,71.36765965,8614.3196646,7.72112462,208.94895749,7.7816366,25.26567785,131.9503313,392.4031267,15921.30293577,3.7035976,84.40291214,1311.18926205,42068.9487277,139.65858639,158.80564219,0.709,153.7472236,129.50127799,86.49816697,4031.84300861,469.26824419,899.99395021,1404.44406733,0.30809154,0.8242091,498.76166472,21956.80216417,89929.38309316,291.21536025,180.42332834,18.03734751,4.88286866,10.04611197,18.22514935,4669.98613191,58.92024287,2099.02028527,3423.80092968,8.01508569,39.85940522,46.72834232,15.43453288,1733.56035833,20.35842281,4.46051467,63.84728197,18.03734751,1692.64848264,36.78708519,10.99571411,135.10796161,1.70518144,0.38493919,1.0,3.79748067,3.99514991,58.88489121,277.73485067,4.13183873,7818.45971152,3.64,4.74715871,112.294296,103.55174632,1365.44130181,3.75,8.37957483,14.58527445,600.82424522,10.96085884,1.34270804,0.79380269,22.71801091,571.38011622,35.5578045,,23.66649999,13001.76315978,18.03734751,34.40718621,10.65746675,3.50826437,3.17341873,2.38632525,34.53591026,6.78902368,32.49177741,2654.34580594,41.35308079,3701.84992694,42.59800962,12831.20599207,46.57787919,25419.34668291,121.00450039,2.77791298,625.69099226,2.70463134,625.69099226,113.82574805,249.95346853,18.03734751,27.6558388,25.32115904
2024-11-26,3.6725,68.13525655,93.97893756,390.14978115,1.79925469,920.06618289,1006.50743583,1.5458942,1.79,1.6999738,1.87083669,2.0,119.50503793,1.87083669,0.376,2934.36358856,1.0,1.34963208,6.91661004,5.79921738,1.0,84.34728589,13.62103106,3.26997374,2.02204433,1.41387686,2861.37536157,0.88789577,976.29975964,7.25251602,4380.76557799,509.43610737,23.99689864,105.47806403,24.20574891,177.81321715,7.13412253,60.39494986,133.90434778,49.623536,15.0,122.99811147,0.95654361,2.28204487,0.79822708,0.79822708,2.74197947,15.74681834,0.79822708,71.32622436,8620.45961159,7.7206791,208.91992213,7.78311317,25.26584484,131.26932714,392.19704584,15898.59928286,3.64472648,84.34728589,1310.18577522,42079.35391442,138.80184566,159.04724886,0.709,154.07758605,129.39419058,86.79336459,4025.19681358,470.58860826,899.99362785,1404.15576786,0.30777952,0.82640432,498.98997276,21948.48705563,89638.71079394,291.02408208,179.98457712,18.15151365,4.8898075,10.06063657,18.23133041,4670.91490692,58.61432463,2098.83221321,3428.91505575,8.01660656,39.85798458,46.83628357,15.43103471,1733.77273922,20.60105933,4.46493427,63.90557116,18.15151365,1681.49812535,36.77433304,11.14446381,135.01891789,1.71836072,0.38499479,1.0,3.7786399,3.97395663,58.98849119,277.76851519,4.1306268,7823.27404385,3.64,4.76075173,111.8934603,104.00081938,1368.02912046,3.75,8.37094449,13.58877114,601.53237282,11.05293569,1.34963208,0.79822708,22.69887955,570.5003716,35.61924002,,23.64316919,13003.43797201,18.15151365,34.74192528,10.66181267,3.49994535,3.16770765,2.39209998,34.62699278,6.7931782,32.51984785,2648.26787933,41.43483385,3702.69635345,42.61685884,12833.20868953,46.58487988,25419.95110317,121.21260004,2.78472229,627.45147769,2.70590575,627.45147769,114.14601568,250.24179894,18.15151365,27.62236376,25.32342106
2024-11-27,3.6725,68.03832148,93.8200635,387.09791629,1.7964877,919.40929004,1007.17754377,1.54444288,1.79,1.69997964,1.86498011,2.0,119.47338387,1.86498011,0.376,2912.31943924,1.0,1.34685991,6.91891189,5.81290531,1.0,84.34457894,13.64842425,3.26995043,2.01499306,1.40580842,2861.2603699,0.88587418,977.65685703,7.25417337,4404.01239385,509.94987613,23.97818705,105.14786931,24.10955805,177.85609377,7.11222178,60.37159991,133.97639639,49.62404629,15.0,123.19910533,0.95354919,2.27510236,0.79526588,0.79526588,2.73894984,15.65935674,0.79526588,71.38032769,8613.1344912,7.71779921,208.95814516,7.78141853,25.27410119,131.28041849,391.34982476,15908.90206648,3.64506664,84.34457894,1308.82529172,42102.27929153,138.36927768,159.09653797,0.709,152.64831453,129.39427285,86.799136,4022.65328447,469.1154501,899.97064714,1397.44923296,0.30769855,0.82454122,498.94564611,21939.11834642,89703.57972081,290.57429298,180.28128259,18.17448257,4.88993223,10.03802743,18.24379578,4674.20545538,58.70120723,2098.89122589,3417.25438504,8.01486108,39.85677932,47.05513102,15.44045953,1735.05318916,20.68361699,4.45522379,63.90537788,18.17448257,1690.79519448,36.77151855,11.16037233,135.01458474,1.70235186,0.38499013,1.0,3.7758567,3.97259583,58.84475297,277.67980739,4.10535544,7810.79416849,3.64,4.74574063,111.56758179,105.49587609,1370.02730845,3.75,8.38426111,13.52197842,601.44530563,10.98289507,1.34685991,0.79526588,22.72881428,570.32519099,35.55991105,,23.59959068,13001.86999071,18.17448257,34.68388499,10.65341178,3.50612277,3.16595883,2.39432738,34.65423326,6.7891168,32.4915223,2646.83917985,41.52928089,3704.65085208,42.85459705,12837.93281667,46.69535703,25362.52996754,121.426975,2.79579102,625.4872668,2.70507218,625.4872668,113.7886863,249.76737598,18.17448257,27.58116914,25.2983379
2024-11-28,3.6725,68.02768882,93.2496152,389.45058565,1.79517858,920.24619564,1007.99810366,1.53674689,1.79,1.70064412,1.85209771,2.0,119.48339072,1.85209771,0.376,2951.31545138,1.0,1.34103713,6.91956565,5.93911191,1.0,84.44003929,13.63881624,3.26994722,2.02018782,1.4008268,2861.10282872,0.88286,977.31840677,7.23932969,4385.07376705,509.69402125,23.96888396,104.42155738,23.93322148,177.80055122,7.06271584,60.44144275,133.55128098,49.66909031,15.0,123.19723488,0.94696252,2.26795693,0.78889062,0.78889062,2.74191529,15.58549718,0.78889062,71.42858642,8618.83016799,7.71736228,208.87193256,7.78220425,25.29360012,131.19420773,390.91239969,15863.36102109,3.66032325,84.44003929,1311.09198846,42084.04441436,137.02975858,159.09650225,0.709,151.45648946,129.39577764,86.80029117,4024.53769884,465.87502163,900.00989629,1392.36807705,0.30740251,0.82475593,501.17385166,21886.86337992,89871.39020999,291.0619558,179.57948495,18.19614476,4.89595659,10.00091441,18.24280922,4676.56202267,58.24856405,2098.83421273,3417.91190596,8.01567037,39.80983919,46.7253146,15.42686335,1735.24041308,20.4010039,4.44149403,63.90485515,18.19614476,1689.21296525,36.80568498,11.07113793,135.1673929,1.69404131,0.3849871,1.0,3.7622551,3.98868983,58.70622153,277.98033784,4.0760934,7804.53200336,3.64,4.71255018,110.76451198,113.15080488,1377.34352395,3.75,8.37389648,13.6298733,601.4737396,10.91357656,1.34103713,0.78889062,22.7494497,570.44546319,35.61409118,,23.40757705,13001.87130306,18.19614476,34.50964379,10.72949668,3.50992551,3.14878518,2.38497396,34.66670655,6.79224835,32.51036706,2635.58714442,41.47740122,3691.6081703,42.83533637,12819.44556524,46.79598188,25387.60275483,121.06924126,2.781211,621.16669551,2.70524945,621.16669551,113.00268767,249.76706285,18.19614476,27.55149384,25.29139168
2024-11-29,3.6725,67.99135818,93.17855468,394.26695178,1.79643715,920.06451056,1009.3631682,1.5362628,1.79,1.70061633,1.85189433,2.0,119.58816509,1.85189433,0.376,2940.33442243,1.0,1.33970555,6.91924907,6.01488752,1.0,84.48040505,13.62695438,3.27095814,2.01834357,1.39986139,2859.77628114,0.88113258,978.01831418,7.23089513,4418.56597911,510.63064034,23.96429132,104.41009072,23.93086448,177.96161329,7.0617141,60.30813989,133.54702166,49.59340708,15.0,123.19873646,0.94685854,2.2761898,0.78710705,0.78710705,2.74191562,15.47509859,0.78710705,71.36573294,8617.2929207,7.71396053,208.81835023,7.78365098,25.25965092,131.59310266,391.21836816,15864.36048578,3.65157373,84.48040505,1310.43074034,42032.43125902,137.20865065,158.61949918,0.709,149.94656963,129.79982319,86.80189805,4024.71181275,465.82386331,899.97494632,1394.14133973,0.30748722,0.82412249,506.92817291,21930.04575821,89923.40480939,290.73826774,179.42908724,18.08358838,4.88953908,10.00406144,18.26086545,4673.4818625,58.27135374,2098.87995501,3419.73687505,8.01716051,39.8465994,46.55983644,15.42746079,1734.08983282,20.45556911,4.43528842,63.84935571,18.08358838,1683.33799655,36.79349218,11.02993184,135.23200839,1.69292458,0.38500343,1.0,3.75576735,3.98726217,58.62121647,277.88553193,4.07657507,7803.23937928,3.64,4.7129762,110.75261251,107.80584257,1374.41251997,3.75,8.3672044,13.95887016,600.97984499,10.91500918,1.33970555,0.78710705,22.73613448,570.96270372,35.52881187,,23.34481436,13002.55139537,18.08358838,34.27750845,10.69335957,3.50644174,3.14783959,2.38460307,34.69147998,6.79010808,32.52964256,2635.53316463,41.54374646,3691.26671697,42.83858755,12843.37766081,47.20559275,25378.8613915,121.5232162,2.77808978,621.09848441,2.70417929,621.09848441,112.99027871,249.75600905,18.08358838,27.22843621,25.70633073
2024-11-30,3.6725,68.03432597,93.29210428,389.82222145,1.79004935,911.44838356,1010.14589427,1.53601724,1.79,1.70000004,1.84887809,2.0,119.55644749,1.84887809,0.376,2943.85871218,1.0,1.3398948,6.91619107,5.97469511,1.0,84.59322674,13.64143226,3.2745921,2.02439887,1.40046518,2848.72954724,0.88107191,973.8512941,7.2422906,4427.68441913,509.99741013,23.98484493,104.24003493,23.88355373,178.25189848,7.05166523,60.39114632,133.38010936,49.57277846,15.0,123.234498,0.94531636,2.2640371,0.78522138,0.78522138,2.74730332,15.37165655,0.78522138,70.99515492,8624.76864632,7.71695008,209.17105097,7.78151897,25.28111557,131.16661648,390.30749141,15832.37447685,3.63499783,84.59322674,1310.50530682,42072.39606563,137.38077709,159.01185307,0.709,149.77621169,129.51186068,86.80000499,4026.14978407,465.06516226,899.99883552,1394.31428716,0.30739747,0.82016716,516.97974204,21937.53999363,89602.94607513,290.82802334,179.38381675,18.06462086,4.87990075,10.01723959,18.27550159,4686.18574967,58.23044488,2098.8283865,3422.69065193,8.01496454,39.8486771,46.43904136,15.4586504,1734.06933544,20.37603934,4.44739627,63.63849119,18.06462086,1683.80807214,36.79491504,11.04343845,135.4126077,1.69721244,0.38500189,1.0,3.76212075,4.00849952,58.60616071,277.9910379,4.06639044,7798.84488261,3.64,4.70500692,110.55796997,106.46492565,1375.65789284,3.75,8.37518164,14.28372178,601.37613946,10.8842466,1.3398948,0.78522138,22.75986256,570.85974111,35.40038691,,23.220693,13001.86049212,18.06462086,34.29013473,10.90571614,3.50673459,3.1466873,2.3609381,34.68157779,6.78290877,32.45572946,2639.64144833,41.48448004,3696.03084887,42.70074393,12872.06416836,47.55070503,25350.81837271,121.63974378,2.68309039,620.08688302,2.70250024,620.08688302,112.80624811,249.98557169,18.06462086,27.56855979,25.47783656
2024-12-01,3.6725,68.04259824,92.95180244,389.62996292,1.78750052,910.91354973,1010.00133899,1.53600671,1.79,1.70000005,1.84891984,2.0,119.99289248,1.84891984,0.376,2900.53561134,1.0,1.33931333,6.92509546,5.97411577,1.0,84.56467808,13.64214831,3.26944567,2.01530823,1.40060011,2846.27001953,0.88114703,973.80275548,7.24223922,4428.15665588,509.25608652,23.89418008,104.24238846,23.86762075,178.2859493,7.05155366,60.35001349,134.0851019,49.58429178,15.0,124.1957348,0.9453377,2.29601055,0.7859034,0.7859034,2.77939987,15.2827545,0.7859034,70.99870596,8611.84499009,7.7182198,208.98320841,7.78189551,25.19656691,133.08245554,390.12392209,15847.90587001,3.63958401,84.56467808,1310.30800411,42002.59611175,137.40021877,156.49271714,0.709,149.77423938,129.83820146,86.80000305,4020.03209437,465.07566252,900.0,1394.94005059,0.30720054,0.82000575,514.44166678,21811.06497992,90229.5450644,290.84015304,179.44408692,18.06301279,4.87650015,9.98985537,18.210999,4692.80782021,58.16000037,2099.76009935,3421.7639366,8.01535237,39.91539899,46.42978273,15.46000003,1733.38765873,20.37477464,4.44472213,63.68519222,18.06301279,1673.9448032,36.62440359,11.04361232,135.36690844,1.69435918,0.38504744,1.0,3.74489878,4.03348013,58.62332142,277.94609098,4.0620927,7819.11500044,3.64,4.70520941,110.66307468,107.65429094,1368.23954352,3.75,8.37520387,14.98646658,598.86250635,10.90237976,1.33931333,0.7859034,22.75993108,571.45323677,35.19999838,,23.18513587,13001.85513345,18.06301279,34.2844542,10.90237021,3.5000524,3.13951016,2.36070884,34.69666716,6.69926004,32.48764618,2629.96491128,41.69170727,3688.68788164,43.19616935,12866.31856749,47.54856386,25347.94437064,121.63983128,2.68240193,620.10088336,2.70000007,620.10088336,112.80879505,249.81436541,18.06301279,26.94355187,25.47783656
2024-12-02,3.6725,68.0257475,92.9189192,395.29461837,1.79777859,921.21615571,1012.1236371,1.53827739,1.79,1.69996757,1.85683902,2.0,119.41363069,1.85683902,0.376,2945.74657554,1.0,1.34315078,6.90538601,5.98616342,1.0,84.57366014,13.6234066,3.27004072,2.01445031,1.40309383,2860.76266959,0.88387661,974.42598495,7.25358215,4430.0866449,509.00461811,23.96114218,104.68887336,23.98080591,177.86735668,7.0817435,60.30763785,133.44298338,49.7801516,15.0,125.81719007,0.94938672,2.27820885,0.78792672,0.78792672,2.80982703,15.35891673,0.78792672,71.44334468,8615.3927814,7.71750858,208.66631719,7.78270748,25.26733485,131.28134275,392.62427599,15840.44459494,3.63528187,84.57366014,1309.75350224,42064.96567751,137.95213052,157.39422716,0.709,150.47265463,129.44880409,86.80026506,4025.06657034,467.06764737,899.97343189,1400.89782483,0.3073219,0.82519082,508.54188706,21879.94382654,89851.96738348,290.67180646,179.27097414,18.13935557,4.88334284,9.9984552,18.28634123,4683.77627234,58.16299707,2099.01195927,3433.18089746,8.01618871,39.83972763,46.41470536,15.43265479,1731.69110182,20.43778679,4.45506112,63.87597455,18.13935557,1682.00411459,36.75638214,11.09409001,135.38128648,1.69461041,0.38497941,1.0,3.75142012,3.99427582,58.70541634,277.73508558,4.08240652,7802.59228122,3.64,4.72507037,110.55685194,107.40994789,1374.65096967,3.75,8.37733787,14.34066105,601.48243928,10.94121515,1.34315078,0.78792672,22.74983832,569.72485797,35.51791125,,23.33669074,13003.39619926,18.13935557,34.46891648,10.90676384,3.50895027,3.14269842,2.38963857,34.71854935,6.77255256,32.5173044,2632.94822618,41.55356957,3689.62004848,42.9500256,12826.47806814,47.51102532,25394.81127867,121.15505832,2.77836186,622.75686317,2.7051119,622.75686317,113.29197108,249.84710474,18.13935557,27.26463016,25.47442194
2024-12-03,3.6725,67.99809359,92.93841772,397.09444764,1.79771025,921.66392685,1011.4763639,1.54674478,1.79,1.70000249,1.86510528,2.0,119.4182696,1.86510528,0.376,2938.73997665,1.0,1.34795332,6.90181518,6.0595913,1.0,84.79733323,13.62038071,3.27004593,2.01438219,1.40563015,2861.34355348,0.88796791,978.80521345,7.29366536,4449.99259832,508.01105388,23.97790424,105.15492627,24.07682947,177.79324532,7.11318019,60.40138124,133.82717302,49.72823449,15.0,125.49970113,0.95361319,2.27423153,0.79085966,0.79085966,2.85479348,15.22578501,0.79085966,71.4412274,8615.98178767,7.71441274,208.60193385,7.7820066,25.29202073,130.97385705,395.3793324,15923.44694925,3.65048968,84.79733323,1309.51413619,42125.76973217,138.94959736,157.53795593,0.709,149.95616999,129.39479024,86.79965286,4028.62078641,469.14693461,900.00932222,1404.37712876,0.30748559,0.82645843,512.13218512,21944.51188139,89736.79994115,290.52068649,178.89809743,18.18192151,4.87988182,10.02191044,18.28365857,4690.30410558,58.61084874,2098.82023583,3435.49107922,8.0154668,39.87714491,46.59040419,15.4310951,1734.73602469,20.4130698,4.46945512,63.90548563,18.18192151,1674.98881888,36.78985492,11.1171965,135.73933116,1.70275351,0.38500551,1.0,3.7513704,3.97692727,58.69134527,277.9458417,4.08573442,7799.87019706,3.64,4.74652431,111.52490598,106.50498011,1374.87592489,3.75,8.3808604,13.4291617,601.513379,11.01319084,1.34795332,0.79085966,22.74971221,570.62622589,35.519453,,23.47639557,13001.86545222,18.18192151,34.5574038,10.89506539,3.49663839,3.15916983,2.39087155,34.75542619,6.77022424,32.63972181,2632.7713812,41.5731146,3688.24422563,43.15340737,12854.29914793,47.66952173,25377.85960392,121.01631746,2.7824324,625.52924614,2.70526997,625.52924614,113.79632318,249.90436977,18.18192151,27.01165575,25.47285965
2024-12-04,3.6725,68.03053978,93.42527134,398.51728343,1.80023064,921.9993001,1011.7261582,1.5492483,1.79,1.69997674,1.86141322,2.0,119.5221818,1.86141322,0.376,2939.99682328,1.0,1.34552487,6.90713513,6.04483178,1.0,84.70305522,13.61261863,3.26985903,2.01420447,1.40725099,2857.99890263,0.88687084,973.11470571,7.2814928,4437.08165469,507.9626794,23.99167102,104.94676707,23.94352188,177.86590887,7.09816428,60.46669454,133.84874692,49.74746774,15.0,125.39774941,0.95172547,2.27439028,0.78935752,0.78935752,2.83673601,15.18439833,0.78935752,71.7774086,8620.34864394,7.71742478,208.7446973,7.78341767,25.30454572,131.05289145,394.64070599,15960.52995533,3.62270472,84.70305522,1310.44165416,42120.13463221,138.67328855,157.41771411,0.709,149.87842276,129.49924593,86.80022892,4039.11955622,468.21823585,900.00933032,1415.64791389,0.30726254,0.82729064,508.54897136,21970.30647787,89707.68220534,290.67622846,178.98818225,18.13225142,4.87998992,9.99916934,18.29178243,4697.41324939,58.53469437,2098.93513965,3434.68684268,8.0169202,39.89774129,46.76941554,15.43874127,1735.91917983,20.33572461,4.46906435,63.89934579,18.13225142,1659.0385678,36.79961148,11.07407823,135.58841565,1.70468299,0.38499251,1.0,3.75271498,3.98721706,58.42488346,277.95370288,4.08609224,7808.11208046,3.64,4.73577493,111.31409611,105.00167184,1379.79332441,3.75,8.40269999,14.2391873,601.49537814,11.01736472,1.34552487,0.78935752,22.74876662,570.99106906,35.51801725,,23.53371372,13001.87244405,18.13225142,34.37997204,10.90635511,3.50789148,3.15555618,2.39434949,34.75824708,6.77909516,32.52395343,2633.70379435,41.54476454,3682.34229431,43.20127733,12850.16208383,47.79473577,25417.73025546,121.22869,2.78463197,624.29098114,2.7065899,624.29098114,113.57105793,249.99703767,18.13225142,26.97498827,25.47313561
2024-12-05,3.6725,68.07096425,93.07022962,402.24495863,1.79949517,922.08021718,1012.20631964,1.55497984,1.79,1.69997004,1.86081473,2.0,119.54624826,1.86081473,0.376,2941.4324368,1.0,1.34398161,6.90855002,6.04131988,1.0,84.74140981,13.62516388,3.26997102,2.02063175,1.40713412,2857.99962447,0.88450176,975.21897683,7.27264679,4435.51976621,507.69180117,24.00117379,104.9130242,23.95279323,177.86088571,7.09595349,60.49528078,133.86708873,49.81231621,15.0,125.39713677,0.95141946,2.28376182,0.78755401,0.78755401,2.82596155,15.03678551,0.78755401,71.78009628,8622.20600984,7.71482641,208.79879937,7.78341771,25.29500676,131.08377059,393.62706686,15910.9276804,3.61728795,84.74140981,1308.95434829,42087.97192185,138.43475207,157.31153379,0.709,150.51403833,129.39767774,86.79918718,4025.15011615,468.06769259,899.98764352,1415.14363072,0.30754888,0.82589359,511.26774989,21945.61142403,89767.79758116,290.62703446,179.49109428,18.169725,4.89006562,9.95841252,18.29591805,4693.61870084,58.52817647,2098.80448309,3434.96868948,8.01692024,39.87885032,46.68953691,15.43414809,1736.00076185,20.30395573,4.42447042,63.90469451,18.169725,1628.7996747,36.77914095,11.0599806,135.64981175,1.70616759,0.38501438,1.0,3.75198781,3.99302673,58.21177203,277.79096,4.07328163,7802.72887557,3.64,4.73393938,111.28372619,105.00457032,1383.98455975,3.75,8.38457424,15.03941863,601.5015475,10.93302918,1.34398161,0.78755401,22.74975881,570.83924675,35.51866907,,23.52716834,13001.89036316,18.169725,34.25400404,10.92202346,3.49997317,3.15913146,2.38760355,34.75647005,6.77377318,32.39762248,2629.37941765,41.60736336,3680.91836204,43.19331165,12834.51265809,48.05335067,25410.02500805,121.05139473,2.78308891,624.09025678,2.70479325,624.09025678,113.53454214,249.95495406,18.169725,27.02316271,25.47002434
2024-12-06,3.6725,68.94605988,93.10921568,403.01498413,1.79956116,921.44492448,1012.16993472,1.55603624,1.79,1.69999356,1.85051773,2.0,119.57000753,1.85051773,0.376,2940.89710071,1.0,1.34064848,6.91093303,6.01064786,1.0,84.69047365,13.62564649,3.27002838,2.01969653,1.40393178,2857.96333322,0.8792732,970.23601893,7.26471482,4427.40619694,507.76608226,24.00037339,104.33247791,23.73356849,177.75162185,7.05651925,60.59701516,133.48379729,49.98486612,15.0,125.20052525,0.94615469,2.27739744,0.78469053,0.78469053,2.79034493,14.97700175,0.78469053,71.73401256,8615.14176445,7.71574126,208.87041042,7.78191652,25.29312082,131.1234927,390.78205323,15847.0766448,3.599966,84.69047365,1308.76316823,42086.73406243,137.66943638,157.25580988,0.709,150.15820352,129.39904374,86.79869335,4035.62840628,465.47759507,899.98645792,1422.27495827,0.30733824,0.82553384,522.00381601,21960.24662531,89840.77701446,290.60653024,179.58442592,18.05803926,4.879976,9.93205497,18.30627241,4687.06609505,58.14022044,2098.67023442,3434.96765612,8.01537401,39.84697647,46.63704244,15.43497956,1736.99293911,20.22374194,4.42777553,63.90576381,18.05803926,1606.24559641,36.77987915,11.06868333,135.5682757,1.70407537,0.38501313,1.0,3.74913763,4.01068392,57.7925485,277.74325479,4.0376727,7810.68350237,3.64,4.70979956,110.67220495,101.00138406,1385.8577693,3.75,8.38223505,13.70783484,601.48413881,10.87364053,1.34064848,0.78469053,22.75001811,570.88631834,35.51610468,,23.45269041,13001.86415302,18.05803926,34.17711089,10.93176326,3.50695197,3.14730649,2.38581714,34.78457493,6.77512211,32.43000075,2624.44416583,41.61353293,3672.27963144,41.49827909,12857.03124631,48.2665491,25434.62253483,121.01905725,2.78123728,620.63679342,2.70517792,620.63679342,112.90628785,250.03083378,18.05803926,27.11835619,25.47558363
2024-12-07,3.6725,68.87065576,93.37449655,401.20646542,1.7876674,912.40994694,1012.05663135,1.56450932,1.79,1.70000004,1.8506175,2.0,119.56238588,1.8506175,0.376,2902.6680156,1.0,1.34234633,6.91499463,6.09001933,1.0,84.66937879,13.64256228,3.27537768,2.02396122,1.41563732,2846.29432522,0.87968558,975.23521313,7.27036053,4409.04837888,507.71826019,24.00187435,104.33810305,23.74379039,178.41248081,7.05740956,60.35181813,133.43321248,49.94551962,15.0,125.06216889,0.9462057,2.28440169,0.78492937,0.78492937,2.82640669,14.87238742,0.78492937,71.06618741,8621.36621956,7.71897102,209.27762004,7.77891086,25.27582505,131.26250647,391.55399907,15859.01712795,3.58231576,84.66937879,1310.29207384,42090.02704921,137.84882274,157.0719668,0.709,149.89946656,129.7409312,86.7999825,4034.91543955,465.50269153,900.14859682,1425.23237975,0.30733525,0.82003264,508.09986572,21907.93191522,89543.44046201,290.37586786,179.56503396,18.02444858,4.87866396,10.00528816,18.31141412,4688.66549245,58.17552009,2098.83225718,3423.49079233,8.01227818,39.7130171,46.57027642,15.43966258,1736.67576511,20.18760742,4.41901241,63.62641889,18.02444858,1579.80480332,36.77498309,11.15603161,135.5345081,1.71530017,0.38496241,1.0,3.72547693,3.96893178,57.89487366,277.96236225,4.03896991,7814.82792811,3.64,4.70366026,110.67855227,100.4619593,1381.11646341,3.75,8.38216548,14.12220703,601.3070394,10.93877088,1.34234633,0.78492937,22.78576983,570.88638568,35.37982647,,23.21098125,13002.51280248,18.02444858,34.06284362,10.90214738,3.49588666,3.14815711,2.37032709,34.74148262,6.77405874,32.41204537,2623.01664297,41.68127865,3685.64930967,43.08712493,12835.68753896,48.72901862,25381.45959043,121.99856166,2.78100883,620.67025537,2.70245218,620.67025537,112.91237525,250.36320734,18.02444858,27.0458675,25.47381173
2024-12-08,3.6725,68.8798314,93.08929504,401.3777972,1.78750802,912.39283416,1012.51645155,1.56490842,1.79,1.70000005,1.8496807,2.0,119.50291348,1.8496807,0.376,2905.76562171,1.0,1.3423652,6.92513918,6.08716375,1.0,84.69377001,13.60614353,3.27652199,2.01531324,1.41576712,2844.2784098,0.88098113,975.82037933,7.26434354,4405.90435333,505.4682702,23.90064352,104.28528589,23.75341566,178.40743252,7.0581843,60.52939158,134.0476529,49.97665945,15.0,125.07853097,0.94572672,2.28439783,0.78463258,0.78463258,2.77530003,14.7826599,0.78463258,70.9951048,8616.62684769,7.70449722,208.76901168,7.77935549,25.25569903,132.90877925,391.47894011,15853.14127181,3.58092524,84.69377001,1310.41888561,42002.66770997,137.70236654,156.13201066,0.709,150.00856752,129.51960031,86.80000303,4017.97187082,465.26704868,900.00035498,1420.51592222,0.3079968,0.82000558,508.86946993,21764.1289333,89552.15766456,290.19076739,179.24403661,18.02837939,4.87621739,9.96303668,18.26042198,4693.71546789,58.03138503,2100.14911554,3423.4496136,8.01273616,39.79677275,46.49423209,15.46037483,1733.28692706,20.19350293,4.41743364,63.66367623,18.02837939,1587.61870553,36.62442208,11.15680698,135.57355234,1.71529377,0.38504688,1.0,3.72522126,3.96827689,57.74196307,277.87256611,4.03593457,7864.96796332,3.64,4.7032639,110.6294763,100.29460358,1371.46040375,3.75,8.38220135,14.97453513,598.87692304,10.93262974,1.3423652,0.78463258,22.78485166,570.84244846,35.20084598,,23.15904881,13001.99391809,18.02837939,34.07443032,10.90849573,3.49795779,3.13147473,2.3702119,34.76946389,6.73811556,32.43879895,2612.38639729,41.70392501,3669.03812012,43.50580301,12837.09206291,48.72790902,25380.06740774,121.99407602,2.78089208,620.35606491,2.70000046,620.35606491,112.8552177,249.79334762,18.02837939,27.29269598,25.47381173
2024-12-09,3.6725,68.8610091,92.86826936,400.55677636,1.79825433,922.85548264,1015.01535208,1.56307666,1.79,1.69999619,1.85332548,2.0,119.55942938,1.85332548,0.376,2953.82162486,1.0,1.34248345,6.91434245,6.09072206,1.0,84.6931522,13.61087149,3.2699704,2.02232253,1.41503542,2859.49502898,0.87920864,975.11865639,7.27723503,4433.95403294,507.55267065,24.02200417,104.49077917,23.78044672,178.1182672,7.06684605,60.4592182,133.38165209,50.08697573,15.0,125.07706513,0.94759027,2.30229545,0.78497621,0.78497621,2.79333319,14.85767679,0.78497621,71.51289116,8618.95238343,7.71526031,208.94527868,7.78004385,25.29649392,131.15720064,392.32155947,15851.80005212,3.58342683,84.6931522,1310.00586263,42061.88741962,138.06865658,157.1765191,0.709,149.96544567,129.38329817,86.79980073,4047.28054013,466.18385347,899.98432425,1431.32738783,0.30734716,0.82692301,508.12918616,21925.66773448,89775.65261076,290.46910494,179.19096653,18.02661108,4.88286256,9.9669349,18.35788641,4693.53498858,58.18314979,2098.78973884,3434.47544674,8.01344517,39.70439731,46.58793439,15.4357603,1735.78752772,20.19222673,4.43241675,63.90760975,18.02661108,1563.7355301,36.8168861,11.16630305,135.57256338,1.71437441,0.38498119,1.0,3.75974679,3.98273242,57.98165799,278.1652154,4.04604414,7834.27599141,3.64,4.70524179,110.67614689,100.10283272,1382.38957205,3.75,8.35320975,14.09756615,601.46877867,10.942795,1.34248345,0.78497621,22.74907149,570.58526734,35.51762268,,23.34826022,13001.99951923,18.02661108,34.01920391,10.90297829,3.50997219,3.14415787,2.38830225,34.80570148,6.7867735,32.44971111,2624.90609316,41.51908928,3666.18632247,43.40889611,12861.96185197,48.72906832,25449.02724224,121.60669136,2.78564464,621.5784713,2.70639718,621.5784713,113.07759795,249.92749281,18.02661108,27.26949078,25.47305351
2024-12-10,3.6725,69.11948725,92.97987073,395.79417651,1.7991056,922.88541985,1015.74639501,1.55657594,1.79,1.70045097,1.85353856,2.0,119.68460901,1.85353856,0.376,2953.61266369,1.0,1.34050911,6.92032187,6.07931446,1.0,84.84180847,13.58076915,3.27073753,2.02114424,1.41787282,2858.30989911,0.87884818,969.65053066,7.26050883,4414.61726124,506.65948832,24.03224362,104.50279251,23.78152522,178.16868084,7.06736654,60.62594484,133.38464693,50.50006991,15.0,127.04795229,0.94769922,2.3035508,0.78461448,0.78461448,2.79369976,14.8077494,0.78461448,71.82770177,8621.26697228,7.71283274,209.03906375,7.77365631,25.35541359,131.40742278,390.52795682,15863.55381261,3.56614178,84.84180847,1310.94343375,42077.7351829,138.27301959,157.00958256,0.709,151.36025143,129.4536813,86.80225716,4030.39459864,466.23745079,899.98008277,1428.93780502,0.30739728,0.82520466,509.13378836,21910.17143675,89845.29274081,290.85342066,179.33383464,17.809558,4.88426675,10.01248153,18.34140636,4699.08202052,58.27905696,2098.58599104,3433.45161608,8.006866,39.75474041,46.59312429,15.42864013,1737.11081915,20.24392919,4.43149691,63.89586885,17.809558,1560.81523743,36.83999045,11.13421867,135.81052491,1.71044048,0.38497035,1.0,3.74137447,3.98832499,57.953644,278.42537665,4.03701716,7835.33846129,3.64,4.71235959,110.85123031,99.91099679,1382.2026408,3.75,8.35754225,13.78311996,600.97988898,10.91853774,1.34050911,0.78461448,22.74577913,571.60155518,35.5053519,,23.29112942,13002.29914229,17.809558,33.78005666,10.90623224,3.50724031,3.14549831,2.38600076,34.83640064,6.78898446,32.46577481,2613.91939665,41.56241601,3667.77990842,43.55270516,12871.7248439,48.80672589,25379.73962636,121.75626624,2.78158841,621.64993438,2.70486085,621.64993438,113.09059852,249.95494736,17.809558,27.33462049,25.47010386
2024-12-11,3.6725,69.04073398,93.10491972,394.85000802,1.79865334,922.26722303,1016.21761237,1.56723331,1.79,1.70002538,1.85676236,2.0,119.6453671,1.85676236,0.376,2951.82040677,1.0,1.34121963,6.91341271,6.04266036,1.0,84.88478994,13.56957828,3.27060886,2.02044735,1.41666115,2858.26510395,0.88307889,975.18662493,7.2434884,4399.58502099,506.11735529,24.02672548,104.68455081,23.82218412,177.91184595,7.08005573,60.58104054,133.69796377,50.452645,15.0,127.0562349,0.94934752,2.30616557,0.78264446,0.78264446,2.8060537,14.73248865,0.78264446,72.24139696,8629.15372049,7.71025061,208.98732559,7.77483932,25.36019222,131.37256231,389.45483524,15887.8082625,3.58886821,84.88478994,1310.87613346,42068.83458158,138.51142567,157.16026615,0.709,151.77100667,129.36941561,86.80120647,4030.85590628,467.04836239,900.01846006,1430.49934289,0.30754256,0.82708357,511.03714618,21880.14811223,89675.71634561,290.54462902,179.41754511,17.78735526,4.87921105,9.99871873,18.34868522,4692.19424944,58.45521782,2098.67152121,3432.52814175,8.0080845,39.83746968,46.58116618,15.43904508,1735.44706401,20.16097861,4.42397326,63.89737402,17.78735526,1552.20226472,36.81868515,11.14866643,135.8793275,1.72413987,0.3850169,1.0,3.73543207,4.03207394,58.18306775,278.02980148,4.04247517,7825.91231405,3.64,4.71876513,111.02744272,102.92123663,1383.96887552,3.75,8.35901045,14.71844331,601.14821531,10.96200521,1.34121963,0.78264446,22.74949102,571.51234287,35.45779169,,23.4066669,13001.94164123,17.78735526,33.68409511,10.90407579,3.50726424,3.1514106,2.39026029,34.86904296,6.78943949,32.49574542,2593.80469031,41.61693721,3662.41481997,43.75058324,12847.93802374,49.04348327,25358.46413163,121.70680956,2.78824439,622.73114985,2.70630957,622.73114985,113.28729331,250.0741924,17.78735526,27.56835496,25.47253425
2024-12-12,3.6725,69.29312544,93.0457308,394.76246708,1.79764723,921.56635098,1016.9319901,1.5607676,1.79,1.69991551,1.86162483,2.0,119.58881129,1.86162483,0.376,2947.16194617,1.0,1.34244792,6.91746239,5.95420069,1.0,84.83476781,13.57029769,3.27061166,2.01561737,1.4146963,2857.4186928,0.88350883,975.16423603,7.25948302,4386.49344138,506.56806916,24.00623024,104.95869795,23.88088845,178.08382831,7.09819058,60.58841454,133.83831191,50.64536335,15.0,127.04862939,0.95183366,2.31487363,0.78325953,0.78325953,2.80694539,14.71740072,0.78325953,72.23903453,8629.33101069,7.70884011,208.94206584,7.77489442,25.35020736,131.49110147,390.26317415,15931.81294557,3.5808867,84.83476781,1309.48646871,42073.33690047,138.88353169,156.93887805,0.709,152.07366229,129.42681344,86.79506696,4028.31783772,468.27146527,900.0392258,1431.95890179,0.3075294,0.82456165,517.44081829,21870.1794794,89421.19902001,290.09837118,179.49967831,17.68466209,4.87927184,9.98133713,18.32949432,4692.6226795,58.57625398,2098.82912936,3431.22747467,8.00814126,39.75212013,46.66201387,15.43534188,1734.12380119,20.1250951,4.42918794,63.85197857,17.68466209,1545.89266858,36.79398061,11.13176159,135.79925457,1.72294633,0.3849871,1.0,3.73877127,3.99246138,58.334555,278.21701727,4.06310271,7830.82027983,3.64,4.72804976,111.3047909,105.78639213,1386.56253741,3.75,8.36413521,14.65127626,601.01375511,10.95763173,1.34244792,0.78325953,22.78829189,570.89674351,35.42602742,,23.40325231,13001.86955665,17.68466209,33.87992743,10.91928408,3.508536,3.15737783,2.39074686,34.88038593,6.79131028,32.50995061,2614.56207015,41.6201822,3660.16652443,44.05277563,12847.47947703,49.37321949,25372.03199102,122.00429689,2.79038998,624.36195369,2.70563616,624.36195369,113.58396926,249.87456392,17.68466209,27.53302442,25.4692353
2024-12-13,3.6725,69.76144653,93.09051326,394.81961154,1.80013053,922.62160652,1018.24876059,1.57147948,1.79,1.69997427,1.86858448,2.0,119.6134863,1.86858448,0.376,2950.92958956,1.0,1.34736093,6.91421522,5.99803289,1.0,84.87005925,13.54193996,3.27047827,2.01974693,1.42356175,2859.62437436,0.89243315,977.08889893,7.27500682,4387.22395976,505.63968126,24.00109666,105.3510842,23.93678802,178.05370243,7.12561152,60.56069985,133.82852231,50.82314385,15.0,127.05629084,0.95539208,2.31778196,0.78936717,0.78936717,2.83932567,14.68706289,0.78936717,72.27619209,8628.7875101,7.70569046,208.90498812,7.77578591,25.35987749,131.25052009,391.10435127,15963.31003059,3.57669395,84.87005925,1310.33447815,42075.24492824,139.57479228,156.90169372,0.709,152.72886021,129.50010993,86.80151183,4028.76717844,470.0220899,899.96903338,1432.78585574,0.30774328,0.82681249,516.78600689,21920.79000991,89630.92869196,290.3928389,179.57468928,17.80019892,4.87987879,10.0190243,18.34197351,4725.83591869,58.72993661,2099.03635863,3432.96859946,8.00905948,39.7372519,46.94868053,15.43934292,1734.1160446,20.22494831,4.45005708,63.89245206,17.80019892,1547.00216934,36.80840072,11.1781503,135.85574734,1.73510572,0.38498358,1.0,3.73536798,4.00781175,58.32404122,278.15774781,4.08589807,7828.53321344,3.64,4.74943234,111.73315225,104.97167834,1389.80761093,3.75,8.36237749,14.17241013,601.20610912,11.02352908,1.34736093,0.78936717,22.74418907,570.13079859,35.46130942,,23.47241172,13001.83734844,17.80019892,33.97431632,10.91005625,3.5098213,3.16385451,2.39210774,34.95534436,6.78928361,32.52604298,2610.0288578,41.63222751,3659.01530491,44.45238955,12883.72905864,49.83040982,25400.96538052,121.82853974,2.7910028,626.69611987,2.7061885,626.69611987,114.00860093,250.07303842,17.80019892,27.51894999,25.46914859
2024-12-14,3.6725,69.98205635,93.43476949,394.00803416,1.78797229,912.45943757,1017.55121746,1.57194773,1.79,1.70000004,1.86224832,2.0,119.49173174,1.86224832,0.376,2946.23410116,1.0,1.3486541,6.91510105,6.04259059,1.0,84.81908024,13.55945137,3.27466817,2.01470842,1.42361057,2813.33262742,0.8927568,981.34215682,7.27548665,4339.32208135,504.0389091,24.01285253,104.99385059,23.81611392,178.39531421,7.09999992,60.65797939,133.84577249,50.80119593,15.0,127.05617488,0.95215245,2.31826826,0.79232829,0.79232829,2.84845861,14.70853661,0.79232829,71.98974505,8641.48578484,7.71414109,209.26747242,7.77559281,25.37354308,131.14056897,389.24604142,16036.83695586,3.60419399,84.81908024,1309.12995993,42121.27259738,138.719834,156.71766019,0.709,153.66388576,129.31284609,86.94728933,4031.1437439,468.42829815,900.01711853,1435.41976181,0.30793902,0.82000744,524.11347475,21932.09841781,89572.837831,290.07080629,179.66644211,17.86898981,4.88563941,9.98073924,18.30691414,4694.24243806,58.62015834,2098.96036749,3422.45221781,8.0088606,39.73211972,47.04435516,15.4000805,1735.33224235,20.1301882,4.45088108,63.62773918,17.86898981,1547.80378129,36.82965951,11.14232465,135.77414269,1.73545156,0.38498307,1.0,3.72720355,3.98617604,58.68418374,278.36624092,4.06047752,7824.55742118,3.64,4.7365759,111.36940292,104.46301894,1391.80555948,3.75,8.37170666,15.0685717,601.39627013,10.97738248,1.3486541,0.79232829,22.80476696,571.83947052,35.21506653,,23.16538769,13001.8552347,17.86898981,34.12928464,10.91958222,3.50679586,3.16864978,2.37934432,34.95663861,6.79315705,32.51383541,2624.98871091,41.7046856,3663.51023075,43.52220947,12879.93756494,50.26936752,25428.13459278,123.1448428,2.80104097,624.5710642,2.70247771,624.5710642,113.62201066,250.36689435,17.86898981,27.31671459,25.47489644
2024-12-15,3.6725,70.01842988,93.55064592,394.00581975,1.78750059,912.39788562,1017.50193354,1.57272089,1.79,1.70000005,1.86219457,2.0,119.99322587,1.86219457,0.376,2905.48196333,1.0,1.34850833,6.93492793,6.04535605,1.0,84.79066226,13.55861831,3.27499842,2.01519735,1.42356373,2806.94995119,0.89281739,986.28663105,7.27548639,4320.14735974,506.64502793,23.99150124,104.99081985,23.80546827,178.4145686,7.10113011,60.66060157,134.22908837,50.81650283,15.0,127.05587825,0.95212496,2.31826175,0.79224372,0.79224372,2.8448,14.6526798,0.79224372,71.9868392,8625.84499056,7.69938268,208.98320841,7.7753716,25.3717864,132.76343138,389.00524902,15992.72537534,3.60371347,84.79066226,1310.30800412,42002.59611187,138.71376507,156.17934493,0.709,153.75971272,129.571128,86.95769439,4015.03209417,468.41477657,900.0,1434.65893808,0.30849958,0.82000411,524.74757782,21781.06497633,89549.99571483,290.12367982,181.02851436,17.86704358,4.88259991,9.97024484,18.21000175,4697.62788868,58.66999678,2099.76009941,3422.40195799,8.00863275,39.92007931,47.12045853,15.45999838,1733.38778079,20.11918619,4.45018901,63.62796747,17.86704358,1533.92120192,36.62431623,11.14274888,135.72865261,1.73565139,0.38500017,1.0,3.73876854,3.98567589,58.67822291,278.00472044,4.05911634,7861.88755175,3.64,4.73484662,111.72723901,104.49732951,1373.43822889,3.75,8.37170666,15.08640555,598.91254429,10.97884739,1.34850833,0.79224372,22.80500846,571.38418551,34.96000615,,23.35042287,13001.85513347,17.86704358,34.05892879,10.92101627,3.50496569,3.15736688,2.3792765,34.94150245,6.79726118,32.54415465,2624.98871091,41.77592298,3651.61702312,44.34449721,12879.99999999,50.27356937,25405.10611693,123.15135269,2.80111026,624.55303543,2.70000005,624.55303543,113.61873086,249.6847649,17.86704358,27.71809263,25.47489644
2024-12-16,3.6725,69.98016352,93.12948649,393.99214793,1.79916998,921.08661796,1015.347676,1.56954729,1.79,1.69999047,1.85937711,2.0,119.35585235,1.85937711,0.376,2953.72958859,1.0,1.3484023,6.89609092,6.04665482,1.0,84.8300677,13.5910924,3.26993593,2.01356299,1.42211487,2844.99995327,0.89133669,979.95842521,7.27484917,4390.62475119,505.40701814,23.94237726,104.83197108,23.78827695,177.93833852,7.09030318,60.67130271,133.94973164,50.7543879,15.0,126.821096,0.95068442,2.31968103,0.79146915,0.79146915,2.80986052,14.68984788,0.79146915,72.24700884,8631.36557456,7.69708325,208.43661054,7.77554809,25.34519849,130.55787343,388.86825234,16029.32650792,3.60108165,84.8300677,1308.08291722,42126.51478206,138.51982766,156.42446405,0.709,153.83572242,129.01544943,86.79966227,4017.93169897,467.70607546,900.00870162,1436.66905771,0.30789381,0.82580998,523.74398676,21891.61320699,89177.18077466,289.88429566,179.67540532,17.84666515,4.87455363,9.97466242,18.24592577,4721.38289844,58.56404564,2098.44692649,3436.49129753,8.00881453,39.64363671,47.03568729,15.44108415,1731.26089519,20.11788004,4.45132785,63.90050501,17.84666515,1541.22984776,36.7708676,11.13496449,135.79173087,1.73254897,0.38492303,1.0,3.74629726,4.00253704,58.68141574,277.68217333,4.05207372,7814.04357658,3.64,4.72387894,111.19031657,103.13787499,1370.21002961,3.75,8.36432672,15.02365101,601.4816104,10.96804211,1.3484023,0.79146915,22.74941125,569.96759066,35.51873106,,23.39900326,13001.82466418,17.84666515,34.14307999,10.91932149,3.50669703,3.16008609,2.39434851,34.96990851,6.78395338,32.52318064,2625.16399916,41.58281854,3647.98085247,44.3319959,12844.84421975,50.26836359,25445.55708516,121.5870142,2.79431871,623.60810062,2.7057348,623.60810062,113.44682826,250.0222086,17.84666515,27.66735473,25.47496775
2024-12-17,3.6725,69.97465773,93.04354076,391.54301487,1.79815137,922.32596556,1021.27307098,1.56930551,1.79,1.6999791,1.8589793,2.0,119.40473461,1.8589793,0.376,2953.67238335,1.0,1.34933998,6.89363519,6.15079888,1.0,84.8895956,13.57841345,3.26999966,2.02050676,1.42411112,2844.98987947,0.89334151,984.02868938,7.28594996,4402.5721005,506.08307544,23.95045902,104.80954267,23.80079832,177.93994996,7.08991599,60.65662854,133.8628841,50.80457951,15.0,126.80991402,0.95048103,2.3061756,0.7880876,0.7880876,2.80987849,14.68914661,0.7880876,72.24760314,8631.11943446,7.69694895,208.41055309,7.7744901,25.35062652,130.53443023,388.50993832,16030.41241802,3.58763456,84.8895956,1308.006869,42183.95445832,137.92031922,156.388477,0.709,154.13165909,129.14394648,86.8000856,4017.36596975,467.60601146,899.9865332,1436.09085202,0.30776834,0.82695313,524.41153365,21925.74458006,89521.89543404,290.2750252,179.65000412,17.85073405,4.8754028,9.97986563,18.24677985,4722.93725093,58.5302872,2099.3417734,3435.35834296,8.00772481,39.6527715,46.69203388,15.43933113,1730.84820038,20.11339303,4.44782166,63.90753212,17.85073405,1549.3821266,36.76976974,11.14628932,135.88702015,1.73043365,0.38500116,1.0,3.75039324,3.99037334,58.78049015,277.73257505,4.04573259,7803.8080644,3.64,4.72964695,111.15133577,103.59975399,1370.36080607,3.75,8.38842879,14.08501337,601.45794829,10.88229738,1.34933998,0.7880876,22.74990233,569.06445815,35.51671701,,23.39624503,13001.8592794,17.85073405,34.07167396,10.89273716,3.50829295,3.16845771,2.39385387,34.97371481,6.78341923,32.47306075,2333.89134629,41.56220305,3645.6430486,44.57533206,12830.14812227,50.30732286,25453.75926632,121.89973146,2.79014595,623.47468194,2.7062883,623.47468194,113.42255672,249.87461346,17.85073405,27.74226871,25.47294171
2024-12-18,3.6725,70.1410569,93.72155035,392.90584601,1.79822134,925.549565,1021.75764011,1.58145968,1.79,1.69999463,1.86442434,2.0,119.4577051,1.86442434,0.376,2953.74899406,1.0,1.35122455,6.90087029,6.15396535,1.0,84.93354134,13.63786779,3.27018631,2.01419789,1.43112396,2844.28645061,0.8934591,988.75950284,7.28506042,4366.93652173,506.16832693,23.96920021,105.11653459,23.95706425,177.95047147,7.11194635,60.65649372,133.85626799,50.89273511,15.0,126.82486463,0.95326503,2.30073234,0.78703824,0.78703824,2.79882645,14.69671843,0.78703824,72.24814645,8626.7531093,7.69799875,208.50317887,7.77073511,25.3618926,130.67059866,392.09016956,16119.9070436,3.58675866,84.93354134,1309.06804783,42214.73302659,138.13839204,156.36354128,0.709,153.88753636,129.21891005,86.80998238,4016.46356187,468.97565079,900.0168696,1437.92460082,0.30762871,0.82718695,522.83644493,21930.90182484,89612.03232035,291.06514982,180.64477274,18.05392464,4.88276814,9.99224131,18.26358994,4720.86361612,58.61849827,2098.89170453,3433.8164037,8.00385717,39.77573593,46.57153063,15.43898165,1732.05707436,20.16768905,4.46912127,63.8948614,18.05392464,1553.41643738,36.7797843,11.21339573,135.9573663,1.74373762,0.38499921,1.0,3.74819769,4.03584514,58.93283074,277.93762754,4.06180685,7809.60648772,3.64,4.74278255,111.54138957,103.72957223,1370.31744718,3.75,8.40267283,14.13757783,601.34011012,10.9516724,1.35122455,0.78703824,22.75360026,570.34177969,35.4891247,,23.43844501,13001.85513341,18.05392464,34.20860675,10.89144634,3.50883537,3.16725244,2.39313307,35.02190984,6.78973604,32.52726093,2526.51330619,41.64551303,3640.13910287,44.37735964,12846.50589396,50.47558055,25470.73523936,121.76932937,2.78672336,625.30086771,2.70637465,625.30086771,113.75477656,249.89240319,18.05392464,27.67900042,25.47676037
2024-12-19,3.6725,70.14049503,93.21734639,392.68161072,1.79879155,926.10684038,1022.24272661,1.60618316,1.79,1.69998904,1.88497578,2.0,119.43054355,1.88497578,0.376,2954.0944408,1.0,1.36119233,6.90073071,6.28984346,1.0,85.0639543,13.5968378,3.27004073,2.01368237,1.44339022,2844.87982878,0.89986925,994.41035527,7.29753365,4413.15309057,505.22291323,23.95324187,106.27522782,24.21759735,177.92427368,7.19078244,60.65121228,134.24599575,50.86926729,15.0,126.82127801,0.96377281,2.33394031,0.79436825,0.79436825,2.79956701,14.69107323,0.79436825,72.22333713,8634.73051916,7.69775273,208.50695665,7.77287076,25.36074622,130.59916372,398.21172898,16233.68806014,3.59864411,85.0639543,1308.99308834,42083.72349153,139.46980224,156.36866045,0.709,154.69815734,129.24813318,86.80281569,4015.79650589,474.1451411,900.0246045,1449.62238518,0.3080665,0.82533116,523.02104081,21827.43767269,89671.68806977,290.76381092,180.59080676,18.27339326,4.88242262,10.05277605,18.26215131,4719.11957095,58.68355071,2098.60487712,3435.09563058,8.00605689,39.68160439,46.56818732,15.4371436,1731.8535834,20.37119364,4.5027791,63.9066339,18.27339326,1555.06570417,36.7767724,11.35699608,136.16612484,1.77753145,0.38498753,1.0,3.73937949,4.04497672,59.00492062,277.84488443,4.1129742,7815.26710562,3.64,4.79509201,112.76593503,104.67327206,1370.0986968,3.75,8.38826939,14.14925823,601.37567392,11.10815142,1.36119233,0.79436825,22.7506913,570.1411432,35.50903351,,23.56717677,13001.75523868,18.27339326,34.53925842,10.89038784,3.50808602,3.18523812,2.4010102,35.05955067,6.78862999,32.63128514,2361.196653,41.71536053,3640.30141878,44.58683667,12850.97616694,50.89090898,25454.8344945,121.65086108,2.80449004,632.19352147,2.7052727,632.19352147,115.00868861,250.05734291,18.27339326,27.65878915,25.47479653
2024-12-20,3.6725,70.14088414,93.22038481,396.9148881,1.79946342,925.03396253,1022.02900144,1.60430386,1.79,1.6999841,1.88659368,2.0,119.43966135,1.88659368,0.376,2954.87608567,1.0,1.36095584,6.90155281,6.15396723,1.0,85.09771351,13.64382884,3.26988952,2.01306261,1.44130186,2844.99649823,0.89794233,991.61017789,7.29505054,4408.55402682,505.43060742,23.97123378,106.36644524,24.24589169,177.94764303,7.1947279,60.6476655,134.33374768,50.91501083,15.0,126.8537901,0.96460003,2.33553079,0.80032245,0.80032245,2.80238765,14.692289,0.80032245,72.27420282,8635.15673428,7.69977552,208.53760535,7.77047085,25.36327268,130.59685858,400.20568024,16322.20254425,3.64548016,85.09771351,1308.75840298,42327.92900922,139.38993978,156.36628107,0.709,157.26196561,129.51090875,86.80004252,4017.12678291,474.55210612,900.01133035,1449.00748828,0.30823943,0.82727206,524.12733338,21887.72409274,89340.82431657,291.6306518,180.55719663,18.40595703,4.88381951,10.06448665,18.26164926,4692.26630406,59.36363163,2098.64530507,3434.82253448,8.00358498,39.70110503,47.04507393,15.43879513,1731.98196182,20.32903235,4.50783438,63.90600345,18.40595703,1551.89617115,36.78157183,11.4564365,136.2201649,1.77667014,0.38500397,1.0,3.74353481,3.99528704,58.92792335,277.94595121,4.10744661,7810.12521381,3.64,4.79999002,112.86584475,103.49817866,1374.72042685,3.75,8.3966063,14.19001315,601.48294591,11.0356765,1.36095584,0.80032245,22.74876455,571.57772757,35.51606151,,23.62239638,13001.90722232,18.40595703,34.59424403,10.88972603,3.50775186,3.1932114,2.40366137,35.16039445,6.78386121,32.68489881,2380.40640231,41.57027164,3646.8920812,44.6020282,12866.56545744,51.28616486,25483.67079439,121.59690264,2.8053557,632.7361415,2.70644915,632.7361415,115.10740208,250.05409443,18.40595703,27.68400044,25.47627918
2024-12-21,3.6725,70.17653499,93.49109031,394.14884103,1.79158113,918.39763198,1021.70543668,1.59999985,1.79,1.70000004,1.87534775,2.0,119.4800969,1.87534775,0.376,2954.44954089,1.0,1.35554987,6.90923338,6.08599976,1.0,84.94676557,13.58582069,3.27447461,2.01459906,1.4373995,2827.77836437,0.89368499,989.15423006,7.29609198,4379.43990393,503.38025225,23.98883049,105.7323982,24.09298567,178.3764329,7.15155003,60.7307484,134.85335701,50.88313727,15.0,126.86336772,0.95885008,2.31479863,0.79569976,0.79569976,2.80913305,14.69999595,0.79569976,71.99245861,8633.67302045,7.69720355,209.11222643,7.77924918,25.36230822,130.70929623,396.93582521,16166.99159402,3.65439818,84.94676557,1309.04481906,42090.05849569,139.12999988,156.43360919,0.709,156.26424327,129.15931046,86.98387003,4018.34707259,471.72331588,899.99623852,1446.34325255,0.30792488,0.820169,524.90006438,21895.54975047,89377.36911072,293.52011192,181.08125876,18.31992267,4.88403432,9.96891774,18.2615663,4691.60453126,58.97840011,2098.74335007,3422.38228984,8.01262665,39.71212905,47.19877938,15.39922573,1733.34156369,20.08094566,4.50869835,63.64959864,18.31992267,1549.53617897,36.78523157,11.32229756,135.97853499,1.7685656,0.38498005,1.0,3.73080189,4.00470722,58.85837333,278.08878764,4.08694837,7811.30167737,3.64,4.77139863,112.16429635,102.94566792,1377.2604968,3.75,8.37170803,13.9062392,601.48421089,11.03194954,1.35554987,0.79569976,22.76996578,571.73953594,35.20384927,,23.16134846,13001.8782986,18.31992267,34.21996219,10.93635807,3.50594182,3.164776,2.401479,35.18100001,6.78465039,32.63249767,2388.66854505,41.59245826,3639.96612981,44.36889547,12888.82657834,51.47529131,25455.48150887,123.34005684,2.83259961,628.96442118,2.70254884,628.96442118,114.42125046,250.37415866,18.31992267,27.67757129,25.47600904
2024-12-22,3.6725,70.29009098,94.15743651,393.49040467,1.78750082,918.16039649,1022.00326629,1.59987652,1.79,1.70000005,1.87573376,2.0,120.00487607,1.87573376,0.376,2906.48520235,1.0,1.35565291,6.92512457,6.08610406,1.0,84.96025917,13.58580611,3.27499538,2.01950576,1.43629271,2821.65991228,0.89369734,989.12938271,7.29608318,4376.82980109,508.39036694,23.97192409,105.7541614,24.08734747,178.40728925,7.15373886,60.66905563,135.22442092,50.91442021,15.0,126.86350499,0.95904744,2.31479666,0.79577943,0.79577943,2.80819988,14.66273845,0.79577943,71.98842333,8628.14918717,7.70347212,208.98436497,7.77506731,25.37226386,132.90865975,396.90238561,16220.92824606,3.65036755,84.96025917,1310.41888559,42002.63071354,139.27364974,155.64137906,0.709,156.46776982,129.56812812,86.99998003,4015.72364811,471.82041205,900.0,1445.34394865,0.30869943,0.82000421,524.46996995,21753.16836998,90474.18132282,293.51997478,182.08756585,18.32545316,4.91249566,10.04117874,18.34998395,4713.87359068,59.10997877,2100.14895979,3421.00253388,8.00831933,40.04002755,47.16062312,15.45998998,1733.28494535,20.07688642,4.50838519,63.74252757,18.32545316,1536.36454675,36.62431871,11.29388576,136.00013487,1.76854449,0.38500024,1.0,3.72316375,4.0040015,58.75427981,278.31287828,4.08635237,7818.61845074,3.64,4.77125261,112.8946122,102.96973212,1375.39562841,3.75,8.37170803,14.95370828,598.96294082,11.03493426,1.35565291,0.79577943,22.77015349,572.59068406,35.06502166,,23.59919838,13001.98298152,18.32545316,34.31942159,10.93238717,3.50320049,3.17902974,2.4015118,35.19281071,6.80921996,32.64111032,2418.20514105,42.00272296,3648.45688247,44.65927709,12876.4015565,51.47524962,25449.88140987,123.35012921,2.83288765,629.09388274,2.70000005,629.09388274,114.44480212,249.77318506,18.32545316,27.74792419,25.47600904
2024-12-23,3.6725,70.17137132,92.86869559,395.04728295,1.79853941,925.51206673,1018.17598469,1.59908168,1.79,1.69998151,1.87465635,2.0,119.46716241,1.87465635,0.376,2954.91174685,1.0,1.35448471,6.89852709,6.08078873,1.0,84.99313062,13.69503407,3.27003522,2.01395421,1.43601053,2844.99989064,0.8933523,989.08229682,7.29384721,4411.58991152,505.22528673,23.98040069,105.69341706,24.07493327,178.03123336,7.14861602,60.73351658,134.75802859,50.88863826,15.0,126.86241731,0.95849657,2.33245504,0.79503357,0.79503357,2.80629576,14.69667616,0.79503357,72.27535937,8637.24386583,7.70013973,208.55343835,7.77164342,25.37678806,130.6235136,396.82286415,16193.14427837,3.64769391,84.99313062,1309.49700121,42092.95921985,139.08839673,156.4262067,0.709,156.53378958,128.99510026,86.80199595,4018.6419126,471.54940221,900.02952536,1447.51274804,0.30796021,0.82695631,524.36082006,21931.91046408,89647.45876041,292.82220602,180.90914488,18.30314619,4.89587362,10.03784321,18.35445593,4693.71521404,58.96383142,2098.98024553,3434.03877737,8.00479272,39.70842925,47.19826133,15.43938034,1733.28525894,20.07325261,4.49944905,63.90763591,18.30314619,1548.05937483,36.79393117,11.31755818,136.05275384,1.76978832,0.38496469,1.0,3.74997066,4.05201442,58.62180785,277.99367416,4.08152538,7805.97208094,3.64,4.7685435,112.15307244,103.35269491,1377.14014536,3.75,8.39827085,14.01806578,601.54116682,11.02225106,1.35448471,0.79503357,22.74965573,568.30647133,35.51888503,,23.5243658,13002.27919518,18.30314619,34.28160208,10.93656498,3.5084533,3.17953709,2.40319702,35.21016279,6.78917715,32.62668552,2392.94029884,41.67248454,3675.38315011,44.74365449,12829.84294153,51.47191074,25470.09587744,121.00003354,2.80502884,628.73253628,2.70633397,628.73253628,114.37906594,249.93837923,18.30314619,27.70803878,25.46967023
2024-12-24,3.6725,70.13173905,93.24537924,395.6058844,1.79812132,924.63703503,1025.7655363,1.60379048,1.79,1.69999866,1.88020082,2.0,119.49416012,1.88020082,0.376,2955.32009637,1.0,1.3570754,6.8942077,6.19430296,1.0,85.11988935,13.7833609,3.27000042,2.01255,1.43810049,2844.99738993,0.89874164,990.50770332,7.29843929,4433.75036724,506.32086457,23.95683016,106.00601491,24.15231945,177.93066314,7.17212032,60.73106976,134.83513427,51.08414429,15.0,126.8643467,0.96133141,2.3332534,0.79794275,0.79794275,2.80471348,14.69985386,0.79794275,72.27641388,8637.14419407,7.69693628,208.40518935,7.77007722,25.37489543,130.60602537,396.90972283,16186.27281712,3.66386172,85.11988935,1309.20850989,42125.70665663,139.49266374,156.18083821,0.709,157.19040508,129.35602058,86.80017273,4012.53329042,472.94405227,899.99813779,1452.47309962,0.30823741,0.82795962,521.73013251,21888.52582972,89279.17665765,295.4307355,180.76788488,18.56742156,4.8957347,10.05938168,18.35662988,4709.18629326,59.13847986,2098.38437689,3434.43762453,8.00317954,39.69190357,46.85910841,15.43887961,1733.39677743,20.19834512,4.48919305,63.90782882,18.56742156,1548.41504395,36.77085697,11.36299539,136.25566287,1.77258855,0.3850148,1.0,3.74837459,4.05246287,58.54833866,278.37157366,4.10084967,7814.05666473,3.64,4.78380402,112.47031914,101.22714492,1387.95316467,3.75,8.39824519,13.92185195,601.4270466,11.04602748,1.3570754,0.79794275,22.74955437,567.65960885,35.5174669,,23.56996079,13001.82158949,18.56742156,34.22959674,10.93739155,3.50635364,3.18881493,2.40339038,35.26565436,6.79098458,32.70787513,2404.77120139,41.70929015,3671.51758432,44.50973278,12830.70145305,51.57574486,25442.65353212,120.83097263,2.80482897,630.59206969,2.70618509,630.59206969,114.71735239,249.88761419,18.56742156,27.72193322,25.47728511
2024-12-25,3.6725,70.20345195,92.99758661,399.32722884,1.79774246,920.7160304,1024.13809794,1.6039822,1.79,1.69999329,1.87950043,2.0,119.45885636,1.87950043,0.376,2955.80982155,1.0,1.3594831,6.89747411,6.17501192,1.0,85.30741343,13.79310281,3.27009064,2.01428806,1.43621411,2844.99899667,0.90038037,990.65743994,7.29816599,4432.26662905,507.28764751,23.95542155,105.9665272,24.15444806,177.9216984,7.17080432,60.7448405,135.21953621,50.85973067,15.0,126.86153261,0.96097331,2.32008156,0.79727219,0.79727219,2.80421585,14.69296512,0.79727219,72.30875762,8641.55828067,7.69717842,208.45381145,7.7683291,25.38354922,130.64321602,395.49040945,16215.99414442,3.64668893,85.30741343,1308.42949227,42339.87629566,139.52780719,156.0410386,0.709,157.07753333,129.18596597,86.80182835,4012.29440977,472.7678785,900.10485786,1458.72154519,0.3081843,0.82707427,517.74337937,21842.05048388,89319.32454981,294.46979445,180.81184157,18.70624524,4.90200949,10.05619471,18.38129672,4711.4084783,59.19793382,2098.51061249,3434.59873714,8.00137898,39.72483953,47.06256362,15.4369066,1731.10680355,20.16377341,4.48745426,63.89287522,18.70624524,1542.10117982,36.77592859,11.35716195,136.55584205,1.77191423,0.38474773,1.0,3.75685276,3.97893918,58.53199945,278.05737712,4.09602608,7788.51945308,3.64,4.78158649,112.41909653,99.92638596,1386.68497832,3.75,8.40691496,13.95142698,601.40194078,11.0801148,1.3594831,0.79727219,22.75099854,568.82780052,35.50558328,,23.55354234,13001.86628691,18.70624524,34.12707445,10.93295597,3.50592703,3.18717248,2.39455353,35.20368557,6.78845981,32.69104722,2411.41715741,41.58501853,3661.95136147,44.04550952,12840.46696598,51.57573203,25547.42144608,120.8978208,2.7866126,630.35717133,2.70685835,630.35717133,114.67461966,249.73572014,18.70624524,27.75772399,25.47181564
2024-12-26,3.6725,70.12096895,93.52197595,399.82107685,1.79749952,921.00787935,1025.55802618,1.60196564,1.79,1.69997535,1.88067478,2.0,119.31165456,1.88067478,0.376,2954.41575353,1.0,1.35947989,6.89513076,6.73469658,1.0,85.27817051,13.79200073,3.2699506,2.01145468,1.43554991,2845.0,0.89971379,989.2520252,7.29796967,4418.48573936,505.73957,23.94502613,106.03273677,24.18009931,177.90186486,7.17430432,60.71228092,135.43234212,50.89625161,15.0,126.86274834,0.96157374,2.31869766,0.79729572,0.79729572,2.8044946,14.67279007,0.79729572,72.24955121,8636.02893739,7.69670465,208.30902996,7.76696762,25.37207991,130.50080957,395.01406,16201.11751897,3.65285761,85.27817051,1307.28920495,42086.07321008,139.52863516,155.83114362,0.709,157.44981294,129.06818647,86.80084574,4007.43560866,473.06327136,899.99444755,1464.05716558,0.30820179,0.82661575,520.67834908,21791.17094067,89633.18285467,293.74293671,181.32667252,18.71319891,4.90051772,10.06188801,18.38322793,4706.3115404,59.1795907,2098.62333051,3436.58945134,7.99997665,39.71789303,47.06919619,15.43461936,1729.97116678,20.15668157,4.46704128,63.90069949,18.71319891,1541.763222,36.75677638,11.36001779,136.50903144,1.76962667,0.38476516,1.0,3.74297176,4.00184762,58.07012166,278.03334185,4.09378982,7770.84463037,3.64,4.78278397,112.51104688,99.99909863,1390.4310586,3.75,8.39955064,14.01845159,601.43401716,11.07840258,1.35947989,0.79729572,22.74952217,569.73774357,35.51884123,,23.53598428,13001.92616017,18.71319891,34.215778,10.92258881,3.50956637,3.1885227,2.39429748,35.19034123,6.78527365,32.69769672,2421.32897628,41.66512201,3658.44565566,44.19850757,12865.13470384,51.5751047,25430.37076925,121.04901298,2.78433861,630.75102848,2.70585069,630.75102848,114.74627018,249.96956016,18.71319891,27.70541687,25.47193231
2024-12-27,3.6725,70.1330854,94.0462462,396.05822292,1.79893905,921.10318619,1023.87254995,1.60816114,1.79,1.69999663,1.87788601,2.0,119.31666232,1.87788601,0.376,2953.87979946,1.0,1.35945515,6.89495537,6.74228986,1.0,85.20276107,13.8159265,3.2700666,2.01047446,1.44142242,2844.99755046,0.89913251,989.23204252,7.29855235,4416.18891479,505.26482497,23.9450484,105.87550562,24.12915232,177.92928971,7.1626608,60.71568634,135.45930473,50.81306186,15.0,126.86266217,0.96014787,2.32406809,0.79838672,0.79838672,2.79501415,14.67178589,0.79838672,72.27467827,8644.46350865,7.69936917,208.31130041,7.76675743,25.36637822,130.50360005,394.73781393,16220.95144679,3.660319,85.20276107,1307.17502556,42238.74285817,139.32603062,155.83313826,0.709,157.77159125,129.05779234,86.80140205,4007.43182571,472.36178723,900.00858005,1477.58554226,0.30821277,0.82729238,518.61444971,21796.83269296,89497.30939045,293.25872778,181.33897147,18.86037349,4.90048878,10.05276385,18.38267526,4706.59960563,59.15173363,2098.72284423,3435.05822513,7.99976015,39.77231341,47.05038929,15.43891106,1730.27045724,20.22546969,4.46922507,63.90782039,18.86037349,1546.64075329,36.76351495,11.39742508,136.38831978,1.77897316,0.38490659,1.0,3.73803304,4.00908565,57.81717033,277.89945182,4.0952848,7785.15348269,3.64,4.77676427,112.36185853,99.99266205,1390.06600527,3.75,8.39840786,14.03563967,601.43007408,11.05535225,1.35945515,0.79838672,22.7504568,570.65174978,35.51227482,,23.54991558,13001.86058798,18.86037349,34.17895075,10.92241505,3.50836483,3.18747856,2.4047349,35.24717953,6.78643149,32.75664513,2419.60745729,41.70106061,3658.95791095,44.21664038,12871.67949852,51.70066593,25462.73957985,120.97865258,2.80743465,629.81571631,2.70645458,629.81571631,114.57611813,250.03657187,18.86037349,27.70065774,25.47615848
2024-12-28,3.6725,70.39363667,94.52103571,396.47974155,1.78946393,912.26863856,1028.50891825,1.60824975,1.79,1.70000004,1.87564799,2.0,119.52058888,1.87564799,0.376,2950.463295,1.0,1.35874953,6.90043464,6.19580265,1.0,85.37677666,13.79144144,3.27448931,2.01462781,1.44132477,2841.1332845,0.90230416,993.10607348,7.29809664,4406.71914468,502.97359504,23.95574983,105.74932602,24.17495676,178.36856186,7.1528494,60.72611708,135.57223527,50.85796259,15.0,126.86325402,0.95900359,2.32327611,0.7950994,0.7950994,2.80283392,14.67488033,0.7950994,71.99372247,8624.13496453,7.6878987,208.82147981,7.76409456,25.34755367,130.54094394,393.78419974,16190.02641554,3.68249346,85.37677666,1309.77786449,42086.95850133,138.62078099,155.82465072,0.709,157.89938767,129.40998039,86.97906222,4009.47994393,471.7988391,900.02285943,1473.69061632,0.30812621,0.8203224,523.47797135,21837.63420789,89387.54970776,292.52962917,181.32260363,18.68998983,4.90052309,10.04731638,18.39215066,4706.23954604,59.02369605,2099.00047803,3423.6488868,7.99701739,39.71083674,46.94976231,15.39923144,1730.78093626,20.32714577,4.47399429,63.595153,18.68998983,1548.75220282,36.72692609,11.3571998,136.66687524,1.77555533,0.38500523,1.0,3.7157147,4.03654411,57.87557298,277.90247662,4.096449,7781.87647509,3.64,4.7728008,112.16798949,105.72528636,1390.26609666,3.75,8.37174248,13.9219949,601.48268074,11.00804015,1.35874953,0.7950994,22.75982339,570.38778286,35.16689545,,23.16175511,13001.86413606,18.68998983,34.07045184,10.92567388,3.50925392,3.17956629,2.40372576,35.09462369,6.77729548,32.82504059,2419.18456834,41.8439639,3657.84577369,44.50777016,12889.02518687,51.70123217,25459.39571746,124.48852079,2.83714157,629.06511879,2.70254984,629.06511879,114.43956938,250.37280727,18.68998983,27.61294805,25.47385213
2024-12-29,3.6725,70.25276422,94.17752441,396.47925907,1.78750038,912.12853802,1028.5012996,1.60904965,1.79,1.7,1.8757011,2.0,119.99295949,1.8757011,0.376,2906.82297542,1.0,1.35870354,6.93491707,6.19655674,1.0,85.39452425,13.79149446,3.27500009,2.01770702,1.44110482,2839.76000977,0.90189657,993.18911699,7.29811408,4402.18378448,509.5961998,23.89849956,105.75232035,24.18550928,178.40540683,7.15329709,60.84970315,135.97801674,50.86705537,15.0,126.8635497,0.95903075,2.32330101,0.79541269,0.79541269,2.79430008,14.65267568,0.79541269,71.98919554,8633.29348113,7.70761945,208.98385094,7.76211835,25.39301345,132.83844719,393.64225036,16219.97422762,3.67972568,85.39452425,1310.36960495,42002.61533415,139.04469751,155.73649532,0.709,157.82883193,129.56834921,86.99939201,4017.23851299,471.81219825,900.01354033,1473.03548796,0.30889964,0.8200048,522.55212953,21747.07797149,90365.4541193,292.5299077,183.42356376,18.69338278,4.91609912,10.09307474,18.36000153,4712.7767784,58.870007,2099.97613296,3423.24604319,7.9949819,40.16038496,46.99016265,15.46055714,1733.33059573,20.32638689,4.47196311,63.64387247,18.69338278,1538.30489909,36.62453325,11.37526945,136.69528469,1.77533256,0.38500021,1.0,3.74923006,4.02031357,57.90970857,278.31136176,4.09604455,7819.14005087,3.64,4.77354836,112.33941165,104.10663324,1377.08226916,3.75,8.37174248,14.81017688,598.91254491,11.00133876,1.35870354,0.79541269,22.75991725,571.09132975,34.86000908,,23.49940057,13001.92616017,18.69338278,34.07817143,10.9277889,3.50395385,3.17500387,2.40381845,35.09845494,6.80603694,32.84949437,2400.37077525,41.93962134,3665.41224838,43.84297675,12920.33145884,51.70111329,25449.89536157,124.51850058,2.8376937,629.08293101,2.70003299,629.08293101,114.44280978,249.62612707,18.69338278,27.80056572,25.47385213
2024-12-30,3.6725,70.38933221,93.54851831,396.47250606,1.79875659,922.02925383,1029.96447909,1.60476318,1.79,1.6999846,1.87521344,2.0,119.46396413,1.87521344,0.376,2955.82957616,1.0,1.35806207,6.9044311,6.19807759,1.0,85.38583672,13.82258703,3.27002987,2.01233178,1.43993978,2844.99170051,0.90150043,993.34704796,7.29807919,4406.96097229,505.70306869,23.97970179,105.72482558,24.15554977,177.90508904,7.15137673,60.78472006,135.56462437,50.8495412,15.0,126.8623691,0.95878141,2.3330117,0.79471668,0.79471668,2.8044029,14.69295711,0.79471668,72.25144121,8644.72278493,7.70016504,208.58102746,7.76386488,25.39333576,130.67272805,393.79969205,16232.09550593,3.6817304,85.38583672,1309.36019458,42087.62219537,138.54741518,155.82457061,0.709,157.77786871,129.32883709,86.80043935,4013.39946366,471.68953079,900.01149614,1470.24097817,0.30815904,0.82662888,523.64722551,21821.74258042,89752.14911858,292.92210718,181.76895606,18.66563291,4.90061641,10.07997488,18.41524371,4704.51708147,59.01878927,2099.03191413,3435.77799618,7.99678083,39.72646172,46.94694744,15.43461687,1732.59680737,20.35412121,4.47221484,63.90824337,18.66563291,1548.58130272,36.78380097,11.34878456,136.68137813,1.77135858,0.38501191,1.0,3.74225357,4.04810095,57.9122652,278.2634146,4.09430304,7782.99350502,3.64,4.77147441,112.20876704,105.4644455,1390.15036033,3.75,8.39567483,13.98393918,601.46200782,10.99686769,1.35806207,0.79471668,22.74957714,569.95168986,35.51247727,,23.49503644,13002.06532135,18.66563291,33.99011996,10.92574725,3.5100151,3.17919945,2.40376105,35.27218285,6.79133451,32.77814841,2420.23756458,41.67548538,3665.22998485,43.86644426,12880.08673027,51.86774275,25489.91063947,121.06944167,2.80535383,628.91937439,2.70587211,628.91937439,114.41305554,249.97522616,18.66563291,27.73700997,25.47487481
2024-12-31,3.6725,70.26300981,93.80232312,398.14921998,1.79723207,919.73161684,1030.83220632,1.60570769,1.79,1.69998413,1.87906147,2.0,119.61377093,1.87906147,0.376,2947.37643995,1.0,1.35849304,6.91617055,6.17844938,1.0,85.53858479,13.93484304,3.27070663,2.01377666,1.43487927,2854.248836,0.90297641,994.13583259,7.29551055,4415.57429216,506.63741886,24.000467,105.9417786,24.18188785,177.99886056,7.16536094,60.88610201,135.76939362,50.84334779,15.0,126.8601445,0.96074888,2.33627091,0.79653734,0.79653734,2.80535307,14.67305552,0.79653734,72.25190968,8642.24122133,7.70731603,208.75189551,7.76544094,25.40559379,131.24074254,395.15069388,16143.54475881,3.65673755,85.53858479,1309.71928961,42081.69162808,138.21271687,155.77921878,0.709,156.44747017,129.26382344,86.82924257,4017.19245552,472.65746304,899.99368185,1472.04392203,0.30804187,0.82482277,524.21727344,21834.32770697,89907.16085171,292.75851152,182.54017164,18.79001336,4.91312828,10.11652953,18.41876961,4706.92547806,59.11707278,2099.02811783,3433.1467018,7.99840417,39.95102744,46.98415563,15.43686498,1734.05535718,20.66098772,4.45181905,63.83509625,18.79001336,1543.33419342,36.78374834,11.32330702,136.92588961,1.77190443,0.3850174,1.0,3.7459477,4.05397517,57.81742563,278.39706033,4.10759036,7801.08235041,3.64,4.77961063,112.37607026,110.50067708,1381.67336833,3.75,8.40309932,14.46799341,601.05361097,11.02217759,1.35849304,0.79653734,22.74671365,570.29349079,35.48565724,,23.53643015,13002.12609374,18.79001336,34.17997884,10.89871272,3.5087176,3.18273042,2.4044731,35.34002881,6.77682883,32.7753192,2435.1274982,41.83194592,3670.09795391,43.68325535,12890.67648611,51.94759267,25491.45951777,121.90288366,2.81037436,630.20995072,2.70470164,630.20995072,114.64783728,249.95791437,18.79001336,27.80361598,25.46661383
