date,AED,AFN,ALL,AMD,ANG,AOA,ARS,AUD,AWG,AZN,BAM,BBD,BDT,BGN,BHD,BIF,BMD,BND,BOB,BRL,BSD,BTN,BWP,BYN,BZD,CAD,CDF,CHF,CLP,CNY,COP,CRC,CUP,CVE,CZK,DJF,DKK,DOP,DZD,EGP,ERN,ETB,EUR,FJD,FKP,GBP,GEL,GHS,GIP,GMD,GNF,GTQ,GYD,HKD,HNL,HTG,HUF,IDR,ILS,INR,IQD,IRR,ISK,JMD,JOD,JPY,KES,KGS,KHR,KMF,KPW,KRW,KWD,KYD,KZT,LAK,LBP,LKR,LRD,LSL,LYD,MAD,MDL,MGA,MKD,MMK,MNT,MOP,MRU,MUR,MVR,MWK,MXN,MYR,MZN,NAD,NGN,NIO,NOK,NPR,NZD,OMR,PAB,PEN,PGK,PHP,PKR,PLN,PYG,QAR,RON,RSD,RUB,RWF,SAR,SBD,SCR,SDG,SEK,SGD,SHP,SLE,SOS,SRD,SSP,STN,SYP,SZL,THB,TJS,TMT,TND,TOP,TRY,TTD,TWD,TZS,UAH,UGX,UYU,UZS,VES,VND,VUV,WST,XAF,XCD,XOF,XPF,YER,ZAR,ZMW,ZWG
2025-01-01,3.6725,70.45002278,92.89492356,396.32270067,1.79773838,920.93156646,1030.94531014,1.61599044,1.79,1.69999311,1.88887101,2.0,119.51161994,1.88887101,0.376,2955.73264753,1.0,1.36578209,6.92251955,6.18440563,1.0,85.57660032,14.00449735,3.27004071,2.01485554,1.43865454,2856.49564607,0.90779087,994.40727967,7.29965053,4407.52219314,507.60066157,24.00936958,106.49484169,24.33938458,177.94835398,7.20331009,61.10234666,135.81029081,50.83845991,15.0,127.98526326,0.96576441,2.32872515,0.79908761,0.79908761,2.81341716,14.69911901,0.79908761,72.36307323,8647.20047983,7.71519124,209.26838248,7.76895758,25.41623926,130.80656355,397.52081852,16267.55870369,3.64125189,85.57660032,1309.82626164,42048.32146819,139.02840137,156.20306387,0.709,157.29432149,129.37311968,86.80268032,4028.00254131,475.12494472,900.00051406,1478.21278542,0.30831146,0.8270889,524.93202587,21874.93663283,89748.52902458,293.16525245,183.92216858,18.89291344,4.92026719,10.11807676,18.42392061,4714.26971947,59.14456645,2098.76214457,3434.68896807,8.00202631,39.81332163,46.77312685,15.43687575,1735.56270967,20.86505564,4.4715081,63.89212286,18.89291344,1543.93590456,36.81166306,11.38544521,136.98674296,1.78721654,0.38499497,1.0,3.76019287,3.97607242,58.08534191,278.37813794,4.13224024,7812.46550314,3.64,4.80683177,113.07922148,113.64737908,1391.9335242,3.75,8.40641777,14.24407547,601.40524282,11.06789363,1.36578209,0.79908761,22.75117528,571.22694669,35.5157803,,23.63488611,13001.9494916,18.89291344,34.33832258,10.90055973,3.50942834,3.19051103,2.39491698,35.35796557,6.79771638,32.75705587,2401.81908829,41.56504723,3679.1725061,43.69480736,12848.60986089,51.96240464,25481.40620925,120.95162956,2.78659468,633.49992629,2.70629157,633.49992629,115.24634986,249.68942341,18.89291344,28.00383948,25.47499895
2025-01-02,3.6725,70.44472213,93.6935949,396.14094259,1.79975731,922.14715469,1030.48070199,1.61023464,1.79,1.69996575,1.88855295,2.0,119.55412413,1.88855295,0.376,2957.17936477,1.0,1.36407334,6.92028583,6.30847286,1.0,85.63160563,13.98484582,3.26997032,2.01240732,1.43713967,2856.5,0.90689256,995.44186958,7.29847375,4404.66846554,508.62645148,23.99304874,106.47690956,24.32251819,177.90604776,7.20117497,61.10189597,135.88697815,50.81695714,15.0,127.98076837,0.96560179,2.343038,0.79876009,0.79876009,2.81320856,14.70698612,0.79876009,72.29460403,8646.94442664,7.7151895,208.93824617,7.77181151,25.41763668,130.7557819,396.98202244,16219.80681483,3.64037816,85.63160563,1310.59645031,42087.73281827,138.95091869,156.20786615,0.709,157.57741013,129.36227579,86.79906921,4026.69170518,475.04494083,900.01875566,1469.37074263,0.30834196,0.82533445,525.15930488,21870.72198561,89940.08061555,293.21207448,183.92122825,18.83404432,4.92016219,10.12691494,18.42617448,4715.17703584,59.14547462,2098.79085241,3435.63002902,8.00496585,39.81280014,46.81853093,15.43711864,1735.69058003,20.82893368,4.47757517,63.90669694,18.83404432,1543.97707195,36.81544122,11.37551414,137.07479271,1.78187874,0.38501509,1.0,3.75903408,4.05796428,57.90068345,278.66311768,4.13006719,7813.03746866,3.64,4.8029929,113.01941626,113.71346037,1392.33383238,3.75,8.39713432,14.30800958,601.46674047,11.06197144,1.36407334,0.79876009,22.74952696,570.57846056,35.5181587,,23.59526584,13001.98298152,18.83404432,34.1736918,10.90078553,3.50993495,3.19230808,2.40806091,35.38806174,6.79878968,32.80326017,2425.15026287,41.84935174,3679.36088346,43.86031048,12868.39214499,51.96223045,25484.85389887,121.05084438,2.81046028,633.39325444,2.70526148,633.39325444,115.22694411,250.05191948,18.83404432,27.91358655,25.46947311
2025-01-03,3.6725,70.44928323,93.67655954,395.46517459,1.80032711,922.8315891,1031.7389344,1.61012035,1.79,1.69999652,1.90456401,2.0,120.50529358,1.90456401,0.376,2956.66892019,1.0,1.36782102,6.91636799,6.15270486,1.0,85.8153817,13.9253719,3.26998814,2.01211207,1.43933564,2856.4999498,0.91170585,1004.47494666,7.29943728,4385.1297039,508.69233107,24.00124371,107.37961533,24.49531907,177.91538402,7.26461672,61.09667644,136.35355706,50.7818143,15.0,127.83382044,0.97378811,2.34506099,0.80738616,0.80738616,2.81358661,14.69998046,0.80738616,72.52717482,8641.56559628,7.71406586,208.8725433,7.77673082,25.41744312,130.71442244,402.49548203,16239.17189173,3.65486878,85.8153817,1310.23946566,41964.86321452,139.93564522,155.91901335,0.709,157.36805421,129.25499695,86.80038291,4029.77356125,479.0723474,900.04927859,1466.76165586,0.30861925,0.82703009,525.04266353,21896.17849015,89771.85115562,293.24750421,184.15974851,18.71669051,4.9183173,10.13731166,18.43264916,4731.08337597,59.95148225,2098.85345817,3434.9556124,8.01003275,39.84403722,46.90540749,15.43970661,1735.03676171,20.55841288,4.48803458,63.90770827,18.71669051,1546.52399992,36.81042066,11.38786183,137.36897226,1.78533671,0.3850082,1.0,3.75875641,4.0594375,58.15900131,278.70468682,4.16306751,7802.64932686,3.64,4.84426408,113.95814083,110.99935497,1379.85412692,3.75,8.40305966,14.18214485,601.46886676,11.14963209,1.36782102,0.80738616,22.74963427,570.37383482,35.51829241,,23.7778018,13001.8595857,18.71669051,34.41072929,10.90078471,3.50727133,3.20753121,2.40818668,35.40073841,6.79229232,32.90147211,2432.40812031,41.84973532,3678.14451827,44.08901131,12877.83461086,52.50656092,25442.77183927,120.90459405,2.81322187,638.76312986,2.70638996,638.76312986,116.20383221,250.06208849,18.71669051,27.94140622,25.47192899
2025-01-04,3.6725,70.50599766,94.39815958,396.48375464,1.79054243,912.62563184,1032.04220476,1.60850853,1.79,1.70000004,1.89705661,2.0,121.49432325,1.89705661,0.376,2959.83598986,1.0,1.37004934,6.92001935,6.18218509,1.0,85.76987009,13.95924926,3.27466653,2.01499587,1.44455697,2842.7921908,0.90873161,1010.87448751,7.31987333,4348.25260367,510.47926745,24.02514116,106.9563469,24.40769509,178.34679049,7.23504388,61.25766938,135.96410897,50.74759422,15.0,127.93841123,0.96994964,2.32618278,0.80507857,0.80507857,2.80914576,14.73321396,0.80507857,72.49376849,8660.79267607,7.72268038,209.43516653,7.7756007,25.43337333,130.79985052,403.28162818,16195.74938381,3.64945703,85.76987009,1310.27130349,42080.92810454,139.79207661,156.09481189,0.709,157.20135911,129.26629146,86.80881209,4037.99061004,477.18394242,899.99591053,1467.16950836,0.30808666,0.82009094,524.9200888,21870.8351884,89654.63936153,293.81301399,184.7354708,18.72996076,4.92032754,10.1096879,18.43440001,4734.4560164,59.73866508,2098.79635103,3424.55481237,8.00886872,39.9523886,47.46943266,15.40036874,1735.8527477,20.63025951,4.50116926,63.58999782,18.72996076,1545.69637962,36.83249821,11.35662837,137.29611955,1.782331,0.38497294,1.0,3.75742899,4.03845901,58.2021906,278.95319104,4.14266988,7815.26826452,3.64,4.82423238,113.53071603,110.43726739,1379.96880255,3.75,8.37170566,14.16163959,601.41746885,11.11024256,1.37004934,0.80507857,22.76997003,572.43498972,35.12407782,,23.17419017,13001.83602002,18.72996076,34.49200411,10.92727181,3.50979923,3.20616684,2.40953538,35.37466914,6.80048496,32.92827608,2463.23342938,42.18351291,3680.46936462,44.05045326,12914.2077852,52.9457392,25423.04551112,124.21411137,2.84480049,636.24525657,2.70252092,636.24525657,115.74578053,250.36423433,18.72996076,27.8829763,25.47974063
2025-01-05,3.6725,70.55804745,95.04078897,396.89897928,1.7875006,912.25992116,1032.00241306,1.6103704,1.79,1.70000005,1.89682123,2.0,119.99295275,1.89682123,0.376,2907.29571646,1.0,1.3700672,6.93490171,6.18092702,1.0,85.76805626,13.95985574,3.27499996,2.01770906,1.44465958,2839.75991008,0.9084739,1017.2917531,7.3200271,4355.02210764,510.12106086,23.99999419,106.94307661,24.40411355,178.40623401,7.23492443,61.07980444,136.23844627,50.79324029,15.0,127.93824685,0.9698293,2.32614721,0.80509024,0.80509024,2.81579995,14.65267527,0.80509024,72.49502999,8636.40592418,7.70946407,208.9839168,7.77801313,25.40657983,132.69779983,403.24458975,16212.14634158,3.65065953,85.76805626,1310.34860925,42002.61731504,139.91890182,155.64107118,0.709,157.27241132,129.56832089,86.80881209,4030.24910476,477.12473728,900.0,1468.28256536,0.30950103,0.82000407,524.89195373,21729.63249091,89554.99422257,293.53476886,185.80377864,18.73235553,4.91360172,10.08047943,18.43000062,4712.91162673,59.48007414,2099.80330586,3422.97158297,8.01135352,40.08009557,47.68018464,15.45998637,1733.32475279,20.63143474,4.50023764,63.74820117,18.73235553,1535.86518331,36.62430376,11.36406171,137.29321606,1.78244956,0.38510253,1.0,3.76122233,4.03797847,58.07395246,278.46462302,4.14249003,7878.63965992,3.64,4.82577343,113.93481922,110.75244416,1378.9476785,3.75,8.37170566,14.90827546,598.91301833,11.1106064,1.3700672,0.80509024,22.77013548,571.679345,34.86005884,,23.85129173,13001.93343294,18.73235553,34.4412998,10.93406068,3.50511091,3.20647833,2.409612,35.36221395,6.77331733,32.95253388,2452.64633551,42.09658309,3676.07860222,43.96051457,12915.17998517,52.94568256,25405.14605779,124.22247645,2.84498041,636.16631637,2.70000005,636.16631637,115.73141972,249.91630316,18.73235553,28.05032243,25.47974063
2025-01-06,3.6725,70.49832031,94.0740959,399.55575777,1.80006663,921.22363453,1031.24122451,1.60517083,1.79,1.69999057,1.89716604,2.0,121.26919957,1.89716604,0.376,2956.75767726,1.0,1.36979909,6.91065357,6.18209311,1.0,85.78133003,13.92754453,3.26998225,2.01185952,1.44133322,2856.49987745,0.90994505,1010.4801772,7.32291705,4349.96994604,508.7370336,23.99862745,106.96251689,24.37780358,178.2777791,7.23459364,61.12767064,135.90186738,50.77874704,15.0,127.79516698,0.97000559,2.34137369,0.80416188,0.80416188,2.8076632,14.70475921,0.80416188,72.52678425,8650.4815859,7.71497363,208.84949047,7.77846436,25.41587777,130.65178696,402.7213951,16202.77903224,3.65004204,85.78133003,1310.18588604,42096.56905317,139.77685683,155.82600695,0.709,157.64394549,129.1228489,86.79938851,4034.93248753,477.21146973,900.0032028,1469.81706422,0.30826813,0.82721599,524.91678392,21887.32783951,89699.28808867,293.6559648,184.56310561,18.75225297,4.91586856,10.09058856,18.43306989,4732.17221449,59.71884882,2098.81302814,3434.65056103,8.01181829,39.94692962,47.59460304,15.43893163,1734.35994202,20.63223556,4.50159344,63.90821651,18.75225297,1543.93518662,36.80093307,11.34985263,137.31446404,1.77837959,0.38493503,1.0,3.75709106,4.02097569,58.20664435,278.6526877,4.14103643,7813.99602842,3.64,4.82484267,113.57837151,109.76801576,1380.0202573,3.75,8.40147968,14.21672425,601.48770165,11.10053802,1.36979909,0.80416188,22.74929167,570.62229993,35.51851239,,23.70777128,13001.86557918,18.75225297,34.51128439,10.92768522,3.50968146,3.20716176,2.40594044,35.34267247,6.78507146,32.93131137,2463.3872796,41.84479915,3674.65340013,43.96256148,12873.90766495,52.94561942,25445.27476682,120.99321424,2.80886377,636.28195964,2.70641879,636.28195964,115.75245756,250.030618,18.75225297,27.89995508,25.47289061
2025-01-07,3.6725,70.54759291,93.80481697,399.84835771,1.80038806,921.16490567,1034.81137458,1.60142478,1.79,1.69998162,1.88461376,2.0,121.31966992,1.88461376,0.376,2955.54058713,1.0,1.36463882,6.91054705,6.11526035,1.0,85.76390078,13.88001604,3.27001073,2.0122634,1.43468492,2856.49554236,0.90566798,1011.09889335,7.32872139,4342.91873198,508.56459403,24.00061029,106.25481716,24.24176382,178.08140801,7.18738417,62.32653989,135.49365496,50.65148205,15.0,127.75460609,0.96358771,2.33320707,0.79945661,0.79945661,2.80969175,14.71463121,0.79945661,72.37655916,8644.92815425,7.71768249,208.77984575,7.77274106,25.418583,130.64710313,401.26112413,16093.9317962,3.62985027,85.76390078,1310.40349931,42102.71483723,139.8248889,155.83185601,0.709,158.35531808,129.39984646,86.7994396,4034.22211258,474.0540793,899.99597052,1457.52608245,0.30852166,0.82727843,526.58720846,21836.80066887,89930.55249983,294.8942726,184.99021866,18.58893575,4.93010724,10.02092589,18.4341525,4695.47651732,59.24605024,2098.56479661,3435.90539399,8.0059233,39.89628078,46.99480702,15.43888293,1734.39095211,20.35057719,4.5115524,63.90736458,18.58893575,1542.92706801,36.77643897,11.3134949,137.28656418,1.77235153,0.38500229,1.0,3.75699131,4.05726021,58.10548241,278.43230347,4.09768934,7816.09135535,3.64,4.79364317,112.83158635,107.49852753,1388.03585443,3.75,8.46632867,14.72619746,601.42335264,11.06416972,1.36463882,0.79945661,22.74932363,569.57002982,35.51419351,,23.60617837,13001.86649977,18.58893575,34.62515383,10.92518119,3.49760013,3.20005065,2.40434434,35.3373941,6.78208243,32.76074536,2485.33821116,41.80837119,3687.64279649,43.98575118,12903.80865301,52.94537236,25405.49449386,120.98194049,2.80625792,632.07210574,2.70644714,632.07210574,114.98660065,249.65400718,18.58893575,27.95316961,25.47475197
2025-01-08,3.6725,71.03008787,94.89205434,399.25356698,1.80047594,921.31005991,1035.24884761,1.6074256,1.79,1.70048275,1.88944091,2.0,121.40546674,1.88944091,0.376,2956.49346568,1.0,1.36434726,6.91107711,6.1014876,1.0,85.80505556,13.89728717,3.27023496,2.01221108,1.43495593,2857.45795013,0.90910091,1005.01279196,7.33060837,4337.32292499,509.25430045,24.00663592,106.52697305,24.27275501,177.85399357,7.20784434,61.47718474,135.44568861,50.64823038,15.0,127.22648688,0.9660558,2.33351622,0.80107665,0.80107665,2.8190966,14.72018312,0.80107665,72.32942171,8645.32328269,7.71745576,208.85148903,7.77468242,25.43717811,130.68726246,401.26799879,16180.5483526,3.65008185,85.80505556,1310.86765761,41933.61141772,140.37106533,155.84112371,0.709,158.01136069,129.40343706,86.99380098,4039.71974305,475.26829822,900.05102342,1449.54095323,0.30841033,0.82734642,526.59053841,21833.31847408,89850.29874522,294.57343131,186.51047599,18.70214175,4.93124576,10.04787912,18.43323899,4718.3432198,59.47364934,2099.029939,3434.3449554,8.0079229,39.90789945,46.47606795,15.44543772,1736.07333022,20.31733636,4.49946125,63.90814659,18.70214175,1539.36790211,36.81499692,11.33578649,137.35244269,1.77544007,0.38497688,1.0,3.76880207,4.05551274,58.35031882,278.53290437,4.11896853,7819.45022123,3.64,4.80488281,113.1262772,107.24701178,1387.83944207,3.75,8.46559642,14.27273226,600.9464855,11.11680484,1.36434726,0.80107665,22.90380614,571.75658343,35.20677024,,23.85298775,13001.82085904,18.70214175,34.54075833,10.93429173,3.50695013,3.19529439,2.42665159,35.34082824,6.78523914,32.76073629,2486.63612802,42.20528441,3689.00546716,44.00294573,12951.88851297,53.00126983,25387.69466033,122.96744443,2.83726597,633.69106429,2.70644841,633.69106429,115.2811217,249.34107676,18.70214175,28.02540058,25.85917059
2025-01-09,3.6725,71.21876113,95.19680004,396.46023448,1.79844959,920.4278888,1035.78858631,1.61191796,1.79,1.69999388,1.89575817,2.0,121.2385519,1.89575817,0.376,2942.07694856,1.0,1.36787698,6.9146265,6.10804915,1.0,85.91793538,13.97862622,3.27069978,2.01336684,1.43756443,2856.00608765,0.91066257,1001.45606063,7.33008518,4326.14912365,509.41852115,24.00193271,106.88314095,24.34745611,178.01572606,7.23220385,61.3935825,135.8407945,50.59621252,15.0,127.34091066,0.96928576,2.33049768,0.80895025,0.80895025,2.83945006,14.72200289,0.80895025,71.84353155,8643.85478559,7.71657474,208.88280338,7.78022965,25.42264855,131.05467777,401.73394368,16239.60077729,3.66558721,85.91793538,1310.40528328,41907.094062,140.66808437,156.04925916,0.709,158.08012384,129.35033986,87.00008854,4037.65378847,476.85733531,900.01477213,1455.82859002,0.30823602,0.82492303,526.48273786,21795.04922999,89802.68889172,295.36796697,186.75548083,18.91100889,4.92659559,10.04646123,18.54966767,4720.76428032,59.64447523,2098.84123189,3428.19338261,8.01363653,39.82568992,46.5922064,15.44179648,1733.31220774,20.41589451,4.50512868,63.86470389,18.91100889,1540.40579495,36.75933241,11.41620108,137.53313505,1.78582923,0.38497079,1.0,3.77670525,4.01939,58.52966964,278.48518305,4.14463045,7842.67680284,3.64,4.82054099,113.46476463,104.64194718,1390.69049546,3.75,8.47893671,14.34246845,600.68918095,11.15439567,1.36787698,0.80895025,22.79203418,571.55055461,35.02524759,,23.86758917,13001.85710525,18.91100889,34.64669311,10.94761313,3.50622431,3.21044457,2.43394556,35.37852029,6.77470443,32.89502927,2489.00685149,42.30317815,3699.95886819,43.85099709,12972.75530943,53.1898313,25403.19160701,123.5843697,2.84425329,635.80978042,2.70497014,635.80978042,115.66655868,249.26858921,18.91100889,27.96684314,25.86417825
2025-01-10,3.6725,71.13147694,95.32385112,398.88089941,1.79909585,922.01798157,1036.69746023,1.61232449,1.79,1.69998339,1.89833894,2.0,121.82631935,1.89833894,0.376,2945.57435175,1.0,1.36802974,6.91139592,6.03593791,1.0,85.88429469,13.99612617,3.27007129,2.01327048,1.4398199,2845.11446667,0.91168042,1006.47017606,7.33101841,4330.6032491,506.93841644,23.98619326,107.02864484,24.35096037,177.94099729,7.24150589,61.43229986,135.97817807,50.56016663,15.0,126.15887222,0.97060529,2.33475781,0.812612,0.812612,2.8299423,14.78257039,0.812612,72.05377924,8647.28520836,7.71803277,208.94999991,7.78087467,25.43085626,130.66283974,401.38465733,16199.86546116,3.66049465,85.88429469,1309.6038295,41962.52725461,140.95912612,156.42361145,0.709,158.14941578,129.39695374,87.00201055,4039.01174418,477.50649846,900.00773082,1458.81235415,0.30825422,0.82580413,526.29468462,21837.92486242,89676.19427845,294.86330498,187.02190912,18.9264102,4.93964591,10.05670516,18.56928991,4727.99406932,59.73729822,2098.72900943,3433.29877559,8.01430091,39.8025096,46.78759555,15.44370364,1734.3129035,20.48538421,4.4941558,63.90678792,18.9264102,1549.53250044,36.79676263,11.39748266,137.47928472,1.78543243,0.38495839,1.0,3.77078864,4.00848136,58.31201048,278.83104049,4.13630886,7879.15757276,3.64,4.82749547,113.65643284,102.25014041,1389.43024598,3.75,8.49150904,14.27141312,600.91978858,11.15448009,1.36802974,0.812612,22.90091696,571.86662106,35.08910357,,23.94318745,13001.86049299,18.9264102,34.55965679,10.92849003,3.49762617,3.21027345,2.44049977,35.38164717,6.78816726,32.91910032,2494.16413405,42.35508739,3700.32777962,43.65213184,12971.82742463,53.78449454,25401.00092445,124.95464612,2.85255068,636.67533128,2.70571952,636.67533128,115.82401975,249.19154329,18.9264102,27.84656254,26.39059251
2025-01-11,3.6725,71.09536372,95.12869765,399.42021884,1.79009223,912.57556868,1036.05292612,1.62704837,1.79,1.70000004,1.90917922,2.0,121.98445931,1.90917922,0.376,2913.65030798,1.0,1.37154989,6.91552248,6.12173308,1.0,86.19226428,13.91135979,3.27428401,2.01475496,1.44251401,2847.33066396,0.91626278,1009.46740191,7.33253745,4341.62896588,509.88222452,24.02406251,107.63982183,24.48048272,178.36909837,7.28175163,61.36758824,136.20526954,50.50456678,15.0,125.75965472,0.97614784,2.33875617,0.81906505,0.81906505,2.83555038,14.75476085,0.81906505,71.48322066,8643.22150211,7.72274769,209.26816442,7.7898426,25.45739552,130.68927192,403.47452341,16320.5666119,3.68464089,86.19226428,1309.85467804,42050.07418798,141.23950075,156.68812755,0.709,157.69992072,129.44612158,86.99997417,4039.11920096,480.23325435,900.0042623,1474.09749955,0.30805336,0.82049867,527.7393689,21825.47930937,89482.91590623,294.54656531,186.98774417,19.10987238,4.93920091,10.03903003,18.5707031,4726.51495461,60.0646391,2098.38078716,3426.34489665,8.02353788,39.81499962,46.85308177,15.40961291,1733.51023536,20.71804138,4.49799494,63.60574003,19.10987238,1551.46407329,36.77125547,11.4709564,137.97226704,1.79973639,0.38494299,1.0,3.77375149,4.00655822,58.81935415,278.79175983,4.1636414,7890.15741929,3.64,4.85739646,114.27234457,102.11565827,1389.84651587,3.75,8.44006299,14.36839846,600.97400583,11.2225101,1.37154989,0.81906505,22.70920058,572.88292521,35.07892044,,23.80310678,13001.8755247,19.10987238,34.69317103,10.90934468,3.4997367,3.21325556,2.40974582,35.41275866,6.79134698,33.11055578,2502.84855056,42.36039538,3697.36278053,44.07915945,12953.80043102,53.81141764,25401.58051319,124.57505495,2.84512104,640.3110058,2.70251574,640.3110058,116.48542191,249.19229229,19.10987238,27.94674915,26.05303347
2025-01-12,3.6725,72.3313105,95.63082689,396.84508797,1.78750092,912.17048468,1036.50427609,1.62664655,1.79,1.70000005,1.9073474,2.0,121.44387986,1.9073474,0.376,2907.78265284,1.0,1.37127144,6.92511549,6.10929854,1.0,86.16931233,13.91033409,3.2750001,2.01779825,1.44223124,2846.38989258,0.91642349,1012.01033734,7.33252689,4344.32551315,506.40105315,23.9999331,107.53654347,24.47857407,178.40607912,7.28100628,61.21044768,136.67121719,50.55805939,15.0,125.75821576,0.97521124,2.33877382,0.81854114,0.81854114,2.83100009,14.70266312,0.81854114,71.49436842,8680.99118843,7.71165065,208.98385094,7.78785679,25.4389308,132.66071018,403.4064122,16193.12423506,3.67925236,86.16931233,1310.36960495,42002.61533414,141.00628826,156.47256111,0.709,157.68361063,129.61857646,86.99999998,4034.15487145,479.77247968,900.0,1467.17257865,0.30939783,0.82000407,527.06947163,21732.67797142,89549.99994453,294.54040409,187.51039762,19.10522144,4.84160251,10.07844765,18.46100086,4713.13263775,59.59001032,2099.99020401,3425.68321739,8.0214925,39.97952652,46.87533971,15.45999895,1733.33083988,20.71753382,4.49858771,63.6505756,19.10522144,1533.48945108,36.62429835,11.47088577,137.93552671,1.79962767,0.38504693,1.0,3.76889477,4.00640524,58.35052764,278.48987654,4.16213052,7881.63713253,3.64,4.85771022,113.85811835,102.24513561,1379.62213731,3.75,8.43886173,14.88968506,598.96256673,11.21961785,1.37127144,0.81854114,22.70504993,572.47434618,34.86000527,,23.89863007,13001.92616017,19.10522144,34.57109269,10.9219519,3.49990904,3.2183,2.40908331,35.39294325,6.77739837,33.13257337,2486.07048946,42.3774359,3697.28065666,43.7874596,12941.05440834,53.81127602,25365.15615672,124.56240905,2.84498009,639.69663958,2.70000005,639.69663958,116.37365636,249.30052657,19.10522144,27.70049885,26.05303347
2025-01-13,3.6725,71.48343945,95.72905954,399.97577586,1.79803603,921.11570829,1037.06403458,1.62393729,1.79,1.70000281,1.90957033,2.0,121.37950511,1.90957033,0.376,2943.3227539,1.0,1.37130113,6.9171087,6.1263361,1.0,86.13277034,14.02192305,3.27091429,2.01979889,1.44244026,2849.4879752,0.91644328,1008.74915779,7.33092188,4344.96494805,506.03027645,23.99168541,107.66187265,24.48280318,178.34682838,7.28392085,61.37225567,136.24081907,50.57517626,15.0,125.89966083,0.97634781,2.35002804,0.82025972,0.82025972,2.82895224,14.74463295,0.82025972,72.05616795,8653.33119127,7.71770846,208.95172542,7.78723256,25.4459746,131.23030797,403.34016964,16283.03367273,3.67413434,86.13277034,1310.66723634,42054.79071176,141.2811063,156.62911189,0.709,157.34672872,129.70809255,86.9999364,4038.49217123,480.33163369,900.00976545,1472.57094768,0.30858427,0.82581304,527.61886727,21815.25333582,90008.00559862,295.03760549,187.49833437,19.10699112,4.92405349,10.07682233,18.55290631,4721.82712612,59.98122635,2098.81290877,3434.45113123,8.02084954,39.86728233,46.8477784,15.4465632,1735.14399937,20.73949557,4.51064739,63.83729915,19.10699112,1548.58949593,36.81204676,11.45491382,137.87703212,1.79609536,0.38494913,1.0,3.77533728,4.00842161,58.64360282,279.23571199,4.16608752,7891.2721147,3.64,4.85801054,114.36102751,101.94997889,1387.0191004,3.75,8.47322611,14.50781063,600.59939546,11.22093956,1.37130113,0.82025972,22.84305883,572.25593989,35.05529751,,24.03295295,13001.99927301,19.10699112,34.7503145,10.9091301,3.50795544,3.2179679,2.43530664,35.43525599,6.78738672,33.05622809,2500.62591211,42.34530409,3697.1566417,43.70753818,12954.05274618,53.78983677,25393.79840837,125.00394627,2.85812778,640.44217826,2.70573104,640.44217826,116.50928481,249.1069448,19.10699112,27.76021021,26.0333034
2025-01-14,3.6725,72.33171081,95.84878347,398.83357648,1.79982235,921.49759192,1039.4766502,1.61701612,1.79,1.69992802,1.90926713,2.0,121.64980819,1.90926713,0.376,2943.26628948,1.0,1.37053292,6.91973729,6.09491255,1.0,86.61568355,14.00866215,3.26982687,2.01324191,1.43799665,2841.99955281,0.91669792,1008.57194876,7.33098207,4306.82035131,504.71709992,24.03538363,107.64477813,24.62610143,177.84136784,7.28223496,61.39658043,136.12107733,50.50629203,15.0,126.27910772,0.97619278,2.34714788,0.81899735,0.81899735,2.83386615,14.81972256,0.81899735,71.9949162,8648.96926884,7.71857444,209.08942443,7.78398177,25.4586231,130.75633063,402.67239735,16283.51480518,3.64031827,86.61568355,1311.6744783,42074.69051332,141.06658508,156.9600641,0.709,157.75791446,129.3927852,87.43517311,4042.04372264,480.25536681,900.04683684,1465.84336142,0.30876659,0.82661986,529.5965878,21830.10046358,90343.66016528,295.1138222,187.64579893,18.99231889,4.94980562,10.07077546,18.57086709,4692.35724433,60.12033851,2098.96095826,3431.39701031,8.01750122,39.7727016,47.18426368,15.43772205,1734.78627492,20.64801756,4.50355989,63.9044187,18.99231889,1549.29380484,36.78025999,11.42412675,138.65005544,1.78444075,0.38498151,1.0,3.77904624,4.04786214,58.52798182,278.89886122,4.16936003,7896.3467367,3.64,4.85478977,114.33643099,102.75119615,1386.93900813,3.75,8.47554728,14.85509066,600.9350467,11.2469835,1.37053292,0.81899735,22.64841288,572.35333977,35.13137848,,24.09352652,13001.84736443,18.99231889,34.70269043,10.93369506,3.49770775,3.22625718,2.44059687,35.49636921,6.79237647,33.09462391,2512.07866485,42.37462251,3700.31717171,43.97436066,12961.09870744,53.82691168,25413.96522614,125.19054489,2.85919961,640.34048908,2.70585486,640.34048908,116.49078551,249.08553516,18.99231889,27.77511188,26.10150597
2025-01-15,3.6725,72.38766016,95.51200874,399.66301642,1.8018357,921.79428099,1040.31246421,1.61559055,1.79,1.70019111,1.89872409,2.0,121.86529936,1.89872409,0.376,2949.45875118,1.0,1.36745905,6.91554985,6.05594609,1.0,86.56778882,14.06760128,3.26998246,2.01093389,1.43535023,2848.49993052,0.91232351,1006.57782532,7.33121329,4285.54681844,504.71674662,24.00276126,107.05036015,24.53351509,178.0056443,7.24283736,61.29700247,135.85480351,50.45082862,15.0,126.42656406,0.97080221,2.33163012,0.81949765,0.81949765,2.84898234,14.81007779,0.81949765,72.14648335,8649.61775649,7.71947012,208.9105181,7.7882396,25.43293367,130.63158002,399.8584506,16282.9508006,3.62616662,86.56778882,1307.78161557,41994.55186326,140.67702722,156.82830911,0.709,157.9091359,129.59811903,87.45052225,4041.54386655,477.60338098,899.96143491,1458.86838651,0.3085971,0.82938832,529.97564789,21858.85653492,89963.88262617,294.90165967,188.49790343,18.92851387,4.95997709,10.06733143,18.64325576,4673.49242932,59.71261289,2098.9536326,3426.62628717,8.02188679,39.79730965,47.0588387,15.45462206,1734.13942002,20.52793845,4.5027133,63.90904086,18.92851387,1552.68142908,36.78132794,11.38525063,138.57338795,1.78423109,0.38498526,1.0,3.77437599,4.06773969,58.66052739,278.75505037,4.14164284,7878.34157847,3.64,4.82997212,113.6829182,102.66475817,1387.96038883,3.75,8.48839689,14.49950142,600.99439256,11.1824703,1.36745905,0.81949765,22.72837644,571.44508255,35.0491815,,24.02384155,13001.95283764,18.92851387,34.78197073,10.942597,3.49760991,3.21608094,2.44001166,35.51964889,6.79257641,32.99691593,2522.06095193,42.33842197,3697.52440149,44.09404175,12980.65159997,53.89683213,25403.51879884,125.19383879,2.85495321,636.80450798,2.70837838,636.80450798,115.84751959,249.0896156,18.92851387,27.74881166,26.14648653
2025-01-16,3.6725,73.68959194,95.47156183,400.66314932,1.79862985,921.99176061,1040.76699718,1.60526345,1.79,1.6999804,1.89964531,2.0,121.74490391,1.89964531,0.376,2943.56164694,1.0,1.36612032,6.91042955,6.01459714,1.0,86.42297109,14.03165094,3.26998483,2.0130387,1.43350264,2849.99770953,0.91199981,1006.00827483,7.33082032,4301.06967261,502.87967637,23.97708126,107.10229831,24.51043731,177.89435733,7.2469704,61.49414616,135.71997173,50.42953941,15.0,126.49749111,0.97127322,2.33610533,0.81732219,0.81732219,2.8359527,14.82630748,0.81732219,72.06633796,8649.80820614,7.7184939,208.7921661,7.78498714,25.44259807,130.60592052,399.75849691,16355.51738946,3.60936965,86.42297109,1308.3968978,42085.03023746,140.73901472,156.82051332,0.709,155.71973411,129.39644126,87.45075064,4036.85911145,477.83510221,900.01684418,1450.7635162,0.30847675,0.8258117,529.28848505,21815.77995811,89994.75048698,295.38751714,189.07569832,18.75294181,4.96000233,10.07108223,18.7073936,4703.16636385,59.77513821,2099.1906331,3429.16543101,8.01853675,39.81796543,46.85174037,15.44653212,1734.01711339,20.47288307,4.49497101,63.90706824,18.75294181,1554.88942701,36.76411676,11.31797723,138.34157098,1.77791007,0.38499964,1.0,3.76815618,4.04133862,58.4697883,278.58946498,4.13788654,7872.47812985,3.64,4.83202631,113.72392395,102.50024171,1387.96345707,3.75,8.46969597,14.7063458,601.01099305,11.14739118,1.36612032,0.81732219,22.76855657,572.28434026,35.0981339,,24.02511983,13001.90013552,18.75294181,34.49701866,10.92799372,3.4989733,3.21153871,2.42879039,35.50384869,6.79085716,32.94556455,2519.39438157,42.24010088,3694.05783281,43.97611789,12966.50234416,54.30135121,25391.26736113,124.60786736,2.84265233,637.11346961,2.7057427,637.11346961,115.90372591,248.97236134,18.75294181,27.8544867,26.14068205
2025-01-17,3.6725,73.47989118,95.42200377,399.8048113,1.79925494,921.05242869,1041.25552805,1.61082208,1.79,1.69997877,1.89813687,2.0,121.64255491,1.89813687,0.376,2940.26902971,1.0,1.36639056,6.91277464,6.05015386,1.0,86.55213416,14.0478499,3.27013835,2.01259936,1.44016388,2849.79946283,0.9104783,1013.45997252,7.33080903,4342.74770624,503.27656068,24.00620215,107.01725233,24.53671074,177.82419646,7.24061619,61.3911822,135.89974957,50.4053691,15.0,126.98088562,0.97050197,2.32749587,0.81744163,0.81744163,2.83892898,14.89506974,0.81744163,72.00466324,8651.14586412,7.71856281,208.82083219,7.78861548,25.44865904,130.68692792,400.32936632,16369.75425217,3.61547197,86.55213416,1308.96521951,42083.59036598,140.82020436,156.70132853,0.709,155.29999224,129.49658789,87.4498174,4031.2819878,477.45567098,900.0098361,1455.20218513,0.30842223,0.82661632,529.94504527,21868.44797877,90108.68238688,295.78969127,189.42638128,18.7993998,4.95976205,10.04576937,18.75274915,4703.49726695,59.72171149,2098.69431567,3429.83921714,8.02227394,39.8275117,46.95582124,15.44549563,1734.80043126,20.85611582,4.50039761,63.90386874,18.7993998,1559.44904531,36.76043768,11.36255872,138.54832876,1.78276943,0.38498995,1.0,3.76151854,4.01907893,58.51603966,278.66023352,4.13862173,7869.94627589,3.64,4.82933863,113.64165444,102.55097699,1387.847212,3.75,8.47261503,14.2767024,600.91614349,11.14497832,1.36639056,0.81744163,22.76483421,571.63165622,35.23589272,,24.05266221,13002.10631393,18.7993998,34.53742045,10.90684156,3.50787797,3.21129773,2.4313806,35.54372813,6.79055123,32.94612007,2522.07080014,42.22801251,3689.50870797,44.06495716,12984.06966068,54.69159089,25418.64137095,124.47363591,2.84528623,636.6075613,2.70586334,636.6075613,115.81169103,248.98544861,18.7993998,27.74935789,26.57884009
2025-01-18,3.6725,73.37322931,95.61249651,397.77851958,1.7923187,913.33174727,1038.13042171,1.61469956,1.79,1.70000003,1.90373614,2.0,121.51058717,1.90373614,0.376,2921.45770833,1.0,1.36826954,6.91360169,6.08507064,1.0,86.58420781,14.07551032,3.27432148,2.0150349,1.44791068,2834.136096,0.91496118,1008.82850735,7.32518914,4342.82786426,505.2853019,23.98118891,107.33294015,24.58926564,178.23273808,7.26466057,61.39782191,135.79254035,50.23804816,15.0,127.29270028,0.97336483,2.32953754,0.8217037,0.8217037,2.84213499,14.99265613,0.8217037,71.57148912,8648.36797784,7.71632157,209.12237677,7.78660818,25.46044431,130.70076467,402.10347105,16375.09444939,3.56326037,86.58420781,1310.05210621,42081.04627646,141.60228429,156.78373957,0.709,156.31667614,129.50562144,87.4500298,4027.98921438,478.86410691,899.99771063,1458.23619304,0.30863603,0.82025883,530.61927612,21806.23700816,89558.45467542,296.48646267,189.53334494,18.71161635,4.94644119,10.0467878,18.76603505,4700.05050838,59.83795697,2098.849539,3433.6217039,8.02020643,39.75888936,46.89497686,15.40414194,1735.82023588,20.79236169,4.50396514,63.60370955,18.71161635,1556.4731168,36.75262925,11.44986921,138.59967065,1.79139476,0.38499598,1.0,3.75333458,4.05040992,58.55821977,278.68954301,4.1473996,7878.34196591,3.64,4.84406857,113.8129215,102.16155984,1385.71339767,3.75,8.4997895,15.05336846,600.76719023,11.19312613,1.36826954,0.8217037,22.70814906,572.95536906,35.06261829,,23.81618149,13001.7579552,18.71161635,34.38562258,10.92017191,3.50070589,3.21378964,2.4074293,35.43454415,6.78968127,32.90455551,2525.80734435,42.32298852,3691.92185468,43.87346383,12964.88329072,55.01402924,25323.22630525,124.4838177,2.84116622,638.48547587,2.70234149,638.48547587,116.15332138,249.08760646,18.71161635,27.72224777,26.2333652
2025-01-19,3.6725,73.36882808,95.54586655,398.93821052,1.78749989,912.20820064,1041.50263225,1.61503166,1.79,1.70000005,1.90455929,2.0,121.68468042,1.90455929,0.376,2908.94996408,1.0,1.36947767,6.93493798,6.07147121,1.0,86.57453624,14.00560053,3.2750153,2.01770552,1.44800006,2828.49711179,0.91499047,1007.20778697,7.32491454,4338.92862714,503.65131098,23.91575535,107.37934947,24.59946069,178.28606458,7.26358708,61.45065246,136.46014938,50.40142709,15.0,127.29176954,0.9737857,2.32954203,0.82134486,0.82134486,2.84119987,14.84271597,0.82134486,72.5003462,8640.38266623,7.71593771,208.76923446,7.78588691,25.47120644,132.50130948,401.98665295,16364.89592785,3.5687219,86.57453624,1310.27378142,42002.58378336,140.90385557,156.8391664,0.709,156.29108306,129.61894226,87.449997,4031.00246794,479.07116129,899.99900695,1456.10781342,0.30950083,0.82000404,530.23144994,21717.06461682,89549.90710234,296.51975265,190.05005618,18.73053752,4.95549409,10.06133649,18.84998354,4699.12109228,59.74993274,2099.75917511,3434.50298497,8.01946352,39.98839356,46.84029671,15.45998748,1733.38782621,20.79355678,4.50626671,63.5814894,18.73053752,1548.3434244,36.62425457,11.44532417,138.58418889,1.79117183,0.38510204,1.0,3.7401677,4.052694,58.44766562,278.63956121,4.14492844,7924.07396337,3.64,4.84606933,113.76860749,102.50019017,1383.00276176,3.75,8.4997895,15.04756841,598.91185496,11.19521362,1.36947767,0.82134486,22.70504078,571.45141659,34.85996375,,23.8005715,13001.85441421,18.73053752,34.32613186,10.92984929,3.50639922,3.21150492,2.40617977,35.43892413,6.79495604,32.93699399,2519.68927174,42.29019868,3686.2138077,44.02152121,12956.2802423,55.04732231,25320.14875268,124.48324087,2.84090442,638.76154839,2.69999829,638.76154839,116.20354451,249.07643022,18.73053752,27.91739103,26.2333652
2025-01-20,3.6725,73.36958712,95.46171258,400.68456319,1.80006483,921.75451924,1043.48525025,1.61327454,1.79,1.70038779,1.90217723,2.0,121.50415961,1.90217723,0.376,2948.03604676,1.0,1.36742567,6.90478572,6.07139152,1.0,86.62094275,13.97617949,3.26996712,2.0108161,1.44664447,2828.51590629,0.91435493,1010.23807768,7.32231485,4342.82433719,501.76002285,23.97949041,107.24504832,24.57212061,177.95853464,7.25652289,61.28386999,135.65783503,50.33777677,15.0,127.28903035,0.97256777,2.33062483,0.82102612,0.82102612,2.84686614,14.90389617,0.82102612,71.49279373,8642.91859456,7.71389451,208.64443378,7.78603071,25.43565981,130.50508253,401.29568875,16362.48778237,3.56862004,86.62094275,1308.45620198,42011.50749878,141.15455925,156.78271804,0.709,156.08998245,129.54654955,87.44889858,4028.21574744,478.47197895,899.99574474,1457.96558197,0.30858808,0.8199558,530.37413016,21800.65309989,89673.19598863,296.18107261,189.97464713,18.75457809,4.94506866,10.0576552,18.75845518,4694.15880881,59.70914779,2098.8032213,3436.73200242,8.01961164,39.73987163,46.86745518,15.42683194,1734.29945649,20.78878469,4.5048084,63.89768551,18.75457809,1557.99199605,36.78218146,11.43053983,138.6584741,1.78795976,0.38409778,1.0,3.75240911,4.03743132,58.57094417,278.65805348,4.14281997,7879.87942953,3.64,4.83952023,114.01738073,102.70312389,1392.1350984,3.75,8.49980004,15.01510089,600.95926964,11.17920118,1.36742567,0.82102612,22.79339952,571.68181153,35.09793623,,23.88151818,13001.88630011,18.75457809,34.46756956,10.9181043,3.49964256,3.21712819,2.43341031,35.58726051,6.78635753,32.90272567,2524.45730017,42.13059335,3683.90565318,44.03245957,12969.42480863,54.84213415,25352.26018051,124.64877215,2.85310992,637.96263859,2.69984508,637.96263859,116.05820679,249.02524996,18.75457809,27.85431489,26.21477278
2025-01-21,3.6725,73.4356171,94.92034696,399.55793078,1.80010613,921.08891455,1045.77513166,1.60435324,1.79,1.70044245,1.88526659,2.0,121.72730313,1.88526659,0.376,2956.65433329,1.0,1.35958852,6.90892297,6.03115118,1.0,86.29462923,13.97539118,3.27013548,2.01181367,1.44431891,2849.8013334,0.90837675,1007.50323111,7.27721894,4322.87377149,502.2436782,23.99879956,106.29162409,24.30771398,178.05557235,7.19252017,61.32466871,135.43856908,50.32650485,15.0,127.29284588,0.9639215,2.3267431,0.81447249,0.81447249,2.84892184,14.96789333,0.81447249,72.05387478,8646.66346631,7.71776059,208.79742497,7.78219647,25.44769315,130.6479672,396.13538132,16309.56720094,3.56656038,86.29462923,1308.67574402,41932.34852127,140.64025059,157.64069472,0.709,155.63200773,129.44184315,87.44696294,4028.16008604,474.21829279,899.91635215,1440.68440122,0.30824357,0.8274582,530.24230552,21849.83918379,89716.89464481,296.70364201,190.20884449,18.6370788,4.94649984,10.02425069,18.75602707,4673.02124202,59.37012656,2098.64428004,3440.03994529,8.01566236,39.74801879,46.80914956,15.44196877,1734.37125582,20.73964922,4.4641034,63.90600978,18.6370788,1554.44738727,36.79800254,11.35508028,138.13612774,1.77334155,0.38493353,1.0,3.74600747,4.06084573,58.40212922,278.76246319,4.10255948,7889.21904544,3.64,4.79723706,112.89499554,101.00310617,1392.75058858,3.75,8.46951376,14.28410877,600.90390193,11.05725563,1.35958852,0.81447249,22.78763673,570.72730215,35.28255762,,23.82905566,13001.91246918,18.6370788,34.16406389,10.92099524,3.49738386,3.19912356,2.42468634,35.60095445,6.79110737,32.66708268,2520.4254566,42.17185932,3677.51066555,43.97088431,12974.58845685,54.91434748,25338.06283195,124.6190827,2.83238217,632.29105705,2.70656618,632.29105705,115.02643229,249.02041396,18.6370788,27.82763846,26.25068335
2025-01-22,3.6725,74.37995057,94.7279776,400.10544466,1.79891429,921.12786756,1046.16654014,1.59566438,1.79,1.69998443,1.87810032,2.0,121.63491332,1.87810032,0.376,2957.51431512,1.0,1.35361872,6.90951844,6.02263458,1.0,86.50529441,13.95272222,3.27002733,2.01154207,1.43340939,2849.96733578,0.90657553,1003.69764483,7.27419116,4308.86767866,501.89336779,23.96831705,105.8875886,24.15095825,177.85800593,7.16448635,61.41807056,135.30475413,50.29645844,15.0,126.70873797,0.96025745,2.31428006,0.81054226,0.81054226,2.85192787,15.02934557,0.81054226,72.17002316,8644.27511993,7.72281941,208.66246592,7.78752364,25.44241703,130.51422554,395.22287396,16306.87970644,3.55540106,86.50529441,1309.97266066,42104.79813402,140.10767685,157.66554956,0.709,155.6721948,129.38759744,87.4503531,4032.08397471,472.41569524,900.03553506,1431.03558685,0.30818011,0.82516246,527.2983527,21848.03937046,89982.79679344,296.88826391,193.39177349,18.50200899,4.93950215,10.01666754,18.75655479,4690.96138376,59.02281043,2098.78042615,3437.05510271,8.02114935,39.69981524,46.53033196,15.44358579,1733.7597548,20.64601899,4.46344372,63.90628503,18.50200899,1554.72999294,36.78965178,11.3135968,138.47335003,1.76713184,0.38487961,1.0,3.7385291,4.05890191,58.44516085,278.59181898,4.08194843,7880.95285206,3.64,4.77873509,112.46562398,99.50009742,1393.7480446,3.75,8.48372659,15.10588739,600.94106623,10.99433007,1.35361872,0.81054226,22.74864902,570.19427189,35.24325742,,23.75253236,13001.93905236,18.50200899,33.92446121,10.89994483,3.50712929,3.19153056,2.41980648,35.64114743,6.7894868,32.75276182,2523.49403731,42.15358916,3675.66249485,43.76423571,12974.97766693,55.23124755,25215.88508679,122.47453876,2.83163927,629.88759366,2.70538091,629.88759366,114.58919406,249.03075457,18.50200899,27.92304464,26.28651788
2025-01-23,3.6725,75.14859263,94.41942544,400.5182084,1.79895298,921.02551709,1047.27565772,1.59246051,1.79,1.69998656,1.87853914,2.0,121.74202868,1.87853914,0.376,2948.83764729,1.0,1.35454097,6.90855208,5.94470095,1.0,86.49015334,13.87783404,3.27017959,2.01087862,1.43871197,2852.6796582,0.90593585,991.38204566,7.27413901,4257.78685847,502.96890071,23.98046075,105.91232904,24.15263382,177.83116215,7.16565284,61.39506167,135.17644195,50.31648481,15.0,126.09441454,0.96048181,2.31349889,0.81167295,0.81167295,2.86314599,15.09900081,0.81167295,72.24938837,8650.39299545,7.72083777,208.60826984,7.78796422,25.46754806,130.56162436,394.60944707,16241.87838374,3.53495837,86.49015334,1308.5609665,42088.25469633,140.32749916,157.64221443,0.709,156.41063584,129.40041637,87.45107658,4025.96176321,472.52607432,899.99026112,1437.09850759,0.30832502,0.82652488,525.83557054,21829.98659493,89830.45920165,297.53397487,194.72505541,18.49922596,4.92956556,9.99802786,18.7542303,4706.07496059,59.06951658,2098.95201674,3436.59910811,8.02160314,39.82262092,46.44739331,15.44192358,1734.07968207,20.48910683,4.43966565,63.90533109,18.49922596,1556.62634224,36.79783247,11.27951492,138.44911296,1.76359361,0.3849085,1.0,3.72422416,4.01005832,58.64164528,278.64403061,4.05673804,7879.75642584,3.64,4.77909423,112.52364921,99.25141238,1391.48094373,3.75,8.46836578,14.33234056,600.86031579,11.00577613,1.35454097,0.81167295,22.68894441,570.81734344,35.1832054,,23.74774769,13001.81733102,18.49922596,33.86563208,10.94596043,3.49825267,3.18909008,2.4214916,35.66860603,6.79094655,32.75533835,2527.30698868,42.07360776,3679.29561487,43.75973671,12979.38259896,55.68917919,25074.64370178,122.51940285,2.82988162,630.03476576,2.7058086,630.03476576,114.61596762,248.94904064,18.49922596,27.95351343,26.26436453
2025-01-24,3.6725,75.12113685,94.38178332,400.25687013,1.79868259,921.02244522,1046.96975955,1.5923376,1.79,1.69998657,1.87812806,2.0,121.86816309,1.87812806,0.376,2952.77462386,1.0,1.35608586,6.91013912,5.92503277,1.0,86.45130012,13.89317485,3.27024833,2.01212667,1.43829065,2852.14378684,0.90739192,987.56256819,7.28467192,4223.57994643,503.26647433,23.99007715,105.88915265,24.10680023,177.86583649,7.16478363,61.40143467,135.15462946,50.29318761,15.0,126.11512396,0.96027163,2.314783,0.80964295,0.80964295,2.86463391,15.18826298,0.80964295,72.27770468,8650.81530843,7.72390076,208.69062541,7.78845535,25.47819044,130.6493045,393.84419009,16225.40720224,3.577485,86.45130012,1310.42143593,42069.35082088,140.10978974,157.38212034,0.709,156.2999318,129.38872077,87.44880288,4029.32470252,472.42267323,900.01795406,1437.33637034,0.30822048,0.82721308,524.54165621,21796.88289997,89731.58790703,297.82018174,197.09171948,18.51741164,4.91973988,10.01041965,18.75084552,4707.08617431,59.04039321,2098.67443884,3442.1717984,8.02210901,39.84176453,46.47588417,15.44489796,1735.82630279,20.37891117,4.4443452,63.90298286,18.51741164,1557.42525065,36.79782239,11.27786151,138.38691866,1.76189173,0.38491375,1.0,3.7154632,4.01141037,58.57003019,278.79251797,4.04869234,7888.03303603,3.64,4.7780391,112.4397248,99.87982669,1393.48283205,3.75,8.46247552,14.28480485,600.80242638,11.01006527,1.35608586,0.80964295,22.70289189,571.04539746,35.19526786,,23.74412533,13001.86628696,18.51741164,33.98329996,10.9500694,3.50803846,3.18991684,2.42031729,35.68133658,6.79482141,32.78085906,2531.19172993,42.03278746,3684.30704318,43.47612205,12984.86299624,56.20894797,25152.31678086,122.34107691,2.82764093,629.89689764,2.70641675,629.89689764,114.59088664,249.00840941,18.51741164,27.8151745,26.27982692
2025-01-25,3.6725,75.73687602,94.1902265,402.02491811,1.79144656,912.97663604,1045.30777209,1.58350637,1.79,1.70000004,1.86250073,2.0,121.97042254,1.86250073,0.376,2923.42044306,1.0,1.3459532,6.91225695,5.91315014,1.0,86.18799385,13.98611562,3.27432586,2.0148268,1.43460915,2841.50458492,0.90549879,981.80387275,7.24394551,4177.64557638,501.33393772,23.98769619,105.00808108,23.90905823,178.37505771,7.11086113,61.594214,134.79985929,50.24478041,15.0,127.56299581,0.9522815,2.30465357,0.80128185,0.80128185,2.86431889,15.19430319,0.80128185,72.49154453,8655.00503606,7.72029551,209.08434974,7.78745251,25.49943195,130.5698251,388.78095101,16175.47956523,3.57386821,86.18799385,1310.39262971,42086.66278968,139.43016747,157.25780513,0.709,155.92726468,129.49528217,87.44995994,4028.625339,468.49178724,900.10530034,1429.5321653,0.30806428,0.82011405,518.08450974,21789.0246674,89568.08471997,298.34674221,197.26273015,18.3996909,4.91999779,10.0133812,18.75793314,4702.76930355,58.58569563,2098.82898095,3444.49451667,8.02107609,39.82041875,46.35913639,15.4103531,1735.96645077,20.27101679,4.39183831,63.60491597,18.3996909,1557.8541143,36.79616193,11.19569426,137.96543115,1.75197852,0.38492833,1.0,3.72020968,3.99736396,58.29775011,278.69315993,4.01549216,7896.37242949,3.64,4.74020266,111.58785964,97.7123776,1391.87142661,3.75,8.43990654,14.34817612,600.94467345,10.92439616,1.3459532,0.80128185,22.71466069,571.93913697,35.09798431,,23.67438782,13001.85851148,18.3996909,33.59378473,10.9031771,3.50006788,3.1859494,2.39688259,35.66229698,6.79124667,32.74971342,2533.16871059,42.08690895,3678.01940208,43.94792036,12975.7173727,56.57925548,25084.60135575,123.50685943,2.82427165,624.65571632,2.70250398,624.65571632,113.63741058,248.99267312,18.3996909,27.80313007,26.29286553
2025-01-26,3.6725,76.91652487,93.9497818,398.97644164,1.78750084,912.18078226,1046.00285545,1.58403258,1.79,1.70000005,1.86249952,2.0,121.99543364,1.86249952,0.376,2908.99847861,1.0,1.34606773,6.93490484,5.91131429,1.0,86.18391424,13.80900007,3.26615543,2.01770953,1.43846227,2836.70996101,0.90582293,982.12737824,7.24384986,4186.02653899,506.96779468,23.87194711,105.00801286,23.89989649,178.40620067,7.11142641,61.51967372,135.42444194,50.29718101,15.0,126.19928656,0.95228088,2.33397164,0.80148231,0.80148231,2.88339996,15.14276214,0.80148231,72.50029446,8682.42110797,7.72745504,208.89581896,7.78719824,25.50250696,132.48346916,388.81095555,16220.1553512,3.5751394,86.18391424,1310.39364822,42002.62283965,139.44878024,156.93782523,0.709,155.98885314,129.38181964,87.44999692,4016.76295714,468.49148289,900.00000996,1428.72810717,0.30889959,0.82000575,517.73501371,21722.11749215,89549.94818424,298.34659415,195.30705034,18.40472051,4.91880059,9.97400675,18.48005575,4693.65339382,58.53000994,2100.0604525,3442.44109836,8.02081419,39.98130522,46.31992679,15.460028,1733.30841182,20.2749501,4.37800094,63.74871582,18.40472051,1550.24042653,36.62446365,11.19452161,137.95890071,1.75671618,0.38489784,1.0,3.72026025,3.9867519,58.30938595,278.69351839,4.01518361,7937.39305786,3.64,4.73981687,111.99588849,97.80239475,1385.19254857,3.75,8.43880662,14.87285045,598.96291837,10.92776411,1.34606773,0.80148231,22.71492579,571.45129045,34.86004885,,23.35715578,13001.95388899,18.40472051,33.71390973,10.9212506,3.50626047,3.18299369,2.39638816,35.67794721,6.80452869,32.77388333,2510.21639311,42.03420781,3686.49982251,43.43849212,12978.04409183,56.58046359,25065.11546273,123.50491795,2.82408756,624.65531052,2.70000009,624.65531052,113.63733675,249.62037917,18.40472051,27.73795117,26.29286553
2025-01-27,3.6725,75.73211701,93.75169646,400.1233747,1.79814117,921.14806435,1049.02482075,1.58928435,1.79,1.69998022,1.86898637,2.0,121.85964476,1.86898637,0.376,2957.60356651,1.0,1.34801442,6.89441345,5.91370817,1.0,86.25631474,13.80857554,3.26997377,2.01035503,1.4378205,2854.9999143,0.90660763,980.94148925,7.25554437,4210.06900639,504.12714331,23.95228938,105.37374286,23.97114249,177.89064864,7.13154943,61.46947387,134.7799983,50.42706066,15.0,128.12604249,0.95559756,2.32035779,0.80312361,0.80312361,2.87495823,15.18770382,0.80312361,72.49477945,8639.83016091,7.72538534,208.39253449,7.79188942,25.47488731,130.38814827,390.28125708,16172.54127582,3.57942928,86.25631474,1308.77791756,42089.97701249,139.8197768,157.01192029,0.709,155.5641537,129.10399305,87.45032236,4023.43751705,470.12318113,899.95331466,1429.64433084,0.30806079,0.82656022,517.59042548,21802.64991693,89667.44795283,298.03343429,197.84830191,18.51784851,4.91072805,9.97654529,18.67263661,4682.74949771,58.57276907,2098.7017847,3446.14373174,8.0256461,39.71006927,46.34081844,15.4419057,1734.2919294,20.44206305,4.37859446,63.90697235,18.51784851,1545.124791,36.76588404,11.24321147,138.07479583,1.75856499,0.38488579,1.0,3.71447158,4.0095727,58.33126759,278.27497203,4.02690603,7893.60694311,3.64,4.75512304,111.52890918,98.1447211,1391.7608609,3.75,8.4666768,14.34194374,601.00778201,10.96578449,1.34801442,0.80312361,22.69902386,568.97049117,35.22975472,,23.6640573,13001.86522431,18.51784851,33.67167256,10.90305162,3.49961675,3.17030644,2.41522691,35.67511665,6.7933636,32.78687477,2538.35987604,41.86926051,3687.20270837,43.4971436,12953.32467852,56.5818829,25088.84096496,122.20994782,2.81940589,626.83090818,2.7058312,626.83090818,114.03312163,248.88386042,18.51784851,27.86071547,26.28950904
2025-01-28,3.6725,75.72460295,94.24631558,401.33288817,1.79978492,921.08243465,1049.77004869,1.59485277,1.79,1.69998114,1.87144515,2.0,121.92513484,1.87144515,0.376,2940.89582532,1.0,1.34948547,6.8946444,5.8929092,1.0,86.44646826,13.79836243,3.269979,2.01132781,1.43861578,2854.99888128,0.90421302,987.34075937,7.25060168,4195.0210719,505.32629726,23.98970535,105.5123688,24.01451883,177.89272888,7.13967042,61.59450785,134.81820258,50.25263285,15.0,128.43442233,0.95685471,2.32615545,0.8025684,0.8025684,2.87679829,15.20986656,0.8025684,72.34924536,8650.39778582,7.72856096,208.68233891,7.78984421,25.50841953,130.59553733,391.21221791,16187.29247596,3.61088207,86.44646826,1309.64090686,42091.87454137,139.98931713,157.27322893,0.709,155.39562229,129.24627317,87.45006818,4022.56506014,470.74165843,899.96533197,1438.75263692,0.30834198,0.82729291,516.86817829,21783.262038,89701.07153538,298.36421044,197.25309583,18.79555552,4.90997597,9.99287369,18.57837689,4696.36892572,58.64912986,2099.07460873,3444.14815569,8.02353954,39.79960472,46.29231732,15.44793111,1735.96809052,20.72498299,4.38970008,63.90479281,18.79555552,1551.47896761,36.78156183,11.28495935,138.37918407,1.76448584,0.38498942,1.0,3.73519767,4.06347897,58.44178415,278.63983972,4.03346764,7908.41214516,3.64,4.7597094,112.03399192,97.37435434,1391.88085985,3.75,8.46305022,14.35668409,600.97449585,10.9813578,1.34948547,0.8025684,22.69923682,570.36852452,35.18494996,,23.61709925,13001.76286013,18.79555552,33.84880297,10.91444786,3.49992366,3.17697129,2.41701463,35.76302933,6.79157949,32.9714025,2538.02084428,41.95910999,3689.25107456,43.26152412,12959.95536295,56.78522202,25074.74264099,122.14951551,2.82663681,627.65554457,2.70645168,627.65554457,114.18313954,249.05351045,18.79555552,27.82198038,26.28612392
2025-01-29,3.6725,76.26674799,94.93086132,400.97928338,1.79890282,921.14977201,1050.25505293,1.60518837,1.79,1.69998851,1.87484754,2.0,121.68012873,1.87484754,0.376,2946.16481299,1.0,1.35167553,6.92203866,5.8587263,1.0,86.58813948,13.80982644,3.27007869,2.01339292,1.44033343,2854.99945819,0.90411654,994.50754703,7.250711,4218.0096573,506.1181974,24.00941007,105.70419641,24.04678567,178.01702455,7.15285643,61.59584602,135.09635351,50.22281681,15.0,126.79849525,0.95859433,2.32310376,0.80389399,0.80389399,2.87280818,15.21905263,0.80389399,72.49014768,8647.09888018,7.7350452,208.99049137,7.79101866,25.52646752,130.78876982,390.73146488,16247.22852543,3.62194557,86.58813948,1312.1041621,42087.25570756,139.86094625,157.52856728,0.709,155.67077143,129.49518867,87.45244693,4030.80756773,471.59749407,900.02471377,1447.59873496,0.3083831,0.82695849,517.06787816,21776.24026464,89734.3752747,297.56601063,197.71920679,18.6963419,4.90997854,10.00940588,18.59981574,4702.42881156,58.9910485,2098.65967329,3449.22382852,8.02474922,39.87656596,46.36331908,15.44529893,1736.13340299,20.55441915,4.39229586,63.90576544,18.6963419,1552.67603238,36.79918597,11.28492444,138.60596428,1.76761946,0.3850034,1.0,3.73612994,4.06628799,58.48345042,278.834267,4.02797537,7922.59237678,3.64,4.76883438,112.24027645,98.00077348,1394.03209148,3.75,8.46313912,14.3075536,600.95334259,10.99628481,1.35167553,0.80389399,22.69916115,570.83978624,35.40229021,,23.64492144,13001.9885571,18.6963419,33.79961299,10.9231426,3.49690857,3.18838731,2.42153987,35.76010312,6.79760272,32.85935191,2549.71696839,41.98308924,3690.12337268,43.47595629,12957.22102499,57.2260185,25117.151326,122.44673521,2.83390295,628.79665876,2.70634035,628.79665876,114.39073111,249.13262987,18.6963419,27.86664534,26.81942822
2025-01-30,3.6725,76.2715698,95.59967976,400.08052668,1.80034316,921.15122597,1051.17067507,1.60298334,1.79,1.69971188,1.87661644,2.0,121.69168108,1.87661644,0.376,2950.45156475,1.0,1.34937254,6.91784649,5.85722333,1.0,86.58921801,13.8383671,3.269947,2.01219797,1.44120927,2854.99305961,0.90658987,991.74515173,7.25062993,4168.13136043,506.45091828,24.01559977,105.80392706,24.10860394,177.91724517,7.16012449,61.59686416,135.16816232,50.21554326,15.0,126.69738384,0.95949875,2.33497603,0.80317418,0.80317418,2.87770413,15.27910648,0.80317418,72.49693142,8644.12549464,7.73791575,208.92769747,7.79293992,25.52924391,130.76098225,391.71194742,16247.78203883,3.6026788,86.58921801,1311.40802009,42109.98489439,139.7993846,157.50902118,0.709,154.65098227,129.49647917,87.44928856,4031.94664595,472.04244071,900.04793939,1442.54340089,0.30834922,0.82728234,517.46213457,21792.05834709,89726.10062031,297.47765694,197.96778886,18.52724631,4.90993157,9.98609506,18.59918874,4697.40715373,59.0326017,2098.6775858,3449.64961271,8.02672812,39.80015708,46.37111286,15.44775985,1735.80437658,20.50890103,4.39011617,63.90726821,18.52724631,1553.87925277,36.78607454,11.2871902,138.60769073,1.76641284,0.38499963,1.0,3.72210402,4.0455988,58.37896535,278.7407586,4.03137084,7916.36456211,3.64,4.77351941,112.39057709,99.24854895,1393.88552804,3.75,8.46636936,14.29212977,600.93382005,10.99650881,1.34937254,0.80317418,22.86984886,570.384332,35.40228342,,23.67074016,13001.98434788,18.52724631,33.75353267,10.90675039,3.49822392,3.18312729,2.41529076,35.80972931,6.78070753,32.86454704,2545.18596638,41.95901092,3689.90901998,43.38417627,12969.05233617,57.32110721,25090.26146412,122.48019935,2.8388279,629.38992095,2.70645586,629.38992095,114.49865741,249.04502817,18.52724631,27.94710589,26.34028903
2025-01-31,3.6725,76.24708186,96.17854233,399.32804334,1.7996424,921.15506043,1051.24996573,1.60927953,1.79,1.69998513,1.88220816,2.0,121.84898042,1.88220816,0.376,2944.66132193,1.0,1.35335367,6.91638875,5.87719511,1.0,86.64447308,13.8332703,3.27008464,2.01210092,1.4485585,2854.97997068,0.90987698,984.33133321,7.25065185,4164.33581679,505.17209512,23.98630433,106.11918909,24.1759482,177.92385363,7.18101278,61.7965536,135.11423389,50.22966753,15.0,127.33187735,0.96235775,2.32511757,0.80492513,0.80492513,2.86492992,15.30722782,0.80492513,72.51811541,8644.8593901,7.73431235,208.93761492,7.79180966,25.53518244,130.76310154,392.21704055,16275.96209383,3.5829279,86.64447308,1309.38350913,42086.25114072,140.79210868,157.52413636,0.709,153.98407845,129.49715699,87.45013838,4020.7005967,473.44897696,900.03529004,1452.64121976,0.3084824,0.82533037,518.08986777,21746.32302892,89843.1093411,297.52487819,197.71600235,18.55463567,4.90997391,10.03127334,18.6012499,4704.83306796,59.21300298,2098.84176804,3448.58223889,8.02556395,39.8635751,46.37866041,15.44683934,1736.0061692,20.68530649,4.40777349,63.90613467,18.55463567,1526.73290385,36.78957705,11.32909396,138.69614029,1.77536425,0.38500513,1.0,3.71849209,4.06558784,58.40333879,278.59502629,4.04534561,7918.60170318,3.64,4.78880269,112.7372748,98.47689856,1394.04017156,3.75,8.46963721,14.36216962,600.9562299,11.05413554,1.35335367,0.80492513,22.86860797,570.17828284,35.23324086,,23.76892775,13001.86376836,18.55463567,33.64865539,10.89373642,3.50811244,3.18682414,2.42202147,35.86325738,6.78676856,32.9190804,2546.5405183,41.92387717,3686.8172142,43.27755133,12977.67191604,57.8954917,25079.39086791,122.95592216,2.835625,631.26530261,2.70524459,631.26530261,114.83982697,248.95509576,18.55463567,27.92824942,26.33803374
2025-02-01,3.6725,75.49691534,96.01074389,399.68912341,1.79160976,912.9140588,1050.92675593,1.60936521,1.79,1.70000004,1.88738233,2.0,121.91884993,1.88738233,0.376,2958.17664262,1.0,1.35718755,6.90884283,5.84198982,1.0,86.69381164,13.90832902,3.27435922,2.01472208,1.45420712,2844.24977489,0.91093042,983.30114431,7.25061235,4203.89655971,505.04707381,23.99403551,106.41090967,24.31667442,178.36792616,7.20156644,61.75641087,135.37520738,50.22731762,15.0,128.02702745,0.96500326,2.32155477,0.80702838,0.80702838,2.8730665,15.29977205,0.80702838,72.49504975,8641.94943879,7.73484413,209.29854123,7.79376979,25.46596672,130.79061593,393.52399758,16359.3130205,3.57396872,86.69381164,1309.20727454,42098.57044702,141.56527167,157.66717169,0.709,155.2019506,129.19787233,87.45090939,4021.81100015,474.75048342,899.96863344,1457.76026,0.30848545,0.82022747,518.7237031,21753.32536239,89574.19921991,297.893817,198.80708377,18.67081622,4.90741972,10.0344412,18.6482402,4648.79490411,59.34029884,2098.82418231,3450.10736712,8.02758289,39.96213539,46.64938593,15.41019935,1733.63838995,20.67537254,4.4549961,63.58445483,18.67081622,1502.74841713,36.78074206,11.3253056,138.77511898,1.77398138,0.38504788,1.0,3.7187742,4.01071554,58.42138513,278.82897442,4.06582564,7887.15169632,3.64,4.79956656,113.04240792,98.5697192,1418.7056304,3.75,8.45376663,14.34635265,600.94273567,11.0965305,1.35718755,0.80702838,22.72287632,571.09946262,35.0973198,,23.69773039,13001.83866435,18.67081622,33.79078796,10.93083048,3.50783208,3.19381836,2.40079861,35.71275758,6.78109722,32.945382,2549.84537618,41.71780513,3681.52971102,43.29143109,12972.65870543,58.37065645,25074.94223245,124.28778176,2.8321907,633.00064456,2.70249665,633.00064456,115.15552049,248.91181201,18.67081622,27.96392509,26.74925573
2025-02-02,3.6725,75.15831185,96.02406033,397.35045514,1.78750051,912.17401755,1050.5007831,1.60803029,1.79,1.70000005,1.88751692,2.0,121.74439035,1.88751692,0.376,2913.46326171,1.0,1.35833489,6.92508776,5.84073149,1.0,86.59415713,13.9073016,3.27515393,2.01779817,1.45307663,2839.71997072,0.91086808,982.14397489,7.25062296,4189.56511712,509.95438708,23.91494982,106.41849764,24.31379089,178.4067514,7.20091618,61.62966027,135.79629943,50.22743264,15.0,128.04855503,0.96507207,2.32160099,0.80646486,0.80646486,2.85629988,15.28277036,0.80646486,72.49381039,8631.39339926,7.73362297,208.98413651,7.79209517,25.52641786,132.67921552,393.47663678,16297.2309571,3.5764602,86.59415713,1310.39698259,42002.62387735,141.14598599,157.03295982,0.709,155.16590604,129.28515834,87.44999767,4016.39692213,474.78433703,899.99999982,1456.20025649,0.30945245,0.82000364,518.32145489,21707.79478675,89550.00141815,297.8999768,196.88965809,18.67607947,4.90849967,10.04618888,18.51100762,4692.10306584,59.24000225,2100.07214612,3449.00377518,8.02585802,40.04180635,46.63059137,15.45970819,1733.30523487,20.68135258,4.45457656,63.68377088,18.67607947,1481.13248476,36.62446363,11.32012035,138.61559703,1.77414753,0.38500023,1.0,3.72927165,4.01766265,58.4149595,278.86500714,4.06467339,7927.74786353,3.64,4.80125772,112.74178147,98.57091892,1388.80394577,3.75,8.45320893,14.98005422,598.91256512,11.09755725,1.35833489,0.80646486,22.72002685,571.25183445,34.8600109,,23.59969738,13001.92616016,18.67607947,33.73272121,10.92827877,3.50370514,3.18652403,2.40039375,35.83473986,6.77371455,33.00198031,2520.51929902,41.90055669,3683.62882946,43.27918913,12958.32378318,58.37060028,25065.1018786,124.28722206,2.83208351,633.0457827,2.70000005,633.0457827,115.16373203,249.32759906,18.67607947,28.09767353,26.74925573
2025-02-03,3.6725,76.25561556,96.21839948,398.15126972,1.79996308,921.0654152,1064.68285358,1.63214405,1.79,1.70051417,1.90938925,2.0,122.01201693,1.90938925,0.376,2953.03384207,1.0,1.36847627,6.91649186,5.84517202,1.0,86.78500309,13.92448349,3.2700025,2.02649536,1.47346326,2856.9981591,0.91544057,986.59818265,7.25084611,4182.51542003,504.78231905,24.02346562,107.65166351,24.59989574,177.92350729,7.28423091,61.85732549,135.52787599,50.57695828,15.0,128.26376982,0.97625522,2.33868416,0.81304756,0.81304756,2.84793311,15.30889001,0.81304756,72.5248824,8643.98125619,7.73953855,209.04576348,7.79408211,25.48961885,130.97042858,398.67623097,16353.83856431,3.58784688,86.78500309,1308.71085742,41923.73367491,142.68251717,157.90652761,0.709,155.69532261,129.1606034,87.45018747,4019.82330149,480.2860858,899.93570872,1470.93760462,0.30897692,0.82655843,518.76836781,21820.42305346,90174.21106005,298.16726562,199.1063939,18.9705353,4.91556712,10.03050641,18.69165686,4654.48096532,59.35701502,2098.96911636,3447.71069074,8.02790458,39.91488075,46.64998125,15.44191134,1736.26274079,21.24913349,4.4983217,63.90765511,18.9705353,1494.59081067,36.82218184,11.45822951,138.92109369,1.80096673,0.38500285,1.0,3.7231457,4.03829484,58.60807956,279.2148566,4.12322594,7891.57404403,3.64,4.85772265,113.03350329,99.39661062,1421.19417295,3.75,8.4741052,14.34846312,600.9808029,11.22822318,1.36847627,0.81304756,22.91799175,570.69523054,35.23466431,,23.97053337,13002.20812597,18.9705353,34.03395731,10.93096083,3.5061303,3.1981464,2.43307515,35.89043871,6.78538058,33.02431033,2550.05067744,41.7276702,3679.7742472,43.67702925,12963.99766222,58.37069105,25077.65995917,122.94788662,2.84623539,640.38144774,2.70583002,640.38144774,116.49823671,248.83313739,18.9705353,28.02261668,26.74258557
2025-02-04,3.6725,75.39679635,96.47149715,396.97437271,1.80016142,921.09662487,1053.3724362,1.61283156,1.79,1.69999251,1.89676056,2.0,122.01235915,1.89676056,0.376,2952.11821238,1.0,1.36145436,6.91775906,5.80759628,1.0,86.99605589,14.01204328,3.27038263,2.0048489,1.44575632,2856.84091095,0.91248167,985.95031766,7.25075257,4163.64690733,506.6577329,24.02617435,106.93965561,24.46330698,178.02410392,7.23563324,62.09540378,135.71835521,50.36470855,15.0,127.56218354,0.96979827,2.32807369,0.80571145,0.80571145,2.84045237,15.37044397,0.80571145,72.52422351,8654.88445011,7.73392816,209.03660984,7.7917122,25.48936416,131.03811231,396.23092486,16329.10089567,3.57799297,86.99605589,1310.42334191,41910.34537465,141.78450992,157.87594116,0.709,155.33569049,129.00989232,87.45156039,4011.05513839,477.10947452,900.02305976,1460.24947879,0.30887063,0.82703482,520.68015458,21858.4669331,90032.94491871,297.77882025,199.08126397,18.76531815,4.93024695,10.06567254,18.68976979,4733.62706253,59.59067053,2098.97116653,3453.52034426,8.02546357,40.21526624,47.29323022,15.44341183,1740.66200571,20.43490372,4.457137,63.90681557,18.76531815,1481.44247532,36.79937287,11.38606959,139.25893646,1.78226984,0.38499972,1.0,3.71632916,4.03946555,58.51262497,279.25229613,4.10424041,7893.22107436,3.64,4.82605797,113.56022317,99.7570407,1419.77869928,3.75,8.47103774,14.48725881,600.73487495,11.10890418,1.36145436,0.80571145,22.88184101,570.74533386,35.28417972,,23.88940694,13002.01816174,18.76531815,33.90333943,10.89563523,3.49602108,3.20922436,2.4337809,36.00342935,6.78640101,32.97172989,2563.96775034,41.74272673,3685.1807176,43.13800829,13010.92354691,58.46632202,25251.06747761,122.53160594,2.85118141,636.14596603,2.70626784,636.14596603,115.72771759,248.82311598,18.76531815,27.93977709,26.36795986
2025-02-05,3.6725,74.64481607,95.77385679,398.63013588,1.80091894,921.09037348,1053.62958321,1.60044571,1.79,1.69997949,1.88486846,2.0,122.0304601,1.88486846,0.376,2944.48145031,1.0,1.35303193,6.91681466,5.75823746,1.0,87.13560197,14.00103809,3.27006061,2.01266361,1.43289973,2854.98989223,0.90566914,975.81020772,7.28111421,4164.84805338,508.1040947,24.01408035,106.26917751,24.24532335,177.94149155,7.18923856,61.96963541,135.67569013,50.27347445,15.0,126.95614062,0.96371794,2.32787707,0.80146858,0.80146858,2.82992053,15.36511567,0.80146858,72.30472238,8651.81795947,7.7350493,209.04897272,7.78927639,25.4824601,130.97815085,392.55829132,16303.79790415,3.56373237,87.13560197,1310.04825964,42098.61528054,141.47869813,157.90086539,0.709,153.64285103,128.99382518,87.44917152,4013.96580373,474.11814776,900.00269605,1451.26448779,0.30849818,0.82695474,521.58280079,21786.69185921,89818.3709188,299.5705827,198.46441349,18.69690658,4.92980987,10.05019927,18.76037967,4676.68963175,59.27965457,2098.82139043,3454.86163192,8.02295468,40.0610631,46.9886529,15.44527369,1739.9994348,20.48665761,4.42484744,63.90600854,18.69690658,1491.55337922,36.79926901,11.24646118,139.48231485,1.76876025,0.38499998,1.0,3.71969091,4.01006926,58.0296487,279.2753407,4.05735324,7890.45615784,3.64,4.7962403,112.82035861,100.70575803,1401.7793314,3.75,8.46774903,14.36158816,600.96811102,10.97681248,1.35303193,0.80146858,22.83921979,570.47477581,35.361215,,23.78051091,13001.8489149,18.69690658,33.67073718,10.89887511,3.49833238,3.1941534,2.42393938,35.96271532,6.78090318,32.88421112,2555.7941893,41.74720792,3681.67551294,43.5161691,12966.51874245,58.71922546,25198.32710667,122.44003239,2.8337655,632.15753034,2.70640149,632.15753034,115.0021411,248.66966383,18.69690658,28.07758969,26.88252644
2025-02-06,3.6725,74.30368973,95.39447648,394.1876333,1.79810587,921.15654295,1053.85185709,1.59134872,1.79,1.69999788,1.88009321,2.0,121.8083115,1.88009321,0.376,2938.9641852,1.0,1.34801074,6.92144604,5.80423916,1.0,87.39002284,13.92885905,3.27084214,2.01489985,1.43167825,2856.66806545,0.90099365,970.70033517,7.2743249,4176.4784979,508.80385949,24.01833136,105.99994816,24.20110715,177.87412243,7.17112438,61.97984638,135.16974772,50.31831825,15.0,127.38494501,0.9612764,2.31961779,0.79942347,0.79942347,2.81338373,15.39466498,0.79942347,72.27616123,8648.0585311,7.73269768,209.02285184,7.78602258,25.47756014,131.52294009,390.54150272,16302.14587384,3.54416153,87.39002284,1309.8068762,42224.22878832,141.12432862,157.92401794,0.709,151.88614808,129.08976589,87.45050816,4013.82162289,472.91698557,899.99553658,1445.13745637,0.30846198,0.82532271,519.14892408,21719.1990857,89808.4702503,299.16233181,198.16002023,18.54625239,4.91843183,10.01580532,18.74244316,4696.44512895,59.11939318,2098.88240079,3458.96083391,8.01960326,40.10622087,46.76590544,15.44018342,1735.24954765,20.58754643,4.41649989,63.84138535,18.54625239,1497.59192066,36.76937549,11.21695705,139.88957906,1.75783764,0.38501286,1.0,3.7155829,4.07173364,57.96750865,278.83884887,4.03921991,7895.30425882,3.64,4.78358524,112.53779136,97.87621247,1400.9767063,3.75,8.49293904,14.53059434,600.56896283,10.90831265,1.34801074,0.79942347,22.81003702,569.38170802,35.17718473,,23.69348536,13001.83159198,18.54625239,33.58375997,10.91884083,3.49722848,3.18580968,2.42158231,35.91770368,6.78552276,32.84124928,2547.97380767,41.74405732,3681.09166984,43.53905904,12989.55135114,59.32032615,25120.1826262,122.65812412,2.82951257,630.55598075,2.70525887,630.55598075,114.71078709,248.62230581,18.54625239,28.07678237,26.37613865
2025-02-07,3.6725,74.04770347,95.26598311,399.28653343,1.79696572,919.84848785,1053.86183244,1.59051288,1.79,1.69999978,1.88435342,2.0,121.95136331,1.88435342,0.376,2948.2320161,1.0,1.35139226,6.92387296,5.76264576,1.0,87.57398292,13.9634838,3.2709417,2.01378062,1.4307678,2856.62090503,0.90579464,962.65442483,7.29005626,4137.91014655,509.56389634,23.96587259,106.24013947,24.17447223,177.91206856,7.18886886,62.04739867,135.3441361,50.30352946,15.0,127.40189956,0.96345461,2.31020938,0.80458905,0.80458905,2.8002436,15.39654622,0.80458905,72.28799649,8645.6492911,7.73398225,209.37242521,7.78845512,25.54547749,131.27372023,389.96125704,16336.87285925,3.55331662,87.57398292,1309.91674005,42066.81859315,141.43937415,157.69977245,0.709,151.62924133,129.09293093,87.69307399,4014.68592611,473.98859506,899.9859301,1447.99819369,0.30871386,0.82527802,517.07156968,21729.20988489,89995.62304147,298.47458145,198.24687837,18.43255177,4.90986142,10.01472656,18.70518683,4708.207738,59.25465221,2098.8699262,3458.9474384,8.02210878,40.10447107,46.65697543,15.4399256,1735.18233329,20.45028037,4.43866345,63.82327868,18.43255177,1498.30348644,36.79867759,11.20909025,140.18405315,1.75953403,0.38501738,1.0,3.71435661,4.01218182,58.04766923,279.05680729,4.0364582,7888.5095702,3.64,4.79478608,112.78708733,96.79942035,1394.53470465,3.75,8.46596688,14.45069606,600.53928574,10.89818219,1.35139226,0.80458905,22.71473538,570.32348571,35.08301079,,23.74527997,13001.8448248,18.43255177,33.78224382,10.91841926,3.49662319,3.19510181,2.40887156,36.0013525,6.77358111,32.82861149,2550.70081733,41.61518456,3678.52341521,43.50495625,12983.81588993,59.9918465,25265.7666226,122.23212575,2.82842153,631.98479341,2.70612186,631.98479341,114.97071678,248.73232201,18.43255177,28.14065718,26.38717972
2025-02-08,3.6725,74.14352271,95.588811,399.25639659,1.78807912,912.27936754,1052.49373563,1.59438031,1.79,1.70000003,1.89342538,2.0,121.98485756,1.89342538,0.376,2928.44771826,1.0,1.35370036,6.90504465,5.80660155,1.0,87.78813148,14.04517998,3.27503476,2.01481993,1.42865372,2852.40424026,0.90979026,963.34289277,7.28835021,4120.69436281,506.98254338,23.94768704,106.75161775,24.32441563,178.40069598,7.22395426,62.0927361,135.35508109,50.26594124,15.0,126.5919246,0.96809302,2.31374573,0.80630401,0.80630401,2.80533228,15.40441378,0.80630401,71.98804423,8652.28979706,7.72304666,209.23427143,7.79064183,25.61713965,130.53617929,392.32795125,16346.9744136,3.55735911,87.78813148,1310.7662766,42085.62284924,141.97478979,157.45573445,0.709,151.41545484,128.99726163,87.48853521,4013.10650849,476.27054677,900.07061539,1458.89347924,0.30855107,0.82004169,510.43040898,21725.70763927,89564.80386116,297.46440206,197.6001766,18.41695463,4.91986234,10.01000364,18.69477394,4704.77263301,59.45975981,2098.67589526,3459.6230334,8.02436109,40.04809615,46.6962942,15.39974484,1735.97933823,20.56648569,4.43999825,63.61114665,18.41695463,1498.68022875,36.75811976,11.24272838,140.52685147,1.76664741,0.38497573,1.0,3.71222721,4.02632775,58.05731127,279.04284044,4.06186215,7860.90233679,3.64,4.81717446,113.33624868,96.92173887,1397.88081335,3.75,8.44715837,15.08745527,600.94621206,10.94328343,1.35370036,0.80630401,22.76068034,570.90762832,35.10747512,,23.89384885,13002.25923425,18.41695463,33.87569719,10.95147945,3.4972323,3.19977622,2.39649884,35.94550099,6.76686311,32.84088624,2565.5184453,41.533749,3673.13871219,43.39136327,12973.79305864,60.43186412,25313.78798541,123.53556975,2.82501518,635.02739569,2.70243848,635.02739569,115.5242272,248.90311495,18.41695463,28.00947344,26.39944435
2025-02-09,3.6725,74.08227475,95.4947898,396.76456959,1.78750063,912.15910383,1053.25152538,1.59460776,1.79,1.70000005,1.89343536,2.0,121.79182005,1.89343536,0.376,2914.19528278,1.0,1.35451618,6.93491708,5.79846202,1.0,87.68298388,14.04683826,3.2750036,2.01779857,1.42940625,2851.3799089,0.90972612,963.31551307,7.28815484,4121.71595196,510.6432064,23.88808656,106.75218037,24.32654486,178.4037261,7.22446563,61.96073888,135.81353842,50.30080384,15.0,126.24786447,0.96809813,2.33398764,0.80611022,0.80611022,2.79399991,15.40266655,0.80611022,71.50061709,8639.7511029,7.71758858,209.78357469,7.79090031,25.54653254,132.67945671,392.43150234,16302.35154019,3.55640078,87.68298388,1310.27379262,42002.58543258,142.0032936,157.53553051,0.709,151.41299669,129.35219214,87.45002748,4014.03209414,476.27305689,900.0,1454.82136846,0.30857528,0.82000513,510.48870954,21686.5649757,90229.54509062,297.29017416,197.42723767,18.40904698,4.90930023,10.0329489,18.65100252,4713.19565512,59.20000597,2099.7600994,3459.46385924,8.02462732,40.05687509,46.68049261,15.45999812,1733.3877808,20.5654281,4.44049737,63.65303538,18.40904698,1496.95805121,36.62438997,11.2423175,140.35853644,1.76660067,0.38500017,1.0,3.71556916,4.02200917,58.11287885,278.95501235,4.06346299,7922.04892134,3.64,4.81926014,112.81637321,97.00268012,1390.94031819,3.75,8.44591468,14.99888886,598.86255686,10.94141346,1.35451618,0.80611022,22.75993108,571.45141405,34.86000891,,23.5994107,13001.85513347,18.40904698,33.84791898,10.94807429,3.50638829,3.18652004,2.3963788,35.96502964,6.76277329,32.80510081,2551.94550732,41.58305145,3674.06976912,43.50541123,12971.43703008,60.43379475,25294.84166891,123.53652347,2.82487945,635.03074252,2.70000005,635.03074252,115.52483605,249.00500775,18.40904698,28.16950806,26.39944435
2025-02-10,3.6725,74.14129506,95.6519095,399.32477745,1.8006047,921.19030082,1060.42175676,1.59860558,1.79,1.70000163,1.8981299,2.0,122.14025602,1.8981299,0.376,2952.18991759,1.0,1.35658807,6.92553685,5.810082,1.0,87.67074034,13.83804664,3.26997074,2.01420691,1.43490365,2857.49998825,0.91173329,963.54429951,7.30330773,4128.14556028,510.27645876,24.06143044,107.01685924,24.38158715,178.51657049,7.24006362,62.27261032,135.32280836,50.40487206,15.0,128.18523044,0.97049841,2.31358934,0.80740362,0.80740362,2.78092002,15.47557755,0.80740362,71.99293635,8671.14550935,7.74845213,209.61347047,7.79110858,25.6235074,131.14142207,393.76403499,16341.39179868,3.56046092,87.67074034,1313.00391143,42079.92986868,142.28432556,158.44839246,0.709,152.04548906,129.19281086,87.70618909,4030.62796728,477.45391721,899.99433229,1455.15365396,0.30872544,0.81999913,511.53227037,21873.75801757,90138.2687616,297.92520569,199.90199865,18.53384955,4.92865315,10.04467106,18.78702227,4729.81144318,59.5537075,2098.69882058,3455.14033255,8.02484184,40.18087497,46.6928535,15.41586255,1740.88149748,20.60192279,4.46193745,63.84406482,18.53384955,1498.31457004,36.92936989,11.26975889,140.3389376,1.77241442,0.38491851,1.0,3.72380447,4.02379921,58.10025906,279.68834967,4.07004012,7899.95141821,3.64,4.82772598,113.30330354,97.75454765,1416.25809072,3.75,8.4998347,14.6975916,601.00294872,10.98402059,1.35658807,0.80740362,22.78806273,572.69731235,35.13524025,,23.70225279,13001.77697523,18.53384955,33.89644288,10.95171602,3.49720943,3.19810567,2.40778833,35.99151189,6.80272301,32.82956403,2576.93496892,41.54202233,3679.7894273,43.46483492,13012.89305326,60.44540415,25256.09277876,122.55116459,2.83597494,636.60522294,2.70244741,636.60522294,115.81126564,248.91535279,18.53384955,28.14194557,26.39545698
2025-02-11,3.6725,74.15684603,96.06487558,399.32895367,1.79936975,919.56828742,1056.02254849,1.59415236,1.79,1.69999985,1.89842627,2.0,121.88892852,1.89842627,0.376,2961.91146809,1.0,1.35647416,6.94336959,5.7874361,1.0,87.53323388,13.86817596,3.26998439,2.01615698,1.43322514,2859.49993012,0.91136812,961.72940431,7.30737944,4131.17537549,510.45357387,24.10810812,107.0335685,24.34089745,177.98481778,7.24046109,62.19423041,135.51085115,50.288125,15.0,128.54350154,0.97064994,2.32127873,0.80891666,0.80891666,2.78705927,15.4467031,0.80891666,72.28953324,8653.86692147,7.74309174,210.25322762,7.79001271,25.547616,131.44709696,392.8336235,16347.71761409,3.57403425,87.53323388,1314.06167389,42100.05773199,142.30089779,158.78194343,0.709,151.97434557,128.98945056,87.70625027,4037.19394828,477.52846533,900.00091011,1453.85678419,0.3087127,0.82656147,509.57630923,21818.24493316,90288.44549306,297.69179549,198.75211647,18.44831274,4.92982397,10.04896851,18.84741132,4715.6077934,59.6986069,2098.72720612,3459.82627207,8.02371309,40.24237508,46.99010285,15.43895446,1738.76914457,20.62762163,4.46976937,63.87661106,18.44831274,1502.55280533,36.82756033,11.2244413,140.11882413,1.7734564,0.38500305,1.0,3.72006119,4.01495454,58.16190988,279.29503996,4.06287583,7926.28220304,3.64,4.83110272,113.64760549,96.62437817,1418.53265301,3.75,8.50059556,14.86899548,600.99171884,10.93029233,1.35647416,0.80891666,22.74969969,573.41381146,35.22497653,,24.00070268,13001.84444705,18.44831274,34.02208901,10.92412415,3.50934893,3.20181707,2.41065024,36.03137614,6.80204128,32.82984979,2574.42964323,41.6183699,3678.00389065,43.44535393,12998.80388285,60.46766633,25401.67419501,122.77779849,2.83509884,636.70462044,2.70685165,636.70462044,115.82934804,248.99688299,18.44831274,28.12050081,26.39750721
2025-02-12,3.6725,74.10155316,95.84375617,396.42468475,1.80024869,920.30375494,1055.92016381,1.58860977,1.79,1.70000295,1.88808111,2.0,121.86331475,1.88808111,0.376,2960.81379861,1.0,1.35394234,6.94253561,5.76574701,1.0,86.7750561,13.86923397,3.27042479,2.01615497,1.42937466,2860.35288435,0.91319204,961.55618339,7.30777575,4141.12189588,509.2184829,24.11387762,106.45030708,24.23941334,177.86967081,7.20046311,62.18149551,135.50052188,50.46440301,15.0,128.54011478,0.96536054,2.32835437,0.80331113,0.80331113,2.79971278,15.48062076,0.80331113,72.33111174,8649.99697167,7.73703939,210.16454465,7.79353121,25.52165697,131.50174991,389.23771846,16347.36651123,3.59107211,86.7750561,1311.04619424,42079.77486928,141.53011397,158.70192966,0.709,153.37762385,129.00778482,87.7030108,4021.56004994,474.9262543,899.979384,1453.49087387,0.30892953,0.82728032,508.58109268,21753.55005626,89824.20550629,297.7210319,198.70838082,18.52200082,4.92018901,10.01938663,18.84005524,4715.26527267,59.43424523,2099.038045,3459.70869915,8.02733714,40.163467,46.9936899,15.44168543,1737.68658428,20.57533717,4.4692228,63.88661325,18.52200082,1502.48580953,36.81691829,11.20462732,138.90517105,1.76682866,0.3850159,1.0,3.71331796,4.01630677,58.20252918,279.23619682,4.02865506,7927.26007057,3.64,4.80496293,113.05744857,96.53072318,1404.49412199,3.75,8.49907067,14.78936954,600.77115761,10.86091943,1.35394234,0.80331113,22.83817896,573.53657409,35.13219831,,23.92510573,13002.12889558,18.52200082,34.06458356,10.89717589,3.50949095,3.19419325,2.40959325,36.04670054,6.79825259,32.83855012,2589.1212907,41.69658032,3676.61679436,43.33216301,13001.38693613,60.9503016,25523.17852374,122.78813865,2.83144447,633.23500574,2.70733153,633.23500574,115.19815549,248.94714241,18.52200082,28.17536234,26.40768166
2025-02-13,3.6725,73.54477473,95.34576651,396.53371349,1.80121381,919.44910203,1056.28354338,1.59222021,1.79,1.69999984,1.88128366,2.0,121.99583371,1.88128366,0.376,2953.0600512,1.0,1.35259033,6.94356507,5.76621306,1.0,86.94699324,13.84941601,3.27001643,2.01653141,1.42913756,2707.79088113,0.91333084,956.48762354,7.30791415,4167.46744763,509.29678235,24.1161168,106.06706595,24.1016749,177.90186683,7.17520872,62.24173271,135.50220211,50.61909757,15.0,127.20303791,0.96188506,2.32529085,0.80299591,0.80299591,2.80661556,15.42639773,0.80299591,72.05349435,8651.62417329,7.73919105,210.22605181,7.78957605,25.56452072,131.23824498,386.65890991,16380.57188733,3.58868531,86.94699324,1308.9742322,42053.1375173,141.01726194,158.78590326,0.709,154.35418016,128.98981824,87.70855054,4010.32436912,473.21643046,900.02538711,1454.2943453,0.30892595,0.82662956,508.46935109,21731.83198277,89721.77464851,297.91385748,198.83754015,18.52696523,4.91967801,9.98852236,18.83804344,4690.38166113,59.22139763,2098.87550349,3460.78641688,8.02326333,40.12850021,46.78537472,15.43768547,1736.12144802,20.54504098,4.4714896,63.88445533,18.52696523,1507.23316007,36.79927014,11.26105777,139.18039943,1.77262721,0.38502324,1.0,3.71332747,4.01711384,58.30794295,279.05857192,4.00385071,7932.38885152,3.64,4.78754458,112.6423226,93.99537866,1403.65182096,3.75,8.50073532,14.35577115,600.99602375,10.86539501,1.35259033,0.80299591,22.95203126,573.97299263,35.29501455,,23.80390802,13001.86066674,18.52696523,33.98078971,10.92650703,3.50808617,3.18857922,2.40985134,36.14265171,6.8008925,32.87584035,2594.81035819,41.71879361,3681.0430872,43.3904104,13003.28009389,61.27022966,25543.36242719,124.07045835,2.83340835,630.95524061,2.70695033,630.95524061,114.78342047,248.3974085,18.52696523,28.15886081,26.41539178
2025-02-14,3.6725,73.378667,94.82075248,399.17102909,1.79867336,919.85931576,1056.89013249,1.58100988,1.79,1.700002,1.8690401,2.0,121.97285224,1.8690401,0.376,2955.73163551,1.0,1.34292908,6.92483374,5.76762648,1.0,86.71091746,13.85914103,3.27000235,2.01400537,1.41842627,2707.7368056,0.90275008,952.8469623,7.27695081,4140.56807396,509.31839925,24.04102207,105.37677207,23.93024322,177.85538244,7.12864473,62.19578017,135.34396121,50.6290776,15.0,126.35942331,0.95562503,2.3049621,0.7955911,0.7955911,2.83322686,15.4517231,0.7955911,72.04883594,8648.36996943,7.72951957,209.59438281,7.78732041,25.50764392,131.13793246,384.00111997,16237.52064185,3.56308047,86.71091746,1311.74870196,42088.10564635,140.28965928,158.78622795,0.709,152.49286071,128.99407969,87.70524538,4013.80913322,470.13669591,899.98547491,1443.53620428,0.30858417,0.8265614,504.54609083,21733.31822612,89825.70194797,297.27017915,198.91824493,18.48350468,4.9100041,9.97356819,18.83568664,4669.69981642,58.80683343,2098.78856465,3460.69969141,8.02094002,40.09781185,46.51836026,15.43793989,1734.96845068,20.41890292,4.43483308,63.88338824,18.48350468,1507.56282443,36.79102271,11.1480015,138.80250112,1.7581374,0.38501087,1.0,3.71438174,4.07487236,57.88442782,279.25725347,3.98328187,7891.81107297,3.64,4.75660012,111.91110841,89.49959793,1403.85862582,3.75,8.50059671,14.38132056,601.00477141,10.7287804,1.34292908,0.7955911,22.79938308,573.83927792,35.42421347,,23.67177483,13001.85943771,18.48350468,33.66446422,10.91723166,3.49790846,3.17565579,2.40870095,36.19366329,6.79255013,32.73150096,2600.30219849,41.73170203,3680.22607534,43.43550777,12995.57227875,61.74535856,25473.75528967,124.07122859,2.82842376,626.84892789,2.70685153,626.84892789,114.03639978,248.19689686,18.48350468,28.03187838,26.38981436
2025-02-15,3.6725,73.35375547,95.12437023,398.94451198,1.79491179,912.9314388,1055.57369135,1.57431453,1.79,1.70000002,1.86380891,2.0,121.33937065,1.86380891,0.376,2933.28884969,1.0,1.33934888,6.90892394,5.7059992,1.0,86.66837203,13.8718267,3.27371121,2.00479225,1.4184995,2856.15838687,0.89911081,951.17448891,7.25341416,4119.97800714,507.75020767,23.97724341,105.08183685,23.85348985,178.21866531,7.11109796,62.39453543,135.34615028,50.59668927,15.0,126.32907029,0.95295037,2.29646754,0.79466353,0.79466353,2.8190499,15.39498968,0.79466353,71.48876331,8650.01926629,7.73359152,209.57293542,7.78420508,25.59833419,130.76850721,383.42300424,16185.04469322,3.54659571,86.66837203,1310.35205192,42115.14063111,140.19983858,157.46811614,0.709,152.30436894,128.99568875,87.51542001,4015.68437214,468.8208474,900.0014662,1441.46023937,0.30831469,0.82151994,495.82883957,21720.87620037,89530.74211687,294.74000913,198.01034533,18.3798616,4.90999519,9.98562155,18.83618973,4709.64966936,58.60188073,2098.74559419,3461.25744141,8.01773123,40.03574331,46.45568512,15.40983031,1732.01097577,20.30613814,4.43499891,63.60875156,18.3798616,1510.00242117,36.74745249,11.12204899,138.73439653,1.74520032,0.38496852,1.0,3.71200138,4.00900603,57.75945126,279.39228966,3.97343208,7869.17758428,3.64,4.74529592,111.59382955,91.06591544,1401.94774891,3.75,8.43365658,14.38543253,600.99069789,10.69280169,1.33934888,0.79466353,22.75234501,569.54616809,35.15308369,,23.49755106,13001.91843402,18.3798616,33.71841092,10.91866289,3.50803163,3.18298026,2.39726965,36.2621016,6.78028217,32.68002532,2586.12384564,41.69788666,3674.92990653,43.39482723,12995.2790653,61.99327411,25398.88303433,123.20981823,2.82443527,625.09446319,2.70252444,625.09446319,113.71722744,247.99453581,18.3798616,28.0417522,26.81772687
2025-02-16,3.6725,73.35139979,94.99396876,396.51720278,1.78750041,912.09786749,1056.00156333,1.57447466,1.79,1.70000005,1.86340146,2.0,121.52128819,1.86340146,0.376,2914.65088218,1.0,1.33924435,6.93494783,5.7048529,1.0,86.61943637,13.83128524,3.27412674,2.01779846,1.41851632,2850.03002947,0.89929562,940.79725875,7.26318084,4105.1161568,507.2559079,23.91565346,105.0588648,23.8461617,178.28583649,7.1082266,62.15884075,136.05465009,50.63161344,15.0,126.19950791,0.95274204,2.33099415,0.79444209,0.79444209,2.8362,15.38271234,0.79444209,71.99956272,8634.13828874,7.71122582,208.9835654,7.78448712,25.57290642,132.48318939,383.35056929,16262.96773247,3.54877908,86.61943637,1310.3422268,42002.60679766,140.05352943,157.534411,0.709,152.3158678,129.43393682,87.45003841,4000.00012319,468.71835797,900.0,1440.71232594,0.30820523,0.82000361,496.44137951,21688.40553143,89550.06076585,295.26239131,197.78750705,18.37414845,4.90500076,9.95038615,18.63005378,4715.95975893,58.46003566,2099.880118,3460.09416489,8.01802173,39.90744018,46.45519862,15.45999341,1733.35595699,20.30594425,4.43652755,63.73940888,18.37414845,1510.11381547,36.62430716,11.12229394,138.65606277,1.74523642,0.38500021,1.0,3.70052573,4.00640522,57.83820508,279.19190724,3.97040418,7932.31280416,3.64,4.74317221,112.03258714,91.11971088,1394.520098,3.75,8.43170071,14.91914257,598.96304058,10.69355895,1.33924435,0.79444209,22.75001354,571.45708575,34.96004877,,23.39961297,13001.98298152,18.37414845,33.64813978,10.92749144,3.50004438,3.17450137,2.39691018,36.22434319,6.76547616,32.70643338,2573.53248149,41.86310169,3679.02747878,43.3011052,13013.91749112,61.97695394,25374.94190555,123.18527601,2.82408756,624.95781062,2.70000005,624.95781062,113.69236759,249.19547012,18.37414845,28.24876157,26.81772687
2025-02-17,3.6725,73.34684023,94.37615169,398.87647543,1.79836352,921.11034738,1053.34674337,1.57087222,1.79,1.69999976,1.86202245,2.0,121.31310777,1.86202245,0.376,2959.27121991,1.0,1.33825824,6.89437381,5.71208344,1.0,86.66462948,13.83487003,3.26998446,2.00471642,1.41648196,2861.99978606,0.89934037,949.10415247,7.24657171,4123.58646802,505.85597872,23.95536643,104.98111564,23.83637763,177.81195866,7.10224961,62.04339712,134.78778616,50.5737728,15.0,126.2993608,0.95203696,2.29690773,0.79387379,0.79387379,2.82783924,15.43032579,0.79387379,72.10832427,8643.05143101,7.71216778,208.53808108,7.78127263,25.48628702,130.66039953,382.77760133,16187.23402763,3.54762433,86.66462948,1310.74138587,42252.86835039,140.05436519,157.32123321,0.709,151.77693748,129.03696146,87.70654918,4013.62701009,468.37148138,900.02747438,1440.38458304,0.30846383,0.8272785,502.73598656,21688.60304726,89532.39108459,296.32301391,199.23991097,18.32472835,4.89699791,9.9662685,18.83467987,4702.20833966,58.60706162,2098.94163428,3467.53800502,8.01471081,39.79379962,46.46415181,15.44448627,1729.82721889,20.29213211,4.42639428,63.89000077,18.32472835,1510.16888603,36.75921293,11.09949942,138.72840563,1.73992498,0.38498914,1.0,3.70947857,4.01753161,57.82790824,278.86677874,3.96200197,7861.99754994,3.64,4.73804329,111.61181493,90.93052513,1399.15502009,3.75,8.49903768,14.38441185,600.99042553,10.68493468,1.33825824,0.79387379,22.74948999,568.20427955,35.34446846,,23.50110448,13001.85489633,18.32472835,33.69507808,10.91931845,3.50991276,3.17026536,2.40414256,36.2253986,6.77894143,32.69561787,2586.2201297,41.63542654,3679.54981458,43.3318512,12991.31375283,61.99180397,25414.09151726,123.55950187,2.81309632,624.49530851,2.70732682,624.49530851,113.60822918,247.98989689,18.32472835,28.07574916,26.73180387
2025-02-18,3.6725,73.34002078,94.57529615,396.39063908,1.79839821,919.41115316,1059.36813484,1.57655193,1.79,1.69999992,1.86865627,2.0,121.43464931,1.86865627,0.376,2958.37588189,1.0,1.34333558,6.89315497,5.71400526,1.0,86.91226823,13.79271132,3.27020164,2.01208114,1.4201644,2860.35280544,0.90196042,947.5998961,7.27268711,4134.75705673,506.41026281,23.95645646,105.35513176,23.94086238,177.89305049,7.12714406,62.02532186,134.85362529,50.59996266,15.0,127.27282477,0.95542878,2.30182206,0.79342882,0.79342882,2.81874422,15.45075063,0.79342882,72.14543066,8641.20453477,7.70986072,208.49287944,7.78176981,25.48736064,130.69149153,383.80426993,16228.87394668,3.55986383,86.91226823,1308.99446772,42082.25305331,140.16611742,157.31517318,0.709,151.75717045,129.3655856,87.70119235,4013.80935898,470.04014804,900.00768191,1444.54112875,0.30865182,0.8266138,497.78204423,21704.62689855,89671.90166688,295.64589278,199.1917347,18.45779084,4.89766265,9.97059947,18.82988674,4722.701104,58.70518105,2098.76802523,3461.61317361,8.0152229,39.79311165,46.28285966,15.44152174,1730.15913553,20.3272563,4.43962562,63.88303201,18.45779084,1510.48168923,36.76234933,11.12661936,139.12481337,1.74928954,0.38501046,1.0,3.69881985,4.07762822,58.20297875,278.88933127,3.97580123,7857.55085579,3.64,4.75533578,111.89633437,91.49840098,1398.77027063,3.75,8.49919956,14.46991386,600.8155092,10.7157701,1.34333558,0.79342882,22.75098099,568.56932835,35.400863,,23.53305822,13001.99949622,18.45779084,33.78852196,10.90111303,3.50918809,3.16533122,2.40381398,36.25040471,6.77846454,32.75686281,2581.99642434,41.54866346,3678.4436002,43.24420727,13000.80852796,62.02217241,25493.3711785,123.52394703,2.81257946,626.72019738,2.70689787,626.72019738,114.01298111,247.98362777,18.45779084,28.13384489,26.74824022
2025-02-19,3.6725,73.72180155,94.79181575,396.37069701,1.80036802,920.56316243,1058.18474714,1.57591051,1.79,1.69999997,1.87272019,2.0,121.48342939,1.87272019,0.376,2960.4107177,1.0,1.34293289,6.90278678,5.68909068,1.0,86.91335717,13.81203538,3.27014188,2.01058638,1.41963935,2861.71559556,0.90400733,949.44392489,7.28294853,4092.97077373,506.00935706,23.96697461,105.58425589,24.00857476,178.00815824,7.14238555,62.19352038,134.88269013,50.64683232,15.0,126.78000151,0.95750663,2.3150722,0.79304952,0.79304952,2.81478247,15.49050847,0.79304952,72.37500865,8648.42772124,7.71717995,208.61642531,7.77673409,25.56600731,130.69358796,383.90430028,16324.57822101,3.55271511,86.91335717,1309.40074365,42081.43977425,140.46836281,157.57653241,0.709,151.86687986,129.00693118,87.69904691,4000.67411338,471.06238149,900.00300805,1440.88376668,0.30878486,0.82938201,499.32854287,21732.59884913,89818.17671841,296.09775008,199.33041598,18.41654868,4.89994076,9.98447258,18.6818857,4736.8891245,58.88994296,2098.63857925,3462.08963636,8.01003611,40.02760173,46.40484697,15.45271372,1729.99131822,20.27191657,4.44809789,63.89456503,18.41654868,1507.24031542,36.79952182,11.16822111,139.12655649,1.76045843,0.38500668,1.0,3.69265135,4.02086608,58.1213977,279.36007313,3.97504862,7860.63643927,3.64,4.76569033,112.21220899,91.65595256,1403.73482792,3.75,8.49377642,14.39245303,600.88790074,10.73466616,1.34293289,0.79304952,22.82624786,570.62559111,35.40138196,,23.67680448,13001.92532936,18.41654868,33.66660697,10.91382267,3.49673962,3.16773391,2.40419701,36.30268399,6.77531881,32.7592958,2597.59836619,41.62128981,3684.57320908,43.23744801,12968.17302922,62.10326507,25567.43471832,123.43143924,2.81567777,628.08317532,2.70872184,628.08317532,114.26093415,247.9843626,18.41654868,28.23325415,26.44190613
2025-02-20,3.6725,73.66813019,94.97401456,395.70217527,1.79828536,920.40205133,1058.62279963,1.57704303,1.79,1.69997498,1.87646274,2.0,121.45532064,1.87646274,0.376,2960.00437748,1.0,1.34177811,6.90860732,5.72186286,1.0,86.8790305,13.81499668,3.27007003,2.01234367,1.4234418,2861.59926834,0.90381413,951.15777282,7.27998332,4097.86977314,506.0290916,23.97878318,105.79526173,24.10285619,177.88829244,7.15647231,62.38677496,135.00466262,50.6279912,15.0,126.9955539,0.95942017,2.30161448,0.79451567,0.79451567,2.81139537,15.52006848,0.79451567,72.09542057,8651.85786113,7.71278143,208.65983647,7.77760925,25.60681766,130.76804728,386.3593203,16350.96276446,3.54430811,86.8790305,1309.50348535,42083.39224082,140.37351434,157.73442545,0.709,150.6651656,129.38984829,87.69938971,4018.01246843,472.0037805,899.99825295,1440.88416154,0.30870508,0.82725694,500.49515201,21720.14292198,89697.07239917,296.39215547,199.10962062,18.54715506,4.8996408,9.9897085,18.65605001,4742.30743665,59.03024319,2099.00421398,3463.75467013,8.01093752,40.08594016,46.49155709,15.44439179,1731.94879022,20.45766753,4.43911521,63.8898574,18.54715506,1506.65529074,36.79784823,11.14000391,139.07160807,1.75318574,0.38498618,1.0,3.69075176,4.0180226,57.9838893,279.47735162,4.00888135,7886.1219602,3.64,4.77553894,112.4351875,89.62264797,1399.93362843,3.75,8.49508817,14.44023209,600.87455028,10.72729878,1.34177811,0.79451567,22.74086648,569.72616839,35.43245152,,23.71575391,13001.85698951,18.54715506,33.70345371,10.91142304,3.49700771,3.17182597,2.40490122,36.32199515,6.78398834,32.76871655,2594.93956822,41.64160449,3673.67907753,43.22566057,12966.05828165,62.43103414,25501.55716203,123.4351865,2.81809627,629.33837399,2.70732628,629.33837399,114.48927998,247.77207366,18.54715506,28.18639235,26.45358377
2025-02-21,3.6725,73.71264415,94.53668835,395.30288122,1.7979967,920.28118304,1058.89229286,1.56429361,1.79,1.69999998,1.86522217,2.0,121.47667901,1.86522217,0.376,2961.42328831,1.0,1.33585093,6.90973787,5.70298466,1.0,86.56929129,13.81280011,3.27014185,2.01233885,1.41870555,2863.67958778,0.89948397,942.849271,7.2547192,4072.19519995,505.78195158,23.96946711,105.16151638,23.90459945,177.90176874,7.11272759,62.29465915,134.72900607,50.58210215,15.0,126.49367599,0.95367295,2.2906117,0.79018354,0.79018354,2.80866064,15.53209215,0.79018354,72.0400754,8650.32440154,7.71584556,208.96256393,7.77382179,25.61888818,130.91341238,384.0149531,16255.50874948,3.54808042,86.56929129,1307.92081614,42109.06000242,138.93915967,157.73742711,0.709,150.37821428,129.39769894,87.69807578,4016.95316612,469.17633626,899.99366225,1435.74199552,0.30858913,0.82361157,500.36017817,21705.88707658,89826.72035856,295.96764502,199.09844281,18.36229567,4.88994759,9.95427803,18.65338524,4720.83658806,58.60835096,2098.78727808,3465.86708841,8.00703645,40.09711298,46.52202957,15.44053655,1732.04645277,20.32116301,4.42265311,63.88307583,18.36229567,1510.88916423,36.7791486,11.11963577,138.57579304,1.73645437,0.38499953,1.0,3.67845662,4.06977707,57.90824844,279.33915673,3.97046029,7894.4772988,3.64,4.74639932,111.77139992,88.67787942,1399.77676024,3.75,8.49196301,14.60897426,600.85012262,10.64527447,1.33585093,0.79018354,23.27668159,570.18602347,35.57803005,,23.58581699,13001.82198933,18.36229567,33.5949357,10.89850449,3.50031287,3.16125052,2.39943106,36.41091719,6.78625003,32.75032029,2593.19910124,41.61249682,3673.29226212,43.18678846,12953.81001598,63.126345,25509.48967628,123.43510354,2.80336387,625.56844834,2.7059387,625.56844834,113.80345485,247.58999509,18.36229567,28.30144387,26.45648027
2025-02-22,3.6725,73.95605082,94.44774111,393.14272507,1.78876284,912.43996872,1058.20379354,1.57310938,1.79,1.70000004,1.86967363,2.0,121.52408089,1.86967363,0.376,2963.04839496,1.0,1.33638668,6.90952181,5.71473278,1.0,86.69044436,13.77303238,3.27394772,2.0145714,1.42344403,2868.37446409,0.89783489,943.57867928,7.25113273,4089.07377779,505.7783892,23.99879419,105.41249031,23.96163855,178.26851372,7.13222521,62.36130254,134.65720883,50.56271252,15.0,126.6598005,0.95594895,2.30196418,0.79098184,0.79098184,2.81182815,15.51816839,0.79098184,71.98486538,8651.2037634,7.71313328,208.91448842,7.76992486,25.67642663,130.86834764,385.46162108,16307.31345097,3.56648894,86.69044436,1309.91665732,42214.55510865,139.30449357,157.78325439,0.709,149.29107439,129.48720215,87.50382028,4018.38816453,470.29605224,899.99393555,1435.81526483,0.3086472,0.82004621,504.78618629,21693.32469304,89530.74310674,295.79393735,198.52693812,18.36307,4.88993376,9.96157003,18.65333829,4717.93529759,58.82137119,2098.8764638,3463.63701551,8.0030226,40.10681904,46.31182256,15.40892629,1731.82007437,20.43188109,4.42022713,63.61579968,18.36307,1505.35486538,36.79751299,11.14104286,138.76972881,1.74196063,0.38499419,1.0,3.68077268,4.03330825,57.90304856,279.38834717,3.97790278,7888.89050383,3.64,4.76116654,112.0274446,88.81525395,1401.85522235,3.75,8.43409486,14.72141343,601.00018587,10.64992258,1.33638668,0.79098184,22.74043653,569.67441376,35.17056275,,23.68822267,13001.86915927,18.36307,33.55996907,10.90492213,3.50765561,3.16447777,2.38340239,36.43903266,6.77719386,32.78099978,2592.55525232,41.62385418,3674.09417018,43.26603746,12926.29200498,63.33319065,25540.89841022,122.90386939,2.80053077,627.06140299,2.70247407,627.06140299,114.07505326,247.54488757,18.36307,28.16615688,26.75613935
2025-02-23,3.6725,73.95604604,94.27660747,394.40404596,1.78750078,912.1558425,1058.25466209,1.57394302,1.79,1.70000005,1.86940717,2.0,121.68457337,1.86940717,0.376,2915.45612694,1.0,1.33618665,6.92509964,5.73339967,1.0,86.58480671,13.77327279,3.2750001,2.01770761,1.422688,2855.69995124,0.89776379,942.50460278,7.2500771,4092.86366691,508.3045873,23.99995695,105.39746719,23.96911767,178.2859493,7.12964479,62.15020267,135.19046198,50.58084546,15.0,126.97080692,0.95581271,2.30949112,0.79148923,0.79148923,2.80489993,15.44264212,0.79148923,71.99965364,8638.86268736,7.7118548,208.98320841,7.76991214,25.6002639,132.9793597,385.2836034,16306.80834074,3.56965257,86.58480671,1310.30800413,42002.59611177,139.25433287,157.23634733,0.709,149.27582034,129.73766491,87.45002424,4002.50013784,470.22902682,899.99833619,1434.53204081,0.30880371,0.82000401,505.41337529,21667.0649762,89550.00163305,295.68505862,198.21607527,18.36597562,4.89330004,9.94928832,18.53000051,4716.53061611,58.6400019,2099.76009941,3463.14796513,8.00300951,40.06493597,45.97956336,15.45996842,1733.38796389,20.42633851,4.41870644,63.58939731,18.36597562,1499.63524596,36.62423425,11.14575519,138.60062934,1.74197838,0.38500017,1.0,3.68649982,4.02000158,57.87617923,279.47787359,3.97557229,7928.88388256,3.64,4.75807511,112.03414458,88.50070896,1398.25574295,3.75,8.43170095,14.92776413,598.91249984,10.65014273,1.33618665,0.79148923,22.81011055,571.45141518,35.48999342,,23.40001173,13001.85513347,18.36597562,33.54804803,10.919623,3.50000987,3.15997837,2.38267705,36.43135221,6.79442582,32.81548442,2565.19292782,41.84910921,3669.87982903,43.15221841,12928.56120083,63.33075758,25514.88066218,122.89770329,2.80031804,626.97203576,2.69999681,626.97203576,114.05879557,247.706942,18.36597562,28.36939637,26.75613935
2025-02-24,3.6725,73.98786511,94.44075943,392.90954798,1.79936121,921.10711614,1055.5368858,1.57004713,1.79,1.70000414,1.85993854,2.0,121.53830513,1.85993854,0.376,2961.3574567,1.0,1.33359647,6.90658253,5.73113714,1.0,86.62494748,13.78324786,3.27047427,2.01222422,1.41975043,2863.54529967,0.89638091,942.82804306,7.2507309,4083.12102099,505.6294981,24.00441931,104.86362443,23.85639975,178.04657353,7.09361892,62.33763728,134.79120648,50.3823712,15.0,126.11240052,0.95097147,2.2946457,0.78890842,0.78890842,2.80396306,15.52473542,0.78890842,72.29218638,8648.5861272,7.71700828,209.3753456,7.77069383,25.57947699,131.339349,383.37610015,16307.36432808,3.56845106,86.62494748,1308.91801098,42145.80353119,138.56019194,157.72738102,0.709,149.09859807,129.60864451,87.70767278,4018.06993832,467.84729634,900.0309252,1430.59869717,0.30841096,0.8265612,506.30778915,21691.4702453,89808.13237786,295.89628021,199.44294751,18.33216913,4.88876342,9.95082946,18.65171563,4729.09750274,58.786359,2098.94781971,3465.2957337,8.00381464,40.06596666,46.24457244,15.44153442,1734.42943547,20.35329792,4.41289601,63.8435688,18.33216913,1503.33562359,36.80028585,11.10316762,138.66488468,1.73911319,0.38498211,1.0,3.68537361,4.08065894,57.90481116,279.49298327,3.95503523,7895.62845844,3.64,4.73450503,111.78847579,88.72766449,1406.78604472,3.75,8.49007759,14.53983539,600.77039423,10.59654782,1.33359647,0.78890842,22.75817938,570.53107168,35.57715294,,23.58228912,13002.11200579,18.33216913,33.5064381,10.90486179,3.496239,3.16423597,2.40318232,36.46880544,6.79152882,32.76767435,2589.33601069,41.65871251,3672.94348666,43.17163361,12911.82358345,63.33108143,25561.80202133,122.86094312,2.81436913,623.79639512,2.70232369,623.79639512,113.48108281,247.52455798,18.33216913,28.19685812,26.75300338
2025-02-25,3.6725,73.9186642,94.55306074,393.89127576,1.79918109,920.29414498,1060.07834475,1.57673539,1.79,1.70000483,1.86914514,2.0,121.48551676,1.86914514,0.376,2961.52899921,1.0,1.33920723,6.90357385,5.77690433,1.0,86.72069678,13.78169863,3.27011918,2.01218852,1.42669473,2863.47789626,0.8975995,943.93333279,7.25872573,4119.54086599,506.12710274,24.00004317,105.38269396,23.87404315,177.80327974,7.12902761,62.33528717,134.84264496,50.5972333,15.0,126.57112596,0.95567873,2.29890984,0.79232347,0.79232347,2.81092046,15.51046931,0.79232347,72.29270133,8647.79831551,7.7130991,209.41184815,7.77565245,25.60690549,131.2570058,383.44447841,16289.5614233,3.57594906,86.72069678,1309.53365013,42313.85150635,138.67175576,157.66711658,0.709,150.12216079,129.40453939,87.70353709,4007.44195256,470.16311632,899.967882,1429.84471486,0.30854215,0.82642801,500.64838707,21686.34665304,89807.69554125,295.69901437,199.13009724,18.39824338,4.87972066,9.95906928,18.64853751,4729.19217835,58.75510231,2098.86268961,3465.05891083,8.00892202,40.09944328,46.294383,15.43810755,1732.20106491,20.46464901,4.41703858,63.88136355,18.39824338,1502.90276928,36.78034349,11.12836939,138.81815537,1.74650222,0.38499566,1.0,3.68288674,4.0406262,57.92153182,279.54454564,3.96052973,7884.31601896,3.64,4.75670791,111.97615672,87.80152564,1402.78413532,3.75,8.49146509,14.42641182,600.95716087,10.66840068,1.33920723,0.79232347,22.93480551,569.66484496,35.48113623,,23.64075113,13001.84996615,18.39824338,33.54687021,10.89825154,3.49999523,3.16629662,2.40335114,36.44671852,6.79177838,32.75753881,2588.47257831,41.74801716,3675.96830195,42.86037468,12910.37050714,63.41420415,25505.38607365,122.0439331,2.81082578,626.88415509,2.70676646,626.88415509,114.04280831,247.36342708,18.39824338,28.24638957,26.48067106
2025-02-26,3.67289971,72.99955793,94.40086817,393.55039658,1.80081892,915.4996202,1060.62535187,1.57908082,1.80000038,1.6982147,1.86310246,2.01753834,121.40095088,1.8586019,0.37683281,2959.38633401,1.0,1.33765866,6.90453641,5.74070676,0.99919572,87.08784476,13.76301947,3.27003319,2.0071549,1.43066566,2872.00051147,0.89229722,942.32052531,7.24810456,4127.25133881,505.17046737,26.50000903,105.50206442,23.70170278,177.72020987,7.09144312,62.45007401,134.59930771,50.57991932,15.00000475,126.99991159,0.95069053,2.2973028,0.79119413,0.78936025,2.80960235,15.55010567,0.79119413,71.49528695,8655.00245088,7.70385134,209.05083723,7.7710528,25.65028278,132.14642155,381.49825311,16321.00529344,3.58155071,87.07517871,1310.00042496,42100.01390575,138.50966044,157.58920282,0.70950225,149.11554883,129.49406531,87.44962909,4020.00121688,468.49084913,899.98517683,1431.58054583,0.30830989,0.8326585,498.43549612,21705.00734504,89600.02930884,295.38611821,198.34974669,18.43024451,4.87004916,9.9160198,18.63456407,4720.00189187,58.46607508,2099.11358565,1.25101819,8.00259348,40.16967449,46.42972923,15.38890848,1733.00065408,20.47230781,4.41198364,63.90317787,18.42999258,1500.56010408,36.75062151,11.11180501,139.34055161,1.74921069,0.38499734,0.99919572,3.68050428,4.03025097,57.87997532,279.62508663,3.93755199,7904.77943789,3.64102876,4.73239963,111.40700868,86.60125567,1400.00045443,3.74996554,8.42198871,14.41459044,601.00040214,10.59737876,1.33679543,0.79462613,22.89121153,571.49443418,35.45450898,,,13001.95426323,18.42974444,33.77983623,10.90620202,3.50000143,3.143251,2.34210314,36.4685117,6.79117512,32.77360826,2617.47716869,41.66246493,3679.94251269,42.82905538,12910.00398054,63.94165517,25535.00828242,121.99844182,2.81587881,624.85802863,2.7025508,625.49959358,113.44755753,247.27507185,18.42650449,28.20304848,
2025-02-27,3.6725,73.40486141,94.60409104,393.53591032,1.7978558,920.17721732,1061.17935391,1.58514734,1.79,1.69999993,1.86604131,2.0,121.50807412,1.86604131,0.376,2962.14625092,1.0,1.33856019,6.90499865,5.79599539,1.0,87.12318989,13.78201828,3.26998919,2.01284069,1.43448354,2863.4999213,0.8949972,942.43861589,7.26089016,4105.13559567,505.85140003,23.98700638,105.20769972,23.79409308,177.82615142,7.1158656,62.41431383,134.71440667,50.58585931,15.0,127.00068084,0.95409177,2.30738829,0.78932346,0.78932346,2.81461639,15.50375682,0.78932346,72.04031059,8654.41649274,7.71361085,208.6540094,7.77330596,25.58249058,131.2531934,381.12147756,16372.56698799,3.55709147,87.12318989,1308.81851966,42157.07203133,138.82061723,157.60938559,0.709,149.15907229,129.39105159,87.705511,4011.8678146,469.38238245,900.00905202,1437.1397492,0.30840116,0.82632437,501.46239948,21673.17188841,89829.81713796,295.66026156,199.14239556,18.41937451,4.88002477,9.9233786,18.6406512,4720.05283203,58.6751828,2098.94685075,3468.27516022,8.00650514,40.09858655,46.41173686,15.4273691,1731.70775424,20.40800645,4.430043,63.88361971,18.41937451,1501.43544118,36.79847482,11.15374575,139.46244622,1.75539026,0.38500487,1.0,3.67470698,4.02669509,57.87446523,279.60975723,3.9484883,7886.01414442,3.64,4.74890706,111.82002516,86.85328956,1402.39713375,3.75,8.49440335,14.38699082,601.01532008,10.65642347,1.33856019,0.78932346,22.84938209,570.00819831,35.60492416,,23.58026591,13001.97545954,18.41937451,33.80783326,10.90326017,3.49931768,3.1595438,2.40554714,36.46829828,6.78777257,32.79838926,2614.65946712,41.6375295,3679.14358649,42.62504793,12893.73666311,64.15984227,25599.10691602,123.30907402,2.82241926,625.8431766,2.70673567,625.8431766,113.85343343,247.31850173,18.41937451,28.35273564,27.00677986
2025-02-28,3.6725,73.43596155,95.34707163,393.57597076,1.79997161,920.13442696,1061.99998179,1.60531501,1.79,1.70000555,1.88194769,2.0,121.48192649,1.88194769,0.376,2961.51056016,1.0,1.34767078,6.90624939,5.84152164,1.0,87.31384814,13.78659626,3.27002168,2.01196583,1.44398208,2864.49948728,0.89877234,952.83597943,7.29042086,4131.94552454,506.18649564,23.97202326,106.1045039,24.04534437,177.87889004,7.17694649,62.42204299,135.10554284,50.65804633,15.0,126.99931639,0.96222458,2.32485776,0.79361881,0.79361881,2.7997236,15.50478699,0.79361881,72.09805112,8658.17127604,7.7134414,208.7169731,7.7772843,25.62552949,131.08073556,385.50146634,16564.0680019,3.57670612,87.31384814,1307.97964672,42111.02106899,139.81809573,157.53684517,0.709,149.45115836,129.36496132,87.70588653,4009.82755153,473.38345922,899.95117603,1458.36026945,0.30866208,0.82581504,501.90395264,21690.78015987,89691.62412516,295.37234575,199.45013252,18.47128118,4.87002422,9.96831647,18.6397691,4753.23460264,59.15915144,2098.51271984,3469.39603078,8.01060283,40.07753655,46.46812545,15.43830244,1732.60256345,20.47737691,4.46684749,63.88820358,18.47128118,1499.19182678,36.79981431,11.25257461,139.76764241,1.77979328,0.38500109,1.0,3.68092448,4.02286675,58.00601781,279.62078314,4.00877966,7888.42898648,3.64,4.78789073,112.75939574,87.59967763,1405.70892308,3.75,8.50236267,14.46810626,600.98304165,10.76268236,1.34767078,0.79361881,22.84927922,570.23785989,35.47506375,,23.70639002,13001.86059985,18.47128118,34.02927707,10.88595911,3.49766442,3.16006046,2.40962803,36.52942432,6.78491578,32.90236454,2599.45852304,41.58909864,3679.90764795,42.46161625,13000.41056934,64.16526293,25558.3806282,123.92251445,2.83482156,631.17794562,2.7064858,631.17794562,114.82393498,247.29772049,18.47128118,28.34695984,26.54362361
2025-03-01,3.6725,73.56409107,95.08580821,392.23028484,1.78964308,912.25378302,1063.4891204,1.61181278,1.79,1.70000004,1.88335707,2.0,121.45783467,1.88335707,0.376,2959.41715393,1.0,1.35123775,6.90582167,5.885143,1.0,87.47168,13.77472722,3.2745678,2.0146658,1.44457829,2860.61935263,0.90266611,960.36274824,7.2827921,4159.06003303,505.36655959,23.99510545,106.18396507,24.17146481,178.26439573,7.18732435,62.39159691,135.08184999,50.63433556,15.0,127.19820295,0.96294518,2.33589121,0.79492402,0.79492402,2.81528904,15.49490284,0.79492402,71.48420899,8663.84028064,7.71142799,209.09467867,7.77861235,25.71762214,131.22339252,388.84353074,16536.49341503,3.59917391,87.47168,1309.08758181,42079.75662603,140.17815644,157.50960242,0.709,150.64746647,128.93662791,87.46991664,4027.50638215,473.7379739,899.99487091,1461.5967258,0.30869495,0.82016761,498.50596568,21719.00550755,89483.06718741,295.09332604,198.79730816,18.68908039,4.87998129,9.96129522,18.63900476,4722.69982317,59.3037983,2098.68461215,3470.39494633,8.01197072,40.03700676,46.73274728,15.38890445,1734.24741394,20.52799496,4.45529518,63.58211162,18.68908039,1499.51700553,36.79678267,11.25190901,140.02029176,1.78563472,0.38499979,1.0,3.68133896,4.01637809,57.98566661,279.59761185,4.04270652,7893.53388596,3.64,4.79626162,112.91537023,89.3404429,1407.4743079,3.75,8.43217303,14.5965846,600.69954717,10.75993329,1.35123775,0.79492402,22.84989623,571.90185974,35.39754299,,23.73776365,13001.83142555,18.68908039,34.2409932,10.90362526,3.50900412,3.16379339,2.40156379,36.3990101,6.78679676,32.91956405,2607.79105181,41.68345525,3675.2824077,42.96464102,12900.12259411,64.40385948,25538.32745813,124.08737725,2.83215878,631.65063187,2.70251128,631.65063187,114.90992609,247.29368204,18.68908039,28.23290676,26.53881911
2025-03-02,3.6725,73.6212045,95.44845081,393.3432347,1.7875008,912.23941767,1063.50207598,1.61081131,1.79,1.70000005,1.88457799,2.0,121.89337826,1.88457799,0.376,2916.01616138,1.0,1.35119439,6.93490668,5.90255291,1.0,87.47498824,13.77382007,3.2750001,2.01726034,1.44656947,2859.59008789,0.90336489,959.74893721,7.28279529,4151.0684933,507.92101172,23.99964662,106.2528007,24.18832815,178.2859493,7.188893,62.25937666,135.66389877,50.65428094,15.0,126.79752156,0.96356943,2.3437484,0.79498772,0.79498772,2.79040003,15.4526533,0.79498772,71.50004882,8679.32597391,7.71242621,208.9832084,7.77857797,25.60892594,132.9793597,388.79441101,16567.92840482,3.59844953,87.47498824,1310.30800381,42002.59611166,140.19608507,156.46501368,0.709,150.61604288,129.48667665,87.44902584,4003.00014088,474.0450829,900.0,1461.87003749,0.30950084,0.82000407,498.09876023,21664.56490052,89549.99925482,295.15004141,198.68207338,18.70747358,4.88589953,9.98291412,18.58000012,4721.00372241,58.9900007,2099.76009831,3470.86382917,8.0119353,40.00449012,46.60024804,15.4599994,1733.38765901,20.54367284,4.46239692,63.58090238,18.70747358,1498.91020899,36.6242987,11.25485215,140.02558743,1.7857735,0.38500017,1.0,3.72496976,4.01350033,57.96550438,279.566944,4.04128456,7940.30893525,3.64,4.7972328,112.85876881,89.37126411,1400.28515075,3.75,8.43170095,14.89014898,598.96254005,10.75941634,1.35119439,0.79498772,22.81011055,571.45716895,35.33000242,,23.5494017,13001.85513311,18.70747358,34.21545644,10.90972307,3.50000203,3.16648049,2.40151844,36.50640527,6.78660585,32.95041001,2582.57238161,41.63138663,3677.12327213,42.45516211,12878.05498998,64.40375421,25534.97931942,124.0874306,2.8320794,632.06011053,2.70000005,632.06011053,114.98441848,247.46953451,18.70747358,28.6698635,26.53881911
2025-03-03,3.6725,73.45366325,95.28532186,393.56072977,1.79932206,921.12551668,1060.26265026,1.60588641,1.79,1.6999984,1.87719745,2.0,121.55240415,1.87719745,0.376,2962.96711949,1.0,1.34874654,6.90668126,5.8845329,1.0,87.36091716,13.79726299,3.27000645,2.01189026,1.44375069,2864.49688226,0.90235506,958.51474633,7.28402138,4150.46687935,506.48518882,23.99696234,105.83668469,24.06289222,177.89413181,7.1580998,62.41875628,135.37908353,50.45737241,15.0,127.21075402,0.95979582,2.32386009,0.79302813,0.79302813,2.79035427,15.49805651,0.79302813,72.04513949,8653.46935242,7.71491652,208.95468257,7.77733844,25.60765608,131.2879313,385.54081749,16580.77811721,3.59815121,87.36091716,1311.07613431,42156.72801077,139.6558295,157.52674029,0.709,150.39527939,129.20776361,87.70646473,4027.73779646,472.18858831,899.97385053,1460.83178084,0.30883719,0.82661547,500.1144644,21735.93951478,90132.71848937,295.33295059,199.80070698,18.62284436,4.88608949,9.96542603,18.64052049,4723.88695025,59.30257078,2098.69900737,3471.24160328,8.01065859,39.93267897,46.78581139,15.43424547,1735.7646807,20.46726607,4.45699921,63.87594127,18.62284436,1501.45000257,36.81416191,11.21741325,139.84298814,1.78191519,0.38493851,1.0,3.68432827,4.02487174,57.94098999,279.8563211,4.01339421,7886.07582343,3.64,4.77544034,112.71944037,88.68153582,1407.71077278,3.75,8.5050218,14.59322772,600.97116607,10.72467037,1.34874654,0.79302813,22.84793422,571.96684046,35.62482398,,23.72910576,13001.88774187,18.62284436,34.19911043,10.88585909,3.50667004,3.17074064,2.41251886,36.51811691,6.78792028,32.91665077,2600.80998267,41.56070376,3675.33481124,42.47573096,12959.51764953,64.40426943,25543.86328854,123.92130936,2.84711088,629.58478441,2.70687946,629.58478441,114.53410698,247.31749145,18.62284436,28.42632402,26.55065087
2025-03-04,3.6725,73.49299552,94.43311618,390.73815311,1.80006617,920.19964911,1063.69038421,1.60957547,1.79,1.69999554,1.86379499,2.0,121.43849928,1.86379499,0.376,2962.17563266,1.0,1.34451279,6.90934264,6.02986009,1.0,87.31224479,13.84550251,3.27012606,2.01208275,1.44869107,2864.40528669,0.89521669,950.65882177,7.28625583,4124.86668771,504.43700265,23.98489263,105.08105204,23.84716162,178.04489448,7.10766651,62.39261254,134.66981182,50.6412675,15.0,128.36772567,0.95294325,2.33810822,0.78719217,0.78719217,2.79118969,15.50217787,0.78719217,72.09364401,8653.03356006,7.71322538,208.87789517,7.77671152,25.62947531,131.35153253,381.00463203,16466.43610726,3.59910859,87.31224479,1309.43810087,42257.96012981,139.04022317,157.53398162,0.709,148.82331763,128.69722261,87.69915313,4027.52087445,468.81734598,900.03347031,1456.80083333,0.30835321,0.82720715,499.80831093,21705.01639607,89617.98266355,295.04239614,199.61427244,18.61421594,4.88004083,9.91978524,18.6447685,4727.48185777,58.66970101,2099.00131101,3470.66694013,8.01001287,39.99608832,46.69468853,15.44146904,1733.79514455,20.76058069,4.46013814,63.88425682,18.61421594,1501.60061807,36.79806322,11.19688656,139.76507585,1.78154172,0.38498915,1.0,3.6978888,4.02121649,57.81539179,279.63981409,3.9669785,7915.70114639,3.64,4.74272931,111.63883828,89.67214654,1421.08830376,3.75,8.50396922,14.38989228,600.78816433,10.50638863,1.34451279,0.78719217,22.76419963,572.4452488,35.56584461,,23.60418896,13001.92327446,18.61421594,33.93560655,10.89640246,3.49767089,3.16111132,2.41185625,36.46154746,6.78585523,32.93360719,2597.64867081,41.59007669,3677.89777592,42.60537798,13056.4641671,64.40315291,25587.78748809,124.83269705,2.83948084,625.08979464,2.70741974,625.08979464,113.71637814,247.18841419,18.61421594,28.43828086,26.57832683
2025-03-05,3.6725,73.08837356,93.47286143,393.88697962,1.79964687,920.05234447,1063.7853378,1.59776992,1.79,1.70000027,1.84281316,2.0,121.47551895,1.84281316,0.376,2960.5122439,1.0,1.34005114,6.91166636,6.25195443,1.0,87.26518378,13.83561657,3.27045339,2.01113579,1.44177295,2864.26876632,0.89086338,947.76712901,7.26559056,4147.11290566,504.54723406,23.97426546,103.89809273,23.63194819,177.87373935,7.02825997,62.36327989,134.29360876,50.63715813,15.0,128.59866866,0.94221541,2.31087602,0.78251637,0.78251637,2.78894313,15.49477408,0.78251637,72.09390094,8647.31244624,7.71028313,208.88291345,7.7731818,25.62508466,131.29288662,375.90685376,16405.92784645,3.63407258,87.26518378,1308.97959206,42197.08919363,137.85653929,157.24749805,0.709,150.16660986,129.20047863,87.69231562,4026.28162835,463.53959292,899.97834619,1455.682396,0.30869238,0.82690467,499.4806903,21675.10270379,89689.72024617,295.20149391,199.55494432,18.4901277,4.87998057,9.84845384,18.63616693,4682.16191147,58.09485505,2098.968113,3470.20989728,8.00637725,39.93530671,46.46194876,15.44220718,1734.16181828,20.6092605,4.44763915,63.88033869,18.4901277,1499.47508995,36.78097112,11.11448923,139.68974293,1.76761346,0.38499798,1.0,3.67616363,4.07804327,57.57126639,279.6460627,3.92758115,7921.08043401,3.64,4.68958542,110.41194838,89.6982451,1413.56381744,3.75,8.49329958,14.39691937,600.82425157,10.43583426,1.34005114,0.78251637,22.84579398,571.54459766,35.77476738,,23.38619813,13001.82845297,18.4901277,33.7358568,10.90186162,3.49868273,3.14081097,2.41120811,36.46994884,6.78480839,32.82152467,2613.63638336,41.51796677,3676.01854826,42.60336528,13052.70449099,64.05177198,25555.10828674,124.72324369,2.83910497,618.05279056,2.70711378,618.05279056,112.43620587,247.1844371,18.4901277,28.65992131,26.58394045
2025-03-06,3.6725,72.98356078,91.70740908,391.66572487,1.79822656,919.33323034,1063.64056382,1.57535334,1.79,1.69999977,1.80849643,2.0,121.41306194,1.80849643,0.376,2948.32824089,1.0,1.33053253,6.90039466,5.7405887,1.0,86.90344755,13.7699888,3.27031165,2.00977296,1.43221454,2864.49999889,0.88979109,938.47500982,7.24270135,4114.30075607,502.45401321,23.96349481,101.96331033,23.10064886,177.85869681,6.89740167,62.44923278,133.7848199,50.67014637,15.0,127.99809408,0.92466954,2.29642028,0.77491435,0.77491435,2.78267161,15.49058388,0.77491435,72.08685285,8647.40841936,7.70886215,208.56417372,7.76991384,25.62561763,131.35023713,368.19195498,16291.65547125,3.61246953,86.90344755,1309.30661616,42097.43344447,135.83971021,156.71509392,0.709,148.98943994,128.70070757,87.6794638,4010.28373898,454.90759379,899.99875145,1439.71215488,0.3085222,0.82682603,496.67947807,21666.84668385,89699.98751431,294.96480017,199.47805932,18.2891013,4.86892945,9.74832387,18.53610553,4607.81853497,56.99187742,2098.8764622,3470.07714166,8.00301125,39.95991865,45.9526106,15.44188265,1734.03866009,20.38853795,4.41854229,63.86762343,18.2891013,1495.8317096,36.79640429,10.888461,139.11069366,1.74250809,0.3849963,1.0,3.65412284,4.05326279,57.284512,279.78836766,3.83996184,7910.88099786,3.64,4.60130194,108.33059023,90.3547729,1403.2915481,3.75,8.48690222,14.37219824,600.72837733,10.1694353,1.33053253,0.77491435,22.8479834,571.17943319,35.63477392,,23.04245916,13001.8643349,18.2891013,33.6017877,10.88880092,3.4978429,3.10189664,2.39724974,36.48918975,6.78345229,32.7930407,2610.1301411,41.37424602,3670.70275393,42.55686209,12909.00837158,64.14762907,25498.50472791,124.06819906,2.81663716,606.54345839,2.70716068,606.54345839,110.34242738,246.7918956,18.2891013,28.69079832,26.58680183
2025-03-07,3.6725,72.7141835,91.83167771,392.53047173,1.79693794,914.65174933,1063.64273093,1.58317418,1.79,1.69999981,1.81288923,2.0,121.50152388,1.81288923,0.376,2955.2316377,1.0,1.33322227,6.90594774,5.75266796,1.0,87.08412334,13.64965074,3.2710798,2.01239869,1.42995399,2864.12442508,0.88292857,929.01701059,7.25225155,4104.96062312,503.93723197,23.95883586,102.21097686,23.20816775,177.30462592,6.9143104,61.84500917,133.5493487,50.68361264,15.0,128.55118357,0.92691554,2.30241947,0.77632385,0.77632385,2.78142048,15.46478335,0.77632385,72.09309132,8648.68005121,7.70688852,208.60945451,7.7742992,25.44788051,131.70464227,370.17375524,16329.20080523,3.61355013,87.08412334,1302.91830946,42054.95562722,136.15887027,156.68506648,0.709,148.01403694,129.24456228,87.66318134,3972.67297682,456.01255383,900.01919423,1446.28904166,0.30826621,0.8257666,497.03085053,21460.83840751,89638.64452553,295.32411061,199.05756594,18.14726725,4.82179655,9.75901503,18.46226379,4670.45108341,57.00974325,2098.96738962,3471.00207749,8.00752817,39.4621492,45.18551923,15.43999645,1718.65752478,20.29039676,4.43612576,63.76742908,18.14726725,1504.08512913,36.6184657,10.87791897,139.39991043,1.74563104,0.38498249,1.0,3.65066733,4.07815923,57.3775245,278.91741757,3.87136543,7917.71167552,3.64,4.61109789,108.54527829,89.08242141,1410.52064316,3.75,8.49176373,14.39586297,600.4958893,10.16545591,1.33322227,0.77632385,22.89712208,563.85877073,35.93799515,,22.84489055,13002.19939107,18.14726725,33.81726943,10.90595933,3.49882528,3.09986411,2.40309033,36.49205034,6.77137026,32.88077982,2612.0486505,41.35566531,3671.90802194,42.61947998,12866.22418558,64.38472149,25476.65280711,123.73953246,2.81015776,608.01673845,2.70648704,608.01673845,110.61044659,246.75793563,18.14726725,28.80682049,27.0168228
2025-03-08,3.6725,72.77221205,91.64530166,393.88934834,1.79055931,912.59718552,1064.90975294,1.58577674,1.79,1.70000003,1.80514967,2.0,121.5748796,1.80514967,0.376,2946.50615908,1.0,1.33092991,6.90580747,5.78826104,1.0,87.13248321,13.66663715,3.27536363,2.01566247,1.43732589,2862.94016607,0.88031351,929.41702852,7.23393341,4133.2983181,502.95403148,23.94412747,101.77461938,23.02711097,178.26384677,6.88426752,61.84570539,133.53310309,50.68020342,15.0,128.63048068,0.92295837,2.30946897,0.7744507,0.7744507,2.78182743,15.48248847,0.7744507,71.48486634,8647.46617683,7.70111549,208.74094322,7.77056602,25.67430055,131.66911271,367.34022289,16301.88106233,3.62356236,87.13248321,1310.10859385,42079.65427749,135.76711879,156.63305084,0.709,147.95535032,129.14482965,87.49274417,4003.98103206,454.06575228,900.00736536,1448.19979268,0.3082054,0.82059189,490.74987715,21648.2187524,89824.60512723,295.34990212,199.08524143,18.24032218,4.82958701,9.74129737,18.2781409,4659.88005852,56.68359951,2099.28136633,3471.19979575,8.003683,39.41484899,45.59200189,15.40537969,1735.2625409,20.24819847,4.41429599,63.61184533,18.24032218,1514.26017514,36.71177791,10.85958371,139.4773225,1.75190324,0.38495462,1.0,3.65520732,4.01930887,57.38100313,279.67462653,3.85061181,7911.58495494,3.64,4.59123101,108.18056519,89.99829891,1410.75188193,3.75,8.41291709,14.72774473,600.4758443,10.0876929,1.33092991,0.7744507,22.81330199,570.80535054,35.76849726,,22.79189885,13001.94102474,18.24032218,33.69488999,10.90759768,3.50078949,3.10476314,2.38767505,36.46384455,6.78169382,32.85114938,2625.33899206,41.2423029,3664.72061455,42.51230342,12947.23381434,64.67595276,25497.5447629,122.55247172,2.80765634,605.42100305,2.70224927,605.42100305,110.13823023,246.76717059,18.24032218,28.57672888,26.63453021
2025-03-09,3.67270273,72.35728471,91.68086031,394.49992802,1.80445696,914.5036543,1064.9006491,1.59083619,1.79999982,1.70396916,1.80482608,2.02150041,121.64439941,1.80266764,0.37696626,2966.08577738,1.0,1.3323487,6.91828296,5.78790186,1.0011535,87.00961192,13.61324648,3.27651815,2.01107272,1.43714968,2874.99933558,0.88084573,927.68849836,7.2342482,4106.4904822,506.25183776,26.49999077,101.75329764,23.02069572,178.28628326,6.88440129,62.63090064,133.25976834,50.67870649,14.99999446,130.90061311,0.92280377,2.29680322,0.77435602,0.77498353,2.7750389,15.51884273,0.77435602,71.50382502,8656.85105947,7.72204781,209.46792703,7.77074786,25.6023537,131.45383582,367.38025606,16299.99417988,3.62884925,87.14921922,1311.58537596,42099.98532004,135.77033721,156.95098897,0.70940356,148.04498668,129.56208162,87.45035316,4012.36418359,455.05022175,900.02668103,1447.51452216,0.30809004,0.83430966,491.33927896,21677.65571206,89707.43809279,295.80573596,200.23985793,18.14755079,4.83273905,9.73533526,18.17191281,4689.70441119,56.78030534,2099.09094139,1.41133472,8.01374701,39.93815738,45.22036185,15.41037268,1736.07652719,20.26716277,4.41450223,63.90370635,18.14755079,1514.99980252,36.8476774,10.85989993,139.21556419,1.7511595,0.38498543,1.0011535,3.65791387,4.08803456,57.20501839,280.33580183,3.84958114,7927.83364801,3.65007004,4.59260244,108.13450696,89.05086125,1409.67974372,3.75167166,8.41128257,14.74503301,601.00012458,10.08640027,1.33090359,0.78584308,22.85036275,572.23252809,35.80364674,,,13002.4643041,18.14238309,33.75602545,10.91311341,3.50999858,3.09251016,2.34210274,36.40079121,6.79647286,32.84202614,2648.17881722,41.26644575,3673.69406932,42.66136054,12934.06080908,64.57842263,25504.99089285,124.14056793,2.81807477,605.3216128,2.70254897,605.3216128,110.11978178,246.80350278,18.2514142,28.50919482,
2025-03-10,3.6725,72.29512407,91.29908908,392.79039501,1.79691774,919.49923847,1062.6384073,1.58296984,1.79,1.70005216,1.80002427,2.0,121.58064726,1.80002427,0.376,2957.9317037,1.0,1.32865534,6.91698142,5.7860308,1.0,86.99938715,13.62454818,3.27184395,2.0143965,1.43598947,2864.18803395,0.87703639,929.05722979,7.23390936,4132.24224611,505.79658324,24.01247843,101.48564842,22.9623863,177.30969798,6.86454399,61.97642231,133.4139557,50.57015035,15.0,129.22080341,0.92033779,2.29542702,0.77273649,0.77273649,2.77533133,15.49954467,0.77273649,72.04671889,8656.89857942,7.7145051,209.03507195,7.77144089,25.58862196,131.73605106,366.0901214,16299.81532852,3.63115832,86.99938715,1310.43589973,41989.75633606,135.37896905,156.96539317,0.709,147.22858858,129.42541737,87.70525091,4010.59713278,452.77651319,900.00952569,1447.19184069,0.30798519,0.82533362,490.73268938,21644.7174246,90028.43795533,295.65137743,199.86743823,18.26268855,4.83195504,9.72582074,18.23185955,4667.39563928,56.75545704,2098.93737265,3472.40430855,8.00458411,39.40177617,45.18525852,15.43807596,1735.29612137,20.25488802,4.41238804,63.81201381,18.26268855,1514.95271154,36.79977135,10.8290147,139.26426898,1.74765207,0.38496329,1.0,3.68116678,4.03808131,57.38094687,280.06890044,3.83814524,7935.50469502,3.64,4.57909573,108.12849986,88.89048642,1407.68775947,3.75,8.48664288,14.73468815,600.75413493,10.06631172,1.32865534,0.77273649,22.83809361,571.71244914,35.75966005,,22.75669508,13001.85513348,18.26268855,33.66070509,10.90633144,3.49812977,3.09410207,2.40456996,36.52216352,6.79206758,32.83163876,2622.90327086,41.31237813,3667.39691469,42.47349862,12944.38835198,64.71119457,25585.99007552,123.20835016,2.81420475,603.70201758,2.70674514,603.70201758,109.82551227,246.76099053,18.26268855,28.49863144,26.642486
2025-03-11,3.6725,72.2060281,91.54787223,395.5349756,1.79975984,920.12481492,1065.26434359,1.5944325,1.79,1.69999993,1.80175429,2.0,121.58394486,1.80175429,0.376,2962.74848692,1.0,1.33265001,6.916923,5.85597233,1.0,87.37546435,13.62826532,3.27030509,2.01274832,1.44314948,2864.45803594,0.87766914,942.29813024,7.25731658,4180.93526592,504.85130959,24.01708961,101.58318762,23.06208089,177.857773,6.87139927,62.55597698,133.47601832,50.5962648,15.0,129.17990325,0.92122234,2.30191466,0.77606375,0.77606375,2.77465597,15.50363242,0.77606375,72.0432748,8649.74513008,7.71241364,209.03124945,7.76892355,25.63972401,131.49465288,368.15210722,16330.36330854,3.64039281,87.37546435,1310.73657937,42083.92758562,135.14656873,156.94304233,0.709,146.83516104,129.39885204,87.70620906,4012.10852876,453.21168268,900.01197916,1457.2178075,0.30811546,0.82613321,491.05258154,21645.72677739,89731.08378819,295.65590816,199.78224672,18.32229208,4.81991932,9.72967695,18.22900847,4678.0126118,56.76884855,2099.16198063,3470.40041472,8.00199126,39.25959811,45.13684856,15.4377553,1733.91213691,20.37187622,4.43512935,63.88126497,18.32229208,1524.40989153,36.7985382,10.75764461,139.86627456,1.75815297,0.38499192,1.0,3.66428866,4.08078264,57.44826175,279.99784124,3.86632689,7932.58559479,3.64,4.58446262,107.87875496,87.56950577,1409.6606101,3.75,8.48979297,14.35568282,600.81029615,10.10521574,1.33265001,0.77606375,22.84158427,571.14638289,35.85931283,,22.78575788,13002.07042009,18.32229208,33.95370378,10.91476602,3.49646101,3.08946722,2.40641593,36.58116005,6.79306678,32.94706386,2633.60313473,41.30507149,3669.63653834,42.42325977,12945.63450062,65.33528827,25526.28220403,123.32545912,2.82662359,604.28224357,2.70687556,604.28224357,109.93106702,246.77893991,18.32229208,28.53209256,26.63966741
2025-03-12,3.6725,71.38692768,91.32173779,395.53730777,1.80056088,919.48802128,1065.60283504,1.58937498,1.79,1.69999438,1.79263228,2.0,121.51940693,1.79263228,0.376,2961.1284714,1.0,1.3306207,6.91523097,5.81073252,1.0,87.21124231,13.63369061,3.26996209,2.01285363,1.44369536,2864.49312937,0.88329507,937.61060334,7.22096509,4125.53541658,504.30296261,24.0013256,101.06888701,22.92128505,178.05099889,6.83639741,62.60577788,133.31320902,50.60509965,15.0,129.59719373,0.91655833,2.29797665,0.77290814,0.77290814,2.77843139,15.5092504,0.77290814,72.12654868,8647.54935303,7.71136674,208.94576561,7.77128044,25.58600125,131.33973893,367.48323206,16445.27714373,3.65250993,87.21124231,1308.99097444,42107.02668297,134.64733311,156.97778092,0.709,148.02768488,129.18931895,87.70311322,4005.00892211,450.91713919,899.98622659,1451.84475212,0.30811157,0.83096028,489.75162547,21642.7124913,89751.78411779,295.53344172,199.94812727,18.24127415,4.82286771,9.67949114,18.16719767,4657.65818699,56.36075061,2098.66697459,3471.2054671,8.00441885,39.78983691,45.07988757,15.4420178,1733.70363162,20.26550491,4.42106715,63.88398358,18.24127415,1531.20354002,36.79584835,10.65739983,139.60339612,1.75164544,0.38501476,1.0,3.66291433,4.0465523,57.32879785,280.59223098,3.84923557,7925.53510145,3.64,4.56220418,107.32112317,85.4570597,1421.66276869,3.75,8.48685685,14.3692019,600.98203954,10.01763602,1.3306207,0.77290814,22.84783395,571.50501117,36.20474933,,22.68601588,13001.86061183,18.24127415,33.74463137,10.89915443,3.49910407,3.08601349,2.40427739,36.60074564,6.79711102,32.89278837,2642.25836654,41.37421981,3669.88342366,42.40019245,12954.54635176,64.99305572,25448.54679207,123.22790789,2.82133851,601.22285226,2.7071287,601.22285226,109.37450235,246.79677787,18.24127415,28.55706272,26.6346195
2025-03-13,3.6725,70.83252737,91.3559996,392.00585252,1.80272546,919.86128166,1065.83430079,1.58186297,1.79,1.70000338,1.79630921,2.0,121.54280355,1.79630921,0.376,2961.438502,1.0,1.33280742,6.91343192,5.79819322,1.0,87.18532451,13.64432096,3.26992885,2.01203998,1.43737544,2863.99916477,0.88164944,938.90765835,7.24089412,4108.52343277,502.99612566,24.00877776,101.27619292,22.98436561,177.86636701,6.85101071,62.59132685,133.32576321,50.65519257,15.0,129.39065874,0.91843831,2.30261378,0.771336,0.771336,2.77392016,15.50132362,0.771336,72.07051127,8652.57658186,7.71042739,208.91488676,7.77037629,25.65435272,131.2750678,366.60886999,16429.53200693,3.6412462,87.18532451,1309.3519627,42069.204829,134.5458158,157.02264284,0.709,148.31444121,129.38250482,87.70398007,4006.56586169,451.84203101,900.00356895,1450.21937511,0.30812328,0.83182985,491.82068791,21626.72920442,89813.07236952,295.59298062,199.58749465,18.33894577,4.81968965,9.69400948,18.16672646,4671.33725835,56.50348108,2098.93860642,3471.90037186,8.00348758,39.8776408,45.07900698,15.43783439,1734.40161229,20.18306287,4.43237886,63.8824879,18.33894577,1533.06989955,36.7789984,10.62578563,139.56190822,1.74394976,0.38497408,1.0,3.66291936,4.02087595,57.39945366,280.09105257,3.8486997,7922.2959203,3.64,4.57161696,107.53717096,87.12389245,1421.05021388,3.75,8.48655692,14.35438929,600.97796736,10.0846149,1.33280742,0.771336,22.83398331,571.16860821,36.4039984,,22.75359469,13001.86018816,18.33894577,33.80896799,10.90765614,3.49686707,3.08305822,2.40483501,36.61189091,6.79010805,32.92145359,2639.26095594,41.45799556,3668.48083761,42.42434335,12953.89893473,64.86741878,25468.64436883,123.22903908,2.81660446,602.45604135,2.70686354,602.45604135,109.59884419,246.78414423,18.33894577,28.55404857,26.65931315
2025-03-14,3.6725,70.95112474,91.59220855,390.90882878,1.8023098,919.60249177,1066.37224913,1.58930545,1.79,1.69999992,1.80295123,2.0,121.50797597,1.80295123,0.376,2962.82058911,1.0,1.33636344,6.91233501,5.78916405,1.0,86.96156203,13.64843459,3.27001255,2.01244019,1.4432786,2863.99698291,0.88340338,936.96747151,7.24894108,4126.62911297,502.06910627,24.00163218,101.65067106,23.08457315,177.89806403,6.8777318,62.69023144,133.61812905,50.64670307,15.0,129.39314479,0.92183433,2.29928308,0.77230773,0.77230773,2.77369665,15.49840203,0.77230773,72.07680716,8653.22314616,7.70999471,209.21518676,7.77290624,25.59598068,131.23443507,368.40582902,16361.44724887,3.66440306,86.96156203,1308.2939717,42100.89251067,134.6852347,157.05438003,0.709,148.22852695,129.44745169,87.70310928,4011.32791458,453.51275895,900.00256282,1455.66887082,0.30821705,0.83152056,498.33774077,21645.4180292,89729.94994139,295.40376538,199.92610491,18.3207816,4.81856537,9.70620248,18.16612574,4680.64859356,56.70069135,2098.87490393,3472.22251497,8.00609343,39.78358195,44.99889798,15.44150348,1734.45936969,20.10228457,4.4469613,63.88893903,18.3207816,1553.94896001,36.81345613,10.69037366,139.20372041,1.75112712,0.38499407,1.0,3.66813849,4.06745689,57.29247713,280.03867615,3.85611005,7924.2994227,3.64,4.58823816,107.98581254,86.21975729,1415.61583261,3.75,8.48362423,14.53008014,600.98059816,10.20289342,1.33636344,0.77230773,22.76904698,571.30824094,36.44434282,,22.80344943,13001.90494397,18.3207816,33.66325409,10.89901283,3.49878716,3.09006586,2.4056343,36.68806806,6.79239715,33.00012335,2648.21436874,41.5300922,3663.68782966,42.62129681,12969.42653221,64.97303862,25473.74474302,123.22902295,2.82176032,604.6836786,2.70728756,604.6836786,110.00409611,246.79665813,18.3207816,28.60578852,26.63770751
2025-03-15,3.6725,70.5389181,91.31804437,391.4283103,1.78985255,912.37219342,1064.54419697,1.58157566,1.79,1.70000004,1.7964021,2.0,121.47588281,1.7964021,0.376,2959.81124971,1.0,1.33392059,6.91487053,5.74429307,1.0,86.9576263,13.62841959,3.27456804,2.01487734,1.43743538,2854.82884778,0.8851507,928.85439881,7.23759661,4099.63396626,505.74730327,24.00092074,101.28143025,22.99313693,178.3866463,6.85742523,62.73283429,133.65727741,50.5789001,15.0,129.3981862,0.91848581,2.29113568,0.77273305,0.77273305,2.77703713,15.49715292,0.77273305,71.49233265,8653.11871206,7.71094439,209.0741212,7.77295098,25.60504088,131.27277272,366.99925325,16334.16148273,3.64704488,86.9576263,1309.05802022,42094.38643083,134.43249338,157.05477082,0.709,148.59963337,129.45927335,87.46949624,4012.40986641,451.86539727,900.00942584,1451.10210272,0.30810048,0.82006435,500.96291018,21661.34064674,89568.00420781,296.26258391,199.82169383,18.17812137,4.81757093,9.69028271,18.15740172,4674.23463385,56.54384677,2098.83425405,3473.13229672,8.00613951,39.78562478,45.19361921,15.40249933,1735.60690023,19.92859102,4.44411679,63.58199713,18.17812137,1543.05459779,36.81466854,10.64529211,139.1974203,1.74022942,0.38502317,1.0,3.66793156,4.06174818,57.30214628,279.92946972,3.84709846,7930.40737092,3.64,4.57437967,107.67458715,85.56187501,1420.89032979,3.75,8.49978908,14.57309486,600.62475868,10.13675978,1.33392059,0.77273305,22.75015754,571.65336903,35.85968487,,22.74187865,13001.87314925,18.17812137,33.58664318,10.89344025,3.50979563,3.08438331,2.40385411,36.51474913,6.78984396,32.93945651,2652.7157801,41.4542258,3668.30744145,42.46057882,12949.54084397,64.21922245,25509.04244248,122.95967632,2.81859518,602.48719635,2.70240584,602.48719635,109.60451191,246.77974383,18.17812137,28.58447075,26.6428061
2025-03-16,3.67250468,70.54227494,91.44139211,389.56861538,1.80212962,919.77599783,1066.84814956,1.58055304,1.78999986,1.69999678,1.79880237,2.0,121.50163192,1.79880237,0.37604103,2963.17440682,1.0,1.33450369,6.91276075,5.72897972,1.0,86.92567453,13.62459501,3.27017468,2.01130255,1.43719537,2863.89925229,0.88504069,933.90488931,7.2378792,4108.30933147,503.38899158,26.50000046,101.41675942,23.01333934,177.89673479,6.86227108,62.72619659,133.73698626,50.64944645,15.0,129.39596502,0.91913032,2.29257756,0.77422023,0.77297113,2.77212829,15.49909144,0.77422023,71.95639646,8646.34463802,7.70896382,209.07061219,7.77276525,25.58704394,131.22817594,367.02424942,16327.35440011,3.64425061,86.92567453,1308.72218551,42093.90979563,134.55646631,157.03771467,0.70903919,148.63303998,129.46742372,87.70506854,4013.41648001,452.46916548,900.0234847,1452.08515559,0.30811362,0.83155007,499.48275298,21666.06137768,89752.63513927,295.80038603,199.94777869,18.17705575,4.81757929,9.69133122,18.1615298,4673.39639977,56.60677307,2098.61416104,1.26595504,8.00536496,39.78936107,45.16383406,15.44144634,1734.51310082,19.93505058,4.44515228,63.88839001,18.17705575,1545.93369026,36.81159023,10.64040405,139.14627316,1.74028043,0.38502277,1.0,3.66237494,4.06611856,57.22875959,280.08133476,3.84444914,7934.12542912,3.64037372,4.57776991,107.77009058,85.37113195,1418.14345326,3.75037248,8.52283349,14.49533863,600.9079877,10.1376701,1.33450369,0.78584264,22.76701701,571.18826362,36.46993019,,,13002.28711333,18.17705575,33.61443586,10.89272646,3.4972302,3.08658208,2.40815177,36.63290395,6.79075814,32.94590734,2652.26140802,41.43923216,3664.94916934,42.59033718,12934.20727216,64.47308005,25476.69901331,123.14264535,2.82878808,603.29222094,2.70731949,603.29222094,109.68142208,246.7833187,18.18060359,28.60979701,
2025-03-17,3.6725,70.53541676,91.3748764,390.83502263,1.80129171,915.3717923,1067.37732455,1.57789788,1.79,1.69999979,1.79657391,2.0,121.34126082,1.79657391,0.376,2961.61905528,1.0,1.33253048,6.89618828,5.72884383,1.0,86.94895251,13.59317453,3.27003258,2.01167929,1.43695002,2863.99949382,0.88410607,930.28446187,7.2267682,4110.44150169,499.32141941,23.95917175,101.29111708,22.98059434,177.94046048,6.85343414,62.73226183,133.48255259,50.63288408,15.0,129.39961957,0.91857366,2.30085865,0.77269419,0.77269419,2.77325785,15.48418358,0.77269419,72.0841004,8642.85286956,7.70484503,209.07550223,7.77201756,25.55632704,130.93699981,366.904725,16332.04823847,3.65326583,86.94895251,1308.39846418,42098.99096507,134.3925454,156.61113534,0.709,148.65787414,129.32022104,87.70766999,4000.64954896,451.9086149,900.06438105,1448.73135961,0.30809617,0.8311713,501.33857927,21647.77174711,89517.62691194,296.03296128,199.8313954,18.18035413,4.80660644,9.68694556,18.16675667,4659.12242026,56.41025351,2098.93867207,3473.00217196,8.00517808,39.67424763,45.16002307,15.44158325,1732.08825995,19.91679771,4.44143659,63.72751736,18.18035413,1537.93189598,36.77374425,10.62948985,139.18353573,1.7356499,0.38490402,1.0,3.66123825,4.10756235,57.21519666,279.81790222,3.84271418,7926.71184529,3.64,4.57171654,107.6531116,85.61214438,1412.7550975,3.75,8.48703049,14.39356299,600.99536236,10.12346224,1.33253048,0.77269419,22.76751758,569.65288172,36.61551344,,22.74760181,13001.85495569,18.18035413,33.63595127,10.8925174,3.49956525,3.08853236,2.40315794,36.68514382,6.78492635,32.95077176,2653.78467243,41.44101532,3662.9359026,42.58325659,12949.0231294,65.23218764,25524.46449588,123.24610908,2.81071863,602.54481986,2.70732773,602.54481986,109.61499478,246.79956839,18.18035413,28.60827122,26.63109312
2025-03-18,3.6725,70.61715257,91.07366211,390.6858821,1.80269348,920.07188606,1067.60317523,1.56583001,1.79,1.70000029,1.79201901,2.0,121.5502675,1.79201901,0.376,2962.24170461,1.0,1.33068396,6.91343923,5.68038374,1.0,86.67726941,13.61579339,3.27004377,2.01313147,1.42948531,2862.73395459,0.88152722,922.57489066,7.22989648,4073.31215412,499.20650006,23.9892555,101.03431093,22.96243799,177.89072284,6.83571815,62.79531136,133.36074208,50.5069412,15.0,129.3916401,0.91624477,2.29007788,0.77022072,0.77022072,2.77825632,15.49986481,0.77022072,72.07531916,8653.83573662,7.70795566,209.75144015,7.77003377,25.62892899,131.27270728,364.75028809,16390.22267247,3.64742455,86.67726941,1308.9644464,42073.64209305,133.87076458,156.38638501,0.709,149.48646992,129.42342097,87.70352722,4000.98790068,450.76287857,899.96094515,1444.20637125,0.30806296,0.82924248,498.65371618,21672.64306877,89669.55262658,296.54014087,199.75182708,18.10684925,4.817922,9.65798371,18.16257445,4671.38002375,56.34191039,2099.0666913,3474.00567884,8.00313478,39.80146141,45.06331778,15.4460188,1734.89322697,19.96100725,4.44426566,63.88806785,18.10684925,1545.40655496,36.76404168,10.54644842,138.74863901,1.71577268,0.38500509,1.0,3.65533139,4.10980917,57.28715758,280.05049096,3.83580008,7947.00964355,3.64,4.56070541,107.38955724,84.12447079,1416.06350482,3.75,8.47513715,14.43721487,600.99623188,10.100624,1.33068396,0.77022072,22.83259383,571.07098444,36.35455298,,22.67555693,13001.81810036,18.10684925,33.56411704,10.93278172,3.49880914,3.08416144,2.39540967,36.65915202,6.79060493,32.99923799,2646.89118074,41.56508634,3665.1941531,42.63168356,12948.46238907,65.95298428,25471.64673833,123.07760868,2.79355723,601.01717142,2.70649237,601.01717142,109.33708488,246.59666076,18.10684925,28.76719459,26.66583402
2025-03-19,3.6725,70.58294161,90.85794733,392.26339518,1.80225896,919.74177669,1068.05665492,1.57234894,1.79,1.70000016,1.7884792,2.0,121.5015859,1.7884792,0.376,2962.52697059,1.0,1.33138443,6.90826408,5.66655055,1.0,86.60814187,13.59185853,3.27001424,2.01238954,1.43040645,2862.73775305,0.8774915,917.15075841,7.23227098,4118.73452017,498.82554417,23.99172303,100.83473586,22.88302325,177.85770371,6.82099571,62.87979383,133.39791171,50.49515066,15.0,129.40036536,0.91443489,2.29234597,0.76961963,0.76961963,2.7826455,15.50150263,0.76961963,72.0451026,8652.96042547,7.70697969,209.21148229,7.77009376,25.62240997,131.42068802,363.62629975,16493.73214597,3.66838621,86.60814187,1308.83614185,42108.11879441,133.23511281,156.48791199,0.709,149.54720295,129.41522788,87.69957808,4010.57415031,449.87247778,900.01546081,1451.21080733,0.30797393,0.83116474,498.8312535,21657.43242824,89569.6308915,296.16918666,199.79845301,18.13199397,4.81999379,9.62891534,18.16243237,4672.84058539,56.23827296,2099.02058769,3476.47040917,8.00319657,39.84130184,44.93426955,15.4383819,1734.30139581,19.92362591,4.43189304,63.88282057,18.13199397,1541.8414504,36.79917116,10.57199184,138.6379831,1.71997611,0.38497197,1.0,3.64257194,4.09796115,57.26378889,280.2219281,3.82975648,7946.01727923,3.64,4.55158612,107.18121629,83.00504687,1419.52211037,3.75,8.4731606,14.55146515,600.97732456,10.0614479,1.33138443,0.76961963,22.83281959,570.77277269,36.58395045,,22.65856903,13001.86748953,18.13199397,33.66083866,10.89881655,3.49993865,3.07816539,2.39884608,36.70594753,6.7910281,33.0075679,2639.23166622,41.5812207,3665.8777789,42.09512542,12944.50555377,67.12366578,25528.33371936,122.46454066,2.79794918,599.82997037,2.70672493,599.82997037,109.12110918,246.59127773,18.13199397,28.73033204,26.6622872
2025-03-20,3.6725,70.93503639,90.9933987,390.44748515,1.80195606,919.64617218,1068.83790774,1.57861097,1.79,1.70110283,1.79354641,2.0,121.49924578,1.79354641,0.376,2959.40587289,1.0,1.33092478,6.90649549,5.64305029,1.0,86.32655245,13.6103118,3.27069591,2.0123508,1.43327522,2862.56824648,0.87652603,917.14828507,7.22985349,4155.99444374,498.47528096,23.99381378,101.12042586,22.9241415,177.86420857,6.84094693,63.01552386,133.46717206,50.65045188,15.0,130.00413698,0.91702572,2.29913306,0.76905785,0.76905785,2.77492342,15.4966835,0.76905785,72.05327581,8651.51780006,7.70460718,209.85712457,7.77074449,25.6391514,131.22298765,365.43518554,16520.5799934,3.66108188,86.32655245,1309.97644936,42082.82225566,133.06641235,156.56976674,0.709,148.29494125,129.39468286,87.60516272,4010.0908131,451.14707887,899.9606804,1461.14685909,0.30795979,0.83144823,503.88254572,21618.47945818,89882.33392456,296.27895541,199.66843895,18.12155979,4.81006122,9.64442085,18.01543287,4663.48563649,56.44509316,2099.21487983,3477.98469264,8.00386683,39.86701713,44.87439084,15.44149066,1734.99333829,20.04701625,4.42782907,63.85207077,18.12155979,1537.84657797,36.79964741,10.57334589,138.18722884,1.72651675,0.3849651,1.0,3.63384973,4.09464626,57.18394386,280.13859572,3.83646724,7944.85775561,3.64,4.56396082,107.47542558,83.96963251,1416.33952306,3.75,8.47592144,14.51573734,600.7069205,10.10206473,1.33092478,0.76905785,22.83071147,570.97471006,36.69103268,,22.69097215,13002.21117251,18.12155979,33.58606141,10.926051,3.49746525,3.08306018,2.40069452,37.90235446,6.78347516,33.034756,2641.48105281,41.56649557,3665.28458487,42.26730481,12914.22389138,67.15494056,25580.74340881,122.45612202,2.80026755,601.52943849,2.7071727,601.52943849,109.43027654,246.38008336,18.12155979,28.83327849,26.68567833
2025-03-21,3.6725,71.03613839,91.2310349,390.53319554,1.80187317,916.17729381,1068.68691663,1.58786725,1.79,1.70081635,1.80227348,2.0,121.51475095,1.80227348,0.376,2962.57379524,1.0,1.33573671,6.90876325,5.66861006,1.0,86.34253781,13.59778824,3.27053846,2.01270014,1.43217764,2862.40454626,0.88243634,925.80484794,7.24897774,4176.31202943,499.45353416,23.98578645,101.6124597,23.04982126,177.79623555,6.87359976,62.99316877,133.94200109,50.56900423,15.0,130.84293206,0.9214878,2.29962687,0.77134534,0.77134534,2.77233993,15.49792584,0.77134534,72.04037662,8651.24377906,7.70519685,209.883197,7.7720538,25.62648148,131.29165519,367.5343089,16496.41631519,3.67785764,86.34253781,1310.32371481,42093.07052687,132.97412289,156.61377698,0.709,149.12020556,129.41126474,87.65524977,4009.92852584,453.34227961,899.96813208,1468.99660425,0.30814846,0.8313797,503.2093951,21671.66921967,89816.55973041,296.36220494,199.7098154,18.14493699,4.81910153,9.64676293,17.7826332,4668.09580242,56.67845446,2099.05905559,3478.90364655,8.00521541,39.8175564,44.97399758,15.43817796,1734.75261067,20.14235744,4.42241838,63.79386197,18.14493699,1534.72110096,36.79979767,10.54660022,138.21281741,1.73626165,0.38491858,1.0,3.62374906,4.08814453,57.26270251,280.24170664,3.86458947,7955.53871248,3.64,4.58591346,107.97667347,84.9035051,1411.03035937,3.75,8.51215035,14.60775336,600.66537074,10.13091529,1.33573671,0.77134534,22.82298113,571.21692481,36.3518429,,22.78877083,13002.28159763,18.14493699,33.84852655,10.90833186,3.50014298,3.08929626,2.40538188,37.98968083,6.79218634,33.02287357,2643.60618454,41.55089673,3663.88263807,42.25670429,12958.65314297,67.74005887,25555.08266101,122.62706069,2.8179211,604.45637281,2.70671263,604.45637281,109.96274463,246.19410521,18.14493699,28.85306565,26.6660588
2025-03-22,3.6725,70.69152443,91.19408013,392.77112033,1.78838981,912.20335316,1064.75311778,1.59391904,1.79,1.70000004,1.80582533,2.0,121.49014674,1.80582533,0.376,2958.1776057,1.0,1.33594337,6.90643161,5.73400218,1.0,86.01156641,13.62429574,3.27456811,2.01465333,1.43823881,2859.81803182,0.88351175,928.77189597,7.24854464,4147.38376994,499.76553851,23.98793058,101.81271359,23.11088288,178.27464162,6.89846319,63.19158633,133.85295679,50.39753714,15.0,129.79850636,0.92330383,2.30850707,0.77415955,0.77415955,2.77407122,15.49478018,0.77415955,71.48112705,8653.85386904,7.70752326,209.2173489,7.77395775,25.59089313,131.09788747,367.47617234,16497.02125387,3.71480064,86.01156641,1310.457922,42110.04472271,133.2400221,157.26640754,0.709,149.29763548,129.49965159,87.70650822,4007.84907795,454.23570896,899.9956506,1465.78501365,0.30809513,0.82032281,503.08816545,21649.4934957,89585.27121407,296.32155455,199.3979019,18.21912051,4.80997452,9.63214101,17.76675518,4668.95530644,56.87600154,2098.65877585,3482.06846819,8.00717648,39.79889605,45.29340573,15.40966979,1735.99800949,20.23904118,4.42298646,63.5900947,18.21912051,1541.64257496,36.79783406,10.54425204,137.68301493,1.74546811,0.38489507,1.0,3.62849512,4.08362488,57.32952998,280.2732098,3.87867199,7961.79274126,3.64,4.59766216,108.35407358,84.21794068,1414.54740555,3.75,8.42165738,14.63814074,600.96677761,10.13783243,1.33594337,0.77415955,22.75556276,571.06691054,36.21580002,,22.84861542,13001.8620072,18.21912051,33.78141629,10.92380171,3.50716509,3.09054937,2.40731557,37.62016515,6.79462328,32.99023646,2655.3889362,41.50644226,3665.06781815,42.57516681,12949.30888172,68.15508536,25596.52807273,122.65343649,2.80985355,605.64761195,2.702527,605.64761195,110.17945493,246.17592234,18.21912051,28.64086451,26.67043232
2025-03-23,3.6730396,70.45733526,90.82965455,390.07107863,1.79783861,914.50358409,1062.28765727,1.59235652,1.80249879,1.70396929,1.79802248,2.01415707,121.20426854,1.80766002,0.37471787,2956.46849525,1.0,1.33045209,6.89312464,5.73460204,0.99756372,86.06937231,13.60054609,3.26462755,2.00376842,1.44214944,2874.99911559,0.88396883,928.59532235,7.24924682,4161.98394631,498.73570618,26.49998851,101.36975614,23.12139373,177.64184422,6.89780137,62.84529546,133.06912225,50.27164035,14.99999356,131.55664253,0.91935002,2.29944977,0.77536234,0.77405318,2.77503873,15.46218575,0.77536234,70.50382036,8626.05923464,7.68650532,209.32190397,7.775047,25.52055896,130.73770484,367.46022846,16525.99283642,3.71710221,85.99446643,1306.82545037,42112.48556023,133.20375554,156.12955756,0.70903951,149.34497506,129.03694684,85.905067,3995.40162357,455.30359696,900.02343147,1465.77974764,0.30813027,0.83134892,501.9073902,21597.78424786,89385.29795674,295.62846308,199.5126691,18.14359144,4.79981429,9.57875934,17.99585557,4663.75343676,56.56628192,2099.23075869,1.26642266,7.9867586,39.55135076,45.30372107,15.40373164,1729.71655611,20.23919557,4.42303707,63.90370176,18.14359144,1549.99967179,36.70878669,10.57134018,137.7108111,1.744896,0.38265187,0.99756372,3.61562711,4.10664001,57.34047944,279.51401319,3.87855478,7976.09399159,3.63631157,4.59770162,107.75449217,84.00097451,1435.34757407,3.7512294,8.42198258,14.24499483,601.00007906,10.13738031,1.3334032,0.78584293,22.80365717,570.07559723,36.34748857,,,13002.28025834,18.1282383,33.91602289,10.89827116,3.49999862,3.09372406,2.34210301,37.79035142,6.77820865,32.99035326,2646.01126388,41.43128548,3657.08873842,42.15121101,12909.21067641,68.22621067,25604.98890069,122.81894505,2.81892574,603.03995955,2.7025489,603.03995955,109.70763934,246.0749307,18.2325027,28.80899676,
2025-03-24,3.6725,70.61908909,91.13631457,389.92128581,1.80210334,921.15527412,1067.48822245,1.59144561,1.79,1.69999991,1.80662163,2.0,121.45522536,1.80662163,0.376,2960.04803467,1.0,1.33670302,6.90329352,5.72757633,1.0,86.02766848,13.61417492,3.26987541,2.01104578,1.43390723,2862.74999544,0.88369909,928.99927444,7.25975631,4150.60518559,499.35938427,23.96760997,101.85760887,23.08433253,177.88422419,6.89165963,62.96132655,133.73243793,50.53904936,15.0,129.80325591,0.92371097,2.31014403,0.77378949,0.77378949,2.77180329,15.49600786,0.77378949,72.11403073,8650.11039975,7.70553665,209.21315205,7.77352044,25.58564744,131.09253366,367.16456566,16502.07435014,3.72056943,86.02766848,1309.7182163,42094.96410342,133.12074389,156.63544533,0.709,149.92297848,129.34525608,87.70693671,4008.06527557,454.43600847,900.0294065,1467.050612,0.30831532,0.82924354,503.04552215,21590.96540315,89513.45921895,296.25395585,199.78351503,18.22502421,4.8065187,9.63178758,17.9747547,4666.31134453,56.87710552,2099.50570632,3479.39234793,8.00672605,39.57484745,45.32064538,15.44626831,1733.13708928,20.22792381,4.42956228,63.88700538,18.22502421,1544.7925001,36.77286708,10.53656038,137.70879031,1.74367099,0.38493541,1.0,3.63618543,4.11385205,57.3464273,279.95205022,3.87499519,7967.98173816,3.64,4.59684026,108.35082848,84.35678421,1431.98395245,3.75,8.45926893,14.37740224,600.98172306,10.12071192,1.33670302,0.77378949,22.83365323,570.78419463,36.4336538,,22.7887816,13001.85567239,18.22502421,33.95008646,10.92365711,3.49625288,3.09318971,2.4030572,38.00767113,6.7908644,33.0313116,2647.56731384,41.59834248,3665.45604146,42.19551947,12964.73154227,67.99725439,25479.63092808,123.08356182,2.81799827,605.91467796,2.70655474,605.91467796,110.2280396,246.17368573,18.22502421,28.83036651,26.69745325
2025-03-25,3.6725,70.67900814,91.24742037,390.12506246,1.80326045,919.71544623,1068.56232337,1.58918184,1.79,1.70000005,1.80992986,2.0,121.60747014,1.80992986,0.376,2961.93574973,1.0,1.33858379,6.9256487,5.75385711,1.0,85.5737806,13.60581434,3.27000053,2.01327739,1.43124161,2866.49993367,0.88278581,928.36733144,7.26220635,4143.42587958,499.70629366,23.99466006,102.04412728,23.06745089,177.8613467,6.90385333,63.29555718,133.90153315,50.60216051,15.0,130.10054382,0.92540244,2.30020437,0.77374465,0.77374465,2.77815748,15.50242589,0.77374465,71.89958898,8651.44658056,7.70449127,209.8273792,7.77486121,25.63888952,131.11951332,369.21291238,16588.22155347,3.67831712,85.5737806,1310.87938339,42089.36845706,133.34994145,156.61820356,0.709,150.6377765,129.39791784,87.70510986,4004.99570314,455.26815725,899.99252792,1469.57359156,0.30846548,0.83171175,503.64096616,21648.5325846,89962.86645849,296.95992762,199.83471045,18.23151814,4.82001387,9.58534067,17.97334209,4685.39820069,56.96131156,2098.9294455,3481.44535567,8.00810705,39.64770771,45.59784991,15.43776033,1735.47210212,20.04226634,4.4381045,63.88363324,18.23151814,1522.49483083,36.79963493,10.5141,136.9822293,1.74619688,0.38491729,1.0,3.64914319,4.11379933,57.35400967,280.21391951,3.86408879,7977.43675123,3.64,4.60458942,108.46690836,83.83954712,1426.30707897,3.75,8.42859424,14.47428199,600.94574557,10.09007379,1.33858379,0.77374465,22.78898434,570.82063828,36.70480508,,22.83434432,13001.74005611,18.23151814,34.00848659,10.90748358,3.49605987,3.10489776,2.40539153,37.98535677,6.80431056,33.04109147,2650.54761925,41.66290471,3664.85257498,42.24400919,12969.60433608,68.26710381,25691.47490764,123.15175353,2.82032332,607.02420966,2.70685,607.02420966,110.42988568,246.13296706,18.23151814,28.99034848,26.71031013
2025-03-26,3.6725,70.59314768,91.37639608,390.03038109,1.80263607,919.92199241,1070.62754713,1.5875972,1.79,1.69999498,1.81225103,2.0,121.5596055,1.81225103,0.376,2956.21504959,1.0,1.33691056,6.93092119,5.69882028,1.0,85.63579192,13.62119096,3.26995709,2.01318158,1.42782699,2866.49895963,0.88285756,919.91702275,7.26163021,4105.07065724,498.86231049,24.00137703,102.17499547,23.06695484,177.86572308,6.91316886,63.29476292,133.97719966,50.57622743,15.0,131.13083472,0.92658924,2.31110861,0.77270806,0.77270806,2.7759917,15.50028527,0.77270806,72.04570381,8652.50201419,7.70732526,209.20757188,7.77485226,25.64292828,131.13410705,369.92304768,16619.02589746,3.66540685,85.63579192,1310.6939845,42096.97086041,133.52711656,156.77688418,0.709,150.13626451,129.42797587,87.70023619,4007.25683611,455.85202346,900.02496101,1463.4816786,0.30840346,0.83150749,503.29000413,21668.40401252,89855.42739069,296.63869998,199.90054289,18.26579908,4.81995378,9.58381858,17.97301408,4674.63468372,57.01584688,2099.20894781,3483.22223126,8.00809783,39.53935624,45.69379724,15.44157699,1735.21622341,20.05122554,4.42280401,63.88429051,18.26579908,1528.45456445,36.78418559,10.51304172,137.08149392,1.7442121,0.38496048,1.0,3.64082211,4.11719865,57.61387832,280.33356012,3.85677156,7983.95989035,3.64,4.61030427,108.61979911,84.55195253,1417.80335265,3.75,8.42854026,14.28986314,600.44928153,10.03537297,1.33691056,0.77270806,22.77848664,570.7540162,36.44539074,,22.88212722,13001.86048198,18.26579908,33.83362497,10.90492154,3.49872738,3.10506292,2.40487847,38.02544838,6.80080191,33.07780229,2645.12268093,41.65795095,3665.99843062,42.10742173,12966.343828,68.45934539,25686.39038471,123.22642198,2.81703362,607.80269794,2.70684497,607.80269794,110.57150832,246.09191497,18.26579908,28.94785926,26.68749391
2025-03-27,3.6725,70.60006632,91.87893747,390.17262655,1.80312089,919.99532897,1071.15329829,1.5889495,1.79,1.69999897,1.8166742,2.0,121.59986618,1.8166742,0.376,2956.33639124,1.0,1.33956071,6.9217946,5.73106148,1.0,85.84697206,13.64713765,3.27002869,2.01326264,1.42811294,2866.49693295,0.88317994,923.98442329,7.2657936,4132.56014368,499.2336048,24.0129108,102.42437424,23.13371769,177.87924421,6.92988267,63.27146424,134.0174272,50.54054718,15.0,130.42948022,0.92885077,2.30008524,0.77532885,0.77532885,2.77295473,15.50017035,0.77532885,72.06467658,8650.30286587,7.7103321,209.78752261,7.77522729,25.63345226,131.17232673,372.12511817,16626.30099128,3.69181924,85.84697206,1311.89838844,42103.56423417,132.92021647,156.85032525,0.709,150.18804029,129.39820696,86.49350522,4009.72714382,456.96462265,900.01028657,1466.84961512,0.30840075,0.831711,500.86368167,21697.7541873,89658.9417207,296.6845744,199.91400048,18.25199849,4.82000793,9.61847625,18.0328932,4684.29520929,57.26336735,2098.96067568,3484.72968207,8.0084841,39.63607795,45.7737168,15.43810358,1735.29478175,20.22117012,4.43004524,63.88263843,18.25199849,1534.82484795,36.79938126,10.55182023,137.41954052,1.74559988,0.38499315,1.0,3.68009983,4.10980487,57.58592564,280.3100711,3.8873558,7989.60983283,3.64,4.6222208,108.87248959,84.16315635,1419.09447206,3.75,8.42791772,14.35083709,600.4736573,10.04880841,1.33956071,0.77532885,22.77841464,571.16312901,36.54395719,,22.93609002,13001.86049062,18.25199849,33.97066254,10.91062852,3.49774924,3.1088197,2.40438395,38.01274539,6.79692891,33.13386426,2650.81293053,41.55569877,3665.48463933,42.06977654,12920.70265287,68.77084136,25582.56509294,123.3795688,2.81945446,609.28616353,2.70685962,609.28616353,110.84138049,246.08222785,18.25199849,28.989462,26.72144233
2025-03-28,3.6725,70.92527023,92.33854316,393.68696518,1.80235385,919.78069177,1071.16769769,1.58898019,1.79,1.70001387,1.81170531,2.0,121.54675817,1.81170531,0.376,2959.55445168,1.0,1.3395217,6.9191798,5.73706967,1.0,85.68403949,13.65610834,3.27030452,2.01339974,1.4314614,2866.26866928,0.88221805,933.23385767,7.26239756,4169.61360954,499.46764046,24.01618628,102.14422748,23.12780633,177.71502856,6.91203368,63.24474546,133.89264693,50.5741517,15.0,130.75735947,0.92631022,2.30419383,0.77230559,0.77230559,2.76835796,15.4975981,0.77230559,72.08514664,8651.41751403,7.71194603,209.19508412,7.77601342,25.636032,131.29840761,372.10555255,16570.32756588,3.67343142,85.68403949,1310.17170513,42065.93174148,132.18887664,156.91964731,0.709,150.76734837,129.42296522,86.48325899,4009.67503866,455.7147526,899.99135387,1465.71349453,0.30840252,0.8315684,500.59948096,21663.4687177,89797.75598957,296.37541508,199.88338576,18.25011477,4.82041476,9.63546692,18.04797334,4674.1411832,56.98609424,2099.0816364,3489.71737912,8.00929383,39.79326577,45.78031467,15.44137539,1735.13251549,20.32066045,4.42876789,63.87877805,18.25011477,1537.16309444,36.78443709,10.48598205,137.15872622,1.74764168,0.38498951,1.0,3.64298112,4.11203741,57.38654075,280.3214879,3.87641177,7992.42565825,3.64,4.61080634,108.58120818,84.44613738,1428.04950914,3.75,8.42801076,14.67927004,600.38757302,9.99871364,1.3395217,0.77230559,22.82227345,570.85759618,36.46096424,,22.87457041,13002.73327772,18.25011477,33.87885954,10.92366821,3.49615896,3.10961328,2.40474766,38.03176825,6.7991261,33.11518603,2652.87357251,41.54102459,3664.56752584,42.12660103,12952.6643974,69.12557958,25675.45057996,123.28293717,2.81789524,607.61967014,2.70680869,607.61967014,110.53821189,246.02303244,18.25011477,28.73520563,26.73296745
2025-03-29,3.6725,71.12183535,91.76949724,390.31943567,1.78957477,912.28749646,1064.15432389,1.59029044,1.79,1.70000004,1.79951128,2.0,121.25936416,1.79951128,0.376,2946.30987697,1.0,1.34158249,6.92212145,5.7586746,1.0,85.53731308,13.59837904,3.26334473,2.00671879,1.43490294,2865.80500053,0.88105677,950.94855207,7.26276805,4201.93216738,499.29919602,23.98848369,101.45672645,23.02080439,177.87891844,6.89045416,63.0419584,134.06572657,50.47001292,15.0,130.46558397,0.92007551,2.29876028,0.77279706,0.77279706,2.77085989,15.45459515,0.77279706,71.4957464,8626.45186738,7.71494776,208.18234321,7.77822311,25.60117616,131.50100982,371.67316937,16599.72882041,3.69114103,85.53731308,1304.29520228,42039.76879516,131.67021021,157.33014941,0.709,149.9896489,128.81565236,86.41081161,3996.86947529,452.64747832,900.00017817,1470.33784107,0.30844886,0.82002662,503.82123111,21613.59668557,89127.562822,296.18034081,199.04409063,18.36193876,4.82005531,9.63302204,18.04673282,4662.08074837,56.80125836,2098.92339059,3493.63004842,8.0115698,39.7399551,45.7505296,15.40557579,1729.90108209,20.37690887,4.43292714,63.58206361,18.36193876,1531.40662696,36.67428737,10.47475286,136.92385391,1.74979295,0.38495249,1.0,3.63501008,4.08172615,57.38280787,278.89221713,3.85993635,7996.6062206,3.64,4.59622935,108.57007398,84.79328132,1427.49591477,3.75,8.49978813,14.62709573,600.28991427,10.0069694,1.34158249,0.77279706,22.78515511,571.05083955,36.3679235,,22.8189507,13001.86352062,18.36193876,33.93264004,10.87406358,3.49566566,3.10395804,2.40731718,37.97934718,6.77936964,33.20640497,2643.02142584,41.67188928,3664.03890378,42.20407918,12910.85797979,69.42074483,25573.61654182,122.75150436,2.81300462,603.52997109,2.70229618,603.52997109,109.79421356,245.98976427,18.36193876,28.78259813,26.72732405
2025-03-30,3.6725,71.34860236,91.90929307,390.17318441,1.7875011,912.23826092,1070.50301802,1.5897274,1.79,1.70000005,1.79682061,2.0,121.71416708,1.79682061,0.376,2922.99025261,1.0,1.34165058,6.9348864,5.75731353,1.0,85.52984352,13.58243817,3.2641902,2.01771022,1.43376782,2856.78002969,0.88081791,950.72715004,7.26273443,4194.21168615,501.25951098,23.87196408,101.30502597,23.0246636,177.87628193,6.88910253,63.23214424,134.70052039,50.57745991,15.0,130.12432969,0.91869979,2.29870155,0.77253593,0.77253593,2.76729989,15.45263792,0.77253593,71.49214486,8630.12677056,7.71566777,208.98400018,7.78004888,25.63963765,133.08322269,371.68896488,16581.31453214,3.6873642,85.52984352,1310.40425214,42002.62753312,131.97853542,157.45575548,0.709,149.85110927,129.53413288,86.40001491,3998.07092447,451.97066918,900.0,1470.44260349,0.30934901,0.82000535,503.57805089,21678.95251656,89549.87251664,296.12997047,199.72608594,18.35866211,4.83499286,9.63310309,17.93004587,4651.17234663,56.67006119,2100.00678666,3490.65064699,8.01345035,39.83363746,45.58061934,15.45997393,1733.31734377,20.37902886,4.43689253,63.76769688,18.35866211,1535.77121377,36.62449152,10.48863542,136.91189702,1.74976538,0.38504689,1.0,3.65926919,4.08161324,57.37162304,280.04395159,3.85159748,7995.30855186,3.64,4.59471939,108.18681886,84.94711548,1410.08653677,3.75,8.49978813,14.77285623,598.91322077,10.0242402,1.34165058,0.77253593,22.78484484,571.16634799,36.43995922,,22.7028478,13001.97298865,18.35866211,33.8954742,10.86860458,3.49952845,3.10946883,2.40730651,37.99265426,6.78648221,33.22627226,2643.2604369,41.53465675,3664.88863059,42.14615999,12913.03669849,69.27042005,25555.12236726,122.74643915,2.81291413,602.62755891,2.70000005,602.62755891,109.63004668,245.77011017,18.35866211,28.46893802,26.72732405
2025-03-31,3.67301585,70.50523944,91.66334496,386.86576227,1.79070377,914.99997879,1064.3951296,1.58808354,1.80250069,1.69518927,1.79637256,2.00613458,120.24801855,1.80398568,0.37457768,2944.88555601,1.0,1.33408997,6.83628195,5.76450334,0.99355735,84.55019226,13.57345775,3.23784221,1.98732499,1.43031007,2872.49735607,0.87902481,933.10665286,7.26330567,4127.5809648,496.51583546,26.500006,101.27671671,22.98400175,176.75031937,6.88193115,62.71244931,133.58209653,50.52138527,15.00000369,130.53412853,0.92235522,2.32510531,0.7726173,0.77137489,2.77497392,15.4526615,0.7726173,71.49216136,8638.32059499,7.71650675,208.98395563,7.77764137,25.63950669,133.07821019,371.54385753,16560.80246933,3.70428554,85.53644641,1310.30757041,42002.70814836,131.978368,157.45556139,0.70897848,149.25801135,129.53242401,86.40003468,3997.47310182,453.50918066,900.0002103,1470.37341735,0.30934687,0.82000607,503.81638582,21651.47276239,89532.74371161,296.13004009,199.72500625,18.35884414,4.83422233,9.63314428,17.93617948,4651.20710472,56.67684363,2099.77372228,1.26574027,8.013269,40.02434833,45.58093805,15.45717274,1733.36513737,20.3806025,4.43701836,63.58085596,18.35884414,1535.66346579,36.62405078,10.48303189,136.9224659,1.74985819,0.38504733,1.0,3.65918329,4.0816146,57.3711622,280.04716648,3.85787982,7993.04370396,3.64022797,4.59472634,108.18684426,84.86404207,1409.98134444,3.75038301,8.49979016,14.90152659,598.99340793,9.99064732,1.341716,0.78584295,22.80952811,571.16648143,36.43626203,,,13001.85817221,18.35884414,33.89631805,10.86860681,3.49952914,3.10946235,2.4073093,37.97693374,6.7864388,33.232701,2615.16251714,41.6037894,3664.88943267,42.19567581,12911.76528642,69.27822015,25555.18987236,122.7473171,2.81292054,604.67890786,2.70003164,604.67890786,110.06625462,245.78154293,18.39436957,28.52198019,
2025-04-01,3.6725,71.17066503,91.69427514,393.89962528,1.7901572,918.96277543,1073.13128523,1.60199807,1.79,1.70000236,1.80747536,2.0,121.08177388,1.80747536,0.376,2956.57324725,1.0,1.34352299,6.89072621,5.69815525,1.0,85.48083927,13.6537734,3.27004357,2.00447667,1.43916806,2906.49997736,0.88355301,946.12554753,7.26454016,4178.99325194,498.35203513,23.90404379,101.90574224,23.04512399,177.53370948,6.89471259,62.89372962,133.89531329,50.57005309,15.0,130.2027137,0.92414748,2.33577265,0.77389163,0.77389163,2.75895109,15.45635346,0.77389163,72.06056299,8644.87835588,7.71359364,209.57394153,7.78095661,25.57674354,130.84891129,372.23620209,16620.82755551,3.72319999,85.48083927,1307.25267763,42097.32903682,132.0702187,156.44181263,0.709,149.83135337,129.29199078,86.42715732,3989.56621421,454.65075471,899.99401253,1472.01213381,0.30834979,0.82824162,503.95543687,21574.03989142,89322.76734763,294.85577392,199.83873946,18.31765661,4.80991802,9.62948425,17.97770586,4648.20575148,56.87524533,2099.45677561,3480.2802228,8.01438531,39.64986463,45.62438494,15.44360822,1730.5995788,20.47674379,4.43673016,63.88702871,18.31765661,1534.7576852,36.72296899,10.50716678,136.83345346,1.76336521,0.38495594,1.0,3.6660098,4.08667488,57.25999429,279.45877897,3.86971948,7934.76276721,3.64,4.60019183,108.29439485,83.76306017,1417.65865709,3.75,8.42002113,14.4770327,600.48053714,10.03728909,1.34352299,0.77389163,22.78290884,569.27760188,37.10559541,,22.81128852,13001.85885059,18.31765661,34.04120258,10.87209612,3.49754535,3.10220311,2.40690569,37.95494124,6.77216429,33.22856376,2647.79349131,41.318129,3654.22158353,42.14355255,12909.49104069,69.47967926,25542.52415637,123.30643539,2.82905334,606.20100628,2.7058353,606.20100628,110.28012847,246.00787592,18.31765661,28.14920905,26.75355815
2025-04-02,3.6725,71.79985799,91.82169961,389.62750813,1.79015299,919.86391666,1072.83688477,1.59091636,1.79,1.69999991,1.81221463,2.0,121.03892629,1.81221463,0.376,2962.53935307,1.0,1.34404047,6.85013772,5.68065933,1.0,85.59671638,13.60168802,3.27027451,2.00339073,1.43030239,2905.48482955,0.88375072,946.72204479,7.26899884,4147.90307703,497.64240335,23.79706963,102.17294283,23.10466953,177.91007007,6.91416858,63.21839561,133.87953819,50.57296438,15.0,130.19069687,0.92657063,2.33198503,0.77416849,0.77416849,2.75952565,15.5021441,0.77416849,72.06467411,8656.03391607,7.68805342,209.91294585,7.78121108,25.60486788,130.02915105,372.39156917,16731.65381842,3.69105092,85.59671638,1308.41528511,42093.9921086,133.1519011,155.86886607,0.709,149.85099123,129.26505077,86.54240898,3992.59082632,455.84286566,899.98714968,1468.05021965,0.30840968,0.83170861,503.70883699,21654.17863025,89763.08580347,295.00803692,200.01383713,18.49740534,4.82961365,9.63724769,17.89119146,4676.09339286,57.00221611,2099.21405344,3490.06030302,8.01464741,39.79543071,45.62097481,15.44130055,1734.48683988,20.3468919,4.44938381,63.86533124,18.49740534,1537.22110567,36.78890139,10.46415169,137.01894375,1.75021997,0.38497602,1.0,3.67489259,4.09326474,57.20823783,280.12213001,3.87835972,7939.10134418,3.64,4.61214292,108.58078689,84.53873643,1416.07926053,3.75,8.42341494,14.38459075,600.40493891,10.01438697,1.34404047,0.77416849,22.74434006,570.22613361,36.85271781,,22.94711613,13001.85858377,18.49740534,34.19406008,10.90035811,3.49895587,3.1053885,2.40674672,37.94641586,6.75567962,33.23046657,2645.91332276,41.23835342,3648.52783002,42.1896941,12923.70103839,69.79896749,25672.63926443,123.30374953,2.82693697,607.79048755,2.70687386,607.79048755,110.56928701,245.97963803,18.49740534,28.12965738,26.76663239
2025-04-03,3.6725,71.57268645,90.91164917,389.51837268,1.7901609,919.4562486,1072.88631712,1.59109985,1.79,1.70088254,1.79089251,2.0,121.07085064,1.79089251,0.376,2959.95384689,1.0,1.34382884,6.86269551,5.66430561,1.0,85.70763002,13.70655721,3.27033727,2.00078952,1.42444322,2905.39442146,0.87688878,955.04987629,7.29726445,4149.77730344,499.37678186,23.79728525,100.97079878,22.82456782,177.79290784,6.83188157,63.3345467,133.96576861,50.57385224,15.0,131.02421956,0.9156688,2.32831726,0.76539412,0.76539412,2.7584959,15.48544319,0.76539412,72.14044219,8649.01865034,7.69911671,208.09556384,7.78336612,25.64046051,130.0577823,366.25343864,16761.6048976,3.71058794,85.70763002,1306.35754373,42069.64551607,131.79687736,156.91334904,0.709,147.62590185,129.35397618,86.68865319,3972.53052282,450.4795202,899.91096443,1465.49698777,0.30826082,0.82990961,503.00795401,21587.60942447,89515.78049079,294.64271402,199.85853157,18.82490356,4.83004606,9.56475642,17.90147434,4589.1475699,56.74527926,2099.44710062,3498.18529002,8.01686711,39.67455193,45.7677852,15.44137721,1726.92764736,20.19779506,4.47335136,63.87797039,18.82490356,1534.53534467,36.72583343,10.37064537,137.19648876,1.74140963,0.38498,1.0,3.65752202,4.12201904,57.21910351,280.17404535,3.82362805,7943.69344544,3.64,4.55802558,107.32946978,84.24073164,1417.15067851,3.75,8.49962981,14.46516248,599.89068593,9.83950269,1.34382884,0.76539412,22.77535231,569.56233252,36.60681317,,22.7551835,13002.37865107,18.82490356,34.39798678,10.9095208,3.49967669,3.09018573,2.40879514,37.9378988,6.75702053,33.18709288,2648.95826437,41.31540371,3645.99979508,41.8041641,12927.716546,70.03044863,25666.56706672,123.41794784,2.82317525,600.63936027,2.70729489,600.63936027,109.26835344,245.88373499,18.82490356,27.92343276,26.76672565
2025-04-04,3.6725,71.596364,89.8214488,389.93344142,1.79016914,920.1604766,1074.31825994,1.58275429,1.79,1.70000117,1.76733464,2.0,121.39087875,1.76733464,0.376,2961.99058461,1.0,1.3324052,6.8899523,5.62781145,1.0,85.3254633,13.68988352,3.27036513,2.00934501,1.40548957,2905.51594317,0.85676568,949.1998383,7.27953801,4158.52365438,501.20573542,23.95725134,99.64260197,22.66602738,177.83921829,6.7427469,63.14135055,132.96145901,50.59090182,15.0,131.10516478,0.90362385,2.31635584,0.76307168,0.76307168,2.75525515,15.49626707,0.76307168,72.07756074,8653.39145706,7.70748394,209.04510609,7.77797481,25.59813868,130.96385418,364.3033989,16740.85082699,3.69994874,85.3254633,1306.80774584,42205.30319484,130.3987327,157.21701569,0.709,146.083508,129.22098707,86.70015087,3985.57099957,444.55379247,900.06389542,1439.13864133,0.30761017,0.83146486,501.36167249,21631.6875075,89818.28387087,295.06750246,199.89628886,18.73340764,4.83111617,9.51135761,17.84514556,4624.34965123,55.68842143,2099.3495347,3503.62888391,8.01131405,39.77717872,45.35499241,15.44170854,1733.22919223,19.91352762,4.41946248,63.8807155,18.73340764,1536.89348481,36.78166004,10.31270078,136.58473538,1.7290613,0.38496861,1.0,3.67221291,4.07654311,56.90463555,280.17463594,3.81596733,7944.5981381,3.64,4.4984772,105.86481891,84.01435762,1418.86633159,3.75,8.42947594,14.4020971,600.39911508,9.76846103,1.3324052,0.76307168,22.7765021,569.75824163,36.56138714,,22.51998668,13002.54319263,18.73340764,34.10423594,10.88456662,3.4978643,3.05466768,2.40236197,38.01704576,6.77186002,32.9820315,2660.166972,41.29695822,3653.56076954,42.21947467,12945.43290409,70.16017191,25794.62278183,123.23485224,2.80370893,592.73838996,2.70690342,592.73838996,107.83100839,245.82567909,18.73340764,27.90018593,26.76466317
2025-04-05,3.6725,71.44071711,90.30224297,391.22039478,1.79014491,918.64016162,1072.78949358,1.65511267,1.79,1.7,1.78462825,2.0,121.27213116,1.78462825,0.376,2956.14053731,1.0,1.34507161,6.89078748,5.8441504,1.0,85.4761475,13.94723243,3.27463061,2.00455904,1.4228767,2880.72903975,0.86074114,979.69955893,7.28344365,4218.56019635,505.25497977,23.96367326,100.61761857,23.04522286,178.29452001,6.80893024,63.08008562,133.32903901,50.55626312,15.0,131.03704771,0.91246593,2.31844165,0.77564517,0.77564517,2.75939223,15.47488129,0.77564517,71.4734658,8636.78845734,7.71798931,209.81931761,7.77389778,25.59569192,130.88308207,370.40041956,16749.94552244,3.7433659,85.4761475,1305.55755744,42049.2827067,132.19569957,157.70012496,0.709,146.76845765,129.00906518,86.76338928,3984.08882929,448.90381261,900.00791847,1459.57604082,0.30779446,0.82151988,510.56985672,21684.91362846,90325.1166406,295.4338071,199.59322493,19.09106684,4.82639488,9.54774306,17.84662873,4628.74998105,56.0357493,2098.29779836,3508.71318325,8.00711472,39.76089347,44.66215521,15.40906778,1731.50515369,20.43665768,4.4344976,63.60821987,19.09106684,1536.73743542,36.80988401,10.75674957,136.82594312,1.78702033,0.3849049,1.0,3.65553306,4.09845657,57.35119916,280.58839232,3.89024808,8003.07045712,3.64,4.54239161,106.91109061,84.44373788,1421.84268609,3.75,8.49979915,14.52094444,600.7641166,10.02699027,1.34507161,0.77564517,22.79487945,569.18702463,36.43883332,,22.7995004,13001.87245819,19.09106684,34.39196948,10.84570749,3.49959783,3.06204884,2.40442306,37.98738053,6.76499896,33.17893077,2666.79665427,41.32269704,3656.53264,42.13187449,12941.90793087,72.04672685,25768.57933018,122.11943038,2.79960683,598.53841681,2.70246255,598.53841681,108.88614967,245.82316397,19.09106684,28.15600218,26.74084509
2025-04-06,3.6725,71.65418614,90.05067153,391.22290492,1.79014491,918.64016162,1072.82374692,1.65491202,1.79,1.7,1.7847996,2.0,121.70983733,1.7847996,0.376,2923.11215069,1.0,1.34587867,6.92456754,5.84005082,1.0,85.51949043,13.85108511,3.27612746,2.01765402,1.42231167,2862.85237653,0.86105658,979.50580079,7.28127043,4274.64135349,507.84078351,23.80957204,100.62727915,23.0535782,178.40298542,6.81061843,62.79017405,133.88644201,50.58658005,15.0,131.03668858,0.91255354,2.31851569,0.77538946,0.77538946,2.75760007,15.45267564,0.77538946,71.46181435,8676.75933178,7.71588211,210.18101286,7.77468496,25.66448904,132.97778106,370.43449482,16602.01741589,3.73384921,85.51949043,1310.30897507,42002.61122294,132.19571591,157.23665712,0.709,146.96036266,129.479273,86.76870253,3998.61214249,448.94691314,900.00000011,1459.47775541,0.30849642,0.82000523,507.29414793,21653.02033005,90284.32780188,295.42783143,199.88637363,19.11186745,4.83490404,9.54552,17.53440055,4651.70674951,56.07938971,2099.8079389,3507.42744412,8.00792551,39.82326407,44.5696235,15.45928704,1733.37187766,20.43550238,4.43676591,63.7398189,19.11186745,1529.46339607,36.62452981,10.7672351,136.89532431,1.78716542,0.3850002,1.0,3.67849598,4.0983804,57.40743439,280.3441549,3.89748118,8054.03613339,3.64,4.54359801,106.91009887,84.49677156,1410.24784628,3.75,8.49979915,14.79676506,598.98187186,10.00230448,1.34587867,0.77538946,22.79507725,569.53657426,36.51391692,,22.20012589,13001.89269634,19.11186745,34.26184,10.8638071,3.49741048,3.05650895,2.40440827,37.98248558,6.7309321,33.20197724,2663.09328855,41.46779326,3656.58567563,42.29141376,12921.97171445,70.43204622,25785.09278762,122.11711894,2.79957984,598.59588418,2.7000002,598.59588418,108.89660414,245.50293879,19.11186745,27.90105531,26.74084509
2025-04-07,3.6725,71.40618562,90.29816703,389.1502043,1.78965409,920.05450901,1078.87448763,1.66413607,1.79,1.69970962,1.78141453,2.0,121.73338789,1.78141453,0.376,2968.17944226,1.0,1.34819387,6.92802764,5.82769475,1.0,85.84641118,13.75449792,3.26991618,2.01457341,1.42275195,2906.49986911,0.85503094,965.9998447,7.2954039,4234.26276346,500.94131977,24.10007442,100.43642859,23.02460355,178.3216281,6.79689669,63.08001481,133.45916011,50.86079588,15.0,131.03495971,0.91082279,2.33249649,0.77547092,0.77547092,2.75273641,15.4825173,0.77547092,72.09520156,8651.19461884,7.71325423,209.58588278,7.77295494,25.62376454,130.88680497,370.20948693,17217.73604189,3.74402182,85.84641118,1310.83276631,42132.56101134,132.00177223,157.31644455,0.709,146.18032858,129.52902727,86.74092111,3984.52685694,448.0954366,900.08024255,1469.10500882,0.30779642,0.83103356,507.30175261,21656.40683543,89835.54659082,295.69562148,200.45598351,19.26473665,4.82639198,9.54563729,17.77491829,4625.98093454,56.11415996,2098.66472917,3508.88256594,8.00614359,39.97418309,44.66893336,15.44440368,1735.41995934,20.65096789,4.46249385,63.87475906,19.26473665,1538.91349951,36.76326243,10.80269582,137.4186427,1.79183755,0.38488685,1.0,3.66695213,4.07256347,57.28164107,280.13798606,3.89216675,7992.28448936,3.64,4.53380225,106.87959674,84.83930491,1430.95254035,3.75,8.46920077,14.32644853,600.22910493,10.08123379,1.34819387,0.77547092,22.74470681,574.21815305,36.73379536,,22.62025621,13001.86161185,19.26473665,34.61014006,10.85978591,3.49937334,3.06288404,2.40443541,38.01342736,6.78958745,33.25008008,2681.23263555,41.21584717,3661.55944016,42.078974,12982.1786775,70.33230341,25795.39478892,123.17277626,2.81990482,597.46058213,2.70712146,597.46058213,108.69006991,245.83596346,19.26473665,27.90483823,26.71523057
2025-04-08,3.6725,71.62653436,90.44084678,390.26690909,1.79016713,920.20297661,1075.29822968,1.66246204,1.79,1.69999998,1.78470591,2.0,121.71433398,1.78470591,0.376,2974.17583696,1.0,1.350318,6.94159061,5.91403966,1.0,85.92749271,13.82541083,3.27000386,2.01547087,1.41836059,2906.49511011,0.85725188,987.56785794,7.33595722,4388.11935367,510.44053108,24.03653941,100.62199713,23.0339351,178.19259668,6.81342084,63.11257438,133.59046417,51.39249317,15.0,132.27601689,0.91250564,2.3385274,0.78278649,0.78278649,2.75217599,15.50443464,0.78278649,72.1321004,8665.20208354,7.71935932,210.16551802,7.77024398,25.61140945,131.11240993,371.61738607,16853.84457595,3.77796709,85.92749271,1311.7755697,42102.49228287,132.22268337,157.974,0.709,147.57224281,129.54624806,86.7965705,4005.92529101,448.92334748,900.02630353,1470.52090509,0.3079235,0.82941741,521.12193201,21701.31060716,89777.72920122,297.51526026,200.17125539,19.50667672,4.82762334,9.54249938,17.77017808,4667.31475245,56.20762135,2099.27100907,3508.57394223,8.0033513,39.81420544,45.14830197,15.44363709,1736.24039688,20.64308785,4.49128216,63.88595737,19.50667672,1571.63152558,36.83048444,10.92594054,137.54843395,1.79671658,0.38496657,1.0,3.70127893,4.12236115,57.28734072,280.80384867,3.9228308,8031.69616034,3.64,4.54201785,106.91851434,86.12510032,1434.60455369,3.75,8.41970988,14.34753133,600.48876098,10.01062493,1.350318,0.78278649,22.7745897,571.75946618,36.64393942,,22.52090392,13001.86091179,19.50667672,34.62433436,10.87027515,3.49818533,3.07042822,2.42632329,38.01391898,6.78897466,33.02719696,2685.49434195,41.15282901,3706.01807695,42.1926062,12974.86723309,73.26604494,25860.69284732,125.41653287,2.8697578,598.5644633,2.7068029,598.5644633,108.89088805,245.79850483,19.50667672,27.93196956,26.77552439
2025-04-09,3.6725,71.5677298,89.5112578,388.31205329,1.79017507,920.6431129,1075.74173841,1.66890606,1.79,1.69997697,1.77287098,2.0,121.58958751,1.77287098,0.376,2973.25724193,1.0,1.3495069,6.94230106,6.01226597,1.0,86.25375365,14.03449157,3.27016635,2.0122877,1.42178781,2904.98844934,0.84372513,999.41665476,7.32683244,4427.25925988,510.43610404,24.02105543,99.95474192,22.81920767,177.91452828,6.76797418,63.03869397,133.47577171,51.26940838,15.0,131.94827038,0.90645454,2.35866363,0.77865546,0.77865546,2.75445962,15.49590706,0.77865546,72.25306878,8660.82596579,7.71679656,207.63142736,7.76659182,25.84662107,131.16086664,369.52849308,16941.53152434,3.77955738,86.25375365,1306.51663754,42114.77671287,131.33636718,157.99431906,0.709,145.44705561,129.09243986,86.82463881,3983.48185549,445.94639959,900.03373797,1481.5844504,0.30793112,0.82845029,518.67971643,21669.32229915,89784.13476077,296.95915708,199.75594247,19.6735993,4.83810032,9.49565127,17.75811721,4638.41005634,56.10546753,2099.24041988,3510.00184215,7.99958958,39.52150968,45.12154447,15.44712984,1733.86187557,20.8121755,4.48780088,63.89354558,19.6735993,1558.5925321,36.79942133,10.90310644,138.07069616,1.80577873,0.38500709,1.0,3.71604031,4.10036595,57.45924916,280.85433917,3.87091503,8013.7291487,3.64,4.51182635,106.21317003,85.91633941,1425.55950252,3.75,8.36533221,14.45476223,600.43843037,9.96158856,1.3495069,0.77865546,22.77415145,571.24222923,36.63308079,,22.41264642,13001.85897159,19.6735993,34.86741525,10.85420904,3.49897733,3.07458346,2.42956016,38.00819073,6.78764877,33.02337124,2678.4037944,41.27404311,3692.04182769,42.57077212,12909.13604313,73.70754367,26120.68777667,126.09832168,2.87419603,594.59519945,2.7070874,594.59519945,108.1687993,245.59988021,19.6735993,27.89020033,26.79259311
2025-04-10,3.6725,72.19260769,90.0760534,390.03993414,1.79017611,920.02356911,1079.7694814,1.63290385,1.79,1.69999989,1.78239142,2.0,121.75128185,1.78239142,0.376,2971.40391588,1.0,1.344206,6.92223744,5.81957333,1.0,86.4486931,14.10819881,3.26993334,2.01746605,1.41062272,2904.97112079,0.85248886,987.50189451,7.32447242,4301.90828673,510.40670709,24.01366277,100.49150612,22.83623778,178.19084509,6.80413723,62.70557605,133.3781887,51.57276077,15.0,132.05906461,0.91132226,2.32007603,0.77967255,0.77967255,2.75424577,15.52248975,0.77967255,72.07745446,8668.86926804,7.71977429,210.11576656,7.76153387,25.8152791,131.14709559,367.52589697,16849.2282519,3.77412909,86.4486931,1307.09820336,42136.00847204,132.22943888,157.98319501,0.709,146.9622614,129.69500997,86.86746865,4005.82775866,448.34116406,899.99032657,1460.73063899,0.3077474,0.83005057,521.09893645,21686.60992676,90085.59189141,298.12139435,200.11973284,19.39913213,4.83081613,9.52638287,17.74742389,4660.57791051,55.96342416,2099.58802873,3509.76458006,7.99437989,39.79854471,44.88804311,15.44312784,1737.9450271,20.37861298,4.47996423,63.88352112,19.39913213,1573.52136578,36.8332599,10.79006559,138.38274548,1.77554733,0.38494391,1.0,3.73880819,4.10468608,57.2065499,281.18606588,3.86194798,8014.17979773,3.64,4.53672389,106.78080561,85.98674906,1418.67892309,3.75,8.43071805,14.51114917,600.48453142,9.97855591,1.344206,0.77967255,22.77408909,569.47325719,36.67170656,,22.47283289,13001.91700836,19.39913213,34.30756109,10.85670404,3.49889488,3.08245182,2.41404754,37.99800452,6.79042042,32.84210901,2672.00065798,41.31795252,3693.3606723,43.05282423,12973.02988682,74.48385724,25920.83376156,126.19264707,2.84261886,597.78821874,2.70615753,597.78821874,108.74967358,245.40010866,19.39913213,28.05245727,27.1754634
2025-04-11,3.6725,72.33046535,87.92531652,390.10881815,1.79013629,921.248713,1076.45485034,1.61214402,1.79,1.70000411,1.73386182,2.0,120.18479347,1.73386182,0.376,2971.25918391,1.0,1.32771804,6.91969784,5.88534381,1.0,86.05646104,14.06636933,3.27015926,1.98861352,1.39743316,2905.22181919,0.82177055,990.36604628,7.3022051,4361.00342647,509.31725292,24.02060114,97.75539953,22.23833327,177.73512587,6.61861502,62.19598459,132.7840903,51.33378412,15.0,131.2797331,0.88650947,2.29344318,0.76911016,0.76911016,2.75432572,15.5047424,0.76911016,72.09652567,8658.17776816,7.71671483,205.10370453,7.75676883,25.83486669,131.15486542,361.13995049,16799.08646483,3.74108459,86.05646104,1295.75464907,42111.27833446,128.65057386,158.12144369,0.709,143.65994055,129.59096672,87.02049623,4001.73015384,436.13407054,900.00627075,1448.97013675,0.30660988,0.82795807,515.37670988,21644.87288151,90015.25815054,297.00158218,199.87586255,19.41259634,5.56020436,9.36078109,17.75303829,4551.87615983,55.31770207,2099.45771525,3509.38203896,7.98947189,39.70085413,44.71393624,15.44328456,1724.64147103,20.55327386,4.43724298,63.89161072,19.41259634,1592.21154596,36.78275871,10.75225978,137.75488001,1.73355337,0.38498975,1.0,3.68787323,4.12714091,56.99947662,280.5258452,3.78738109,8019.21880495,3.64,4.41284198,103.87304869,84.23461143,1415.23241107,3.75,8.49724799,14.56030689,600.43979869,9.80960413,1.32771804,0.76911016,22.74864589,563.70397433,36.65971474,,22.09462317,13001.87505498,19.41259634,33.71886794,10.8695213,3.49897361,3.01948402,2.40846686,38.05321344,6.79504129,32.76301326,2669.10097363,41.4128902,3685.50422381,43.37893217,12962.837027,77.144471,25706.93438456,124.46426027,2.82512308,581.51209405,2.70678471,581.51209405,105.78871987,245.4012876,19.41259634,28.07944015,26.79850026
2025-04-12,3.6725,71.49286342,87.68865792,391.07128775,1.79015186,912.21294234,1074.01173868,1.59080998,1.79,1.7,1.72211606,2.0,121.52659987,1.72211606,0.376,2972.91022894,1.0,1.31861059,6.89858782,5.86690421,1.0,86.1385224,13.90038103,3.27482409,2.01460179,1.38713827,2867.14228334,0.8132631,971.65317034,7.29423223,4279.00125757,513.08864779,23.99122526,97.09317184,22.11777082,177.79732489,6.5755184,61.8785331,131.63748084,51.28663385,15.0,130.47151445,0.88050396,2.28155405,0.76429708,0.76429708,2.75702843,15.5443654,0.76429708,71.47280559,8648.98086393,7.71367167,209.82512225,7.75666979,25.85626655,131.07111667,360.87765199,16791.98707158,3.71703016,86.1385224,1310.47427364,42049.55353049,127.90861516,158.24894375,0.709,143.54175755,129.39582328,87.45033367,4006.96976256,433.17955281,900.00010866,1421.01242468,0.30661679,0.82001016,518.38530839,21610.47181804,89512.44595187,298.33731622,199.60103749,19.15016283,5.55998042,9.31612098,17.74719996,4643.44946656,54.25457908,2098.82931035,3535.22782253,7.98936988,39.60160122,44.48343406,15.39919295,1736.24248158,20.32977504,4.42200522,63.5750816,19.15016283,1597.04417551,36.75754784,10.63571126,137.88623973,1.71669918,0.38494299,1.0,3.71105678,4.11422112,57.18370885,280.63518248,3.77567804,8005.27798765,3.64,4.38300227,103.24087352,83.18046248,1417.95077809,3.75,8.41360082,14.52799972,600.72578419,9.7708007,1.31861059,0.76429708,22.72509785,566.37797988,36.50508815,,22.31096983,13001.87510003,19.15016283,33.4665473,10.86501585,3.49951249,3.06151628,2.40099016,37.95982868,6.78749734,32.37778496,2682.38604451,41.25090572,3675.67806447,42.1384526,12977.97376833,77.69047905,25762.98477876,122.92923396,2.8256604,577.57273708,2.70249353,577.57273708,105.07207178,245.39813787,19.15016283,27.86461241,26.79658282
2025-04-13,3.6725,72.76011061,87.67779769,391.07171656,1.79015186,912.00219565,1074.00170589,1.59114276,1.79,1.7,1.72214697,2.0,121.49293352,1.72214697,0.376,2923.37354359,1.0,1.31952885,6.93491819,5.86650893,1.0,86.02704154,13.90024541,3.27499713,2.01779624,1.3870141,2859.46026769,0.81583487,971.77749156,7.3063335,4329.25202301,507.59414214,23.95617551,97.0949145,22.12061722,178.28658302,6.56735635,61.3234979,131.96676907,51.33119409,15.0,130.47079703,0.88051977,2.28155353,0.76594377,0.76594377,2.75580006,15.45266652,0.76594377,71.49981195,8678.69172733,7.70832589,210.1817637,7.75499848,25.71306332,132.87634575,360.90008845,16789.09782408,3.7192619,86.02704154,1310.29570083,42002.59288607,127.90867545,157.70706883,0.709,143.5472895,129.78285733,87.45000601,4000.00024303,433.18732769,900.0,1419.09730163,0.30700133,0.82000554,516.59742178,21646.42519351,90217.29553472,298.2275459,199.92295894,19.13778875,5.55705567,9.31776087,17.65018849,4589.16457686,54.2200676,2099.74071406,3534.60482508,7.98764843,39.73139908,43.90790456,15.45988269,1733.39278545,20.3121517,4.42476424,63.72434363,19.13778875,1599.78226043,36.62442769,10.66306656,137.70778674,1.71677142,0.38510208,1.0,3.72858021,4.11438989,56.9822814,280.5778531,3.77551389,8013.83586017,3.64,4.38612602,103.24009369,83.25727815,1410.35864978,3.75,8.41360082,14.86484545,598.99466614,9.77647237,1.31952885,0.76594377,22.72510338,566.35968254,36.71973427,,21.54970391,13001.85510629,19.13778875,33.53069271,10.88442635,3.49919672,2.9815076,2.40098099,37.90373958,6.81900511,32.40476433,2662.62988337,41.52816419,3675.27875397,42.83606841,12968.6022067,77.07740746,25720.09959315,122.92736463,2.8256604,577.58310359,2.70000017,577.58310359,105.07395765,247.94951089,19.13778875,28.29792484,26.79658282
2025-04-14,3.6725,72.57223718,87.66917595,389.53758592,1.80228987,921.1243692,1071.90668725,1.58847792,1.79,1.69999402,1.71751401,2.0,121.37256294,1.71751401,0.376,2962.26406008,1.0,1.31714913,6.8910634,5.86694113,1.0,86.0455226,13.95559448,3.27015867,2.00896939,1.38584067,2905.23298111,0.81579728,972.41891097,7.29304398,4281.18250607,513.04887855,23.94949109,96.83370736,22.06045458,177.84709192,6.55489416,61.6812139,131.72803222,51.17925043,15.0,129.77530502,0.87815097,2.30051811,0.76272998,0.76272998,2.75076528,15.4886915,0.76272998,72.15696639,8655.35855952,7.7067356,209.12990433,7.75656964,25.88002677,130.72685637,360.09178543,16788.59035429,3.70940836,86.0455226,1308.51444344,42150.54482537,127.59357037,158.05333322,0.709,142.6318136,129.52951616,87.48067076,3994.32473813,432.02195644,900.1120495,1431.14190714,0.30647617,0.83102777,517.57930295,21632.47474107,89637.02742695,298.42763806,199.87364833,19.05118348,5.55041095,9.30746878,17.71366418,4645.20227592,54.26624868,2099.81843375,3536.77784367,7.98926673,39.40370862,43.93935163,15.44210536,1732.13209091,20.2677111,4.42886941,63.88591981,19.05118348,1593.06301567,36.76964647,10.63421335,137.73737031,1.71079231,0.38504861,1.0,3.73084018,4.12919653,57.04918228,280.2717196,3.76713758,7995.91271619,3.64,4.38971217,103.08711099,83.58241949,1425.4405636,3.75,8.42412975,14.38585264,600.47915203,9.76043809,1.31714913,0.76272998,22.71793131,570.08261514,36.60267832,,21.89952142,13001.85771646,19.05118348,33.47674941,10.86730362,3.49791547,2.98758946,2.40045136,38.01781943,6.78396283,32.41597063,2680.96807835,41.33229074,3676.13118679,43.36841861,12949.37424101,78.2692837,25747.44752827,123.23062173,2.80109541,576.02927525,2.70720322,576.02927525,104.7912851,245.39672782,19.05118348,28.06841866,26.79766911
2025-04-15,3.6725,72.54605234,87.97213793,389.45449396,1.80224105,920.37352985,1193.56455295,1.57849048,1.79,1.70006509,1.72725886,2.0,121.41527804,1.72725886,0.376,2966.62040018,1.0,1.31652593,6.89235834,5.85588547,1.0,85.99272918,13.90000642,3.27020677,2.00900219,1.38877014,2904.02309474,0.81768297,966.94960999,7.30611559,4309.1976601,510.54204655,23.96643944,97.38312355,22.16287313,177.79072219,6.59235193,61.37189766,132.63117525,50.99730016,15.0,130.25036832,0.88313343,2.30522523,0.75900288,0.75900288,2.75125355,15.51244375,0.75900288,72.16063281,8656.7718002,7.70552727,209.18334714,7.75831198,25.86841519,130.84777957,362.44498736,16781.23402452,3.68385829,85.99272918,1308.878478,42090.55651048,128.14831526,158.09544657,0.709,143.41361158,129.53420642,87.47611822,3996.70235026,434.4731675,899.98836705,1425.0761701,0.30674639,0.83168299,517.75740942,21667.65450403,89642.09625188,298.32933115,199.92332194,18.90938553,5.55700011,9.30850065,17.69222883,4555.94998088,54.22060522,2099.19695273,3537.48544255,7.99106134,39.61336769,44.98994633,15.44108606,1735.00640999,20.10749599,4.40864085,63.87908422,18.90938553,1607.4516921,36.75839465,10.58262846,137.65286123,1.69709493,0.3849867,1.0,3.73666545,4.07394533,57.05625254,280.42582715,3.78077402,7988.77674039,3.64,4.3961497,103.52871199,82.25546764,1424.60230364,3.75,8.49558947,14.35712339,600.34065178,9.78962647,1.31652593,0.75900288,22.74523363,570.44207426,36.70326363,,21.97764529,13001.78689393,18.90938553,33.52849051,10.86715787,3.49809472,2.99252621,2.40517816,38.0463815,6.78619607,32.45922168,2673.26698708,41.3052291,3671.55054837,42.66362544,12974.87427443,77.82186376,25869.31209914,122.84823994,2.79517708,579.29755666,2.70734828,579.29755666,105.38585108,245.36610631,18.90938553,28.16937302,26.8036718
2025-04-16,3.6725,72.59706593,87.81882859,390.94083672,1.80230483,918.85331366,1198.15023435,1.57612945,1.79,1.69999929,1.72689763,2.0,121.41674168,1.72689763,0.376,2961.50585596,1.0,1.31649703,6.8917191,5.88699192,1.0,85.75036755,13.92962634,3.27021972,2.00924546,1.39486076,2905.33706308,0.81779712,970.38692262,7.32287239,4350.22941377,508.92072462,23.94804905,97.3627575,22.14292007,178.0377224,6.59308453,61.3121718,132.74858093,50.98321728,15.0,130.19758725,0.88294874,2.29690539,0.75468921,0.75468921,2.74948322,15.48995871,0.75468921,72.15269088,8660.27183988,7.7019792,209.39448584,7.75743129,25.91171833,130.79733633,360.17573328,16815.15758785,3.6815655,85.75036755,1310.10507171,42110.54416972,128.30450729,158.27733615,0.709,142.79437932,129.68387175,87.47463039,4006.60963838,434.3823047,900.00077384,1428.66810927,0.30678521,0.82934755,518.25080108,21658.01548676,89749.62588554,298.49032964,200.01610661,19.02817476,5.55970507,9.30129521,17.7095526,4574.90990387,54.51049997,2099.55840261,3545.26116653,7.99015423,39.57950362,45.09095243,15.44430948,1734.51262757,20.12526496,4.41623652,63.87886799,19.02817476,1604.66299363,36.79735395,10.64940425,137.26490085,1.6946377,0.38498443,1.0,3.74145565,4.08146836,56.6395121,280.65235594,3.80084396,7985.99444533,3.64,4.39514202,103.52113961,83.30509049,1420.15180219,3.75,8.38339321,14.35638812,600.45068968,9.86569275,1.31649703,0.75468921,22.74821328,570.52291843,36.72233815,,21.96841052,13001.85594219,19.02817476,33.4063692,10.84975698,3.49884349,3.00118958,2.39362197,38.14691626,6.78738222,32.49912793,2687.0597991,41.19539372,3667.16187813,42.36813252,12978.46418726,77.81958418,25805.1892571,122.67920918,2.7839238,579.17640627,2.70606375,579.17640627,105.36381139,245.37110161,19.02817476,28.23481707,26.80518442
2025-04-17,3.6725,72.36489643,87.43852063,390.68017871,1.80226513,918.91093096,1138.11258486,1.5725036,1.79,1.70000197,1.72113269,2.0,121.4974605,1.72113269,0.376,2965.29481779,1.0,1.31422738,6.90931839,5.86642133,1.0,85.62641179,13.80023629,3.27046965,2.01239047,1.3880302,2902.83132869,0.81781772,969.00028367,7.3129799,4311.1114327,502.70975707,23.97204156,97.03772905,22.01617182,178.0571394,6.57140751,60.30981056,132.62325631,51.09893676,15.0,132.95680708,0.88000117,2.29181774,0.75687345,0.75687345,2.74851915,15.46964719,0.75687345,72.15736489,8653.37939268,7.70072468,209.53602386,7.76166165,25.90771711,130.70362966,358.75201199,16827.60214434,3.68746519,85.62641179,1309.11577063,42266.44197093,127.69143063,157.85778221,0.709,142.72722534,129.60064164,87.47681993,4002.17754166,432.93219578,899.90613817,1421.72520019,0.30672394,0.83096286,523.81801288,21672.14392727,89699.86823997,298.23018631,199.8915206,18.86614742,5.46650358,9.28334334,17.27584467,4553.63319758,54.11304832,2099.21952646,3547.61982997,7.9945115,39.61258922,45.13998156,15.44184602,1732.94948844,19.94593924,4.41162178,63.87220287,18.86614742,1604.97359768,36.78874637,10.58695956,137.06647867,1.69125008,0.38500624,1.0,3.73101051,4.1329203,56.62989697,280.35160757,3.76616846,7992.97150523,3.64,4.38064195,103.17382194,83.05866397,1417.73242156,3.75,8.4455707,14.44314996,600.31037313,9.78136489,1.31422738,0.75687345,22.72355775,570.15378799,36.70674413,,21.73098335,13001.26306196,18.86614742,33.22433216,10.79742243,3.49764784,2.99155834,2.39357796,38.16446845,6.78492165,32.52007643,2684.12007778,41.31647446,3665.28970963,42.28516747,12975.78409413,79.04751542,25868.33085448,121.97886221,2.78010713,577.2429277,2.70714197,577.2429277,105.01207283,245.36558263,18.86614742,28.39684803,27.11011644
2025-04-18,3.6725,72.03552231,87.17266668,388.97832719,1.80228294,918.61893195,1137.29058275,1.56645912,1.79,1.70000705,1.71994035,2.0,121.42634376,1.71994035,0.376,2972.41478297,1.0,1.31164726,6.90383127,5.80758638,1.0,85.38982027,13.76685172,3.27010629,2.01090203,1.38504366,2905.49985678,0.81853294,967.99356779,7.30050064,4310.87612245,502.17371203,23.96086504,96.97050481,22.03403802,177.89596946,6.56595121,60.39711304,132.55288827,51.12480351,15.0,132.98013737,0.87939154,2.28517922,0.753267,0.753267,2.74655899,15.4801847,0.753267,72.16882678,8662.07060083,7.70074855,209.22000695,7.76369088,25.91451821,130.43725665,358.89696576,16857.8610735,3.68344455,85.38982027,1309.07046505,42228.09985858,127.60256174,157.9088286,0.709,142.37632867,129.58075411,87.44545501,4002.91272252,432.63227596,899.95375865,1422.08797312,0.30665694,0.82878605,523.29662195,21654.43039036,89593.5468891,298.71749395,199.9781448,18.81215082,5.46973961,9.27741348,17.28520713,4551.11255984,54.15143316,2099.33977282,3538.46996851,7.9966016,39.58590524,45.08276288,15.4432712,1733.42307646,19.70219796,4.4080344,63.83879414,18.81215082,1604.08942509,36.78789364,10.46981598,136.6877548,1.67661496,0.3850106,1.0,3.74322867,4.13285061,56.72469487,280.59816858,3.76103931,7995.41531128,3.64,4.37772603,103.10306619,81.98691556,1415.6072623,3.75,8.50523361,14.30260552,600.48346722,9.61132523,1.31164726,0.753267,22.74868067,570.80762995,36.7234871,,21.72309642,13001.88444612,18.81215082,33.34672004,10.73345131,3.49815521,2.98929143,2.4084477,38.07415287,6.78828238,32.53832097,2687.99730242,41.432809,3666.2255839,42.22531748,12979.53631564,80.85967679,25861.68497591,121.96325425,2.78776141,576.84303461,2.70650124,576.84303461,104.93932426,245.29914534,18.81215082,28.45000313,27.03817335
2025-04-19,3.6725,71.98769552,86.84616567,390.87296363,1.80226265,918.63573649,1138.06986009,1.56849914,1.79,1.7,1.71702597,2.0,121.45354833,1.71702597,0.376,2969.3158497,1.0,1.31099944,6.90126733,5.80664427,1.0,85.43446402,13.75531734,3.27378698,2.00811316,1.38599679,2905.42581976,0.81624645,966.10405057,7.30060569,4310.44828651,501.93550573,23.98376858,96.80619153,22.03793689,178.07832571,6.56575164,60.38313651,132.2808497,51.12954649,15.0,132.98385318,0.87790144,2.28493123,0.75188479,0.75188479,2.748992,15.52488581,0.75188479,71.47048599,8662.57339288,7.70146515,209.24546519,7.76200823,25.87114933,130.4297397,359.08380821,16867.89044657,3.68634694,85.43446402,1309.82506985,42323.89720702,127.38921696,158.11163258,0.709,142.17327507,129.4914752,87.26037791,4003.53512756,431.89919501,899.99597271,1423.04897556,0.30661514,0.82898695,522.87636699,21648.28122104,89754.33260496,298.97860569,199.93174814,18.84477296,5.46995926,9.26969856,17.28452103,4551.04466001,54.15342817,2098.26791644,3565.42729583,7.99486848,39.59112913,45.06198517,15.39851641,1731.48090809,19.71994993,4.4069965,63.71301498,18.84477296,1601.29535594,36.77055428,10.47069553,136.75921828,1.68409956,0.38499991,1.0,3.73746256,4.08198011,56.7123707,281.07674027,3.76245944,7994.43250383,3.64,4.37799734,103.14851469,82.1370085,1416.05810177,3.75,8.37599314,14.52546995,600.68433781,9.62754032,1.31099944,0.75188479,22.75922507,569.71299343,37.19816488,,21.73137698,13001.86664312,18.84477296,33.41407078,10.65001169,3.49848885,2.98963883,2.39976127,38.02144105,6.78545258,32.52350634,2688.85434638,41.2853195,3665.70409211,42.33211883,12951.25776116,80.85879516,25805.67402157,121.00274313,2.77766093,575.86559334,2.70245759,575.86559334,104.76150807,245.29092106,18.84477296,28.3790905,27.02983862
2025-04-20,3.6725,71.83717351,86.45573479,390.86407671,1.80226265,918.63573649,1136.01376014,1.568289,1.79,1.7,1.71672442,2.0,121.81392799,1.71672442,0.376,2924.45905326,1.0,1.31114195,6.92493802,5.80129402,1.0,85.43383955,13.75525869,3.2749999,2.0176594,1.38485004,2857.65406432,0.81642358,966.18794991,7.29944341,4308.1154404,502.85033944,23.99976252,96.78919037,21.98151686,176.99815018,6.55243905,59.70243834,132.72543346,51.12860827,15.0,131.15940623,0.87774726,2.26690676,0.75245499,0.75245499,2.74995712,15.4527419,0.75245499,71.49983291,8674.94035843,7.69495397,210.18375417,7.76202799,25.72037611,132.98994845,357.82264985,16839.32000357,3.69018925,85.43383955,1310.19211431,42002.69956675,127.45197398,157.63688304,0.709,142.17823261,129.84744875,87.26037791,3998.62820611,431.82334463,899.99999997,1424.22023032,0.30657745,0.82000393,521.60443174,21601.6681423,89975.4019991,298.98027698,198.96515329,18.89233165,5.47459733,9.2618126,17.10207697,4547.42077786,54.06105593,2099.36375437,3563.66839175,7.99488883,39.5236637,44.9499973,15.45930963,1733.49156872,19.65139128,4.41332463,63.81827339,18.89233165,1599.5183481,36.62441377,10.4932344,136.75821866,1.68290238,0.38510163,1.0,3.73422837,4.04826435,56.71818315,280.59360968,3.74922324,8046.04107135,3.64,4.36945775,103.14534512,81.73094932,1410.12699489,3.75,8.36820033,14.58237894,598.98155452,9.63274325,1.31114195,0.75245499,22.75992757,571.45668444,36.95775175,,21.5497124,13001.8693943,18.89233165,33.37005,10.67240029,3.50972081,2.989,2.39921032,38.09136276,6.79807258,32.61794306,2670.13355066,41.50750989,3664.72936776,42.22651284,12963.07784495,80.7637338,25930.1387252,120.96571206,2.77700256,575.76445951,2.70000013,575.76445951,104.7431098,249.06330795,18.89233165,28.53909797,27.02983862
2025-04-21,3.6725,71.98261891,86.77399907,390.94062755,1.80225727,918.78668556,1130.12254657,1.56424154,1.79,1.70000029,1.7042959,2.0,121.53946168,1.7042959,0.376,2967.75589057,1.0,1.30585415,6.90845761,5.8306061,1.0,85.20182294,13.7767884,3.27094283,2.01320374,1.38176065,2898.19345197,0.81110634,966.73211656,7.29467988,4308.22046565,502.36850469,23.97830858,96.08846835,21.81962903,177.87828665,6.50553019,60.24087069,132.05087031,50.81882456,15.0,132.98371502,0.87139266,2.28520159,0.74897676,0.74897676,2.74647861,15.46017936,0.74897676,72.10529494,8663.24732664,7.69964534,209.91995702,7.7606191,25.89192331,130.98493143,355.24715961,16829.0034935,3.68643364,85.20182294,1309.65980375,42217.94230667,126.43070591,157.87619732,0.709,141.03062205,129.54775794,87.26097916,4003.01445744,428.69708513,899.99919541,1418.74379157,0.30669101,0.8301674,522.20742459,21612.64077874,89931.61545697,298.76571855,199.84184351,18.75484542,5.47155873,9.26178441,17.25925565,4550.75826414,54.15078394,2098.27613546,3546.13167463,7.99343768,39.6228301,45.01763461,15.43777947,1734.15405473,19.70288828,4.39953051,63.68823394,18.75484542,1601.81384254,36.7683331,10.44769495,136.38681808,1.67611884,0.38485741,1.0,3.73288761,4.13276248,56.58930883,280.89692768,3.73141822,8005.30807269,3.64,4.33519415,102.60782533,81.55312782,1413.94715481,3.75,8.49980521,14.32619518,600.1530877,9.55982347,1.30585415,0.74897676,22.75092721,569.85123939,36.90780847,,21.6197388,13001.875486,18.75484542,33.18428066,10.73332322,3.49850055,2.98039827,2.40542014,38.21151481,6.78969654,32.55138295,2682.06545676,41.37813174,3665.1455908,42.23602965,12955.84779193,80.84068594,25916.4596885,120.59317019,2.78405819,571.59611351,2.70576163,571.59611351,103.98480401,245.27874062,18.75484542,28.52697216,26.78674828
2025-04-22,3.6725,71.98547711,86.97605039,390.9112246,1.80222442,918.08218142,1121.81492588,1.557653,1.79,1.70000003,1.70161944,2.0,121.42821433,1.70161944,0.376,2972.14049357,1.0,1.30576291,6.90370096,5.80673226,1.0,85.17613846,13.77381654,3.27001244,2.01135217,1.38323115,2901.97535193,0.81165745,961.65770451,7.30685504,4280.46725185,502.18043768,23.97864357,95.93756929,21.75590579,177.8851892,6.49726962,60.033034,131.86142906,50.72034208,15.0,132.97607099,0.87002421,2.25689809,0.74756924,0.74756924,2.7465944,15.46984706,0.74756924,72.38892406,8662.75441133,7.70085312,209.78103471,7.76027483,25.9125566,130.43304469,354.58469197,16830.40080371,3.70197505,85.17613846,1309.39914788,42333.3877157,126.24548616,157.91466212,0.709,140.88100058,129.70183104,87.12627637,4002.68938453,428.02385151,899.98245806,1425.6317522,0.30630667,0.83145073,519.88494855,21648.98210804,89756.99795318,298.77209152,199.84368574,18.70605118,5.469874,9.2184891,17.28575299,4555.87127218,54.15705644,2099.36082986,3537.919864,7.99308307,39.59580647,44.75300321,15.44453674,1734.90139488,19.68919959,4.37920867,63.84281277,18.70605118,1603.16418869,36.78845257,10.37115702,136.34570364,1.66684598,0.38498306,1.0,3.70588918,4.13352062,56.7337223,280.79779406,3.71446078,8001.14151882,3.64,4.3273482,102.25861856,81.37434238,1414.18274506,3.75,8.44579859,14.30055321,600.48092565,9.52578371,1.30576291,0.74756924,22.72196186,570.23326022,37.25421797,,21.57771501,13001.70554963,18.70605118,33.21477276,10.73345085,3.49883851,2.96788956,2.3904101,38.24009972,6.78816255,32.4519709,2687.95073475,41.42425567,3664.01181451,42.22649772,12924.22853449,81.65614557,25906.44965406,120.13566213,2.7648215,570.69846868,2.70730567,570.69846868,103.8215044,245.28838205,18.70605118,28.58402427,26.79282777
2025-04-23,3.6725,71.73114704,86.42706569,390.14629231,1.80225963,920.62025603,1102.97155752,1.56330737,1.79,1.69999168,1.71393551,2.0,121.69800872,1.71393551,0.376,2972.25765884,1.0,1.31054061,6.90419685,5.72338545,1.0,85.22962907,13.68131065,3.26999656,2.01597516,1.38236976,2901.99821877,0.82110147,950.8216161,7.30678745,4295.23298599,503.7686663,23.98513977,96.63195094,21.96897236,178.32664747,6.54329407,60.04907849,132.30800006,51.03050573,15.0,132.19913084,0.87632131,2.2573187,0.75099767,0.75099767,2.74534861,15.44275617,0.75099767,72.17427967,8674.23796166,7.70063793,211.43699367,7.75728301,25.9768767,130.43192686,357.93993441,16848.21253071,3.69390008,85.22962907,1312.3018076,42100.88278629,126.97712455,158.05096545,0.709,141.69855018,129.54771637,87.09448458,4022.44424165,431.12182355,899.9980711,1428.59383739,0.30583692,0.83304074,518.19166838,21683.99102036,90073.14701464,299.15524161,200.28979901,18.5549685,5.46810963,9.24782648,17.28596961,4532.46507747,53.94591528,2099.35288761,3538.52946028,7.9900015,39.78100223,44.50264585,15.43770247,1741.28407792,19.63839663,4.4072466,63.88392376,18.5549685,1612.55702061,36.79064161,10.3813429,136.43132873,1.67262009,0.38501664,1.0,3.71685066,4.09200951,56.5858593,281.78005444,3.75648414,8002.32370322,3.64,4.36168387,102.79058326,81.55072897,1417.89816045,3.75,8.45104224,14.21248567,600.44983666,9.57004047,1.31054061,0.75099767,22.74801604,569.95272085,36.73518011,,21.61604593,13001.43994925,18.5549685,33.49570976,10.64887132,3.49656718,2.98200753,2.39410556,38.28931816,6.78866731,32.51615467,2686.97317024,41.49644706,3663.64724579,42.55690372,12949.07414621,81.96703983,25973.98148386,119.26013007,2.76877182,574.82909807,2.70690973,574.82909807,104.57294878,245.29748658,18.5549685,28.57456568,26.78727361
2025-04-24,3.6725,71.6428656,86.96856317,390.12965004,1.80226758,919.54292135,1162.35552214,1.57216918,1.79,1.69999993,1.72243538,2.0,121.60142268,1.72243538,0.376,2974.25714222,1.0,1.31352173,6.90630052,5.70546657,1.0,85.4973127,13.69826384,3.27035517,2.01473354,1.38655627,2901.61772769,0.82799093,942.05017835,7.29133912,4303.26820285,503.34873308,23.98661976,97.11117502,22.02072358,178.24004857,6.5752316,59.64060808,132.41132223,50.95286175,15.0,132.19920253,0.88066723,2.26319606,0.75276109,0.75276109,2.74651558,15.32597318,0.75276109,72.12286694,8666.86706532,7.69990341,210.153061,7.75886767,25.95518751,130.82255834,359.65597462,16863.91447902,3.64240642,85.4973127,1311.37038481,41897.85822801,127.61897274,158.32696945,0.709,142.76052747,129.67183593,87.06937073,4007.02898192,433.25987372,900.03150375,1429.8356768,0.3064922,0.83243249,518.85103082,21610.39941049,89937.79320122,299.60082606,200.22556493,18.62047688,5.45806935,9.29248195,17.26078772,4552.9306021,54.27516523,2098.63412574,3542.3801864,7.9916337,39.74016783,44.97313332,15.43969489,1738.93899956,19.62163085,4.39548859,63.88596735,18.62047688,1613.66243821,36.79223103,10.50124071,136.85982331,1.6798432,0.38500987,1.0,3.70255008,4.13497367,56.49089159,281.58484805,3.77423539,8001.00377127,3.64,4.38327008,103.26018936,83.04954439,1429.06603381,3.75,8.44313624,14.35670974,600.29517365,9.66294772,1.31352173,0.75276109,22.75000441,569.96533752,36.73145409,,21.68974753,13002.52666163,18.62047688,33.47843396,10.64877214,3.49832306,2.99370161,2.39339813,38.32375062,6.78786341,32.54352718,2686.0860494,41.54843377,3664.57706943,42.32820704,12933.79752941,82.46867828,26040.21187333,121.23869693,2.77708261,577.67983162,2.70720016,577.67983162,105.09155443,245.29326324,18.62047688,28.40105759,26.79112888
2025-04-25,3.6725,70.9031038,86.94890912,388.87723994,1.80226372,920.04872258,1174.51225354,1.56370354,1.79,1.70000895,1.72394266,2.0,121.62260874,1.72394266,0.376,2965.45729232,1.0,1.3137647,6.91278694,5.68184951,1.0,85.30800769,13.69362525,3.26996978,2.01224575,1.38703181,2903.99472233,0.8309521,938.29695002,7.29417098,4257.99802145,503.87931828,24.0139734,97.19615569,21.99322602,178.13738377,6.58022412,59.51891637,132.45618684,50.95890905,15.0,133.64772651,0.88143789,2.25768009,0.75184477,0.75184477,2.74474504,15.1081432,0.75184477,72.16523279,8665.91541161,7.70354042,209.82566467,7.75824635,25.94549217,130.83694867,358.33140693,16818.1493931,3.62203008,85.30800769,1310.99761276,42100.27517383,127.71858496,158.44722901,0.709,142.97304584,129.47551232,87.03555721,4008.03923135,433.63901355,899.91692953,1435.75938277,0.30667762,0.83207578,517.51799736,21624.28026026,90450.3242831,299.76434275,200.21029269,18.84362651,5.45923168,9.28549629,17.26431202,4531.6011114,54.09946262,2099.1713758,3538.16603874,7.99099374,39.6997191,45.21049758,15.44169898,1737.65595135,19.61055651,4.37506084,63.88412818,18.84362651,1613.6426738,36.8102583,10.43739637,136.5567933,1.67179237,0.3850318,1.0,3.68720153,4.09462826,56.37794241,281.47119558,3.77073872,8012.61290092,3.64,4.38694216,103.31131031,83.20394155,1431.93860704,3.75,8.44584421,14.29946221,600.47608096,9.62650759,1.3137647,0.75184477,22.72419672,570.81496189,36.72323007,,21.73883242,13001.86054827,18.84362651,33.43799936,10.62279021,3.4996006,2.99008704,2.39430416,38.42969721,6.79411892,32.52278896,2685.24566749,41.67887465,3665.71109818,42.06315723,12939.98890749,83.81196438,26041.6286766,121.52373875,2.76728796,578.1853514,2.70734978,578.1853514,105.18351862,245.29823213,18.84362651,28.2965814,27.21011498
2025-04-26,3.6725,71.83729622,87.05892175,390.35362517,1.79000034,912.20716435,1165.27926525,1.56090766,1.79,1.7,1.71607844,2.0,121.57008918,1.71607844,0.376,2936.94487854,1.0,1.31451582,6.91418819,5.68807788,1.0,85.383869,13.76881741,3.27496898,2.0150847,1.38779254,2862.7714226,0.82789265,935.89587754,7.28796031,4221.92867326,506.99817693,23.96564031,96.75276958,21.96986974,178.39543031,6.56941983,59.14990693,132.52737369,50.81189067,15.0,133.15267768,0.87741697,2.259954,0.75127621,0.75127621,2.74908005,14.46571782,0.75127621,71.47763607,8659.70361233,7.70078868,209.15522148,7.75857527,25.87098189,131.22235216,356.93011896,16804.36818405,3.62358539,85.383869,1310.27679115,41881.46859659,127.88162716,158.2938664,0.709,143.71533053,129.39927688,87.44003672,4004.25352209,431.66085388,900.00023072,1438.28104436,0.30672347,0.82000771,514.57853418,21566.90242301,89941.57464876,299.63575587,200.06684867,18.68302295,5.4612239,9.25853049,17.2533633,4513.07072728,54.10945634,2098.4805161,3572.80881606,7.99133253,39.67558918,45.27549908,15.40481371,1737.71000079,19.50755029,4.37616043,63.58266755,18.68302295,1606.64397001,36.79828057,10.43643697,136.67822831,1.67739556,0.38498745,1.0,3.68285029,4.07168411,56.20306892,281.12094607,3.75866465,8004.90292225,3.64,4.38085095,103.08840724,82.40078652,1430.30868335,3.75,8.35432429,14.55446972,600.52414687,9.68420764,1.31451582,0.75127621,22.74009319,568.99137552,36.93916249,,21.68098898,13001.85873788,18.68302295,33.51423883,10.59929589,3.50767236,2.99296309,2.36802432,38.41847954,6.78994739,32.55727767,2689.4828839,41.66989221,3664.52407889,42.26279776,12945.21169566,84.6135423,25999.75098147,120.58242756,2.76398082,575.54780517,2.70222603,575.54780517,104.70369603,245.18345469,18.68302295,28.42282568,26.92146967
2025-04-27,3.6725,71.17398692,87.1001964,390.3414443,1.79000034,912.24044402,1167.14033732,1.5614499,1.79,1.7,1.71825419,2.0,121.90579874,1.71825419,0.376,2924.73632653,1.0,1.31505694,6.93491151,5.68789192,1.0,85.3846755,13.77274939,3.2750004,2.0177985,1.38679425,2854.4596379,0.82825806,935.48055825,7.28645205,4236.92841359,506.81729554,23.93776341,96.87543859,21.96340746,178.4044806,6.56942351,58.96453835,133.20950392,50.91918323,15.0,132.12702309,0.87852942,2.275716,0.75112418,0.75112418,2.7496,14.4027437,0.75112418,71.50003067,8680.25502967,7.69764496,208.98317038,7.75822982,25.76405174,133.08242172,356.94607576,16839.70550744,3.62188236,85.3846755,1310.32012061,42002.59857512,127.88738547,158.30490749,0.709,143.65866141,129.44360906,87.44999013,3998.57766956,432.20813959,899.9999982,1438.37282546,0.30662775,0.82000298,514.79944788,21637.61262636,89550.37200618,299.64533174,199.12147313,18.64483681,5.47233956,9.25166105,17.12011165,4503.84412456,54.15994823,2099.87922626,3571.50467346,7.99097671,39.67773479,45.17065036,15.45998868,1733.35624111,19.51205429,4.37416095,63.79060344,18.64483681,1607.46318116,36.62443809,10.4374429,136.67951931,1.67706223,0.38510232,1.0,3.67068202,4.05301119,56.187035,280.96985251,3.75921981,8010.72529299,3.64,4.38123921,103.39994683,82.62593537,1410.53444498,3.75,8.35420755,14.59030275,598.91388782,9.68468839,1.31505694,0.75112418,22.7401158,571.45713381,36.7052028,,21.60036308,13001.92590399,18.64483681,33.49446747,10.60269677,3.50999361,2.98847874,2.36799393,38.41921935,6.80826728,32.56730681,2677.04212013,41.7650724,3664.60861577,42.01661951,12933.04938904,84.21494158,26022.74849092,120.58217282,2.76398315,576.27751946,2.69999999,576.27751946,104.8364457,247.89250012,18.64483681,28.15045633,26.92146967
2025-04-28,3.6725,71.16629827,86.92503025,387.71689402,1.79000071,918.68797692,1172.82969202,1.5665107,1.79,1.70000008,1.722554,2.0,121.4268308,1.722554,0.376,2973.05232881,1.0,1.31596598,6.90287957,5.68671551,1.0,85.38067611,13.7728907,3.27361431,2.01078811,1.38810552,2903.96854264,0.8281892,935.74581898,7.29490311,4220.94275664,506.04838887,23.96213441,97.11786294,21.97143155,177.98603784,6.57423672,59.07099462,132.35648845,50.97232478,15.0,133.35271863,0.88072788,2.27115566,0.75241715,0.75241715,2.74691092,14.56340862,0.75241715,72.10745152,8661.45446251,7.69785905,209.05063176,7.75772278,25.91507845,130.47019013,357.37475511,16838.70555049,3.62393582,85.38067611,1309.24373427,42104.47425023,127.97015166,158.13215545,0.709,143.65607858,129.38803208,87.34350615,4004.29987053,433.28971176,899.99897031,1439.88957137,0.30669085,0.82935039,514.68907657,21573.30716043,90291.65832161,299.42469584,199.93531757,18.7424581,5.4676744,9.25825374,17.24482319,4514.16068728,54.14624342,2099.48330059,3573.61205486,7.99045446,39.74261642,45.31562696,15.43970642,1733.1484411,19.54430261,4.37653985,63.73049764,18.7424581,1609.89519324,36.78527122,10.45140554,136.67311728,1.680221,0.38497724,1.0,3.67012352,4.07692161,56.28748052,281.12567701,3.76608732,7995.03342885,3.64,4.38086065,103.18125376,82.7524789,1414.94580611,3.75,8.44783706,14.27174443,600.47316212,9.69362945,1.31596598,0.75241715,22.74008106,570.47642545,36.70215093,,21.76420597,13001.8525593,18.7424581,33.66875195,10.57903758,3.4969085,2.99217641,2.38982815,38.45026668,6.78744097,32.52985574,2690.69493401,41.80961546,3663.80737616,41.71956124,12936.5925714,86.00068462,26000.43881726,121.28193774,2.76690793,577.71961569,2.7061151,577.71961569,105.09879194,245.19778507,18.7424581,27.91467425,26.8519975
2025-04-29,3.6725,71.06127468,86.80852301,389.92924907,1.79003285,917.8507081,1177.96335156,1.5560253,1.79,1.69999842,1.71721879,2.0,121.2647791,1.71721879,0.376,2970.36172412,1.0,1.31044221,6.90741871,5.65499687,1.0,85.13008401,13.72664837,3.26996852,2.0049212,1.38389536,2901.5665372,0.82316275,943.09710981,7.28792254,4218.53088611,504.58429968,23.95481671,96.81706257,21.90304587,177.74024963,6.55437188,58.68027954,132.4228679,50.84270152,15.0,133.28579393,0.87800002,2.26891621,0.74519562,0.74519562,2.74651658,14.3792268,0.74519562,71.96783125,8646.51931696,7.69552658,209.11937637,7.75735402,25.88273448,130.61995512,355.03219345,16816.57729686,3.61741013,85.13008401,1307.10346032,41934.25450278,128.27719998,158.08833528,0.709,142.41805743,129.04692732,87.34680678,3986.28493233,431.94769595,899.9525155,1441.31451807,0.30668351,0.8309732,513.10171703,21501.80989327,89687.18953812,299.38823705,199.64462732,18.51276578,5.46140211,9.26071924,17.1589807,4486.07202084,53.942123,2099.49077795,3570.98566712,7.99007464,39.63702613,45.24133153,15.43798951,1730.2707496,19.59232495,4.33801445,63.78096475,18.51276578,1602.76304558,36.76638067,10.35807902,136.27198197,1.67663815,0.3850501,1.0,3.66197279,4.08004136,56.2934886,280.30831949,3.74662761,7989.36118567,3.64,4.37070817,102.91636953,82.55502101,1413.61497365,3.75,8.45103263,14.31874601,600.41318082,9.60610339,1.31044221,0.74519562,22.74008649,570.29103357,36.73505136,,21.64736773,13001.92864178,18.51276578,33.37980412,10.55438973,3.49967254,2.9893842,2.39358657,38.45299844,6.77886225,32.38211777,2691.33503947,41.68827153,3662.96949266,41.92654398,12944.53793803,86.5300265,26000.31490979,121.05673714,2.76128591,575.93026126,2.70687244,575.93026126,104.77327247,245.0834536,18.51276578,27.94269912,26.81572023
2025-04-30,3.6725,71.00219457,86.88679065,388.70992336,1.78999867,920.71210366,1165.12802311,1.56283432,1.79,1.69999567,1.72023503,2.0,121.43577941,1.72023503,0.376,2974.1833894,1.0,1.30790479,6.9078377,5.62167638,1.0,85.25945187,13.66735012,3.27447112,2.01183133,1.38302977,2897.26537744,0.82346795,945.38661794,7.2741023,4195.88739581,505.48270974,23.972633,96.98711884,21.92568305,178.03717273,6.56579059,58.8979307,132.43245721,50.80537611,15.0,133.70791378,0.8795422,2.26584944,0.74624592,0.74624592,2.74689192,14.27140324,0.74624592,72.1012858,8662.1553795,7.69753586,209.80261122,7.75921474,25.94417254,130.81626789,355.67150177,16730.65352544,3.62383926,85.25945187,1309.49344565,42006.40858263,128.50593659,158.18702227,0.709,142.35650087,129.22768585,87.36232398,4001.5814311,432.70639914,899.94263735,1432.07325266,0.30627659,0.83152819,511.48773763,21623.56283653,90241.68126275,299.33749367,199.95946705,18.56533351,5.46557912,9.27343694,17.15618832,4512.49621888,54.02309007,2099.5922082,3572.89763985,7.99199119,39.60792199,45.1888428,15.43800774,1733.4488845,19.5644568,4.32074894,63.88098321,18.56533351,1602.73517832,36.78163067,10.38352579,136.47906758,1.68543441,0.3849855,1.0,3.66598742,4.0852112,55.98406184,280.87042968,3.75624952,8010.42795,3.64,4.37818443,103.07378531,82.04339517,1415.33640459,3.75,8.44832906,14.26681864,600.3384173,9.65516613,1.30790479,0.74624592,22.79929381,570.89220702,36.73419016,,21.71735576,13001.7039383,18.56533351,33.4319483,10.55858101,3.49977381,2.97985935,2.39498055,38.47874605,6.77610507,32.13816615,2691.08146922,41.59503493,3663.8852483,42.09142751,12957.0730217,86.62815927,25998.02232802,120.53777368,2.76916625,576.94186552,2.70685985,576.94186552,104.95730358,244.97980973,18.56533351,27.97991484,26.83527592
2025-05-01,3.6725,70.81954121,87.03138296,388.16870433,1.78999617,918.61489885,1171.20476079,1.56031867,1.79,1.69999336,1.72964377,2.0,121.57689823,1.72964377,0.376,2975.91340765,1.0,1.30789452,6.90675396,5.67329812,1.0,84.57683471,13.6769127,3.27749654,2.01142633,1.37915191,2901.49783041,0.8269291,949.74804963,7.27167545,4245.14003231,505.71506277,23.97566721,97.5175852,22.06750956,177.91572711,6.60136522,59.02197426,132.63726817,50.87833264,15.0,134.67297652,0.88435282,2.26948127,0.75150096,0.75150096,2.74580772,14.15055264,0.75150096,72.10053857,8678.131616,7.69795123,210.20857894,7.75655034,25.94023135,130.65477474,357.85118946,16559.46584548,3.6374505,84.57683471,1312.30227441,41945.18062351,128.85388272,158.22258947,0.709,143.18986867,129.5610074,87.47773033,4018.6024765,435.0730659,899.91945929,1426.06800937,0.30643361,0.83158555,514.7854238,21718.77180116,90181.46593199,299.24942799,200.29606639,18.60919794,5.46934701,9.27657926,17.16679204,4520.54904427,54.27284635,2099.33999144,3572.31652474,7.98924686,39.68011416,45.12520747,15.43787632,1737.04365686,19.61760371,4.31521608,63.84107164,18.60919794,1606.13347087,36.81960202,10.41491588,135.38636815,1.68478464,0.38503682,1.0,3.67084912,4.13060197,55.81626875,281.69805288,3.7877192,8002.18249508,3.64,4.4024646,103.65497607,82.07031891,1420.68438247,3.75,8.45099649,14.33014962,600.49605496,9.67372015,1.30789452,0.75150096,22.78997221,573.29520456,36.73309541,,21.79478896,13001.85857986,18.60919794,33.49330305,10.54401649,3.49646255,2.98297827,2.39332842,38.56235918,6.77816931,32.07818887,2691.19247936,41.55200828,3662.95749986,42.21349182,12968.91140011,87.09809414,26004.0104282,121.06612875,2.76713783,580.09742119,2.70663245,580.09742119,105.53136249,245.05906189,18.60919794,27.96681731,26.84101304
2025-05-02,3.6725,70.98456927,86.93391696,389.27923003,1.79000278,919.84815032,1174.6881137,1.56044177,1.79,1.69999994,1.73165701,2.0,121.65459611,1.73165701,0.376,2963.18011908,1.0,1.31014523,6.91831474,5.67761773,1.0,84.56224645,13.6889453,3.2750272,2.01372999,1.38355385,2894.44472254,0.83009188,949.12786665,7.26913315,4245.67775459,506.44845764,23.98216062,97.63109174,22.05898849,178.00928808,6.60778256,58.94429008,132.80225439,50.91259502,15.0,134.59304829,0.88538217,2.26146006,0.7525021,0.7525021,2.74599133,14.14896779,0.7525021,72.10721714,8675.99216969,7.69736729,210.38320859,7.75672229,25.9659337,131.25801888,358.10415134,16593.50975313,3.61669365,84.56224645,1312.83175345,41993.141017,129.00362907,158.44427774,0.709,145.48223631,129.57014186,87.47463576,4011.79812115,435.57947342,900.01759732,1433.99128432,0.30698968,0.82981803,514.48792964,21661.09725379,90049.28638918,299.84691196,200.0329146,18.52762644,5.4676615,9.28001725,17.14947876,4514.07797867,54.28240473,2099.39510984,3572.21616683,7.98942395,39.78769728,45.0728077,15.43784163,1737.37864502,19.59371594,4.32048237,63.82769057,18.52762644,1604.58892181,36.80449672,10.41800845,135.36301601,1.68841253,0.38498533,1.0,3.66581645,4.14121419,55.86119119,281.23873601,3.79163889,8007.22705286,3.64,4.40746175,103.78210064,82.13116448,1417.03767097,3.75,8.50471777,14.68048513,600.14343695,9.72889027,1.31014523,0.7525021,22.80544908,573.14652247,36.73122573,,21.78187825,13002.11422732,18.52762644,33.52405101,10.56844101,3.49760281,2.98057884,2.39978135,38.57250331,6.77645364,31.79378356,2678.17612009,41.59171914,3662.80458673,41.97340097,12941.95659085,87.14185017,26019.10451157,121.05414238,2.77845728,580.77263122,2.7061696,580.77263122,105.65419674,245.00146646,18.52762644,27.98597481,26.87281043
2025-05-03,3.6725,71.48356041,87.07576132,389.38716077,1.79000067,919.17649869,1171.98418482,1.55269067,1.79,1.7,1.73108697,2.0,121.50604542,1.73108697,0.376,2938.04514286,1.0,1.29948339,6.9101731,5.6573103,1.0,84.48076452,13.62384963,3.27499975,2.01461434,1.38199946,2867.54476347,0.82674874,947.37940174,7.27159389,4250.40360695,505.22785128,24.00380984,97.59895302,22.04591989,178.3600841,6.6048131,59.03851131,132.43934227,50.73840042,15.0,134.59471483,0.88509071,2.2550046,0.7536884,0.7536884,2.74827677,14.28543953,0.7536884,71.45882729,8674.11388093,7.70147807,209.20498318,7.75010567,25.88200155,130.75714569,357.96796684,16461.88744151,3.587785,84.48076452,1310.40972135,41874.95933354,129.30440482,158.56951732,0.709,144.91632411,129.30637084,87.47465277,4012.63862317,435.43608704,899.99504773,1399.58560819,0.30669489,0.82150103,516.6936639,21653.65425159,90139.85025304,299.4968559,200.36469498,18.30109916,5.46642081,9.28091842,17.17637099,4457.25243388,54.4071477,2099.00063889,3573.25983901,7.98260884,39.77381306,45.30743045,15.39917,1736.70845602,19.57746381,4.25803093,63.59912586,18.30109916,1604.10131792,36.79492448,10.40947671,135.2325838,1.68164575,0.38497822,1.0,3.6729806,4.06841102,55.58029562,281.12439541,3.78487784,8000.20099767,3.64,4.40530447,103.48679183,82.69960475,1420.1369715,3.75,8.3416358,14.55235896,600.492113,9.65051447,1.29948339,0.7536884,22.70503732,572.03891731,36.83976675,,21.62874088,13001.81683622,18.30109916,33.06878573,10.35046759,3.49782592,2.98662487,2.37095888,38.51996331,6.79182741,30.71896281,2696.85176001,41.58282721,3660.15175811,42.06130805,12915.50091596,88.45373307,25959.79072747,121.09258006,2.77852406,580.58144939,2.70247467,580.58144939,105.61941693,244.98846509,18.30109916,27.90246817,26.83781396
2025-05-04,3.6725,70.84750765,86.88664922,389.39353895,1.79000067,919.17649869,1170.51489376,1.55156755,1.79,1.7,1.73057136,2.0,121.56465458,1.73057136,0.376,2926.13663297,1.0,1.29933825,6.92496235,5.65839456,1.0,84.56934601,13.62387035,3.27574624,2.0176935,1.38211772,2851.7820955,0.8265533,947.22571713,7.27132692,4244.8017371,506.56828476,23.94125693,97.56988284,22.04670917,178.39958576,6.60272539,58.77739228,133.17286461,50.76796101,15.0,132.24256973,0.88482709,2.2825574,0.75295175,0.75295175,2.74830007,13.90287882,0.75295175,71.46507279,8683.13789581,7.69097838,208.98279188,7.75049885,25.81181737,132.87614611,357.94136279,16530.79536522,3.59992799,84.56934601,1310.26029861,42002.55051116,128.70399747,158.51019567,0.709,144.92456311,129.50000979,87.47465277,3999.4282012,435.30639095,899.99999983,1400.89518594,0.30770052,0.82000364,516.33059894,21618.8838917,89556.38749991,299.37374838,199.15435842,18.40461234,5.45979441,9.28012221,17.08064025,4463.8038871,54.0027022,2099.81179257,3572.2465159,7.98301382,39.77882329,45.51439442,15.45959554,1733.37440413,19.57970006,4.25884429,63.73102579,18.40461234,1600.11933783,36.6243572,10.41378369,135.37438062,1.68107869,0.38510219,1.0,3.65122006,4.08160018,55.58855393,281.21291646,3.78437145,8012.67096879,3.64,4.40606432,103.48716385,82.74883117,1412.0211764,3.75,8.34029378,14.64965863,598.87064231,9.65359928,1.29933825,0.75295175,22.7050499,572.19415785,36.73073102,,21.65192164,13001.92367568,18.40461234,33.22566964,10.36858709,3.4968276,2.96102056,2.37079677,38.53809769,6.75127064,30.74477581,2676.21816189,41.66580627,3663.68466847,41.96781264,12901.66975858,87.35976208,25984.89442531,121.09281925,2.77851986,580.40852126,2.70000294,580.40852126,105.58795783,244.60262279,18.40461234,27.84740856,26.83781396
2025-05-05,3.6725,70.8513562,87.13954472,388.4519864,1.79000041,921.59179149,1172.60675735,1.54642306,1.79,1.69999996,1.72552517,2.0,121.70413607,1.72552517,0.376,2969.13688448,1.0,1.29296576,6.92245246,5.67749789,1.0,84.38052842,13.66308667,3.27500682,2.01370363,1.3804981,2899.81749551,0.82271089,946.91246871,7.27152284,4262.1676558,506.19835082,24.01398471,97.28537762,21.97447205,177.91468797,6.58423242,58.87984821,132.75213851,50.66786998,15.0,133.86231018,0.88224701,2.25167655,0.75250489,0.75250489,2.74505875,13.92899967,0.75250489,72.10552124,8673.65116813,7.70573736,209.20566542,7.75043143,25.93170215,130.84454774,356.45975938,16416.34403825,3.59991173,84.38052842,1311.63807297,42104.00994305,128.90293082,158.8413668,0.709,144.24339805,129.4606226,87.47660519,4011.27651779,434.03707567,899.98880854,1378.81033544,0.30659383,0.82980389,517.07302837,21645.57652962,89993.39641155,299.72910498,200.16018439,18.37611933,5.4714934,9.26328795,17.22295055,4453.87719701,54.42566296,2099.44572567,3573.45314905,7.98294437,39.8856184,45.36957124,15.44371462,1735.00864566,19.60728705,4.21087857,63.87235109,18.37611933,1605.48865909,36.83194597,10.41167197,135.07213087,1.67329416,0.38496552,1.0,3.67465917,4.08253807,55.4646171,281.11129278,3.77216551,8022.67939674,3.64,4.39805771,103.71431434,82.79283207,1413.36242319,3.75,8.50459998,14.26653736,600.46054387,9.62096247,1.29296576,0.75250489,22.70504339,574.51537626,36.70216456,,21.76947043,13001.85607316,18.37611933,33.00090722,10.35193201,3.49842465,2.98958095,2.40737096,38.57512094,6.79250389,29.79696993,2695.37375913,41.61650009,3660.82689141,42.00284079,12911.53460288,88.51068307,26016.2360925,120.94998381,2.7662164,578.71610089,2.7061142,578.71610089,105.2800726,244.99503039,18.37611933,27.8029906,26.82688332
2025-05-06,3.6725,70.79079179,86.57218847,387.83597976,1.79674231,919.74554421,1201.13754158,1.55066911,1.79,1.70000006,1.73170369,2.0,121.63373813,1.73170369,0.376,2964.93860147,1.0,1.29479583,6.92619753,5.68737863,1.0,84.34021951,13.61597228,3.27473927,2.01481807,1.38378482,2893.15279635,0.82447657,940.28236666,7.24006587,4298.33293454,506.12056092,24.01331922,97.63372369,22.06680384,178.02778615,6.60721644,58.72780691,132.52986954,50.67111557,15.0,133.84368878,0.88540604,2.2698593,0.75344174,0.75344174,2.74306548,13.75225983,0.75344174,72.10127919,8670.53197642,7.7020345,209.01873565,7.75081093,25.91421107,131.34002628,357.13517557,16460.44426871,3.613404,84.34021951,1310.94074277,42078.65744256,130.06454664,158.65462871,0.709,143.99248678,129.23742234,87.47836079,4010.88735524,435.59121581,899.99607011,1389.0592516,0.30684876,0.82932696,516.53043973,21638.20508907,89943.84348133,299.6466324,199.99383154,18.301843,5.47230832,9.24514082,17.21780631,4486.88061044,54.47487301,2099.41374636,3574.42620613,7.98333526,39.89072629,45.35832204,15.44002248,1735.78313022,19.72020816,4.23427626,63.82030375,18.301843,1603.95587696,36.79905935,10.4050311,135.00760638,1.67996335,0.38502204,1.0,3.66383019,4.08061521,55.82255115,281.16830451,3.77831746,8022.73887092,3.64,4.40795535,103.78159396,80.66211124,1415.15820217,3.75,8.5047747,14.51612497,600.17483471,9.68646975,1.29479583,0.75344174,22.75972395,572.44339322,36.72115343,,21.8521927,13001.79279979,18.301843,32.95860492,10.3875123,3.49710533,2.99800977,2.3960364,38.61948647,6.78097898,30.0670636,2687.46268166,41.62921838,3660.90897768,41.96249423,12912.63073401,88.5813851,25967.23960694,120.50540738,2.76317876,580.78828774,2.7061537,580.78828774,105.65704498,244.85620257,18.301843,27.75637548,26.83465993
2025-05-07,3.6725,70.81787973,86.35640557,387.62518397,1.79707648,920.04425235,1194.95624345,1.53908925,1.79,1.70000004,1.72411354,2.0,121.62329505,1.72411354,0.376,2974.43326454,1.0,1.29088819,6.92347522,5.71543062,1.0,84.5653819,13.59964626,3.27500012,2.01331083,1.37822609,2900.99993692,0.82611072,939.07291196,7.22112271,4300.98805281,506.24427673,24.02869672,97.20579003,21.99226927,178.07650536,6.57741895,58.79592786,132.47668826,50.66780287,15.0,132.6181165,0.88152526,2.25172516,0.7489375,0.7489375,2.74281075,13.45743303,0.7489375,72.16237559,8660.75987136,7.69830271,209.21745909,7.7531777,25.9862695,130.77006524,356.76360012,16467.10574475,3.60173464,84.5653819,1310.32691966,42100.69525937,129.33458875,158.81907466,0.709,142.94731875,129.29114541,87.47509025,4012.17262806,433.68199698,900.00791962,1391.91393894,0.30657805,0.83155525,514.97469393,21597.86215193,89774.21167538,299.73815443,199.93902396,18.20981624,5.47046862,9.20293502,17.22761613,4468.0367783,54.17782069,2099.72945798,3575.37754408,7.98577303,39.7027699,45.35141718,15.44166972,1735.36352361,19.66152254,4.23986206,63.87107193,18.20981624,1606.66389758,36.79953356,10.27466089,135.36803508,1.66424904,0.38500188,1.0,3.65456057,4.14389805,55.28955004,281.27530367,3.76981245,8005.20038593,3.64,4.4910187,103.34367355,81.36249967,1417.35727777,3.75,8.44573976,14.34168624,600.51630211,9.57895857,1.29088819,0.7489375,22.72992786,572.16325783,36.73016486,,21.76248299,13001.86052989,18.20981624,32.76774394,10.37142927,3.49958217,2.98870153,2.38432571,38.64688498,6.7889703,30.21567625,2695.20422576,41.5694166,3661.33600615,41.87677081,12939.84461881,8985.44366791,25965.96410792,120.55412058,2.65087267,578.24266264,2.7064321,578.24266264,105.19394468,244.7812332,18.20981624,27.29592725,26.84105265
2025-05-08,3.6725,70.82937152,86.70907765,388.20890798,1.79687194,920.07816892,1148.31577025,1.54934984,1.79,1.69999971,1.72668013,2.0,121.57067488,1.72668013,0.376,2974.34428158,1.0,1.29380646,6.92157292,5.74506479,1.0,84.7433945,13.59395566,3.27505769,2.0131935,1.38208906,2903.49994314,0.82288484,945.93319847,7.23721684,4293.29900187,506.84322898,24.02061739,97.35049457,21.99173815,177.97654621,6.58648783,58.81051656,132.59000685,50.63992626,15.0,133.5170475,0.88283753,2.26213686,0.74996457,0.74996457,2.7427441,13.27521171,0.74996457,72.15462807,8661.06411793,7.69682896,209.19015341,7.76454829,25.9427286,130.7335033,357.01167759,16536.866682,3.58566821,84.7433945,1310.24730946,42094.74024822,129.33698703,158.81633892,0.709,143.53907973,129.21527799,87.47553582,4005.8814389,434.32759386,899.98343252,1398.01570343,0.30666448,0.83162142,514.56922327,21629.78198617,89802.30288835,299.66227927,199.98970525,18.23434462,5.46657023,9.23283777,17.22856235,4455.88177445,54.39358558,2099.55944711,3574.68142514,7.99748474,39.68663817,45.4236202,15.44036852,1734.1030657,19.58581667,4.26598686,63.8838804,18.23434462,1607.60819092,36.79678768,10.33381095,135.65298874,1.67798626,0.38500466,1.0,3.65389762,4.14220873,55.57808599,281.36277427,3.77377381,8016.08512641,3.64,4.52256945,103.48676323,80.57980621,1417.86194856,3.75,8.4457542,14.40324117,600.41063398,9.6371173,1.29380646,0.74996457,22.74020303,572.03437595,36.73061383,,21.78467756,13001.91567954,18.23434462,32.79971332,10.37412399,3.49759956,2.98555604,2.39196322,38.67740592,6.79189115,30.30704994,2694.85221965,41.53121248,3659.85458018,41.76781618,12922.64901687,91.44630239,25938.35977893,120.69950768,2.76588975,579.10345848,2.7073239,579.10345848,105.35054072,244.78923209,18.23434462,27.07098064,26.84057204
2025-05-09,3.6725,70.83397789,87.54221436,389.26322541,1.79676851,919.48961444,1112.4746617,1.56581449,1.79,1.70000282,1.74410956,2.0,121.56305156,1.74410956,0.376,2973.00696932,1.0,1.30163364,6.92160294,5.66473681,1.0,85.9017446,13.61049578,3.27499967,2.01246168,1.39335298,2901.99920785,0.83281375,940.92293288,7.24686862,4254.69762516,507.34349,24.01350039,98.33316889,22.2179274,177.97490822,6.65347913,58.77984717,132.90278111,50.6247125,15.0,133.43049288,0.89174906,2.28256414,0.75601074,0.75601074,2.74173416,13.19543943,0.75601074,72.16449447,8657.84983494,7.6973817,209.8297046,7.77251821,25.95596791,130.75646982,361.64551126,16540.17027418,3.57642936,85.9017446,1310.29950544,42015.96179291,130.82101335,158.80764627,0.709,145.78970081,129.18660203,87.47468457,4003.75378975,438.7117788,899.96071278,1412.93937736,0.30701246,0.83093278,516.37495996,21624.91383912,89750.51610438,299.44064916,199.95050128,18.28333124,5.46860718,9.27263723,17.20700245,4506.43642635,54.80273644,2099.17305674,3573.60941462,8.00569375,39.67436652,45.37701506,15.44382798,1733.48563487,19.53318851,4.32154032,63.88473733,18.28333124,1610.09403751,36.78237909,10.44576342,137.50721767,1.69871158,0.38498302,1.0,3.63306861,4.13321482,55.74110916,281.54371979,3.78944355,8021.05251601,3.64,4.56344909,104.53229276,82.52337167,1423.7706493,3.75,8.44571149,14.18532405,600.54138099,9.75142627,1.30163364,0.75601074,22.75993035,572.12343991,36.62395142,,21.94217035,13001.86054762,18.28333124,33.16752041,10.31524989,3.49774627,2.99370363,2.39330688,38.74033478,6.79260126,30.32697651,2699.13706734,41.58757383,3663.10284976,41.80123914,12910.45562251,91.90843635,25979.11333324,121.07018254,2.77486923,584.9490384,2.70714912,584.9490384,106.41396902,244.79197163,18.28333124,26.91938857,26.84133646
2025-05-10,3.6725,70.98602145,87.39657569,389.00653631,1.79662543,912.90356833,1127.11417516,1.55944684,1.79,1.7,1.73842816,2.0,121.47808652,1.73842816,0.376,2966.67442639,1.0,1.29690546,6.91596681,5.64569975,1.0,85.43863207,13.56517076,3.27499327,2.01441142,1.39340519,2881.0028,0.83164975,936.82172806,7.23739515,4237.38533686,508.17481539,24.02178678,98.01285036,22.17944303,178.19412,6.63268678,58.79138439,133.0492643,50.59228631,15.0,134.36792782,0.8888442,2.26861254,0.7516501,0.7516501,2.74441278,13.10495937,0.7516501,71.45965709,8663.5498363,7.69077736,209.21339874,7.77849632,25.90700038,130.72414814,359.2645568,16545.41816651,3.55027035,85.43863207,1310.57684013,41896.82758292,130.55881556,158.90410351,0.709,145.3674985,129.3936605,87.47648125,4002.28572135,437.28268307,900.00098321,1395.9333772,0.30669546,0.82296649,515.89224595,21574.23284047,90149.14088949,298.82787496,199.49478656,18.2261932,5.43995395,9.24450388,17.20549582,4463.37288392,54.65423498,2099.19394763,3573.64788844,8.01185121,39.59521805,45.86229586,15.39843724,1736.12261483,19.43744539,4.28969533,63.69183898,18.2261932,1607.89028486,36.62700486,10.37033662,136.76589029,1.69249604,0.38497098,1.0,3.65989744,4.07906904,55.36893266,281.19034753,3.76193578,8014.50228223,3.64,4.55000221,103.42126747,82.45517641,1424.77259598,3.75,8.35439309,14.47366751,600.62812741,9.7131793,1.29690546,0.7516501,22.78997149,571.80406228,36.7982499,,21.97951091,13002.1555084,18.2261932,32.9580302,10.3452671,3.50633522,3.00727904,2.37231897,38.73811452,6.78494768,30.26104383,2694.73426047,41.75643753,3661.36275071,42.03690797,12893.2249457,92.87765479,26035.56907326,121.01522926,2.77852793,583.04357743,2.70247401,583.04357743,106.06732743,244.59605409,18.2261932,27.83366519,26.88037332
2025-05-11,3.6725,70.25057488,87.35193785,389.04112056,1.79700489,911.92238474,1125.00320895,1.55912839,1.79,1.7,1.73802787,2.0,121.74469158,1.73802787,0.376,2926.46784618,1.0,1.29803196,6.93494029,5.64638255,1.0,85.39134743,13.58166497,3.275,2.01779847,1.39413148,2847.23075316,0.83167559,936.63283688,7.23640535,4234.05498385,509.46643181,23.992387,97.99028188,22.18190204,178.40290698,6.63107123,58.79949817,133.6856599,50.60892798,15.0,132.92675004,0.88863954,2.29149782,0.75159837,0.75159837,2.74511371,13.10271147,0.75159837,71.49931433,8682.14441921,7.68250527,208.98290117,7.77891061,25.86925729,133.08221251,359.22148184,16510.98057776,3.55540586,85.39134743,1310.27847084,42002.58518922,130.44830089,159.28771282,0.709,145.43108681,129.38395925,87.47648125,3998.96538029,437.1819942,900.00000001,1395.25857858,0.30770031,0.82000398,515.86136171,21626.31054255,90206.15218829,298.76467325,199.17214414,18.20047372,5.48052582,9.25235099,17.11005675,4480.55774444,54.67998455,2099.72292988,3573.62770324,8.01227793,39.83219276,45.510193,15.4599638,1733.39755577,19.44508778,4.29718916,63.67476778,18.20047372,1605.4434333,36.62431337,10.36968783,136.6901994,1.69230277,0.38500019,1.0,3.65430147,4.09750761,55.36949176,281.38655962,3.76044548,8011.46798175,3.64,4.54989581,103.42268157,82.50072169,1412.83479504,3.75,8.34378819,14.6733935,598.81356033,9.70988527,1.29803196,0.75159837,22.78997254,571.45832781,36.50517594,,21.79914436,13001.85518787,18.20047372,33.00289525,10.37903668,3.50999249,2.99902016,2.36968412,38.73774151,6.80273554,30.24341987,2683.3022488,41.59856399,3659.9101071,41.80312125,12907.41015513,92.60430338,25957.0853432,121.00338823,2.7785248,582.9093256,2.70000006,582.9093256,106.04290433,244.43009832,18.20047372,26.53101925,26.88037332
2025-05-12,3.6725,70.21200841,87.32526213,388.2281743,1.79562602,919.08431792,1128.98263533,1.55672563,1.79,1.69999994,1.74217282,2.0,121.52534586,1.74217282,0.376,2972.43554486,1.0,1.2987601,6.91610862,5.65050165,1.0,84.96747214,13.58061624,3.27499944,2.01174982,1.39367599,2899.99905682,0.83445196,934.00426292,7.22856714,4242.74714239,507.50509079,24.00837901,98.22397466,22.20604233,177.95548816,6.64564628,58.81048003,133.07784115,50.67365214,15.0,134.3681228,0.89075882,2.26880096,0.75310784,0.75310784,2.74175317,13.15085267,0.75310784,72.1058781,8659.01483446,7.69571284,209.2109525,7.77742951,25.95789508,130.6593821,359.89207489,16543.75398388,3.53994852,84.96747214,1309.71259736,42102.36335761,130.84736952,158.75813674,0.709,146.11858687,129.19605826,87.47888275,4000.98362158,438.22461059,900.00123619,1400.71493929,0.30698954,0.83147863,516.03173896,21619.11713676,90505.92425773,299.3079789,199.92074339,18.21293887,5.46990955,9.24178683,17.20685725,4481.92621831,54.65185929,2099.34015119,3575.89115261,8.0107524,39.73445377,45.77145502,15.43795798,1734.53126604,19.45792876,4.29804425,63.84544295,18.21293887,1607.70834273,36.78332097,10.36892015,136.01168103,1.68795669,0.38494382,1.0,3.63777509,4.06018761,55.39234475,281.41678748,3.7691377,7995.01018252,3.64,4.55922569,104.13519781,83.53575565,1426.90884997,3.75,8.49984234,14.26218653,600.51044884,9.72152316,1.2987601,0.75310784,22.78997254,572.2940809,36.66449603,,22.01879022,13001.85518787,18.21293887,33.04008774,10.34525692,3.50904064,3.00218566,2.40839951,38.75319926,6.78845765,30.25386958,2696.00178955,41.55606161,3661.71323495,41.78097318,12858.03795794,92.71471776,25972.26306256,121.04527219,2.7785248,584.29948078,2.70685784,584.29948078,106.29580145,244.59644139,18.21293887,26.7099881,26.85659595
2025-05-13,3.6725,70.11238364,88.40305031,386.84427179,1.79479307,922.10015182,1130.45804969,1.56935365,1.79,1.70000022,1.76085936,2.0,121.31519934,1.76085936,0.376,2970.09719364,1.0,1.30386249,6.91435485,5.67291659,1.0,84.9255102,13.59433031,3.27203853,2.00572324,1.39796504,2899.99568006,0.84362168,946.30872671,7.18858055,4226.54861015,507.66796201,23.98401568,99.27752504,22.49315167,177.87405376,6.71658463,58.7409106,133.67402054,50.50322098,15.0,134.37005645,0.9003131,2.28051741,0.75844221,0.75844221,2.74195981,12.90946001,0.75844221,72.10272936,8663.82987278,7.69032381,208.74255006,7.79079352,25.95743184,130.60174311,364.68909874,16632.98275661,3.57106323,84.9255102,1308.69996482,42100.38897341,132.08223657,158.67887808,0.709,147.84285305,129.11407184,87.47810373,3998.62581534,442.92500787,899.96398626,1409.32472524,0.30744349,0.83072744,511.60230514,21596.03223421,89857.66315646,298.79034509,199.87173965,18.27036916,5.46819752,9.33129242,17.20577157,4504.43817385,55.45279614,2099.43414423,3573.40396583,8.02451732,39.60340772,45.78902624,15.4377156,1731.98515873,19.63057556,4.33421617,63.8807975,18.27036916,1601.83626119,36.76654283,10.44338855,135.94451045,1.70755593,0.38497054,1.0,3.65052256,4.14990068,55.70410149,281.27530258,3.81820316,7995.7234395,3.64,4.59507348,105.54329266,80.93511932,1426.75456106,3.75,8.50435355,14.23752584,600.49672741,9.80524938,1.30386249,0.75844221,22.78996843,572.01025587,36.55426143,,22.105184,13001.90264521,18.27036916,33.4124945,10.399848,3.49782162,3.03585031,2.40823935,38.80084604,6.78550058,30.3028935,2695.3171954,41.51457751,3657.62058599,41.70354179,12902.54922489,92.94541034,25941.68422547,120.12563338,2.77852557,590.56667717,2.70663907,590.56667717,107.43593025,244.59442124,18.27036916,26.48633998,26.87267402
2025-05-14,3.6725,69.90921976,87.86306115,386.82373306,1.79470062,920.41053561,1125.07795609,1.54171633,1.79,1.69999986,1.74802061,2.0,121.44315329,1.74802061,0.376,2971.40888084,1.0,1.3017796,6.9120521,5.60827656,1.0,85.09087427,13.61512264,3.27501684,2.01261892,1.39351172,2902.33043963,0.83868611,940.41973772,7.21361702,4212.60009137,507.75148878,23.98351505,98.55367422,22.27559481,178.0347178,6.66719725,58.84039048,133.46282101,50.45751636,15.0,134.36134716,0.89374875,2.26103574,0.7513488,0.7513488,2.74028472,12.60564238,0.7513488,72.10290814,8654.65278303,7.68478114,209.12289973,7.80196875,25.92932903,130.60502194,360.94081749,16579.9941994,3.55998597,85.09087427,1309.61173426,42096.00017826,130.22411531,158.68449801,0.709,147.15900314,129.35945052,87.4734468,4010.54323349,439.69555963,899.97696555,1413.73895533,0.30730519,0.83161305,508.66454941,21612.2241395,89984.95702962,298.76872889,199.92479607,18.30749467,5.49982952,9.29840364,17.20698028,4485.92291682,55.01926415,2099.21713799,3576.37165536,8.03602782,39.62313491,46.41529437,15.43781219,1734.75959561,19.41941375,4.31104927,63.88676627,18.30749467,1602.04867297,36.75930293,10.35876713,136.20921699,1.68163723,0.3849956,1.0,3.66360401,4.08404309,55.74060791,281.61577191,3.78715077,7985.33939243,3.64,4.56196704,104.77586289,79.92044717,1424.80180462,3.75,8.50187114,14.4162377,600.45586756,9.72223924,1.3017796,0.7513488,22.79511579,570.60296902,36.60143923,,22.10819383,13001.89107904,18.30749467,33.30685867,10.3655928,3.50690373,3.02214439,2.40703357,38.79570183,6.77576328,30.38072757,2689.11511463,41.54626948,3660.16302553,41.77586648,12929.78779333,93.20240701,25931.96309456,120.25037516,2.76550016,586.26074617,2.70736974,586.26074617,106.65259499,244.5906457,18.30749467,26.61861137,26.8697927
2025-05-15,3.6725,70.39630346,87.8896191,388.06992027,1.79529377,917.3722942,1131.54563386,1.55153071,1.79,1.69999982,1.74697783,2.0,121.51855894,1.74697783,0.376,2965.43188137,1.0,1.29932151,6.91314049,5.63729416,1.0,85.40437498,13.5939217,3.27498859,2.01068802,1.39676217,2900.97047652,0.83964437,941.04860304,7.21433196,4198.83085312,507.29127299,23.98288272,98.49488204,22.27154929,177.85714699,6.66480607,58.79678219,133.14031105,50.39308112,15.0,134.3700503,0.89321558,2.26718346,0.75303002,0.75303002,2.74050633,12.42943726,0.75303002,72.16426912,8661.85829013,7.68353191,209.43405639,7.80877462,25.91522974,130.68936508,360.21897125,16558.29523173,3.55014252,85.40437498,1309.98208612,42077.01993964,129.61137946,158.70338457,0.709,146.25622309,129.28669302,87.47606239,4013.61711704,439.43325931,900.01272261,1401.52883247,0.30746763,0.83137982,508.3231279,21668.07345677,90004.73885805,298.83019888,199.98101701,18.2430426,5.49078903,9.29338506,17.21193248,4483.56965423,55.00314926,2099.56766438,3572.77852672,8.04303786,39.65160262,45.97594546,15.44753591,1735.28426432,19.38235355,4.29060149,63.8735213,18.2430426,1600.18127964,36.75226583,10.38567152,136.71105325,1.69320274,0.38498275,1.0,3.6736976,4.08280515,55.79217492,281.66907224,3.78042674,7980.71139533,3.64,4.5576283,104.69187434,80.37670332,1425.56916957,3.75,8.4849908,14.56288915,600.39294182,9.73419796,1.29932151,0.75303002,22.78003501,572.44148125,36.36788369,,22.12690961,13001.89025913,18.2430426,33.41053869,10.37933486,3.4983079,3.01910787,2.40158066,38.80598906,6.78693302,30.1913863,2696.33584516,41.50542931,3654.03063634,41.66333185,12936.74770756,93.67927778,25923.27864528,120.2818536,2.77426935,585.91101241,2.70727345,585.91101241,106.5889714,244.48451443,18.2430426,26.62283837,26.87553779
2025-05-16,3.6725,70.10767424,87.79029602,385.41699158,1.79534251,921.89986907,1137.99837968,1.56124798,1.79,1.69999988,1.74591695,2.0,121.50176075,1.74591695,0.376,2966.21607017,1.0,1.29633958,6.91247307,5.68117845,1.0,85.45207665,13.56174519,3.2749995,2.01052701,1.39536,2902.19053117,0.83341327,939.29749253,7.20104514,4201.44201129,506.85310528,23.96388665,98.43506952,22.26241614,177.93164394,6.65957086,58.89549316,133.21389404,50.15253812,15.0,134.34198001,0.89267316,2.27496549,0.75113446,0.75113446,2.74036499,12.40724583,0.75113446,72.30410229,8658.58860562,7.68029403,209.32563251,7.80827388,25.96660438,130.68650391,359.3611815,16475.28617017,3.55437821,85.45207665,1310.26111742,42028.8246909,129.17686369,158.69953178,0.709,145.23049174,129.32327753,87.47781981,4009.65548759,439.16640675,899.9942517,1396.61540297,0.30737871,0.82926933,510.47854777,21620.89632455,89961.06353731,298.73468837,199.92589598,18.02513613,5.5199214,9.28344253,17.20852344,4482.35907044,54.98751243,2099.56514644,3583.9397192,8.04252209,39.63562326,45.95876393,15.4509485,1735.37502296,19.5037414,4.26670859,63.88261665,18.02513613,1601.42036206,36.78134518,10.40824147,136.78741169,1.70304604,0.38497911,1.0,3.68583849,4.08879478,55.60098719,281.60418412,3.79249217,7984.2049813,3.64,4.55823071,104.64661852,80.10993307,1422.0596845,3.75,8.44581064,14.22353544,600.43777273,9.71752029,1.29633958,0.75113446,22.7800449,572.41482679,36.32686058,,22.11398006,13001.82168279,18.02513613,33.13693937,10.36320529,3.49932746,3.0157643,2.39209204,38.8430263,6.78279309,30.11036102,2696.93222311,41.49372114,3652.22130345,41.60670306,12987.60512274,9411.69170293,25934.14748955,121.0598319,2.77928263,585.55520899,2.70645868,585.55520899,106.52424361,244.39509975,18.02513613,26.64842715,26.87648774
2025-05-17,3.6725,70.47545465,87.74951344,386.33839114,1.7966975,913.57744586,1141.80148856,1.5613749,1.79,1.7,1.75230996,2.0,121.5932286,1.75230996,0.376,2940.9189403,1.0,1.30139138,6.90675727,5.66429763,1.0,85.56621066,13.54106593,3.27605164,2.01440019,1.39649679,2883.66119981,0.83758083,944.37541168,7.21009122,4186.16451621,507.01362745,23.98603605,98.79550861,22.30594526,178.46185477,6.68354501,58.89127117,133.37782572,50.10048914,15.0,134.36890597,0.89594186,2.27420774,0.753009,0.753009,2.74172124,12.40502245,0.753009,71.95415601,8664.06589491,7.67801116,209.11303484,7.81439821,25.99420636,130.65702204,360.89121584,16488.81225449,3.55440991,85.56621066,1310.53459362,42003.71674648,130.71941136,158.94890989,0.709,145.63943665,129.19399808,87.45694165,4016.34664535,440.77449969,900.0147357,1396.88437267,0.30739474,0.82062705,509.84588082,21630.70734218,91189.55337815,299.05710629,199.88611526,18.04145911,5.50995877,9.30799264,17.20438397,4522.00091228,55.18053407,2099.50184798,3574.08739076,8.04883015,39.62867172,46.0923469,15.45816001,1735.56375238,19.46737164,4.29539636,63.63962684,18.04145911,1597.13772402,36.81364754,10.38644083,136.97011172,1.70010815,0.38496054,1.0,3.67024221,4.07418264,55.80440899,281.67540914,3.82642769,7991.02199438,3.64,4.56979437,104.83455197,80.99735815,1422.9200301,3.75,8.35125406,14.50909744,600.69877638,9.77869139,1.30139138,0.753009,22.7800345,572.15444312,36.5017457,,22.19857679,13002.13596154,18.04145911,33.33843104,10.32499676,3.50150423,3.01699572,2.37496589,38.79378479,6.78023301,30.21686816,2694.91656289,41.50553491,3654.45024595,41.77153409,12944.83575938,94.57566966,25815.78984344,121.12275802,2.7785248,587.69933293,2.70246701,587.69933293,106.91430279,244.2944493,18.04145911,26.59740627,26.90218351
2025-05-18,3.6725,70.18446617,87.93639254,386.33112608,1.79700592,911.93911659,1141.99538013,1.55978841,1.79,1.7,1.75195685,2.0,122.02195646,1.75195685,0.376,2929.59158504,1.0,1.3002902,6.9249938,5.66405357,1.0,85.58753113,13.5412153,3.27500366,2.01769487,1.39680281,2850.17695585,0.83767751,944.35958156,7.20893793,4193.13404959,506.59487732,23.96107428,98.77559978,22.31923386,178.86157661,6.68283305,58.77734713,134.11792722,50.12762505,15.0,132.55353595,0.89576131,2.28965606,0.75301039,0.75301039,2.74150003,12.30273019,0.75301039,71.99818754,8684.64006983,7.67161403,208.98423349,7.8141026,25.91947778,133.00365741,360.84581948,16490.3601326,3.55329619,85.58753113,1310.36199535,42002.62358263,130.94113711,158.93528986,0.709,145.64223561,129.39971354,87.4503053,3998.76783402,440.68567676,900.00000051,1398.70537306,0.30820242,0.82000492,509.4315349,21650.91968502,90349.33498206,299.05743491,199.12964228,18.04695771,5.51709752,9.30231598,17.32909159,4528.43807904,54.86806369,2099.8526032,3573.04797024,8.04852568,39.88017869,46.01051754,15.45999382,1733.33690801,19.47110036,4.29557126,63.7571155,18.04695771,1596.93310669,36.62447032,10.38204474,137.00424046,1.70031892,0.38500022,1.0,3.68868419,4.06803677,55.80539003,281.54323106,3.82344657,8003.14922884,3.64,4.57920486,104.8372575,80.9961379,1412.76296737,3.75,8.34029351,14.70501772,598.97226843,9.78060486,1.3002902,0.75301039,22.78004852,571.47446206,36.61434818,,21.89918402,13001.92503738,18.04695771,33.19730001,10.34973922,3.50458508,3.00850882,2.37301687,38.84612676,6.78334395,30.24343817,2682.68285688,41.56760704,3655.90363039,41.82253909,12963.20573793,94.09634892,25922.10898767,121.122419,2.77852011,587.58090235,2.70000021,587.58090235,106.89275789,244.20055909,18.04695771,26.90231891,26.90218351
2025-05-19,3.6725,70.15208037,87.96826134,386.94773993,1.79067687,921.37116129,1142.14477739,1.56146782,1.79,1.70000014,1.75002885,2.0,121.48532712,1.75002885,0.376,2974.92622925,1.0,1.2987669,6.91412797,5.66471328,1.0,85.54753899,13.53394506,3.27504147,2.01508719,1.39708157,2901.02433695,0.83643258,943.88663191,7.2134563,4197.68983604,505.78142817,23.98685071,98.66689914,22.25951444,178.13581578,6.67633527,58.90503176,133.24666306,50.08462044,15.0,135.16879365,0.89477554,2.28181925,0.75220276,0.75220276,2.73928859,12.3278722,0.75220276,72.43581621,8669.93454347,7.67975128,209.09948375,7.81957587,26.02954697,131.17167912,360.41312886,16474.16557568,3.55259527,85.54753899,1310.02730437,42088.21340111,130.55479791,159.54651753,0.709,145.15811094,129.55111975,87.47509394,4023.53999448,440.20071073,899.98466752,1399.16726107,0.30746221,0.8291422,510.13704136,21636.0645097,90171.24389901,299.09397319,200.0799689,18.06137261,5.52377441,9.30315728,17.21274251,4493.60721246,54.99499788,2098.4449339,3576.68618318,8.05416315,39.76208077,46.0899224,15.45957676,1734.0416937,19.45321529,4.31026348,63.88915111,18.06137261,1604.53221713,36.79097329,10.40057006,136.94022304,1.69793296,0.38496591,1.0,3.69343175,4.15475278,55.7833069,281.67232043,3.83306125,7998.8338809,3.64,4.51541045,105.01888382,81.02798229,1423.9736167,3.75,8.50520581,14.57170221,600.40590453,9.77790391,1.2987669,0.75220276,22.78003605,572.58498769,36.49154645,,22.15087477,13001.81574257,18.06137261,33.24159376,10.32570084,3.50739609,3.01084689,2.40535417,38.83330837,6.78899259,30.17674884,2696.59702887,41.57338975,3657.88533107,41.75521921,12930.41934927,94.22262643,25932.7841017,121.1317298,2.78088275,586.93428097,2.70647505,586.93428097,106.77512448,244.28190258,18.06137261,26.88082577,26.88288717
2025-05-20,3.6725,70.18568301,87.26185096,383.9174584,1.79835377,921.90687046,1138.43384293,1.5523342,1.79,1.70000001,1.74042503,2.0,121.72545793,1.74042503,0.376,2979.83345264,1.0,1.29520214,6.94188726,5.64740312,1.0,85.41911142,13.54202155,3.27544634,2.01482259,1.39662224,2890.99980844,0.8346546,940.20327317,7.218707,4172.37694736,506.65662944,24.04805666,98.12543432,22.13849675,178.23910224,6.63867305,59.05528914,132.9531245,50.04870921,15.0,135.1478559,0.88986519,2.26747442,0.74866108,0.74866108,2.73885163,12.27632411,0.74866108,72.38498042,8676.22291556,7.68549649,210.1140297,7.8232238,26.05853318,131.26006119,358.03296379,16427.63483995,3.5318357,85.41911142,1312.52119023,42095.00173434,129.83038669,159.85412794,0.709,144.91287486,129.50870069,87.47857559,4014.59272911,437.7849745,899.9795915,1393.00417157,0.30724461,0.83062578,511.92302804,21691.94215391,89996.1170729,300.38684764,200.18123699,18.09251432,5.53459417,9.25772079,17.48048191,4515.42247667,54.75505599,2099.23984312,3574.73236082,8.05792051,39.71017902,46.17311788,15.45955101,1738.64225176,19.32455071,4.28855083,63.88485891,18.09251432,1607.24618124,36.8423627,10.31097166,136.73464261,1.68933749,0.38495845,1.0,3.69553394,4.10024859,55.66387888,282.82807785,3.78268057,8004.54314469,3.64,4.49310326,104.34170424,80.60880693,1433.18013802,3.75,8.44608515,14.39962658,600.4981645,9.68706596,1.29520214,0.74866108,22.77493553,572.6798,36.51515384,,21.96395622,13001.83658808,18.09251432,33.18731491,10.32621582,3.50978311,3.00911244,2.39016221,38.83367762,6.79635916,30.19664632,2690.02979209,41.59033268,3660.40736758,41.89626663,12912.54574284,94.68499936,25954.26031875,121.30252545,2.76670209,583.71329933,2.70658692,583.71329933,106.18916328,244.29470947,18.09251432,27.04837314,26.95512363
2025-05-21,3.6725,69.8991229,86.79511312,383.47764159,1.7944699,922.39464393,1143.07937114,1.55397139,1.79,1.70000091,1.73118993,2.0,121.40074154,1.73118993,0.376,2969.22236754,1.0,1.29371955,6.91377319,5.66845807,1.0,85.58400753,13.5290676,3.26894827,2.00456502,1.39075916,2903.99978049,0.82599863,942.57920593,7.21228814,4170.88709272,506.07826861,23.94618657,97.60475762,22.05033524,177.865292,6.60280437,58.84283325,132.77555721,49.90088526,15.0,134.75363354,0.88514335,2.2637076,0.74583117,0.74583117,2.73865982,12.09874066,0.74583117,72.61422254,8654.28476554,7.66848083,209.03537942,7.82856149,25.99364989,130.58751627,356.33798507,16413.82603905,3.53408161,85.58400753,1307.58693733,42100.61582368,128.26475887,159.20710986,0.709,144.25863784,129.01586269,87.47447173,4000.8223257,435.46198419,900.02532742,1387.44779748,0.30694748,0.83057841,512.02078552,21540.68466303,89622.08693895,300.43678529,199.7542717,17.90998325,5.53079739,9.23092504,17.40420649,4493.47586524,54.50045904,2099.42972746,3574.21288276,8.06341833,39.50390342,45.95631214,15.45912391,1730.16733869,19.27002241,4.2780584,63.8806488,17.90998325,1596.26001627,36.75215164,10.23184813,136.99860006,1.6846097,0.38498717,1.0,3.68257974,4.15735873,55.60814759,281.8378982,3.7549843,7969.40775097,3.64,4.48899071,103.7904605,80.68801981,1421.3445628,3.75,8.50465873,14.20210586,600.47961884,9.62557006,1.29371955,0.74583117,22.79990884,570.49464723,36.64484235,,21.86844335,13001.85948569,17.90998325,32.81752829,10.25752534,3.50992518,2.99397306,2.40843193,38.82088234,6.78168684,30.12010166,2696.94258516,41.49578075,3653.57290598,41.70533519,12906.03464322,94.71179197,25965.58264538,121.30892794,2.6935316,580.61597892,2.70673874,580.61597892,105.62569854,243.95469533,17.90998325,27.01852072,26.88829371
2025-05-22,3.6725,69.91293059,86.51784667,382.31269171,1.79737146,920.2954241,1144.00782937,1.55502024,1.79,1.70002359,1.72489214,2.0,121.83440324,1.72489214,0.376,2975.44980808,1.0,1.28896797,6.91473323,5.6463761,1.0,85.58064707,13.47977192,3.27488986,2.01276092,1.3854976,2899.99779349,0.82428376,943.75915378,7.19752975,4173.15269343,507.93500031,24.00305144,97.24968725,21.95781676,178.06711092,6.5794852,58.96605826,132.41044004,49.90424323,15.0,134.57040052,0.88192335,2.26434907,0.74470593,0.74470593,2.73591901,11.87325421,0.74470593,72.36715414,8671.0333293,7.67867019,210.04022651,7.82561065,26.03122432,130.97429033,355.14074914,16334.94950349,3.5496138,85.58064707,1309.6382558,41938.27067855,127.37011948,159.14941544,0.709,143.29604247,129.47349346,87.47286464,4005.16075229,433.87784369,900.00131227,1376.50992352,0.30680076,0.8304375,509.92968207,21614.0113028,89988.56288547,299.94783278,199.96872422,17.9707355,5.49293777,9.22053223,17.34708981,4478.93740927,54.29392252,2099.43397012,3577.04668814,8.06037897,39.63918589,45.50220246,15.45940265,1734.89981878,19.37894548,4.25018438,63.881918,17.9707355,1593.05147428,36.80746658,10.16808947,136.9932208,1.68756037,0.38518693,1.0,3.68422102,4.10321956,55.61601833,282.05143111,3.74206588,7986.40915929,3.64,4.47322176,103.43306058,79.86024065,1424.09008524,3.75,8.45102946,14.41480408,600.49911007,9.56482449,1.28896797,0.74470593,22.79946823,568.74377486,36.70554165,,21.77538186,13001.57941921,17.9707355,32.62649811,10.27193914,3.49794427,2.99104018,2.39073093,38.8457597,6.79555544,29.95118224,2701.52118801,41.4803757,3652.32043513,41.69563141,12914.62591221,94.84782819,25964.3379657,121.31204549,2.76444774,578.50379159,2.70617504,578.50379159,105.24144928,243.87832001,17.9707355,27.18879718,26.91519202
2025-05-23,3.6725,69.85706008,86.64753694,382.2764711,1.79663461,915.14295501,1136.26034171,1.55541612,1.79,1.70000152,1.72816799,2.0,121.75083355,1.72816799,0.376,2971.53900983,1.0,1.29054574,6.90770647,5.71363775,1.0,85.9627932,13.50371269,3.27381119,2.01280949,1.38352964,2899.99547872,0.82666085,943.02314199,7.20098792,4177.58274719,508.36523769,23.96937457,97.43438023,21.99315045,177.98318103,6.59151296,58.96512509,132.5922727,49.89916088,15.0,134.57098707,0.88359826,2.26689806,0.74382907,0.74382907,2.73580306,11.6380264,0.74382907,72.37347805,8665.58471857,7.67394385,209.12616607,7.82974528,26.0184552,130.82866632,356.51894564,16317.52468973,3.58994602,85.9627932,1308.97031251,41965.77562926,127.9507065,158.9583435,0.709,143.61731345,129.21141688,87.47414326,4006.3872495,434.70184831,900.01256521,1376.71329822,0.3068456,0.83043218,506.92518987,21548.43880377,89991.73892293,299.31097454,199.94808499,17.96747627,5.47282466,9.22283878,17.36502733,4486.2336602,54.46249732,2099.22624969,3577.74947442,8.06463764,39.58607206,45.5127505,15.45938897,1733.56600381,19.30130685,4.2578924,63.88683838,17.96747627,1590.39469207,36.78542993,10.16435233,137.60494121,1.69140657,0.38497467,1.0,3.66760715,4.09877408,55.61190326,281.90826273,3.75572971,7980.94533221,3.64,4.47222185,103.62508937,79.71063574,1427.60716699,3.75,8.46143791,14.31054443,600.48421155,9.60978919,1.29054574,0.74382907,22.87499652,567.58351566,36.79471362,,21.81104669,13001.87488842,17.96747627,32.8089028,10.17294439,3.49628119,2.99374375,2.39505449,39.03123719,6.79357093,30.00271071,2697.26556425,41.49860026,3650.0853181,41.57753174,12945.89057384,94.87426467,25929.69753019,121.28701675,2.77380716,579.60246442,2.70689798,579.60246442,105.44131991,243.87379652,17.96747627,27.20356279,26.89581997
2025-05-24,3.6725,69.93547006,86.63009573,384.07908059,1.79720426,913.47733305,1131.62431981,1.53975186,1.79,1.7,1.72063761,2.0,121.81159818,1.72063761,0.376,2940.64948657,1.0,1.28450532,6.90835216,5.64690081,1.0,85.20413351,13.49522801,3.27138911,2.00812823,1.37299358,2880.46048,0.82129847,939.02159325,7.18160517,4149.0398683,507.7649,23.9838811,97.0098166,21.86644037,178.26988056,6.5645982,59.02688851,132.24510941,49.88434372,15.0,134.57220639,0.87974804,2.2519568,0.73855842,0.73855842,2.73710236,10.5203979,0.73855842,71.96775071,8672.74837352,7.67302384,209.52936694,7.83239729,25.95480168,130.87555742,355.29514344,16241.48323381,3.600373,85.20413351,1310.15762043,42080.67386396,127.64136306,158.93918949,0.709,142.61393905,129.23028993,87.45802138,4006.59617512,432.80766482,899.98755617,1364.79992572,0.30651459,0.82026073,511.74538692,21574.69769941,89993.31694666,299.40246992,199.97402651,17.8436202,5.46172464,9.20620545,17.31884568,4487.62545312,54.17687388,2098.74298172,3574.74561328,8.06736921,39.70004274,45.68784889,15.45750439,1734.20937033,19.2371075,4.23149887,63.6521792,17.8436202,1587.44330761,36.81076068,10.1109611,136.39051671,1.66970345,0.38493008,1.0,3.66971091,4.09576338,55.35931697,282.98110687,3.74689344,7991.75724154,3.64,4.44649556,103.53380032,79.47558834,1419.97044273,3.75,8.49979324,14.48579644,600.63513894,9.53243036,1.28450532,0.73855842,22.87496188,570.7908552,36.59739845,,21.64419311,13001.97347915,17.8436202,32.49899344,10.21501487,3.50154577,2.98429804,2.37186008,38.90063642,6.79407997,29.97257099,2695.36761362,41.51253249,3647.90451058,41.61665857,12912.71383952,94.91900579,25807.1595878,120.88742243,2.68963254,577.07688642,2.70247007,577.07688642,104.98186659,243.87435968,17.8436202,27.03429602,26.90004071
2025-05-25,3.6725,69.93899,86.6294881,384.06484707,1.79700587,911.9370907,1131.00426046,1.53978583,1.79,1.7,1.72030394,2.0,122.29736533,1.72030394,0.376,2929.66383728,1.0,1.28558253,6.93489857,5.6549036,1.0,85.11125593,13.49519694,3.27499984,2.01776344,1.37368965,2859.96089292,0.82108483,939.96075918,7.17980135,4162.14609371,509.11050747,23.80965476,96.99100424,21.85875612,178.39993532,6.56382584,59.03744005,132.61204446,49.90000157,15.0,134.57164178,0.87957744,2.25196877,0.74032451,0.74032451,2.7376,10.50269101,0.74032451,71.96726024,8679.32932336,7.66623806,209.59198795,7.83284836,25.95906604,132.78080742,355.30773135,16279.47929957,3.60512196,85.11125593,1310.21662762,42002.59789532,127.6415373,158.63499511,0.709,142.56488578,129.37933817,87.4501156,3998.6646357,432.7237338,899.99999991,1365.71405479,0.30739942,0.82000436,511.08657679,21636.64523686,89563.487513,299.40629677,199.04091524,17.84263183,5.46324425,9.19957368,17.28313499,4543.80543227,54.27960952,2099.87818208,3573.7539485,8.06783381,39.68250853,45.51023371,15.45999133,1733.35656335,19.24279868,4.23051108,63.78410278,17.84263183,1584.81470609,36.62447624,10.10885905,136.24184292,1.6705354,0.38489838,1.0,3.65830703,4.09500167,55.36584407,281.84438099,3.74633083,8000.54536228,3.64,4.44873145,103.53446659,79.51373793,1412.86731127,3.75,8.49979324,14.93050944,598.91763247,9.53277597,1.28558253,0.74032451,22.87496044,570.77402446,36.78941883,,21.65101363,13001.85102537,17.84263183,32.66367723,10.22012933,3.50153553,2.98150764,2.3685146,39.02519138,6.80600407,29.99041155,2680.66971574,41.5628213,3650.58315568,41.64232527,12904.99178169,94.78704693,25949.8553521,120.84355564,2.68960722,576.9649784,2.70000197,576.9649784,104.96150828,243.83015567,17.84263183,27.4800444,26.90004071
2025-05-26,3.6725,69.95731811,86.57052825,382.42868495,1.79685092,921.11784064,1130.53723048,1.53157307,1.79,1.70000528,1.7138512,2.0,121.42443411,1.7138512,0.376,2970.27099102,1.0,1.28145177,6.89019498,5.64719278,1.0,85.02809536,13.43287206,3.27004108,2.00383477,1.36961965,2899.99987993,0.82016316,940.81638026,7.17141903,4155.83535115,507.33621946,23.94175084,96.62719775,21.77042788,177.82964959,6.53742781,58.89504021,132.29235309,49.76547247,15.0,134.88585987,0.87627821,2.24732449,0.73624079,0.73624079,2.73479932,10.57493366,0.73624079,72.37399781,8657.88860391,7.664759,208.3249241,7.83371213,25.99515827,130.49887891,353.99048993,16182.25586762,3.5988984,85.02809536,1308.18044733,42122.98243484,127.05821046,158.48364509,0.709,142.36608781,128.91586368,87.47598958,3992.19797283,431.10061727,900.00986524,1362.67003964,0.30643371,0.82952878,510.54236017,21551.59214544,89723.00068739,298.34259412,199.72277014,17.80690967,5.44928321,9.20606323,17.28830069,4465.67135801,54.04764054,2099.39264803,3577.21348312,8.06872349,39.62253522,45.70836167,15.45934006,1729.6825401,19.19673808,4.20216245,63.88838507,17.80690967,1585.0210409,36.73860417,10.06779973,136.10872365,1.66021317,0.38473263,1.0,3.65092067,4.09091853,55.16088306,281.24962715,3.7300893,7947.8524598,3.64,4.43173689,102.98027298,79.68014879,1423.4789005,3.75,8.46462277,14.32815485,600.43830099,9.48385702,1.28145177,0.73624079,22.87495997,569.03674874,37.08513307,,21.6352935,13001.85518831,17.80690967,32.45634613,10.24565347,3.50759675,2.98341338,2.39164624,39.01815476,6.78906933,29.92435165,2696.72248841,41.49697178,3647.29870824,41.40161722,12902.05142632,94.96579396,25923.70878466,121.29558449,2.75369756,574.80082302,2.7061144,574.80082302,104.56780498,243.86702182,17.80690967,27.3553265,26.89745853
2025-05-27,3.6725,69.93732945,86.16778344,384.05720242,1.79955668,917.6524168,1143.48730248,1.54205547,1.79,1.70000318,1.71656498,2.0,121.86954649,1.71656498,0.376,2974.38665671,1.0,1.28359473,6.89799129,5.66856813,1.0,85.07599422,13.44347308,3.27289584,2.01203439,1.37332867,2899.98958594,0.81986975,940.38819319,7.18991288,4151.04141894,508.23653208,23.96612735,96.78020065,21.84009092,177.9573709,6.54560967,58.85191268,131.96904947,49.81179507,15.0,135.54203069,0.87766574,2.25207356,0.73680485,0.73680485,2.73495532,10.42921489,0.73680485,72.4113122,8656.58419757,7.66897097,209.24879093,7.83778865,26.02256022,130.60382736,354.27463935,16243.58445757,3.55814515,85.07599422,1308.90475892,42123.94938809,126.7483724,158.77249944,0.709,142.32570075,129.21179778,87.47732457,3991.1313952,431.78323714,899.98604508,1368.90310298,0.30635646,0.83143579,510.75022904,21572.22956872,89617.5677779,299.24721901,199.88289526,17.86313619,5.44297706,9.19303323,17.25333684,4534.82825612,54.04279725,2099.46320861,3577.43936358,8.07292231,39.58582366,45.40531673,15.45962777,1732.33705819,19.24174019,4.20437315,63.88492569,17.86313619,1581.63663157,36.77671137,10.09340832,136.18539774,1.66805072,0.38497811,1.0,3.65660218,4.11912653,55.3741221,281.83636352,3.72360904,7973.21552591,3.64,4.44680574,102.89909682,79.7797355,1429.59336067,3.75,8.50960553,14.22172698,600.49656962,9.51154658,1.28359473,0.73680485,22.87496025,569.72440723,36.65174712,,21.66640234,13001.85834193,17.86313619,32.58919011,10.12593638,3.50874442,2.97672951,2.40822323,39.00132292,6.79628845,29.86121215,2698.37161192,41.63004256,3647.61774127,41.56180841,12914.6435363,95.11950797,25923.71338916,121.09024245,2.75621774,575.71098285,2.70734111,575.71098285,104.73338132,243.87437498,17.86313619,27.55561381,26.89620743
2025-05-28,3.6725,69.6247247,86.7508074,383.2552417,1.80066914,916.01221913,1155.66536889,1.55551522,1.79,1.7014558,1.72814863,2.0,122.17246606,1.72814863,0.376,2969.9399742,1.0,1.28960309,6.91311945,5.63945643,1.0,85.39694409,13.45670922,3.27423711,2.0126486,1.38254592,2898.21692879,0.82788448,938.83435451,7.20004659,4112.99704929,508.09018109,23.99380508,97.43328874,22.01027601,178.03214755,6.58887932,58.97215812,132.13575735,49.80065389,15.0,135.95435449,0.88358836,2.263759,0.74117323,0.74117323,2.73368342,10.32512524,0.74117323,72.48116285,8666.11588238,7.67599847,209.61976868,7.84002561,26.02695794,131.02063734,356.83657478,16285.85109791,3.5348478,85.39694409,1309.8162769,42055.14116422,127.24489256,159.02562437,0.709,144.31243378,129.2326178,87.47938555,4000.80156967,434.69697864,899.99049229,1374.88895443,0.30675202,0.83226996,512.15238587,21566.41693031,89644.98299611,299.87376501,199.75556245,17.96094857,5.45056676,9.25154325,17.24901775,4555.5211675,54.20351397,2098.98079808,3576.96021145,8.07522638,39.68145516,45.30186144,15.4592856,1733.80028138,19.27053502,4.25071461,63.8091901,17.96094857,1585.03290324,36.81858827,10.17158938,136.69915825,1.68777752,0.38499181,1.0,3.64921402,4.16137175,55.60090846,282.37688253,3.75414379,7994.18345588,3.64,4.46575142,103.57781285,80.26050492,1417.60745694,3.75,8.50969796,14.56679984,600.24606,9.63539068,1.28960309,0.74117323,22.80740343,570.74005327,36.74561181,,21.77387401,13002.82865359,17.96094857,32.7213936,10.07934934,3.50675069,2.98735105,2.3908833,39.0739877,6.79468904,29.92770428,2695.93276995,41.6704222,3649.1872547,41.59939473,12915.69338601,95.20226108,25922.06889762,120.78803,2.7662937,579.59597152,2.70736937,579.59597152,105.44013873,243.84653431,17.96094857,27.02658981,26.90299181
2025-05-29,3.6725,68.95369442,87.28918068,383.15217122,1.80106143,918.63076035,1160.22785138,1.55779023,1.79,1.69999976,1.73823879,2.0,122.11358964,1.73823879,0.376,2976.58513665,1.0,1.29356136,6.90503307,5.68969606,1.0,85.48390149,13.45469104,3.27500995,2.01111889,1.3848187,2904.4710699,0.83233661,939.78682638,7.20217691,4125.79665059,508.76729539,23.96826926,98.00217397,22.16084785,178.01528048,6.62835906,58.99299367,132.36161539,49.79300219,15.0,135.75089971,0.88874738,2.26793003,0.7438273,0.7438273,2.73197825,10.30521675,0.7438273,72.37363394,8666.73135831,7.67595399,209.21226674,7.83653553,26.04052846,130.70906401,358.78836725,16346.3340031,3.5010859,85.48390149,1309.64866428,42021.93748187,128.15894485,159.08712605,0.709,145.79409005,129.25169002,87.47753065,3999.44930955,437.23505053,900.01885009,1382.27875868,0.30708774,0.82949552,511.33748738,21583.77145145,89793.80078881,299.51160194,199.99895952,17.95429024,5.45934681,9.28571574,17.27914333,4547.29338958,54.73732921,2099.22154961,3576.6381725,8.0716316,39.60237403,45.72931099,15.45944572,1733.65753685,19.38432434,4.24559458,63.87465861,17.95429024,1586.35774815,36.79158662,10.20415904,136.83835531,1.68387488,0.38480803,1.0,3.64098005,4.16133034,55.65460737,282.54638457,3.76550637,7977.83163345,3.64,4.48691333,104.19594246,79.81864491,1416.52502125,3.75,8.45412583,14.39998812,600.41367459,9.68532562,1.29356136,0.7438273,22.7852488,571.08905556,36.75531657,,21.84069059,13002.04160435,17.95429024,32.82423669,9.97853369,3.50686222,2.99895921,2.38847543,39.11983738,6.79077414,30.00015,2699.44171126,41.55969559,3642.57832623,41.56500737,12872.06891205,96.40210182,26039.73409995,120.8559748,2.76389265,582.98006737,2.70618013,582.98006737,106.05577367,243.86793489,17.95429024,26.66957762,26.90335409
2025-05-30,3.6725,69.73121069,86.67206603,383.49137036,1.80038647,919.22464955,1183.88619388,1.555476,1.79,1.69999857,1.7218373,2.0,122.19824949,1.7218373,0.376,2974.70726865,1.0,1.28751072,6.90871684,5.66636219,1.0,85.40190197,13.45445971,3.2748279,2.01213109,1.38172509,2901.13299305,0.82231774,938.41426834,7.18522377,4129.03384175,508.36451598,23.98966955,97.07745528,21.93716987,178.03481648,6.56759151,58.9954296,132.38635732,49.76129497,15.0,135.7731937,0.88036143,2.26085646,0.7415792,0.7415792,2.73228822,10.29555956,0.7415792,72.41280202,8661.60742238,7.67751095,209.25248645,7.84026599,26.04512884,130.9301972,355.38248213,16298.23349423,3.4971634,85.40190197,1309.87224821,42107.14875003,126.94888007,159.11837446,0.709,143.80472716,129.24600625,87.47134273,4000.54217942,433.10943368,900.03464702,1374.86493365,0.30699885,0.83129747,508.55447549,21602.1910717,89720.39484535,299.37938484,199.96014426,17.82681491,5.46777359,9.22549679,17.30188676,4549.84880487,54.13166748,2099.47545689,3577.18558457,8.07547396,39.64462251,45.91800411,15.45951557,1733.86693378,19.32684537,4.23043155,63.87303763,17.82681491,1590.12418449,36.79026178,10.13789702,136.70709457,1.67586275,0.38479685,1.0,3.62260139,4.1491046,55.60659673,282.01224156,3.73516937,7992.95625143,3.64,4.44764734,103.19231794,77.46033031,1417.4988918,3.75,8.50964472,14.40592852,600.24776796,9.56933792,1.28751072,0.7415792,22.79615381,570.78063621,36.8789114,,21.75456806,13002.68262965,17.82681491,32.55413462,9.98195365,3.50828423,2.98133391,2.39775148,39.25102697,6.79233991,29.823568,2687.69124354,41.54705883,3635.10799892,41.65152128,12838.39757914,96.67655678,26000.68881895,120.75605004,2.76714098,577.4792449,2.70706069,577.4792449,105.05506368,243.83290165,17.82681491,26.69279872,26.90498565
2025-05-31,3.6725,69.72877677,86.75909246,383.94341665,1.79701514,911.98721483,1183.54843156,1.55494848,1.79,1.7,1.72338849,2.0,122.15791369,1.72338849,0.376,2973.71093547,1.0,1.29025641,6.90047325,5.72930995,1.0,85.53964582,13.46151573,3.27499433,2.01447696,1.37671792,2866.62383599,0.82221108,945.40589649,7.19925409,4152.77650156,507.63304188,23.98221806,97.16491129,21.97033543,178.08436141,6.57384536,58.96352727,131.87964856,49.5363056,15.0,135.77098177,0.88115454,2.26024892,0.74327821,0.74327821,2.73399692,10.38425012,0.74327821,71.96631289,8651.00531841,7.67862728,209.09912922,7.84248627,26.0069493,130.67720877,355.80991567,16363.74555622,3.51336428,85.53964582,1308.99952848,42130.32422807,127.24758552,159.24995635,0.709,143.9996997,129.19771242,87.45238355,3998.17757355,433.4996172,900.00009729,1380.33197261,0.30685976,0.82149451,510.69053615,21583.54175601,90125.08146062,299.31465619,199.94190699,17.99454328,5.46468233,9.23112827,17.30518737,4565.78857757,54.19897893,2098.21857902,3574.92068112,8.07776086,39.55173494,45.75431687,15.45791845,1732.90931513,19.44231658,4.2565007,63.59504871,17.99454328,1587.39792957,36.76987799,10.21502396,136.92758805,1.67755272,0.38464665,1.0,3.64548759,4.10007317,55.78906462,281.96682774,3.74476651,7962.35958255,3.64,4.45859967,103.34246493,77.49857528,1414.50856144,3.75,8.49979583,14.5109127,600.61660761,9.5956602,1.29025641,0.74327821,22.79505753,569.99994874,36.77629713,,21.62569535,13001.79073222,17.99454328,32.7575405,9.95508691,3.50260016,2.97500316,2.3609334,39.19799734,6.79013678,29.9166555,2695.31612093,41.53136356,3635.99717174,41.57881806,12784.93348243,97.1225001,26016.30432406,120.28939705,2.76700848,577.9994896,2.70246265,577.9994896,105.14970663,243.86304282,17.99454328,27.03950867,26.91223778
2025-06-01,3.6725,69.41896266,86.82017467,383.94179252,1.79700489,911.95383491,1187.9991092,1.55456906,1.79,1.7,1.72360309,2.0,122.69483443,1.72360309,0.376,2930.86979744,1.0,1.29135794,6.93497243,5.73028096,1.0,85.53006922,13.46172118,3.275,2.01779826,1.37405623,2856.69007259,0.82226872,945.2054564,7.19905802,4149.26445414,507.93005713,23.99105043,97.17701085,21.95782277,178.40027222,6.57386499,58.99925167,132.88604419,49.75805955,15.0,135.77153967,0.88126427,2.26024896,0.74256646,0.74256646,2.73340001,10.23270629,0.74256646,71.96750518,8684.99201575,7.67705105,208.98231509,7.84083033,25.99341066,132.92193851,355.75681132,16289.8131249,3.51696167,85.53006922,1310.22165928,42002.57430125,127.24746378,159.05302405,0.709,144.04059088,129.36859216,87.45002198,4000.64008474,433.55359915,900.0,1382.76083867,0.30770061,0.82000387,510.64604259,21417.66613201,90033.80904104,299.31738269,198.70081969,17.97832883,5.47802541,9.21993237,17.27006582,4547.30831795,54.20997918,2099.45755146,3574.66205291,8.07605524,39.72185796,45.66000858,15.45999654,1733.46773703,19.42866978,4.25672702,63.71667253,17.97832883,1585.13891191,36.62445039,10.21235816,136.9122583,1.67839373,0.38489843,1.0,3.61939358,4.10001393,55.77963639,281.86541057,3.74503617,7996.32888607,3.64,4.45971077,103.34225893,77.51795711,1414.32789398,3.75,8.49979583,14.80520595,598.91558459,9.59062283,1.29135794,0.74256646,22.79506964,571.45639445,37.14931293,,21.60030087,13001.85316919,17.97832883,32.73045587,9.94729048,3.50018752,2.97633055,2.36070883,39.23376965,6.77362055,29.94263387,2677.16855591,41.64173498,3631.77072427,41.61890779,12768.79599122,96.61877752,26034.94327739,120.29175827,2.76700858,578.07146553,2.70000016,578.07146553,105.16280049,243.44077748,17.97832883,26.75113772,26.91223778
2025-06-02,3.6725,69.65020249,86.67269461,383.02515227,1.79754464,915.45709768,1180.57431989,1.54867458,1.79,1.70002363,1.720097,2.0,121.90263959,1.720097,0.376,2972.40051432,1.0,1.2893792,6.89187064,5.72249445,1.0,85.57300267,13.43597379,3.27094227,2.00828606,1.37183626,2904.46964117,0.8219168,938.68518993,7.19977234,4141.89913758,507.29675613,23.94399976,96.97933689,21.92304164,177.89385284,6.5597332,58.86864086,132.18664624,49.60697589,15.0,133.4278087,0.87947163,2.25728863,0.7412823,0.7412823,2.73214121,10.29808832,0.7412823,72.41312579,8657.46509996,7.67194962,208.45679776,7.8425564,26.02591867,130.46848943,355.31741178,16329.68201144,3.52659551,85.57300267,1307.67057723,42123.50320078,127.00099362,158.96150086,0.709,143.48923661,128.99743821,87.47655535,3995.56350424,432.67168012,900.0119957,1379.21346174,0.30687823,0.83107958,510.10619417,21536.64202794,89570.49527975,298.66532951,199.48975277,17.96286643,5.45829853,9.22660946,17.28167846,4555.78049173,54.14316886,2099.54739639,3574.4370009,8.07783309,39.45912646,45.744468,15.45945845,1729.21946004,19.41761126,4.25595601,63.8886258,17.96286643,1585.12794923,36.76348523,10.18088325,136.98098402,1.6673088,0.3847861,1.0,3.6093793,4.09717137,55.83672746,281.54392353,3.74734028,7961.71497141,3.64,4.44627359,103.17035442,78.45753035,1411.68540711,3.75,8.44911865,14.2665952,600.49700535,9.56287562,1.2893792,0.7412823,22.79507004,569.30880981,36.87671391,,21.71895882,13001.85518817,17.96286643,32.82891771,9.97002234,3.50954544,2.98224452,2.39061054,39.26616643,6.78422198,29.9669211,2694.299696,41.525123,3634.62452833,41.49113456,12854.64233785,96.73852773,25986.5538002,119.41638347,2.75753913,576.89557349,2.70730824,576.89557349,104.94888213,243.85680257,17.96286643,26.78867628,26.91223778
2025-06-03,3.6725,69.44275238,86.09091841,383.11178868,1.79849561,920.46232262,1180.67962848,1.54311796,1.79,1.69999985,1.71163817,2.0,122.03420559,1.71163817,0.376,2973.99996829,1.0,1.28680495,6.91046171,5.67505471,1.0,85.44468051,13.43539882,3.27188438,2.00561542,1.37249667,2903.58702337,0.81837769,939.63810794,7.20044777,4147.37392396,508.00952136,23.96890982,96.50242654,21.76147032,177.89623126,6.52878803,58.85263873,131.71929797,49.68613408,15.0,135.93105393,0.8751467,2.25012913,0.7389704,0.7389704,2.73096043,10.25374307,0.7389704,72.4044717,8669.51659887,7.67469392,208.72147362,7.84368198,26.03586551,130.73659114,352.82241063,16291.62353199,3.52099589,85.44468051,1308.23947134,42126.22849513,126.38093799,159.22324319,0.709,143.2042623,129.08167165,87.47377418,3996.61528737,430.54395261,899.97541237,1377.48554462,0.30657653,0.82795082,511.02531323,21545.882145,89702.47612541,298.98097582,199.37980613,17.85484587,5.44924211,9.19272032,17.24674377,4534.93963178,53.8008402,2099.56736476,3575.86395455,8.07899244,39.53635937,45.71643292,15.45967237,1731.47099157,19.21049171,4.24064112,63.88231879,17.85484587,1581.0564914,36.75743496,10.08833304,136.77557233,1.6559383,0.38484007,1.0,3.61571958,4.10067423,55.68040398,281.68617628,3.72543844,7982.27255237,3.64,4.430044,102.56597568,79.01905324,1428.71726732,3.75,8.44516689,14.66433957,600.34151152,9.53966389,1.28680495,0.7389704,22.79507004,569.36145984,36.8831556,,21.6165338,13001.855187,17.85484587,32.55673463,9.9722191,3.50724858,2.95924981,2.3804328,39.1932002,6.78229225,29.97700487,2684.79718273,41.65327656,3639.89756026,41.4727407,12798.72292494,97.21417929,26057.58296854,120.6179587,2.74660163,574.05860348,2.7057551,574.05860348,104.43278035,243.84941604,17.85484587,26.71422634,26.92189498
2025-06-04,3.6725,69.58177363,86.31173692,383.32427815,1.80260729,915.3337346,1184.24111095,1.54467331,1.79,1.7000002,1.71770709,2.0,122.26571353,1.71770709,0.376,2977.75607667,1.0,1.28863541,6.9121474,5.63907686,1.0,85.66432841,13.44857621,3.27586631,2.01226706,1.37099334,2904.49997964,0.82295112,940.72516505,7.18413411,4112.27375199,508.83315806,24.00640568,96.8445935,21.8503038,178.06109879,6.55061959,59.05043691,131.6960784,49.67708637,15.0,136.60811102,0.87824969,2.25530305,0.73874364,0.73874364,2.73094613,10.24452857,0.73874364,72.40557246,8673.06955746,7.68355272,209.50105232,7.84483768,26.05731011,130.9167677,354.38517665,16307.58989249,3.51921498,85.66432841,1310.56689832,42141.33332591,127.00170971,159.54696961,0.709,143.74717023,129.28528532,87.47660591,4009.00576124,432.07052477,900.00871586,1373.44943628,0.30670418,0.83182526,512.85599183,21621.07278733,90140.06955213,299.66873662,199.55767431,17.84574588,5.45523528,9.20005687,17.24692952,4549.80328442,54.06641321,2099.43045423,3577.19531709,8.08018281,39.55152117,45.375533,15.45912019,1734.89760205,19.21796365,4.24199615,63.88428511,17.84574588,1582.61452503,36.80418804,10.13867463,137.12717371,1.66493866,0.38486788,1.0,3.62457673,4.16567327,55.75903454,282.82853643,3.75403281,8003.32980958,3.64,4.42338336,102.95275848,78.96235647,1431.89031204,3.75,8.44919536,14.47323741,600.49313981,9.60849658,1.28863541,0.73874364,22.79507005,571.13565531,36.86161617,,21.66005008,13001.8551929,17.84574588,32.57579643,9.90450278,3.50902751,2.95672015,2.38872563,39.1501303,6.78301379,29.99452903,2687.61824941,41.56490193,3642.01021087,41.75139837,12847.456433,97.29656997,26056.89490825,120.63289669,2.75293271,576.09403302,2.70729573,576.09403302,104.80306584,243.87106259,17.84574588,26.80773623,26.92485282
2025-06-05,3.6725,69.52266055,85.63579313,383.58779407,1.80094245,920.52777422,1185.08454911,1.53877338,1.79,1.70000024,1.71309376,2.0,122.14625745,1.71309376,0.376,2976.31695168,1.0,1.2858861,6.90619593,5.63381516,1.0,85.8854211,13.44237276,3.27500674,2.01119003,1.36781068,2904.49981277,0.81878404,938.33188641,7.18138574,4110.11963402,508.66421869,23.98305854,96.58449305,21.73338198,178.02049318,6.53388795,58.98820771,131.62895835,49.66227789,15.0,134.59365632,0.87589093,2.24783641,0.73814072,0.73814072,2.73092778,10.24899533,0.73814072,72.40593391,8669.24680015,7.6820411,209.51928045,7.84556795,26.06415618,130.75520735,353.09363367,16286.91505945,3.48641698,85.8854211,1309.71757619,42168.47749566,126.66067509,159.39842694,0.709,142.91998925,129.29933817,87.47773892,4018.92200087,430.91009097,899.94777878,1356.28515241,0.30637205,0.83155084,510.03328194,21594.06773745,89727.60166803,299.15711613,199.17977476,17.83203542,5.45454239,9.1715026,17.25711648,4536.76600944,53.85253986,2099.52286256,3575.38159922,8.08093499,39.55657031,45.78957783,15.45977485,1733.54018886,19.19860066,4.23899712,63.88449922,17.83203542,1579.08781916,36.78955694,10.10755273,137.48108783,1.65758829,0.38488614,1.0,3.62642379,4.11188913,55.62043584,282.28248018,3.74868135,7987.38241075,3.64,4.4145877,102.66825487,79.25475072,1420.26016695,3.75,8.50952851,14.52081768,600.53677597,9.58577084,1.2858861,0.73814072,22.77010821,570.79129447,36.76545492,,21.6583247,13001.82057867,17.83203542,32.55594091,9.89549792,3.49993884,2.95097985,2.40838702,39.3292249,6.77154255,29.8753393,2680.36495226,41.53773692,3640.29490825,41.61909512,12834.57264607,97.31866775,26087.92005926,120.6378122,2.75008235,574.54678796,2.70732429,574.54678796,104.52159091,243.86039843,17.83203542,26.10344275,26.93184051
2025-06-06,3.6725,69.53145849,85.71902532,383.31776055,1.80087031,920.42272154,1187.50862074,1.5373925,1.79,1.69994922,1.70916429,2.0,122.23789634,1.70916429,0.376,2965.47501861,1.0,1.28653597,6.91040252,5.58536041,1.0,85.86377701,13.38330622,3.27472552,2.01152511,1.36641369,2902.27122753,0.82044288,930.65916362,7.18057613,4108.20575183,509.36300809,23.97926159,96.36294881,21.67689555,178.04659841,6.51925298,59.18739925,131.48655116,49.6392043,15.0,134.59843248,0.87388182,2.25077313,0.73666823,0.73666823,2.72868968,10.24309203,0.73666823,71.75454861,8666.22331251,7.68299335,209.53195284,7.84581802,26.05969148,131.11495476,352.53883184,16257.77174522,3.4880575,85.86377701,1308.98403903,42098.62564217,126.18826863,159.38856582,0.709,143.70883905,129.36672746,87.47552645,4020.52799478,429.92167509,900.00741139,1357.17631832,0.30669827,0.83103472,510.2187175,21569.45767745,89730.9461711,299.17597199,199.39804429,17.74699508,5.43982603,9.1466327,17.25399717,4501.2884403,53.74368296,2099.53414493,3578.30474506,8.08119256,39.63226553,45.4549927,15.44755899,1734.11609681,19.16039979,4.22992763,63.86572642,17.74699508,1562.34029154,36.79926225,10.07423217,137.44644104,1.6547665,0.38490607,1.0,3.62548967,4.10539395,55.6771951,282.36286712,3.74137343,7992.75702993,3.64,4.41256677,102.39505793,77.88803608,1416.69795099,3.75,8.51016753,14.45787977,600.33498266,9.57453035,1.28653597,0.73666823,22.76977424,566.82237418,36.73990147,,21.64383967,13001.94987928,17.74699508,32.65658776,9.89090289,3.50952615,2.94651936,2.39859481,39.2889063,6.76717892,29.92662282,2664.7053773,41.46269111,3627.78655734,41.56156632,12816.61134351,98.27849004,26079.05975191,120.22921388,2.748006,573.22890012,2.70714186,573.22890012,104.28184066,243.57739472,17.74699508,26.33278908,26.94144335
2025-06-07,3.6725,69.69181179,85.8220069,383.34099569,1.79701313,911.84497914,1180.61083686,1.54034972,1.79,1.7,1.7158439,2.0,122.21377391,1.7158439,0.376,2941.77137541,1.0,1.28785118,6.90459624,5.56131468,1.0,85.77520492,13.41398943,3.27499743,2.00838653,1.3692406,2873.37428486,0.8220251,934.41488819,7.19093166,4125.52258728,510.06548471,23.98272216,96.7395461,21.74986139,178.39803146,6.54450104,59.18685434,131.48078812,49.43742579,15.0,134.37047524,0.87729705,2.25043832,0.73930932,0.73930932,2.73158576,10.18272557,0.73930932,70.93846712,8651.86120229,7.68453754,209.70423891,7.84689768,26.08127374,131.03288445,354.19349089,16319.67254546,3.50047497,85.77520492,1310.32706491,42023.77483006,126.36739136,159.53371785,0.709,144.88176859,129.39244917,87.4703028,4021.89423367,431.60185756,900.00192499,1360.17158467,0.30605716,0.82002042,510.101069,21565.99387133,89994.49687708,299.0485503,199.3643424,17.77436078,5.45997374,9.16807729,17.23840155,4490.92355895,53.97387759,2098.23301474,3582.2297965,8.08230461,39.64324881,45.66878672,15.40881775,1735.21626193,19.10998874,4.22801039,63.57417001,17.77436078,1557.15023792,36.79816777,10.1137477,137.30465927,1.66249951,0.38480292,1.0,3.64932055,4.09718068,55.90751356,282.14273669,3.76192633,7995.44477732,3.64,4.42673878,102.86657191,78.55886119,1418.98759783,3.75,8.34792507,14.48374897,600.67766624,9.64394612,1.28785118,0.73930932,21.91013045,567.70079759,37.00166799,,21.69406117,13001.99787526,17.77436078,32.69090246,9.88499239,3.50584098,2.94534414,2.35191451,39.21779096,6.76220399,29.93348305,2645.80769786,41.46664633,3630.91186358,41.57197335,12797.29853477,98.90969001,25861.23921685,119.5321878,2.74797863,575.46914341,2.7024689,575.46914341,104.68938587,243.59520474,17.77436078,26.62832504,26.95200715
2025-06-08,3.6725,69.84029951,86.23636224,383.41309187,1.79700665,911.8933499,1184.49426244,1.54132714,1.79,1.7,1.71691648,2.0,122.5760217,1.71691648,0.376,2931.84885632,1.0,1.28946925,6.92504983,5.56264502,1.0,85.76277324,13.41385373,3.27500567,2.017697,1.36950269,2864.85090646,0.82341736,934.54800222,7.1885757,4115.0194324,510.82374822,23.98960628,96.80001845,21.75428151,178.40547931,6.54546399,58.95901873,132.19034183,49.6243299,15.0,134.07303209,0.87784546,2.26171866,0.73846167,0.73846167,2.73150004,10.1826865,0.73846167,71.47939865,8691.31151516,7.68311247,210.17948328,7.84686885,26.04722073,133.227911,353.87048094,16285.857109,3.50439795,85.76277324,1310.36793284,42002.59905873,126.34620909,159.35750734,0.709,144.90520212,129.36369466,87.4703028,4001.54390704,431.8716539,900.00000013,1360.20282256,0.30770102,0.82000378,510.04138267,21349.53658842,90384.34777682,299.04687773,198.91987271,17.78832109,5.46383324,9.16425277,17.18020235,4483.5967013,53.74083082,2100.00614761,3579.80065625,8.08227492,39.69606757,45.5102495,15.45981604,1733.32174088,19.11609791,4.22806393,63.66543596,17.78832109,1554.92805875,36.62445396,10.11521284,137.28475927,1.6626243,0.3850465,1.0,3.64845693,4.1073156,55.80115066,282.07546669,3.76193004,7994.69854938,3.64,4.42519798,102.86671514,78.85600416,1416.07310834,3.75,8.34722148,14.92979506,598.91718865,9.64328842,1.28946925,0.73846167,21.91007967,571.41505514,36.8603967,,21.54961937,13001.95399025,17.78832109,32.74030297,9.88519558,3.50073709,2.9404902,2.35180961,39.21625066,6.73257594,29.96515332,2621.1190424,41.56030747,3641.39695834,41.52864339,12828.30306035,98.27396637,26049.86054922,119.5310359,2.74797863,575.82887187,2.70000038,575.82887187,104.7548277,243.33059217,17.78832109,24.75169028,26.95200715
2025-06-09,3.6725,69.82773353,85.84147032,382.02456729,1.80217681,920.52868967,1186.98323683,1.5353421,1.79,1.70000005,1.71281274,2.0,122.40066871,1.71281274,0.376,2961.17894649,1.0,1.28730649,6.91951875,5.56205864,1.0,85.77337671,13.40426365,3.27506705,2.0145483,1.3682039,2899.91109911,0.82093739,933.71426118,7.18581852,4121.68728736,510.31529728,24.02667479,96.56864918,21.7154887,178.22966444,6.53319524,59.10718805,131.60217402,49.51795129,15.0,134.36730375,0.87574725,2.24868184,0.73769691,0.73769691,2.72967403,10.20873314,0.73769691,71.97408923,8675.63617611,7.68614555,209.93520623,7.84766762,26.08141927,131.80550689,353.09049856,16301.67337527,3.5000388,85.77337671,1311.87700051,42069.97435912,126.11253387,159.68584538,0.709,144.45972046,129.34346667,87.47065405,4017.31230917,430.83940382,900.02356233,1358.03117102,0.30659095,0.82941546,510.17273041,21543.05175093,89940.9111031,299.41042238,199.47046807,17.7593709,5.45596017,9.16292325,17.25481567,4503.66324931,53.9355747,2099.33621772,3578.02921324,8.08309765,39.61554151,45.40922484,15.44441987,1736.04250609,19.09293146,4.23596798,63.82569421,17.7593709,1559.24313126,36.80099336,10.08823518,137.30173277,1.65681472,0.38486504,1.0,3.64760763,4.16832895,55.82417411,282.26244482,3.7568597,7997.62805622,3.64,4.42046778,102.85588895,78.55896635,1417.07111391,3.75,8.44900914,14.82968908,599.80551206,9.62302241,1.28730649,0.73769691,21.91040836,567.17011394,36.71958083,,21.64462312,13002.05435663,17.7593709,32.78166501,9.8842535,3.49999985,2.94492677,2.38414528,39.21187087,6.77074754,29.96032827,2649.00227988,41.4922807,3627.09399458,41.58004244,12806.70752402,98.60659879,26041.98322168,119.97434823,2.74894422,574.45253842,2.70648427,574.45253842,104.50444503,243.5529538,17.7593709,24.89736069,26.94400174
2025-06-10,3.6725,69.82976413,86.1291509,382.2107789,1.80260469,917.78786796,1185.30844566,1.53763113,1.79,1.69999969,1.71715043,2.0,122.23611225,1.71715043,0.376,2976.5944255,1.0,1.28840623,6.91067585,5.56013503,1.0,85.64103153,13.37908824,3.27479309,2.01278173,1.37149214,2905.32783671,0.82401801,936.4057953,7.18490821,4140.29287444,508.82840242,24.01019298,96.8132087,21.76890676,177.99533567,6.54989389,59.35831294,131.60514461,49.64281717,15.0,136.23995171,0.87796507,2.24885373,0.73949964,0.73949964,2.72849993,10.32180342,0.73949964,72.11804097,8666.11057602,7.68566698,209.84833358,7.84791158,26.06529834,131.18769272,353.24030316,16285.36347978,3.48702485,85.64103153,1311.39750248,42107.44030645,126.42226864,159.69382952,0.709,145.19145283,129.33057279,87.47878021,4031.80488681,431.93050201,899.91982493,1360.2554208,0.30612824,0.83142891,509.32623494,21613.13002384,90157.79862345,299.11167555,199.08624725,17.74981129,5.45012991,9.16551367,17.25582256,4493.14677598,53.92418278,2099.35098236,3578.03475873,8.08334892,39.66172355,45.72825313,15.44145827,1736.13315158,19.06498609,4.23384697,63.88241914,17.74981129,1557.95525929,36.80137155,10.08944187,137.08988121,1.65854442,0.38474415,1.0,3.63364443,4.16942023,55.77123919,282.2326759,3.75092205,7979.86220254,3.64,4.42738133,102.90049529,79.04318593,1439.05263812,3.75,8.50891055,14.58151095,600.4653564,9.61879005,1.28840623,0.73949964,21.90897188,571.35984404,36.8098716,,21.6959393,13001.15909068,17.74981129,32.75333684,9.90945284,3.50986027,2.95558982,2.40686837,39.29895271,6.78231308,29.93512618,2638.21351585,41.52733611,3621.32791859,41.53850332,12756.21778001,98.98106201,26040.70723472,119.98680667,2.63774053,575.90733601,2.70678014,575.90733601,104.7691019,243.40259087,17.74981129,24.97097555,26.95699385
2025-06-11,3.6725,69.7946357,85.97689235,383.11207774,1.80210549,917.80761475,1187.64441529,1.53775004,1.79,1.69999732,1.71426777,2.0,122.18339194,1.71426777,0.376,2976.0949753,1.0,1.28748376,6.90765117,5.57397707,1.0,85.58696409,13.38518673,3.27501493,2.01292544,1.36789587,2905.39257139,0.82296871,938.52338908,7.18599318,4202.9016374,508.13811024,23.99680754,96.65068398,21.70668519,177.95037778,6.53818599,59.39159272,131.54104947,49.52776251,15.0,136.23655619,0.87649119,2.24887465,0.74204108,0.74204108,2.72784829,10.28011532,0.74204108,71.95908634,8664.07604772,7.68398289,209.80136934,7.84893185,26.06666626,131.12920296,351.50804593,16270.71637902,3.49294355,85.58696409,1310.67917456,42098.2897475,125.86970349,159.74004261,0.709,145.02681106,129.34588429,87.47441848,4039.90280761,431.2054007,899.95252755,1371.34025832,0.30637815,0.83148704,508.422725,21597.07681741,89854.00510069,299.01884688,199.07460132,17.71377283,5.43992513,9.16013242,17.24346156,4488.3684701,53.86224836,2099.49425632,3571.56004842,8.0843998,39.75315664,45.83254886,15.43777484,1734.55018334,19.0652186,4.23914467,63.87741235,17.71377283,1547.07657029,36.79883217,10.12512104,137.00333277,1.65706624,0.38491704,1.0,3.63226857,4.11172345,55.8557727,282.20951251,3.73034924,7970.52846148,3.64,4.41162892,102.73418046,78.39773627,1438.46362503,3.75,8.5086366,14.53895343,600.47384036,9.61225598,1.28748376,0.74204108,22.79513885,570.89297253,37.31286073,,21.6762285,13001.89476399,17.71377283,32.66182761,9.96865737,3.50894658,2.95633739,2.40752289,39.17899261,6.78298331,29.90832528,2631.49340858,41.52970028,3606.04883056,41.43419601,12697.39287168,99.26818213,25982.48354701,119.90261288,2.74650499,574.94053426,2.70680436,574.94053426,104.59322126,243.4064436,17.71377283,25.16906175,26.95977093
2025-06-12,3.6725,69.83412483,85.22777554,382.55560215,1.80246878,919.9642957,1182.05136743,1.54069775,1.79,1.69999946,1.69785576,2.0,122.05343988,1.69785576,0.376,2969.02091909,1.0,1.28296903,6.91172777,5.53703604,1.0,85.45712497,13.39506977,3.26720722,2.00786446,1.36670305,2904.85705827,0.81669906,934.3740463,7.18700411,4180.79084493,506.97580222,23.98447796,95.72537201,21.51437451,177.75006216,6.47577628,59.18111518,131.13376052,49.50593671,15.0,135.23663399,0.86809986,2.24981801,0.73622385,0.73622385,2.72790429,10.25665352,0.73622385,71.80101444,8660.03273534,7.68580786,208.36711886,7.84896527,26.04071402,131.28027233,347.54556324,16253.09460748,3.54127989,85.45712497,1307.68164721,42134.65334903,124.66536504,159.87524876,0.709,143.94899877,129.348792,87.5317505,4010.43377211,427.0771369,899.9665844,1369.37805992,0.30583554,0.82842483,510.70001788,21497.01064583,90002.73846522,299.09860178,199.57868508,17.7243959,5.43661068,9.12540442,17.24883596,4496.3686214,53.44649201,2099.30532952,3570.94563695,8.08443422,39.45204528,45.62758943,15.44020134,1735.67321801,18.92118507,4.22912299,63.87545139,17.7243959,1536.19247058,36.73136514,10.0512835,136.79549279,1.66112352,0.38479429,1.0,3.63351261,4.16797264,55.86835508,281.9484517,3.69151553,7981.57081137,3.64,4.36229586,101.75905315,79.48019151,1424.64467335,3.75,8.41794687,14.5687469,600.4049514,9.53334458,1.28296903,0.73622385,22.02508197,571.40888749,37.3615125,,21.4642407,13001.85860479,17.7243959,32.48440738,9.99944038,3.49865873,2.93666997,2.38047297,39.18618523,6.78377483,29.81559704,2608.5997692,41.51908269,3593.37581146,41.14766698,12649.78248262,99.90733103,26019.41324004,119.80755768,2.74458031,569.43618253,2.70615142,569.43618253,103.59186922,243.38061041,17.7243959,24.79259918,26.97568638
2025-06-13,3.6725,69.73706182,85.02738164,382.98839528,1.80521005,920.35022688,1184.54963803,1.542307,1.79,1.69999993,1.69354924,2.0,122.40472718,1.69354924,0.376,2971.70874935,1.0,1.28046539,6.9202676,5.53810516,1.0,85.83771953,13.36396389,3.27714735,2.01366878,1.3628493,2905.44234556,0.80761154,930.60254741,7.17508337,4159.94588046,505.61400181,24.04321796,95.48256988,21.48647567,178.10491708,6.45851019,59.20599624,130.207357,49.77165647,15.0,134.89680652,0.86589798,2.24828159,0.73716836,0.73716836,2.72787251,10.2684999,0.73716836,71.63502721,8670.12925463,7.6894519,209.8020229,7.84862031,26.11329732,131.44066272,348.55067124,16257.91418886,3.64225462,85.83771953,1310.97011369,42149.51618989,124.70347077,160.27211634,0.709,143.17199314,129.32948354,87.31052023,4022.06429869,425.99387929,899.98353696,1363.57763635,0.30585193,0.83190883,512.1945047,21593.45422947,89813.42848805,299.83560541,200.07200458,17.92794977,5.46480689,9.11451077,17.15806665,4495.23336597,53.23248316,2099.02553171,3578.41052337,8.08407892,39.60166712,45.32886194,15.43782013,1736.62816094,19.00656026,4.23528224,63.88053997,17.92794977,1542.58842217,36.82308558,9.9694698,137.40472953,1.6589373,0.38474896,1.0,3.62676385,4.17144547,55.88585769,282.57826362,3.70208974,7989.74719282,3.64,4.35103732,101.49850798,79.98169404,1423.88158131,3.75,8.45542974,14.54264471,600.47807812,9.49341805,1.28046539,0.73716836,22.79507426,571.25612601,37.40176129,,21.40120653,13001.85945918,17.92794977,32.42761799,9.95580336,3.49837045,2.92491795,2.3882446,39.46386523,6.78695218,29.50021605,2589.10566688,41.44609456,3594.33198435,41.40264455,12663.08910387,100.5802878,26091.18586462,119.82938708,2.73857366,567.99183905,2.70673879,567.99183905,103.32911415,243.33727308,17.92794977,24.69233359,26.97559824
2025-06-14,3.6725,69.97794715,84.91427388,383.24401087,1.79705493,912.50522174,1181.73618307,1.54139617,1.79,1.7,1.6934514,2.0,122.24562639,1.6934514,0.376,2948.19229031,1.0,1.2820981,6.9120893,5.54091388,1.0,86.09643083,13.38659429,3.27201358,2.01440114,1.35850388,2869.5586006,0.81125009,937.69271035,7.18135386,4131.18439016,504.25798202,24.02145038,95.47705365,21.50039011,178.16950021,6.45704223,59.23059303,130.05995635,49.70797153,15.0,134.99617629,0.86584795,2.24799302,0.73691509,0.73691509,2.72970282,10.29459506,0.73691509,70.44445155,8664.43576912,7.68738841,209.20489003,7.84973314,26.09822649,131.26754525,348.49506666,16302.42777663,3.61999631,86.09643083,1310.48405304,42265.87027123,124.65241868,159.58001025,0.709,144.10321762,129.39809406,87.4543385,4027.85305708,425.96926871,899.97440761,1366.51641758,0.30615895,0.82109457,512.80460439,21580.90864912,90501.49252471,299.8088359,199.78085429,17.94937071,5.44996561,9.11869237,17.13688931,4468.90932709,53.25969318,2097.98201905,3581.34813141,8.08522513,39.60085904,45.48716539,15.39880583,1735.51479601,18.95496818,4.24599953,63.60456254,17.94937071,1542.63719891,36.36118984,9.90021292,137.81886165,1.66349234,0.38437321,1.0,3.61694441,4.11518228,55.9317965,282.94731745,3.69798667,7990.92805389,3.64,4.34478043,101.49993705,79.77874872,1426.77364671,3.75,8.34996483,14.52674423,600.63400325,9.47667967,1.2820981,0.73691509,22.90003201,570.70056692,37.39661244,,21.39866507,13001.89727883,17.94937071,32.41877892,10.07507516,3.4987164,2.93675164,2.3499399,39.39776097,6.78079873,29.54614757,2591.93413618,41.50925112,3607.66557914,41.47931809,12769.44423769,101.96088648,26240.1009113,119.10548057,2.61918487,567.95902495,2.7024635,567.95902495,103.32314461,243.39373899,17.94937071,24.24078392,26.97720019
2025-06-15,3.6725,69.90379615,85.7952936,383.22286457,1.79700675,911.95298128,1181.9975976,1.54130062,1.79,1.7,1.69311366,2.0,122.67297077,1.69311366,0.376,2960.94129816,1.0,1.28168093,6.93493215,5.54441798,1.0,86.08743561,13.38649019,3.274997,2.01779681,1.35847056,2854.56065328,0.81067747,937.51528818,7.18089579,4140.68225744,503.62372899,23.88761071,95.45801191,21.50020668,178.18680013,6.45619643,58.98890792,130.48045725,49.74647612,15.0,134.40344074,0.86567527,2.26492876,0.73622642,0.73622642,2.72960001,10.25271822,0.73622642,70.50037214,8688.29691245,7.68403357,208.98375395,7.84945116,26.08574834,132.76784269,348.41798629,16267.39857071,3.61209287,86.08743561,1310.40998609,42002.6304563,124.87500179,158.68320798,0.709,144.10303676,129.34793768,87.45012212,4000.98170749,425.88431432,899.99999995,1367.78966432,0.30700183,0.82000504,512.14345594,21340.52577127,90464.48662711,299.64338074,199.12030612,17.92172678,5.45453551,9.11916232,17.07700056,4443.21650076,53.28996364,2100.13352161,3580.12256923,8.0849347,39.65882033,45.31025499,15.45991499,1733.28906338,18.9621044,4.24602788,63.71592458,17.92172678,1548.02434207,36.62444709,9.90028154,137.80446255,1.66377942,0.38500026,1.0,3.62133481,4.13769233,56.20800386,282.80690899,3.69561901,7993.65013234,3.64,4.34470996,101.45123189,79.82448417,1420.55988387,3.75,8.34721633,14.84757518,598.86488172,9.47356849,1.28168093,0.73622642,22.90004318,571.46863438,37.36003989,,21.3010259,13001.97839131,17.92172678,32.40001659,10.10642689,3.49999742,2.92947218,2.34909126,39.40350318,6.79343656,29.56728923,2577.57860492,41.56108025,3604.62888307,40.98234166,12724.36839146,100.83600336,26055.16389274,119.10299462,2.61919085,567.84575242,2.70000005,567.84575242,103.30253807,243.00034812,17.92172678,24.24884498,26.97720019
2025-06-16,3.6725,69.80390805,84.94784633,382.14380613,1.79707743,918.48554144,1181.9560866,1.54305427,1.79,1.6999526,1.69613548,2.0,121.86791594,1.69613548,0.376,2973.49974205,1.0,1.28301122,6.89419942,5.54438589,1.0,86.18454371,13.40591519,3.27262607,2.0103977,1.35968185,2900.33209328,0.81216226,937.48136426,7.18532427,4123.88972949,503.64760281,23.94471161,95.62838227,21.51787185,177.86074172,6.46853007,58.91262767,130.2517822,50.06799717,15.0,134.56574164,0.8672203,2.25088305,0.7382192,0.7382192,2.72788295,10.27403648,0.7382192,71.63196138,8662.31552399,7.67557347,208.72924021,7.84947735,26.06586813,131.01813219,349.15858522,16303.28362541,3.58160308,86.18454371,1308.82396417,42156.18605228,124.88426344,159.62254342,0.709,144.3852047,129.05651053,87.47363911,4010.4504632,426.64441881,899.96209681,1364.51699477,0.30616104,0.83054468,512.4397607,21535.19921222,89718.88750472,299.19874665,199.75226669,17.96021554,5.44987463,9.12277024,17.07863232,4496.48108754,53.34483523,2099.34730095,3580.35856154,8.08496168,39.63651389,45.47866336,15.4377527,1730.97958586,18.95633429,4.24538766,63.781543,17.96021554,1544.85670724,36.68109138,9.9187649,137.95990835,1.66205684,0.38503226,1.0,3.61160917,4.14454361,56.39301658,282.80650915,3.70287057,7953.85616093,3.64,4.34899299,101.58726689,79.8015194,1434.36533188,3.75,8.45385032,14.30531077,600.2805535,9.51654827,1.28301122,0.7382192,22.90003774,571.56212535,37.52780371,,21.45229633,13001.85740691,17.96021554,32.50711073,10.11321047,3.49781302,2.93631252,2.38700089,39.46657974,6.77655407,29.57682406,2593.09691177,41.48413006,3604.38164532,40.99858025,12698.92014348,101.0343842,26096.73829969,119.60107965,2.7481522,568.85922508,2.70649863,568.85922508,103.48690908,243.37267145,17.96021554,24.23935743,26.97693113
2025-06-17,3.6725,69.82755789,84.83997484,381.85252679,1.80094635,920.43353012,1182.25706206,1.53311636,1.79,1.70000621,1.69288138,2.0,122.24558195,1.69288138,0.376,2971.93011953,1.0,1.28195171,6.91812394,5.49378482,1.0,86.03763527,13.39888733,3.27512742,2.01202776,1.35778308,2907.49987012,0.81417961,936.31510618,7.180691,4100.96674853,503.61863044,23.98754865,95.44491613,21.49302469,178.28426139,6.45574237,59.14411292,130.01889055,50.26932887,15.0,134.39285623,0.86555651,2.24430915,0.73711856,0.73711856,2.72698936,10.2769604,0.73711856,72.18669516,8663.22006717,7.67959891,209.12935976,7.84962685,26.14234071,130.79434879,348.3892277,16298.9883,3.50639072,86.03763527,1309.59539341,42154.35378455,124.30306295,159.51869711,0.709,144.88795398,129.4065888,87.471751,4018.04295945,425.8258877,899.99843242,1362.44825898,0.30604274,0.83025062,513.98217441,21637.24357154,89700.37120924,300.94110562,199.87188785,17.8355829,5.42983276,9.12641347,17.0893092,4493.75178283,53.24905155,2099.58309307,3579.65881579,8.08511565,39.64568987,45.35865013,15.44322297,1735.05250882,18.9377284,4.23948055,63.88781865,17.8355829,1543.71373214,36.57992867,9.9112783,137.72474466,1.65053344,0.38494886,1.0,3.60317282,4.11790092,56.49658303,283.12684983,3.69850285,7964.34781995,3.64,4.34594974,101.48197238,78.54094657,1432.92624125,3.75,8.44922021,14.83340777,600.47561341,9.49240362,1.28195171,0.73711856,22.75060821,570.64127195,38.6553321,,21.41791594,13002.2005749,17.8355829,32.47137288,10.12465429,3.49950969,2.92919927,2.38503808,39.41518503,6.78669138,29.49943801,2584.83499954,41.5622709,3600.44742118,41.04877331,12730.71147677,102.09864611,26084.33703505,119.98398029,2.73635285,567.76785027,2.70651773,567.76785027,103.2883661,242.99087019,17.8355829,24.28936551,26.97978362
2025-06-18,3.6725,69.80113033,85.19975497,383.75321223,1.80078448,920.51032165,1163.89341982,1.54198406,1.79,1.70000232,1.70125767,2.0,122.28370248,1.70125767,0.376,2971.39876501,1.0,1.28537519,6.9247255,5.49634979,1.0,86.34097842,13.36438276,3.27476613,2.01134418,1.36728644,2906.50653351,0.81652481,944.16921267,7.18572495,4101.36314374,504.28202413,23.98504051,95.91717241,21.59980248,178.03730853,6.48769357,59.28924925,130.05603754,50.12859927,15.0,134.79707623,0.86983923,2.25140307,0.74417648,0.74417648,2.72548792,10.29909256,0.74417648,72.1401582,8662.91809462,7.67910206,209.10050875,7.84994008,26.13375013,130.94081808,351.48051046,16298.02756743,3.51046447,86.34097842,1309.98240956,42152.7516764,124.90997568,159.15999472,0.709,145.17555041,129.41805805,87.47560456,4019.6219765,427.93285114,899.97224685,1372.84814709,0.30627518,0.83154839,517.98696968,21541.95203088,89950.43816503,300.66678858,199.84780298,17.99457135,5.42469751,9.13733506,17.07257582,4503.72360162,53.53411312,2099.37527805,3581.23122315,8.08543828,39.70631741,45.38888049,15.44195777,1735.04782082,19.00460346,4.2482951,63.88095253,17.99457135,1543.88041387,36.67774225,9.93340596,138.21032121,1.66018096,0.38490219,1.0,3.61158578,4.11842659,56.78173457,283.31147344,3.72055504,7978.13389421,3.64,4.37737508,101.97631348,78.5786053,1425.57215464,3.75,8.4572249,14.60102695,600.33467845,9.55168613,1.28537519,0.74417648,22.77435169,571.45688516,38.86056559,,21.4709489,13001.55577507,17.99457135,32.61365025,10.10370096,3.49999693,2.93587226,2.38941816,39.53452222,6.78233264,29.55014915,2609.39493497,41.58681728,3598.12258074,40.8610596,12685.29430877,102.33168905,26083.26148011,119.92277989,2.64384038,570.57713486,2.7068401,570.57713486,103.79943134,242.82780161,17.99457135,24.40860947,26.98319736
2025-06-19,3.6725,70.50622262,85.52728184,384.27289998,1.80112836,920.53710941,1142.23415426,1.54245471,1.79,1.69999979,1.70744229,2.0,122.25525859,1.70744229,0.376,2967.54492734,1.0,1.28790487,6.92109759,5.48799497,1.0,86.53577496,13.47441171,3.27500619,2.01072798,1.37130591,2907.49922876,0.82016471,942.87850389,7.19117829,4070.76357154,504.89991979,23.98965421,96.26586242,21.66915731,177.93523952,6.51170875,59.37639317,130.63552873,50.52757364,15.0,134.79645006,0.87300138,2.25564424,0.74645156,0.74645156,2.7245572,10.2983949,0.74645156,72.21224348,8667.89303362,7.68212204,209.20504899,7.84982728,26.12788244,131.02331893,352.19403858,16356.67899624,3.48866242,86.53577496,1309.97088319,42122.26772807,125.19473702,159.02447499,0.709,145.15810321,129.30765676,87.47048736,4019.76315441,429.48852576,899.91332166,1385.57387278,0.30633341,0.83027886,519.11821512,21574.96819202,89749.32606543,300.37632468,199.87583722,18.04472513,5.41991459,9.16857757,17.10771506,4520.92711613,53.63587136,2099.34898063,3580.75628819,8.0853221,39.70256497,45.54000246,15.44320674,1735.48340196,19.06322711,4.25801359,63.88765663,18.04472513,1546.69567686,36.7614699,9.99713238,138.52214177,1.66767545,0.38487692,1.0,3.5921193,4.17606318,57.29569409,283.50542391,3.73209873,7984.24002394,3.64,4.39295103,102.34177338,78.54274562,1425.3610073,3.75,8.45239706,14.4919887,600.47038232,9.66938023,1.28790487,0.74645156,22.7800537,571.42416956,38.87394365,,21.57255816,13001.83964525,18.04472513,32.79032498,10.02605155,3.49810567,2.94723157,2.38763685,39.5510883,6.78819223,29.63070415,2623.16415354,41.6543951,3600.23400288,40.90916702,12667.56229084,103.07807579,26113.64018144,120.1292298,2.74681972,572.65136768,2.70647237,572.65136768,104.17677592,242.77156492,18.04472513,23.90029612,26.9868076
2025-06-20,3.6725,70.89250653,85.45281263,383.92705714,1.80006413,919.83515661,1164.4231433,1.54417036,1.79,1.70147129,1.69874456,2.0,122.28148905,1.69874456,0.376,2967.46346874,1.0,1.28517105,6.92582197,5.49187738,1.0,86.67250276,13.4573521,3.27499999,2.01287772,1.37004914,2902.18098113,0.81644281,942.07135341,7.17961175,4082.16397997,505.22133619,23.9803201,95.77548289,21.5400149,178.06765527,6.47906199,59.35514304,130.44787522,50.66957172,15.0,136.71827086,0.8685543,2.25701043,0.7418981,0.7418981,2.7243605,10.29506951,0.7418981,72.20875642,8662.31958675,7.68324458,209.02103643,7.84979742,26.12908949,131.34964832,350.24619234,16371.26695006,3.49509599,86.67250276,1309.41542808,42177.66192242,123.8669083,159.27487325,0.709,145.34652726,129.37158316,87.46997109,4005.62088562,427.30070576,899.93281724,1372.98033908,0.30632669,0.83218651,519.51526256,21548.88808803,89818.73508377,300.42077218,199.63410655,18.01133027,5.42423926,9.1405048,17.17165143,4509.14778979,53.44796787,2098.91600024,3588.14181625,8.08529135,39.47473082,45.6310689,15.43997553,1735.13793369,19.04151285,4.25003636,63.83947633,18.01133027,1547.94817269,36.82372766,10.02747223,138.74100879,1.66939467,0.38486111,1.0,3.59234277,4.11547801,57.21936575,283.58482,3.71166643,7977.28021555,3.64,4.36932237,101.81896016,78.1636736,1432.08729926,3.75,8.45690387,14.3934204,600.25112462,9.62914555,1.28517105,0.7418981,22.51408855,569.94896967,38.57129249,,21.43480041,13001.78687943,18.01133027,32.7820241,9.8935648,3.49889433,2.93568039,2.38778664,39.65184862,6.79064952,29.58771979,2623.27339519,41.7729173,3605.30901679,40.8887368,12579.95559697,103.4860616,26148.4579166,120.04275715,2.75462362,569.73427434,2.70688727,569.73427434,103.6460981,242.74499977,18.01133027,23.39891437,26.99123562
2025-06-21,3.6725,70.98326591,85.06689037,385.60934662,1.79700803,911.78927379,1163.48869711,1.54983758,1.79,1.7,1.69737992,2.0,122.34604309,1.69737992,0.376,2974.20810445,1.0,1.286187,6.91456063,5.51969953,1.0,86.60868899,13.39827678,3.27050676,2.01502442,1.37312063,2882.10911808,0.81764991,941.39331995,7.17741101,4080.96738455,505.16539431,23.99338791,95.69854426,21.53543993,178.52612811,6.4736125,59.32040387,130.45178242,50.61713505,15.0,137.58919515,0.86785657,2.25914937,0.74310397,0.74310397,2.72641439,10.30999765,0.74310397,71.42365151,8674.9882306,7.68725194,209.29710683,7.8498255,26.11036719,131.37057488,349.43430128,16429.64316113,3.4865374,86.60868899,1310.02737945,42121.50873737,124.10973753,159.47069725,0.709,145.94418362,129.20759766,87.45061494,4009.82940957,426.95744535,899.99936548,1372.11418185,0.30630766,0.82000813,519.53082543,21609.89913263,90661.19242947,300.50143988,200.01958554,17.99728246,5.45317197,9.13506155,17.17240682,4468.72432121,53.3932774,2098.9229371,3583.54465656,8.08532027,39.5662311,45.61097035,15.40701142,1734.15857639,19.17460176,4.25336816,63.57357139,17.99728246,1549.41606686,36.80762965,10.10474722,138.63885891,1.67692001,0.3842848,1.0,3.60009253,4.04377764,57.17530893,283.62241311,3.70399301,7982.62155423,3.64,4.36500348,101.73753524,78.42719105,1443.36238767,3.75,8.49978263,14.52272486,600.40403388,9.66447539,1.286187,0.74310397,22.78997254,571.84973746,38.78493804,,21.29293526,13001.85861852,17.99728246,32.78595368,9.90060779,3.49649123,2.9574352,2.36912938,39.66544336,6.79636802,29.58379244,2637.6326209,41.69780204,3606.94240039,40.90360728,12504.92099035,105.27092144,26241.6555955,119.90722422,2.75861034,569.2765938,2.70233533,569.2765938,103.56283683,242.76643327,17.99728246,23.16511303,26.99243671
2025-06-22,3.6725,70.99412731,85.07013247,385.57275659,1.79700505,911.91244988,1164.48170664,1.54849843,1.79,1.7,1.69692371,2.0,122.58293181,1.69692371,0.376,2931.01951825,1.0,1.28696512,6.93492216,5.51168521,1.0,86.57546696,13.39248267,3.27499642,2.01779768,1.37306862,2867.99042789,0.81750594,940.918523,7.17900993,4079.46951447,508.15598141,23.96146469,95.67282295,21.53997315,178.54660275,6.47154779,59.14901014,130.85832678,50.66560147,15.0,137.59050012,0.86762332,2.2591683,0.743467,0.743467,2.72679998,10.25271465,0.743467,70.9998781,8686.07779082,7.6867148,208.98294215,7.85000553,26.10633149,133.47797928,349.31250191,16395.06672061,3.48680644,86.57546696,1310.29157351,42002.5916973,124.10980145,159.44468716,0.709,146.04926499,129.36552231,87.45001108,4000.00005391,426.84269017,899.99999999,1373.35070414,0.30605553,0.82000492,521.02276623,21373.36647819,90229.07081044,300.51505821,199.24837375,18.00375273,5.45075421,9.1339393,17.09010802,4445.40916467,53.37002907,2099.72326091,3582.84784414,8.0855057,39.72787839,45.52036623,15.45993051,1733.39734302,19.16973282,4.25211398,63.6313608,18.00375273,1547.38390116,36.62452799,10.10095486,138.58567874,1.6766296,0.38500018,1.0,3.60117003,4.05102848,57.20139312,283.52858823,3.70217596,8000.20153366,3.64,4.3661481,101.74539039,78.49968439,1430.84516726,3.75,8.49978263,15.02849837,598.91449454,9.66379823,1.28696512,0.743467,22.78997347,571.10178249,38.52034443,,21.30073565,13001.84315921,18.00375273,32.80265793,9.89999118,3.49996837,2.91101883,2.36910331,39.65809687,6.8041305,29.61840384,2610.42184695,41.78669923,3604.62066378,40.83867661,12556.78580849,104.28846968,26123.99209107,119.90693899,2.75861069,569.12358689,2.70000248,569.12358689,103.5350018,242.6001733,18.00375273,23.20098411,26.99243671
2025-06-23,3.6725,70.97976909,85.09882622,384.73058378,1.80449351,919.37611553,1166.67686082,1.55625841,1.79,1.6999997,1.70090816,2.0,122.41085328,1.70090816,0.376,2981.36443654,1.0,1.2897279,6.92230586,5.52362249,1.0,86.73481059,13.43664229,3.27661883,2.01290937,1.37561338,2907.48972378,0.81826932,941.43055778,7.1884953,4086.30124716,505.52813443,24.03182046,95.89746709,21.58762715,178.13407535,6.48692702,59.39344849,130.67504665,50.73863486,15.0,137.72877871,0.86966053,2.26286671,0.74470544,0.74470544,2.72476033,10.31598427,0.74470544,72.23376335,8674.1313728,7.69379517,209.82224611,7.84983089,26.13468041,131.42371473,350.55256007,16459.4550327,3.47657216,86.73481059,1311.50386933,42223.05137441,124.3637278,159.63612954,0.709,146.53538465,129.31311865,87.47516305,4016.10502659,427.84493619,899.97409175,1381.98090349,0.30635389,0.83205733,522.29939082,21659.9912947,89972.34373819,301.12860798,200.115625,18.07480746,5.45983429,9.13628571,17.2201769,4474.16785851,53.47297619,2099.32724678,3589.08997465,8.08532582,39.59069593,45.6113848,15.44322412,1737.60466807,19.2435301,4.27964936,63.88906651,18.07480746,1553.60401022,36.82482096,10.12774,138.84074806,1.68125656,0.38490198,1.0,3.60178579,4.17491653,57.5881096,284.05410256,3.71660697,7990.28233267,3.64,4.37720715,101.91861481,78.50550164,1442.50663121,3.75,8.51420083,14.57991863,600.48700463,9.6960581,1.2897279,0.74470544,22.78997254,571.390272,38.70483607,,21.46787403,13001.85518778,18.07480746,32.98617924,9.87968428,3.4983612,2.93557639,2.40820764,39.73210714,6.7995653,29.65376047,2651.04214061,41.88028814,3605.88706955,41.01100705,12545.16200296,103.48810672,26157.33668601,120.05070803,2.72629039,570.45991493,2.70732407,570.45991493,103.77810669,242.76580548,18.07480746,23.2005172,26.99200864
2025-06-24,3.6725,70.93857621,84.71737057,384.74923157,1.80008114,916.75726345,1171.49906457,1.54296106,1.79,1.69999792,1.68728659,2.0,122.07943099,1.68728659,0.376,2969.42941664,1.0,1.28382595,6.92217527,5.49519217,1.0,86.27031657,13.49832448,3.27232095,2.00922178,1.37282849,2901.49897908,0.81294726,948.35541041,7.17458775,4084.76282324,505.89031229,23.96966028,95.1294806,21.4109966,177.84911389,6.43554689,59.32912223,130.21451218,50.6808856,15.0,137.73446666,0.86269593,2.25455953,0.73850838,0.73850838,2.72346907,10.26896216,0.73850838,72.10182894,8665.9952794,7.68667607,207.37928283,7.84992693,26.11491875,131.76099419,347.53747749,16409.19038748,3.41439658,86.27031657,1309.31022731,42091.18744582,122.85604444,159.37659287,0.709,145.67630503,129.33220159,87.4721579,4005.89723589,424.41857738,900.00986233,1366.7531629,0.30624593,0.8276663,519.45973132,21544.79082673,89940.3433999,299.06446964,199.87844767,17.80988447,5.44074329,9.11696157,17.16921751,4468.55892251,53.11030983,2099.28763616,3582.06109114,8.08542474,39.67398477,45.69632972,15.44157772,1730.04774226,19.08567208,4.25542655,63.76735715,17.80988447,1548.37710883,36.76168606,10.06486026,138.09720925,1.66807005,0.3849286,1.0,3.57950166,4.13844071,56.97850656,283.4224958,3.68819674,7986.9526863,3.64,4.35452952,101.14688047,78.40677252,1439.79936638,3.75,8.45719016,14.38515086,600.12236945,9.58062239,1.28382595,0.73850838,22.79524479,570.65437866,38.8433338,,21.38251255,13001.98076499,17.80988447,32.75844364,9.86878148,3.49780948,2.93132209,2.3871972,39.67003661,6.79604546,29.59957255,2665.65981949,41.88802596,3599.02539326,40.44854396,12498.58679503,104.57426866,26171.65214735,120.59793816,2.7577988,565.8914365,2.70603446,565.8914365,102.94700878,242.68237457,17.80988447,23.34433481,26.99648663
2025-06-25,3.6725,70.99976298,84.50105991,384.04212954,1.80110566,921.16500534,1173.98889024,1.53786816,1.79,1.7000102,1.68187341,2.0,122.25714104,1.68187341,0.376,2976.45974341,1.0,1.27831853,6.91743943,5.51205577,1.0,85.9350413,13.49852352,3.27507731,2.01099566,1.37245546,2907.49970323,0.80466949,935.99476422,7.17010587,4080.22585051,505.67227541,23.97049945,94.82428499,21.30107078,177.88449632,6.41513952,59.35260403,129.95892317,50.04977187,15.0,137.21123668,0.85992822,2.24927214,0.73383428,0.73383428,2.72199668,10.31746164,0.73383428,72.11567288,8663.83411969,7.68672527,209.07323313,7.84990262,26.10889792,131.19608663,345.11461902,16267.02703709,3.4106096,85.9350413,1309.23036725,42103.2789692,121.9451028,159.63044959,0.709,144.63930425,129.35327016,87.43915466,4004.8639532,423.05695234,899.99530709,1359.11183704,0.30563835,0.82919141,518.13063315,21539.93267948,89888.78135457,300.30467815,199.84711814,17.74096434,5.42543062,9.09050893,17.18488798,4431.57319894,52.94634903,2099.31040327,3583.33429926,8.0853997,39.49852359,45.36133261,15.44178907,1732.87376043,18.98334682,4.23406785,63.88072964,17.74096434,1548.43055505,36.75330649,10.10880304,137.56051736,1.65927472,0.38488276,1.0,3.5790812,4.14389257,56.68448301,283.8576805,3.65784198,7986.28068084,3.64,4.34270707,100.81671547,78.25376749,1439.32054497,3.75,8.45724065,14.81698305,600.51054101,9.51450991,1.27831853,0.73383428,22.79507023,569.74823916,38.05530148,,21.34094708,13001.85865573,17.74096434,32.57478347,9.86378813,3.49990984,2.91014102,2.38333305,39.59112843,6.79741731,29.4249463,2664.45892169,41.72473595,3597.49069932,40.38634346,12484.73170177,103.6068759,26131.07134594,120.27124744,2.74780479,564.07593645,2.70604258,564.07593645,102.61673289,242.74000654,17.74096434,23.4510787,26.95507004
2025-06-26,3.6725,70.63031146,84.04650097,383.9922246,1.8012638,920.37198745,1189.77768667,1.53344723,1.79,1.70000143,1.67343386,2.0,122.05983836,1.67343386,0.376,2972.61500896,1.0,1.27608704,6.91052404,5.55666591,1.0,86.00608091,13.4759562,3.27413527,2.00621868,1.37104753,2907.34382074,0.80357997,937.33822373,7.16825137,4059.43776114,504.5015309,23.99556546,94.34846182,21.1707945,177.7614355,6.38333256,59.05867938,129.77013803,49.89927651,15.0,135.84109263,0.85561315,2.24628035,0.7303671,0.7303671,2.72275089,10.32223306,0.7303671,72.17758678,8655.82826025,7.68815042,207.83833877,7.84848113,26.08510419,131.18948564,342.90636623,16286.53855247,3.40738166,86.00608091,1306.55984074,42115.03657197,121.6920895,159.20755865,0.709,144.69787983,129.31746417,87.31588205,3992.16224129,420.93407524,900.02698138,1359.39485747,0.30558948,0.82945712,517.91220404,21532.67297465,89383.43575426,300.06402107,199.61331872,17.70680474,5.42988243,9.06885506,17.18207104,4410.78817422,52.72720621,2098.82513983,3582.56474846,8.08393557,39.70575922,45.36259329,15.44298909,1727.70245156,18.90804026,4.22882057,63.88773269,17.70680474,1544.05485153,36.7170246,10.11197468,137.67423401,1.65467295,0.38490783,1.0,3.57343814,4.11603511,56.65491543,283.66166695,3.63855071,7984.49489205,3.64,4.33093061,100.29649654,78.30750048,1437.08899572,3.75,8.45255464,14.454941,600.43826077,9.46017319,1.27608704,0.7303671,22.54997213,569.83086603,37.8797683,,21.17700652,13002.0565278,17.70680474,32.51528536,9.89444728,3.49720183,2.89360545,2.38664878,39.77891552,6.79528527,29.20723363,2651.17703885,41.63087265,3595.24912788,40.16476968,12499.19825248,105.66827804,26121.75554739,120.10607125,2.74222498,561.24543365,2.70709155,561.24543365,102.10180762,242.69684301,17.70680474,23.54849387,26.94895624
2025-06-27,3.6725,70.35337015,83.86667149,384.06275304,1.80302866,920.18610831,1188.56635731,1.52518196,1.79,1.7014504,1.6715557,2.0,122.44849292,1.6715557,0.376,2964.53614069,1.0,1.2741572,6.92367125,5.48466338,1.0,85.6267184,13.33269417,3.274514,2.01218259,1.36384075,2905.49791573,0.80071595,931.23478106,7.17032978,4045.35910996,505.13214573,24.01037191,94.24257086,21.15980295,178.06915067,6.3763962,59.46211254,129.62262757,49.89995688,15.0,135.98977202,0.85465286,2.24304906,0.72792865,0.72792865,2.72260174,10.34657371,0.72792865,72.23315131,8669.77574938,7.69035351,209.47803389,7.84961227,26.13746442,131.50997893,341.8167722,16210.02118687,3.38466391,85.6267184,1310.04534792,42074.35135603,121.36903213,160.09235629,0.709,144.31441029,129.2991965,87.26888889,4009.40387727,420.4616445,900.02181291,1355.67930208,0.3056515,0.83209995,518.84151505,21546.36529761,89706.90604545,300.06582633,199.99355458,17.84681614,5.41952182,9.03116637,17.04574549,4406.25867072,52.59686694,2099.3794618,3583.73841406,8.08510064,39.79658515,45.13665048,15.44347289,1734.53200513,18.87364001,4.22728426,63.84629956,17.84681614,1545.15331509,36.83982019,10.08214184,137.06696947,1.64762438,0.38488897,1.0,3.56151171,4.12493211,56.63991161,283.81832051,3.6251589,7986.16650039,3.64,4.33555382,100.16528301,78.72250658,1438.40610181,3.75,8.45255123,14.36936183,600.34257069,9.52080237,1.2741572,0.72792865,22.75563087,571.36242883,37.81031152,,21.10800083,13002.88351753,17.84681614,32.5234679,9.90035181,3.49811148,2.89469524,2.3817194,39.87389306,6.7965158,29.02192102,2640.30861606,41.62918167,3593.95251835,40.29408192,12548.67160877,106.4005614,26108.23317388,119.62612259,2.73390098,560.61552599,2.70737223,560.61552599,101.98721478,242.36467754,17.84681614,23.65031199,26.95775419
2025-06-28,3.6725,70.48302119,83.76642523,384.31547799,1.79745333,912.85980085,1183.7001861,1.53174738,1.79,1.7,1.6713185,2.0,122.27484726,1.6713185,0.376,2972.77452806,1.0,1.27564969,6.90645978,5.48610018,1.0,85.5069086,13.31549284,3.27496597,2.01437253,1.36849905,2891.76098562,0.79857624,940.65795405,7.17140276,4091.33060758,504.59480031,23.99747416,94.22919718,21.10243692,178.38817545,6.36564472,59.59399688,129.13978044,49.68975377,15.0,135.39776112,0.85453158,2.24154586,0.72947238,0.72947238,2.7232681,10.32486889,0.72947238,71.43829309,8655.62901837,7.68885074,209.20417812,7.84979796,26.13795766,131.1128799,340.36832743,16231.56234513,3.38379572,85.5069086,1310.45612651,42052.07566821,121.18488596,160.31402387,0.709,144.64879326,129.39610855,87.35334687,4005.53110266,420.40197804,900.0499718,1361.92819997,0.30580463,0.82295696,518.85055615,21552.22021712,89820.07657636,299.82914209,200.49914031,17.87736504,5.42990407,9.0289975,17.18221071,4425.57918479,52.51769162,2098.14759404,3583.39515116,8.0852919,39.79980965,45.15721814,15.39867885,1734.62663867,18.81995968,4.22800236,63.65742397,17.87736504,1543.35018236,36.77733341,10.0764705,136.87518395,1.65125024,0.38381001,1.0,3.5495024,4.05433043,56.57122881,283.66720286,3.62118372,7967.38633043,3.64,4.33619208,100.17440478,78.22011617,1438.01677666,3.75,8.40970706,14.4362546,600.67288796,9.48346056,1.27564969,0.72947238,22.76519599,569.69186285,38.56439983,,21.12988148,13002.09683054,17.87736504,32.49989415,9.85569788,3.50742591,2.88302049,2.41159938,39.90660357,6.78699519,29.10345969,2639.46613335,41.6873131,3597.47071321,40.2054168,12632.35577087,107.42371956,25980.28092254,118.98782396,2.73750881,560.53597072,2.70246487,560.53597072,101.97274208,242.39418294,17.87736504,23.74883313,26.94555839
2025-06-29,3.6725,70.14650573,83.73282804,384.31731526,1.79700665,911.95773459,1187.50009663,1.53137066,1.79,1.7,1.66884575,2.0,122.60664348,1.66884575,0.376,2931.72777553,1.0,1.27596353,6.92508164,5.49569171,1.0,85.509696,13.31546004,3.27498913,2.01770489,1.36935041,2871.69069937,0.79877528,939.87881766,7.17063822,4086.47023411,505.66193538,23.96536826,94.08978352,21.10167471,178.53851854,6.3660002,59.50184944,130.12326852,49.87317974,15.0,135.39780604,0.85326729,2.24154596,0.72868951,0.72868951,2.7236,10.30269703,0.72868951,71.45291402,8689.86170139,7.68471058,208.98389301,7.84967902,26.13556191,133.27996728,340.39065828,16271.211483,3.38905802,85.509696,1310.41676928,42002.62817468,121.18484649,160.25999757,0.709,144.6515814,129.34957565,87.39326766,4001.61458904,419.77998637,900.00000012,1359.78340476,0.30670096,0.82000328,520.21447525,21336.46697187,90470.21817638,299.82907843,199.95584467,17.82584426,5.41609128,9.03338369,16.78119852,4441.92414868,52.40035306,2100.14268718,3581.71351944,8.08516939,39.75134537,44.95999202,15.45981637,1733.28663083,18.8250282,4.22854432,63.80546814,17.82584426,1538.63072098,36.62437874,10.0789644,136.87964587,1.65117466,0.38510283,1.0,3.55124246,4.04202394,56.59098493,283.52801304,3.6211396,7940.35513717,3.64,4.33742594,100.17419871,78.4986659,1436.66910231,3.75,8.40970706,14.83418256,598.86781502,9.48819024,1.27596353,0.72868951,22.76502856,571.45906112,37.60287288,,20.90056224,13001.98305551,17.82584426,32.52644511,9.87741821,3.50507745,2.87702418,2.41198827,39.89007566,6.80184497,29.12308604,2615.24374912,41.64547574,3594.1651522,40.0240469,12588.30567751,106.60250556,26094.7760314,118.90412366,2.73749234,559.70664849,2.70000005,559.70664849,101.82187172,242.23048924,17.82584426,23.74818262,26.94555839
2025-06-30,3.6725,70.19531451,83.73399549,383.08572669,1.80063028,921.24015102,1187.77961951,1.53020842,1.79,1.69999718,1.66870338,2.0,122.23866426,1.66870338,0.376,2977.50989144,1.0,1.27431701,6.90221903,5.48446034,1.0,85.47941928,13.37633438,3.27500805,2.0107428,1.36862955,2910.99971221,0.79869833,938.04165908,7.16567907,4060.35558387,504.44222317,23.97917985,94.08175672,21.10932231,178.01659182,6.36553292,59.55299878,129.24044248,49.71984788,15.0,134.98336006,0.85319449,2.24112636,0.72887195,0.72887195,2.72283011,10.34240453,0.72887195,72.17588787,8666.38567338,7.68720915,209.21221654,7.84985352,26.11925394,130.99821666,340.58781121,16204.19128562,3.37925649,85.47941928,1309.00072666,42121.12755058,121.15909688,160.12854762,0.709,144.20519721,129.19179156,87.30868977,4005.07700856,419.74417492,900.00212339,1356.33017944,0.30577273,0.83161697,520.1293302,21554.17372197,89574.47616126,299.69975751,199.94332827,17.79842367,5.4116432,9.04324077,17.04543573,4400.8370155,52.48326841,2099.47623507,3582.74132378,8.08534912,39.79782629,45.15140276,15.44173224,1734.00757658,18.81890863,4.22080752,63.88814623,17.79842367,1542.99491041,36.7877395,10.0770094,136.83118041,1.64780892,0.38481499,1.0,3.54845687,4.12222859,56.42764074,283.58660862,3.61810016,7965.19994679,3.64,4.33729224,100.03816665,78.62343103,1440.58049094,3.75,8.45251681,14.74485771,600.45933829,9.47669125,1.27431701,0.72887195,22.76502175,570.37500689,37.84515721,,21.06634392,13001.8556054,17.79842367,32.58332019,9.85507529,3.50734761,2.89751726,2.3869252,39.89810358,6.78591125,29.09690375,2637.35842115,41.71972493,3595.09042054,40.22737647,12619.55309184,106.45525622,26077.50654814,119.48645561,2.73936164,559.65889989,2.706527,559.65889989,101.81318529,242.3815959,17.79842367,23.74867115,26.94108182
2025-07-01,3.6725,70.21760691,83.3494138,382.6655646,1.80025027,917.9573568,1204.07544337,1.52417016,1.79,1.69996628,1.65993684,2.0,122.63023255,1.65993684,0.376,2961.01552551,1.0,1.27215806,6.92123346,5.43158758,1.0,85.66993634,13.29068277,3.27469747,2.0128464,1.36127779,2905.64492243,0.79270992,931.92315123,7.1606262,4088.08335222,505.12835649,23.9699011,93.58749758,20.98828062,178.11216269,6.33228918,59.4017838,129.65819489,49.58961768,15.0,135.19738507,0.84871223,2.23815246,0.7283443,0.7283443,2.72085585,10.33928541,0.7283443,72.22908594,8670.67314457,7.68749511,209.00973171,7.8499384,26.15040312,131.67951273,339.14309175,16184.93295487,3.37050728,85.66993634,1309.93107003,42059.73472012,120.6872001,160.3015326,0.709,143.68446719,129.34313503,87.3148816,4005.7310878,417.53904608,899.96201554,1354.14278365,0.30558892,0.82921856,519.52425717,21541.88802739,89844.78765984,299.81098847,200.0264715,17.70523005,5.40716125,8.99704513,16.85786908,4378.23044966,52.23891355,2099.28679966,3583.43519362,8.08543655,39.80815796,45.02818578,15.4432165,1734.10770705,18.75841158,4.18811117,63.82484549,17.70523005,1536.15052245,36.73019841,10.09211775,137.13615059,1.64428759,0.38491683,1.0,3.54239702,4.1272868,56.20521353,283.72545195,3.60178395,7961.55290167,3.64,4.31035789,99.43418808,78.24384065,1435.12630889,3.75,8.4525422,14.72956984,600.21267814,9.46474309,1.27215806,0.7283443,22.76168319,570.27652622,37.58613592,,20.98821111,13001.70376138,17.70523005,32.4542253,9.89195991,3.50757081,2.8865213,2.37544504,39.83737054,6.76311252,29.26065081,2629.95186701,41.76403126,3594.91075736,39.96225691,12664.69078824,107.93010604,26139.4199175,119.30442577,2.72993115,556.71872811,2.70653936,556.71872811,101.27830904,242.18853934,17.70523005,23.96984587,26.97464231
2025-07-02,3.6725,70.2043855,83.04149578,384.27104405,1.80188182,921.42536374,1220.64150279,1.52208949,1.79,1.70000023,1.65830834,2.0,122.69484344,1.65830834,0.376,2974.00123502,1.0,1.27366312,6.9092176,5.45786385,1.0,85.62131311,13.26789215,3.27457608,2.01284311,1.36485474,2910.54047921,0.79136896,928.55348212,7.16611351,4030.42494604,505.10514626,23.99610012,93.49568253,20.93783705,178.04914581,6.32641219,59.43815272,129.35089298,49.43217449,15.0,135.42688715,0.84787959,2.23759617,0.72789383,0.72789383,2.7192092,10.34929605,0.72789383,72.04533875,8667.35070403,7.68895749,209.177226,7.84968338,26.14986792,131.18732013,338.74308592,16207.14505386,3.3702606,85.62131311,1310.00166016,42111.58720628,120.91012593,160.47399803,0.709,143.66997781,129.26119209,87.44385336,4019.33454996,417.12941479,900.00806644,1363.37228179,0.30515872,0.83024397,518.94731465,21589.06627952,89469.23947402,300.10710958,200.46991804,17.63175911,5.39907109,8.97758362,16.83220797,4371.04553794,52.14576359,2099.13249083,3582.9804838,8.08517388,39.73447085,44.84025895,15.4417056,1734.77570168,18.75128849,4.21401523,63.88502206,17.63175911,1535.04060637,36.7744028,10.08328539,137.05831697,1.64065055,0.38486087,1.0,3.55285849,4.12421927,56.35453609,283.80538896,3.60298013,7965.72102523,3.64,4.29929103,99.33443577,78.48416899,1435.68887417,3.75,8.45130542,14.41573732,600.42603007,9.48573246,1.27366312,0.72789383,22.60756112,571.04703874,37.42057648,,20.95335024,13001.85873651,17.63175911,32.49868764,9.87272374,3.5097194,2.88247429,2.38240073,39.86075801,6.77800061,29.24627378,2622.60282077,41.83642918,3595.06415969,39.96837498,12701.5020906,108.64248016,26147.4603916,119.09643556,2.72995443,556.17255305,2.7065318,556.17255305,101.17894884,242.24846083,17.63175911,24.02916307,26.95598717
2025-07-03,3.6725,70.03907945,82.98064332,383.83000303,1.79891351,920.31446174,1229.28917089,1.52117486,1.79,1.69999999,1.65683035,2.0,122.18033012,1.65683035,0.376,2977.67326205,1.0,1.27295586,6.89934139,5.42660205,1.0,85.61659036,13.25843393,3.27459884,2.01012419,1.35850049,2909.83006489,0.79108763,925.72429159,7.16400742,3991.83765593,504.54582409,23.96367701,93.41235299,20.88902679,177.93788217,6.32087444,59.39270483,129.58506057,49.35249699,15.0,137.27808182,0.8471239,2.23918653,0.73275195,0.73275195,2.71900298,10.33995397,0.73275195,72.02526417,8665.4262003,7.68376158,208.67564945,7.84991594,26.11923867,131.09395695,338.97586393,16208.09606709,3.37100391,85.61659036,1309.93657944,42100.58184286,120.97266119,159.78342223,0.709,143.57730776,129.15460133,87.46647484,4006.58115147,416.75764147,900.00143227,1357.16539413,0.30511467,0.8308837,518.4697363,21532.49235069,89447.52325054,299.31843172,200.34080651,17.58762482,5.38015754,8.97703713,16.82716738,4389.32858265,52.14410325,2099.39813064,3586.24242908,8.08541342,39.68994537,44.79000708,15.434674,1731.896292,18.79535426,4.22253247,63.87810827,17.58762482,1528.90380654,36.76166082,10.07392376,137.05075702,1.64422756,0.38489348,1.0,3.55549825,4.12262414,56.28908366,284.23078745,3.61210677,7949.97755754,3.64,4.28845129,99.24886871,78.88975339,1434.29744929,3.75,8.4516143,14.37928444,600.27398321,9.52394702,1.27295586,0.73275195,22.76486584,570.92960237,37.35031913,,20.96117999,13001.9652491,17.58762482,32.36752473,9.78925368,3.50858677,2.8862343,2.38345132,39.92125726,6.77262705,28.90968578,2630.67876087,41.7430726,3585.22018392,39.57451762,12625.43748748,109.47788949,26221.96143386,118.96263464,2.72911796,555.67685529,2.70677946,555.67685529,101.08877147,242.19321135,17.58762482,24.20927073,26.9594076
2025-07-04,3.6725,69.85027773,83.22075889,384.21025502,1.80365776,919.09391411,1231.32621364,1.52298957,1.79,1.69999983,1.66307935,2.0,122.75866284,1.66307935,0.376,2975.46329498,1.0,1.27554525,6.91499146,5.40977871,1.0,85.46640347,13.24957958,3.27675641,2.01350811,1.35790481,2910.99998023,0.79472502,928.1468436,7.16821618,3988.48044433,505.44914703,23.98483614,93.76467258,20.94725821,178.18334517,6.34459297,59.76630745,129.71117571,49.34940296,15.0,136.57078668,0.85031897,2.23752915,0.73267505,0.73267505,2.71826917,10.35447109,0.73267505,72.04877269,8678.73994823,7.69056502,209.58711827,7.84892553,26.14890032,131.64091913,339.15903758,16218.94958036,3.33651359,85.46640347,1310.00401667,42100.27720746,121.09415961,159.97259326,0.709,144.77073206,129.39094076,87.47343163,4017.29692367,418.32950937,899.98952303,1365.68743102,0.30537482,0.83045009,519.76507831,21502.48950937,90024.49264857,300.37642096,200.54913262,17.525762,5.39113264,8.99624806,16.86161707,4405.4869988,52.3228564,2099.62740485,3585.69026043,8.0843933,39.75684659,44.8384418,15.43824986,1735.94401983,18.66030658,4.23357464,63.84824678,17.525762,1530.89249164,36.79603853,10.05950637,136.81034535,1.64832513,0.38479773,1.0,3.55780498,4.14870265,56.51090381,284.18880588,3.6071199,7981.71070833,3.64,4.30209158,99.63961732,79.1007293,1436.96535735,3.75,8.51282861,14.23395814,600.49062509,9.58016325,1.27554525,0.73267505,22.74492415,570.83683879,37.21596343,,20.98217915,13001.85973376,17.525762,32.48777573,9.69599575,3.50767675,2.8899125,2.40847511,39.85416587,6.78290088,28.83674358,2634.67384814,41.76721943,3589.78787527,40.15365583,12610.90808771,109.95107936,26226.61664002,119.12935677,2.59553758,557.77267916,2.70677684,557.77267916,101.47004389,242.19030319,17.525762,24.28084765,26.95701308
2025-07-05,3.6725,69.87515298,83.15330681,384.38070019,1.79700817,911.78978301,1239.2019404,1.5254562,1.79,1.7,1.66107517,2.0,122.64195484,1.66107517,0.376,2973.54853654,1.0,1.27346805,6.90580372,5.4220093,1.0,85.47719149,13.23816815,3.27499999,2.01455588,1.36049347,2878.3017484,0.79437402,930.66412489,7.16533593,4000.11775491,504.99852593,23.98000616,93.65167658,20.92390044,178.39461332,6.33447016,59.76397758,129.25926758,49.26846012,15.0,135.59765157,0.84929425,2.23932402,0.7324822,0.7324822,2.71946984,10.34943093,0.7324822,71.45230533,8678.9450934,7.68676708,209.15338828,7.84955533,26.12221235,131.2638843,338.88724392,16181.02290978,3.33941604,85.47719149,1309.19974877,42086.62981679,120.92045621,159.63834189,0.709,144.46480967,129.20295478,87.45058381,4015.80711632,417.82537962,900.0015287,1361.81572273,0.30530907,0.82000982,519.36536585,21513.38650857,89609.29829143,299.94516485,200.50125402,17.60749957,5.38501179,8.9820509,16.83279593,4402.92171587,52.23899634,2099.06043038,3584.70502992,8.08504199,39.68869291,44.95545076,15.39946328,1734.61707392,18.63936881,4.22218243,63.58227184,17.60749957,1529.76807081,36.78238926,10.07437924,136.82761427,1.64934821,0.38409372,1.0,3.55125825,4.05108279,56.54088875,283.81635428,3.60262441,7971.29685941,3.64,4.29477611,99.53689745,78.60840695,1436.85376012,3.75,8.49978229,14.51356824,600.47836187,9.5623515,1.27346805,0.7324822,22.74492415,570.38406666,37.337097,,20.80876448,13001.85862077,17.60749957,32.3414398,9.63641806,3.50831339,2.86266032,2.3507598,39.85014001,6.76850463,28.93766363,2644.43619309,41.73331245,3587.66793824,40.05148715,12600.57988328,111.21661499,26203.76445402,118.42918664,2.59200844,557.10050615,2.70243842,557.10050615,101.34776213,242.20342496,17.60749957,24.39012195,26.89420782
2025-07-06,3.6725,69.15158918,83.17545781,384.34292212,1.79700615,911.79886089,1240.00207807,1.52622946,1.79,1.7,1.66061091,2.0,122.46132794,1.66061091,0.376,2974.13227755,1.0,1.27418428,6.9099701,5.42183064,1.0,85.43863157,13.23814176,3.2733645,2.01457119,1.36054528,2873.86998412,0.79433488,930.42181524,7.16337172,3987.26979283,504.68150238,23.89256168,93.62550156,20.91134763,178.56910599,6.33410691,59.80366324,130.10681539,49.35269081,15.0,135.59915946,0.84905687,2.23935134,0.73269403,0.73269403,2.7191,10.34994584,0.73269403,71.37638691,8695.8700124,7.67682548,209.20848603,7.84971665,26.1213389,131.23910426,338.90412585,16191.2587102,3.34320643,85.43863157,1309.13871869,42044.17052379,120.92044603,159.6369573,0.709,144.47937039,129.20234886,87.45000037,4015.142462,417.70860021,900.0,1363.70253135,0.3052948,0.82000483,519.36137787,21510.43948652,90000.49637187,300.10648312,200.49477886,17.58803605,5.38496863,8.96960982,16.83487726,4402.36559558,52.21055904,2099.73201717,3583.60536962,8.08520815,39.68011525,44.9555407,15.45998407,1734.68069778,18.62960229,4.22122267,63.89827845,17.58803605,1529.71198809,36.62444132,10.08360205,136.76588948,1.64934448,0.38407572,1.0,3.54922529,4.05101978,56.42831331,284.15992058,3.60253957,7975.49342581,3.64,4.29365999,99.53814578,78.752378,1436.79217555,3.75,8.49978229,14.50676699,600.51013597,9.56029117,1.27418428,0.73269403,22.74490898,570.38495839,37.20653635,,20.81153128,13001.92652034,17.58803605,32.39305285,9.68282462,3.50404869,2.855,2.35070972,39.86810189,6.76858441,28.94657411,2614.44022035,41.72421384,3586.34031365,40.13489593,12559.07660503,111.23413892,26278.61729869,118.4284181,2.59200531,556.94480028,2.7,556.94480028,101.31943611,242.20365259,17.58803605,24.39016994,26.89420782
2025-07-07,3.6725,69.83911175,83.15515676,383.12052732,1.80181334,921.95122376,1234.36034907,1.53147213,1.79,1.6999999,1.66122696,2.0,122.64373553,1.66122696,0.376,2978.00508392,1.0,1.27523329,6.90797419,5.4209183,1.0,85.49436769,13.24270086,3.27420805,2.01157175,1.36136127,2910.99965203,0.79394742,930.59614277,7.16924941,3998.31462868,505.01182261,23.97360732,93.66023465,20.92395786,178.07445913,6.33762783,59.83611131,129.24260213,49.30298736,15.0,135.60565832,0.84937186,2.24421716,0.73341283,0.73341283,2.71754411,10.35016056,0.73341283,72.17981199,8680.3231961,7.6871453,209.1761507,7.84984216,26.12922047,131.27788051,338.52096415,16219.83880313,3.34975827,85.49436769,1309.63422182,42068.61891986,120.95567738,159.70026272,0.709,144.51674067,129.18652138,87.47556818,4015.31741269,417.86356131,900.03870515,1367.82934508,0.30527318,0.82923213,519.33616103,21556.47869276,89658.4839067,299.99832493,200.49807003,17.62607004,5.38510846,8.97662633,16.83524891,4401.76591228,52.23850959,2099.15172331,3584.49450417,8.08533742,39.68226468,44.94151814,15.44377857,1733.99255607,18.61997984,4.22879941,63.8733276,17.62607004,1529.15992857,36.76335283,10.08513072,136.85510907,1.65697116,0.38476944,1.0,3.54709476,4.18771052,56.54142713,283.86709957,3.60313751,7973.60259524,3.64,4.29654974,99.51423262,78.67682432,1437.38210003,3.75,8.4467772,14.18978513,600.50289129,9.56919018,1.27523329,0.73341283,22.74492415,570.97974055,37.30450604,,20.95143958,13001.85518794,17.62607004,32.502521,9.72355003,3.50752962,2.88992137,2.37800997,39.96637392,6.77856078,28.99020522,2641.79912859,41.70369849,3587.38477813,40.12951995,12576.5835469,109.94463047,26199.53890692,119.0248076,2.73838641,557.15141508,2.70654725,557.15141508,101.35702349,242.20041014,17.62607004,24.33494758,26.89205114
2025-07-08,3.6725,69.78246107,83.37666575,383.02877694,1.80070984,916.83989532,1262.20279772,1.53633826,1.79,1.69999989,1.66589804,2.0,122.27177058,1.66589804,0.376,2975.45627252,1.0,1.27850273,6.90457782,5.48825693,1.0,85.80701902,13.3311509,3.27286796,2.0106164,1.36603815,2909.93758624,0.79703366,941.31477151,7.17369595,4036.78021485,505.21361978,23.9647869,93.92359111,20.99582412,178.07596896,6.35439557,59.93151262,129.61642029,49.66725016,15.0,136.26991808,0.85176014,2.24981728,0.73385839,0.73385839,2.71639214,10.37631505,0.73385839,72.18735913,8681.70773544,7.68445293,208.91623012,7.85001797,26.14855236,131.57758433,340.67969764,16274.55306972,3.34463616,85.80701902,1309.87824405,42062.30547376,121.4695678,159.53054471,0.709,146.19381865,129.14596879,87.47366374,4011.97509085,419.03852171,900.03869456,1369.56022346,0.30530125,0.82902917,519.1410178,21486.41600907,89831.88022568,300.3945776,200.44385675,17.82238893,5.38257392,8.99938892,16.84674488,4414.35537701,52.40973479,2099.13868689,3587.98997105,8.08551851,39.69003079,44.97484245,15.44371057,1732.4283053,18.622882,4.24117576,63.89145799,17.82238893,1529.86345732,36.757163,10.10748025,137.3555857,1.66396543,0.38492506,1.0,3.55942339,4.188725,56.51846746,283.96731151,3.62047839,7955.97919047,3.64,4.31138324,99.77663421,78.68482724,1438.78763731,3.75,8.42234302,14.42495051,600.46168441,9.50573525,1.27850273,0.73385839,22.72000592,570.10315737,37.27206645,,21.06128593,13001.85770282,17.82238893,32.51025463,9.71496385,3.50910559,2.89652438,2.38290557,40.00830178,6.77980591,29.09016876,2639.66492246,41.81718482,3593.64939739,40.08990279,12596.56263682,111.63255329,26128.29950194,118.91656109,2.75029097,558.71802895,2.7065635,558.71802895,101.64202199,242.19292306,17.82238893,24.32965152,26.8899494
2025-07-09,3.6725,69.78705925,83.48285823,383.17889566,1.80150748,920.61548949,1254.47450493,1.53089554,1.79,1.69999984,1.66845649,2.0,122.10418732,1.66845649,0.376,2978.27751336,1.0,1.28059558,6.90660867,5.44821199,1.0,85.74605563,13.3460106,3.27499447,2.01131216,1.36726501,2911.4433561,0.79636398,942.97499321,7.17960042,4050.5259768,504.6583586,23.98425688,94.06783685,21.02354625,178.06677998,6.36509555,59.9965094,129.69700071,49.67837138,15.0,136.94655173,0.85306826,2.24853157,0.73594396,0.73594396,2.71766229,10.39387773,0.73594396,72.11398569,8672.0514611,7.68507719,209.09697139,7.84998337,26.17326152,131.43020096,341.4289665,16250.51150583,3.34827487,85.74605563,1309.24801287,42124.33228931,121.98881523,159.5810522,0.709,146.84669505,129.34294077,87.47093309,4012.35885381,419.68207169,899.99058869,1372.42427607,0.30551689,0.83111257,519.5067039,21521.16789682,89878.88094972,300.41091035,200.49683938,17.78023739,5.39001097,9.00549949,16.88564774,4421.59679162,52.49337557,2099.42513584,3587.25325875,8.08548288,39.78100217,45.09138036,15.43816194,1734.0163199,18.61016045,4.25374736,63.88278182,17.78023739,1534.13500576,36.74594607,10.09711722,137.25799855,1.66613193,0.38492071,1.0,3.54747135,4.19048684,56.55618177,284.20888129,3.62136634,7965.80453936,3.64,4.33118479,99.96165034,78.42754607,1437.30817848,3.75,8.42809609,14.3558052,600.47176783,9.52870507,1.28059558,0.73594396,22.79506865,570.49167628,37.3522495,,21.07341532,13001.86078201,17.78023739,32.59790821,9.6056765,3.509819,2.89996173,2.38879172,40.04963689,6.78518092,29.08609395,2637.98315276,41.78376234,3591.73959153,40.45629591,12697.53127582,112.48134449,26142.64004716,119.55027208,2.74744147,559.57609558,2.70670963,559.57609558,101.79812153,242.00302047,17.78023739,24.30066794,26.89855723
2025-07-10,3.6725,69.84264838,83.35518156,384.07184886,1.79827086,917.5682741,1252.61194141,1.52786241,1.79,1.70002198,1.6656392,2.0,121.85239189,1.6656392,0.376,2976.74725167,1.0,1.2792568,6.89427459,5.57774934,1.0,85.69758016,13.38107546,3.27381918,2.01130993,1.36789997,2911.35004504,0.79285624,948.96957477,7.17674851,4019.08361306,503.95280006,23.94775329,93.90899758,20.99074822,177.94710362,6.35441367,59.90535698,129.69293392,49.61405961,15.0,137.70336189,0.8516278,2.24579827,0.73485168,0.73485168,2.71651813,10.39690551,0.73485168,72.08994378,8673.79915204,7.67717143,208.41106765,7.84994052,26.14030388,130.98026375,340.30404718,16234.22246744,3.30919276,85.69758016,1308.51286803,42109.91716344,122.13108198,159.42419302,0.709,145.94946048,129.08780603,87.472367,4006.79458976,418.97341293,899.99954122,1373.70759416,0.30528781,0.83060379,518.63558481,21500.34746967,89772.67874612,300.37893133,200.2610007,17.80906117,5.39479365,8.9998126,16.87654957,4413.28468877,52.43617201,2099.4819052,3585.96114868,8.08543874,39.76402172,45.25256293,15.43900135,1730.76630597,18.61127502,4.24937885,63.88360132,17.80906117,1528.27756791,36.75633308,10.07565994,137.18040145,1.66448454,0.38486502,1.0,3.5428872,4.19231037,56.42361156,284.39063154,3.61393453,7969.26813135,3.64,4.32379895,99.78328315,78.1615935,1436.24039457,3.75,8.41797093,14.52921396,600.46137167,9.4930091,1.2792568,0.73485168,22.50980403,570.010983,37.33389628,,21.0187339,13002.59862125,17.80906117,32.58179492,9.60813822,3.5086975,2.89568287,2.38706093,40.07693016,6.78187506,29.22905293,2627.51842156,41.7715116,3589.19781556,40.32310993,12649.84741512,113.02235719,26133.13586293,119.58054962,2.74712294,558.63121724,2.70682195,558.63121724,101.6262292,241.9835393,17.80906117,24.41855863,26.9005084
2025-07-11,3.6725,69.90447686,83.79840493,384.1921103,1.80205059,917.68298328,1255.81215995,1.51816377,1.79,1.70001698,1.67518608,2.0,121.78182926,1.67518608,0.376,2980.00029592,1.0,1.2808338,6.9208589,5.53327476,1.0,85.69706558,13.3341613,3.27502513,2.01150395,1.36927164,2911.43857845,0.79777535,949.64036767,7.17406218,4013.40287467,504.45105201,23.99977611,94.44725202,21.1004319,177.96890865,6.39056429,60.19380549,129.85568704,49.51349641,15.0,136.3663793,0.85650904,2.24151307,0.7374894,0.7374894,2.71651899,10.39671674,0.7374894,72.10332565,8674.44173681,7.68223065,209.33773685,7.84976919,26.22710792,131.20522385,341.56633735,16226.65178556,3.31509557,85.69706558,1309.93980482,42100.92440812,122.31068133,159.75093105,0.709,146.89969547,129.37934241,87.47168613,4012.51280884,421.37482607,899.97401178,1373.82520254,0.30581998,0.83181575,519.24023576,21539.42684509,89650.51778583,300.5284083,200.5407311,17.74269223,5.39976459,9.01750188,16.9069,4434.71539687,52.65905745,2099.6298153,3584.66218849,8.08526226,39.70524252,45.16644774,15.43783637,1735.47830869,18.64860912,4.25430971,63.88443235,17.74269223,1530.0775515,36.79781993,10.09942276,137.17957772,1.65803814,0.38489731,1.0,3.54622531,4.13067967,56.47209112,284.44104305,3.64265928,7962.7402254,3.64,4.34986458,100.33150326,77.43963409,1438.24945554,3.75,8.42267656,14.83866394,600.50125147,9.52313927,1.2808338,0.7374894,22.75776955,570.42884321,37.33249776,,21.13459732,13001.99337049,17.74269223,32.6160296,9.6802834,3.50674162,2.90645647,2.38827543,40.17151943,6.79070606,29.24284411,2610.98955484,41.82224461,3583.71433269,40.43671613,12666.33731056,113.50511254,26066.30517278,119.61316242,2.73714995,561.83310143,2.70688081,561.83310143,102.20871619,241.97813698,17.74269223,23.29932313,26.88040991
2025-07-12,3.6725,69.09096126,83.70139599,396.58494464,1.79703427,912.23549207,1259.03737869,1.51994667,1.79,1.7,1.6727739,2.0,121.49423129,1.6727739,0.376,2976.48505455,1.0,1.28037216,6.91140626,5.55268479,1.0,85.83141584,12.64252291,3.27493194,2.00814304,1.36921015,2886.87283053,0.79654846,956.31954189,7.16889568,3996.50992925,504.80765115,23.99250819,94.31125318,21.10224136,178.46105154,6.38338303,60.19014296,129.76185998,49.50857136,15.0,136.79936598,0.85527572,2.24255349,0.74065084,0.74065084,2.71729579,10.39211926,0.74065084,71.34175768,8678.978557,7.67999699,209.15363417,7.84979374,26.16775428,131.23980134,341.76880103,16222.81205628,3.33273007,85.83141584,1309.93745821,42033.00587112,121.79515455,160.43224725,0.709,147.20642246,129.17224416,87.45191904,4012.3411088,420.76806951,900.00128731,1378.13705164,0.3055654,0.82077697,523.80549127,21526.97323217,89844.7652666,300.61720876,200.58548187,17.9294215,5.39627894,9.00937526,16.86010438,4427.6089781,52.64469185,2098.91021977,3585.63363126,8.08528755,39.70041462,45.41493231,15.39903565,1735.5595654,18.63327354,4.25993885,63.64835482,17.9294215,1528.35268635,36.79312546,10.13046511,137.39463891,1.66365064,0.38494991,1.0,3.55494894,4.11702485,56.48890338,284.37142987,3.64871652,7745.92105608,3.64,4.34500126,100.20237718,77.9659118,1438.21768349,3.75,8.32720842,14.48725876,600.59410032,9.56024454,1.28037216,0.74065084,22.78487663,571.45940205,37.24497531,,21.1730329,13001.87578048,17.9294215,32.44305339,9.66280219,3.50875558,2.90064227,2.38384231,40.17830184,6.77948946,29.24005094,2610.56350246,41.78972224,3583.4631485,40.6462939,12647.22185135,115.13738297,26097.32450548,119.64743846,2.60551205,561.02409268,2.70240724,561.02409268,102.06154126,241.80139783,17.9294215,23.32044732,26.87710961
2025-07-13,3.6725,69.09571936,83.55637257,385.22839868,1.79700668,911.95584774,1260.00314026,1.51959893,1.79,1.7,1.67272491,2.0,121.51533879,1.67272491,0.376,2933.33707454,1.0,1.28002092,6.9349783,5.55540526,1.0,85.81453497,12.64200373,3.27499944,2.01779509,1.36933014,2874.87007017,0.79484203,956.22921593,7.16919536,4001.1086614,505.20552256,23.98289758,94.30849081,21.12452771,178.53780399,6.38142476,60.25279678,130.49973843,49.48688497,15.0,136.89758607,0.85525066,2.25937899,0.73896656,0.73896656,2.716,10.35270751,0.73896656,72.54913833,8699.49323717,7.67405784,208.78131408,7.84951579,26.19807626,133.27997442,341.67278163,16219.99660238,3.33306941,85.81453497,1310.37533313,42002.61466576,121.747208,159.74268841,0.709,146.59234928,129.34767073,87.45002766,4001.1677267,420.75574524,900.0,1376.94171412,0.30629861,0.82000323,521.98902413,21345.25900891,90380.08233303,300.61750365,200.56068833,17.92852355,5.38875858,8.99683123,16.85803877,4426.19995783,52.59004169,2099.9994117,3584.62939359,8.08500127,39.81781187,45.35981828,15.45995286,1733.32427782,18.62462097,4.25195407,63.77755393,17.92852355,1526.40133581,36.6243027,10.12705166,137.36761686,1.6632475,0.38489772,1.0,3.55479808,4.11892933,56.52463958,284.33221214,3.63871719,7638.78963083,3.64,4.34747882,100.30850255,77.99751692,1438.79221197,3.75,8.32639818,14.53321159,598.86380184,9.55145706,1.28002092,0.73896656,22.78483091,571.46939544,37.01017995,,21.00121948,13001.9852253,17.92852355,32.53045021,9.67470265,3.50510791,2.895018,2.38379691,40.17305058,6.77462184,29.27400318,2578.74923937,41.8860778,3583.0819261,40.7178827,12636.66835204,114.1315214,26113.04755353,119.64716193,2.6055075,561.00766032,2.70000001,561.00766032,102.05855188,241.50030658,17.92852355,23.32062655,26.87710961
2025-07-14,3.6725,69.87311866,83.69528481,383.73038371,1.80147358,917.79060477,1257.74441334,1.52368885,1.79,1.69999976,1.67337595,2.0,121.57796006,1.67337595,0.376,2973.75794917,1.0,1.28090878,6.9191646,5.56413721,1.0,85.82949217,13.34622767,3.27487174,2.01319993,1.36944351,2911.49998157,0.79654192,954.86002902,7.1700525,3998.55438471,504.90081185,23.96143996,94.34519671,21.10825932,178.03416618,6.38468641,60.20230142,129.72457572,49.51413263,15.0,136.80127564,0.85558354,2.24723512,0.74125489,0.74125489,2.71479749,10.38654712,0.74125489,72.18953581,8675.29684147,7.68041438,209.12499143,7.84991899,26.19909743,131.20899589,342.15915092,16233.9381613,3.33666214,85.82949217,1310.48003754,42113.41789197,121.83802492,159.83191427,0.709,147.16462895,129.17845567,87.4738291,4012.10699697,420.91950803,900.00422646,1378.38627835,0.30566549,0.83148545,523.86063457,21538.49982407,89683.7733251,300.63909796,200.4835227,17.95306366,5.40075877,9.00688836,16.92438804,4427.90287259,52.61214308,2099.08711962,3587.00613987,8.08541656,39.69997165,45.44868464,15.4418769,1734.63304325,18.6736842,4.25575134,63.88794702,17.95306366,1528.90570463,36.79386288,10.16058591,137.3915596,1.67114797,0.38476364,1.0,3.54857802,4.12806058,56.57234501,284.38009369,3.6534329,7891.95640366,3.64,4.34503256,100.1915131,78.04783082,1440.1088963,3.75,8.41248176,14.3743648,600.47970127,9.58290954,1.28090878,0.74125489,22.78453551,570.1817378,37.20527114,,21.18862596,13001.66448895,17.95306366,32.4239194,9.64998441,3.50868957,2.89724636,2.38604214,40.20673783,6.78844623,29.22864808,2609.08419547,41.7820598,3584.19400312,40.56598323,12632.28180379,114.26913507,26118.91403164,119.49027845,2.74031449,561.22601071,2.70729859,561.22601071,102.0982742,241.90101526,17.95306366,23.32028407,26.85175669
2025-07-15,3.6725,69.84648544,83.81057284,383.73549662,1.80283751,916.88774331,1278.86386617,1.52693225,1.79,1.70000058,1.67613004,2.0,121.13113849,1.67613004,0.376,2979.03115499,1.0,1.28239279,6.93296673,5.5888804,1.0,85.99273705,13.90801104,3.27502446,2.01349088,1.36990929,2909.48846195,0.79758462,967.25803153,7.17010147,4008.38893737,504.74417911,24.00848115,94.50047259,21.13945725,178.14521273,6.39625411,60.30189439,129.90965747,49.46116755,15.0,137.24824742,0.85699168,2.24976934,0.74449054,0.74449054,2.71326313,10.40227654,0.74449054,72.14393029,8678.83686121,7.67893486,209.25454862,7.84994,26.18201107,131.58740103,342.72122675,16275.81614642,3.35462841,85.99273705,1311.0351137,42095.56841958,122.03725046,160.12053249,0.709,147.74526977,129.31197171,87.47677685,4014.81058378,421.61226875,900.04636678,1380.66862755,0.30557957,0.83152468,524.93340203,21538.72769949,89978.97910719,301.28731629,200.60320057,17.87039779,5.42008822,9.02495672,16.94373157,4437.47788115,52.69859622,2099.26269268,3585.79638519,8.0854382,39.79814136,45.40124932,15.43809307,1735.72537066,18.73245474,4.25555496,63.87360628,17.87039779,1532.59715364,36.81167594,10.13375107,137.65287383,1.67180485,0.38485612,1.0,3.56433813,4.13800556,56.76446639,284.86666199,3.64678085,7744.91755697,3.64,4.35243405,100.38181673,78.02855925,1443.07285035,3.75,8.41965206,14.48434359,600.33996108,9.61605209,1.28239279,0.74449054,22.7509758,571.40359806,37.2340914,,21.15046654,13002.67615211,17.87039779,32.47618209,9.65265754,3.50638556,2.89199512,2.38966583,40.23141867,6.79196818,29.32620663,2596.84234978,41.84719069,3585.08005977,40.73078571,12652.02663279,114.85368049,26152.73483121,119.39448232,2.74973229,562.14969167,2.70677615,562.14969167,102.2663103,241.68674096,17.87039779,23.26082844,26.85285387
2025-07-16,3.6725,69.99840442,84.17113323,383.74662176,1.80276099,917.57104924,1260.29814776,1.53265499,1.79,1.70000515,1.68439965,2.0,121.74411439,1.68439965,0.376,2985.83313221,1.0,1.2852603,6.93757512,5.5566619,1.0,85.94222098,14.03134512,3.28073371,2.0190481,1.37170302,2911.49806561,0.80157874,967.17105351,7.17989912,4032.93906701,505.12645577,24.00856463,94.96671454,21.24329328,178.09000425,6.4277259,60.53085213,130.17301037,49.41369995,15.0,136.7984567,0.86121987,2.26075172,0.74674176,0.74674176,2.71240411,10.43464114,0.74674176,72.13189436,8673.72282543,7.67624673,210.49789913,7.84993167,26.21312278,131.33457039,344.94879471,16275.63955399,3.36557353,85.94222098,1313.24624417,42117.15712907,122.64262081,159.93767572,0.709,148.90039039,129.56281361,87.46538115,4016.73560504,423.69239937,899.98489471,1387.57584542,0.30570343,0.83286166,526.78592332,21631.84384735,89829.79339617,301.16059461,200.89728025,17.89328543,5.40999391,9.04498991,16.96959899,4451.75340269,53.05640509,2099.09355379,3586.38276981,8.08542962,39.87861376,45.43318878,15.4381855,1739.85081348,18.79797631,4.25173754,63.88524569,17.89328543,1529.29477084,36.86110368,10.24797347,137.57201024,1.68041263,0.38487025,1.0,3.56977266,4.1413773,57.00114163,284.9213005,3.67102059,7762.93265246,3.64,4.3728444,100.87310193,77.98013072,1447.84858419,3.75,8.41944379,14.57248008,600.49722025,9.71948786,1.2852603,0.74674176,22.75508713,573.11471131,37.38489609,,21.25640252,13001.85492198,17.89328543,32.56089248,9.65355386,3.50869844,2.90133977,2.3927775,40.26063179,6.78901992,29.3563289,2614.72587088,41.80909447,3583.45426456,40.66358542,12739.07677174,116.15294967,26146.85003823,119.63616047,2.75582985,564.92319917,2.70688547,564.92319917,102.77086698,241.5951607,17.89328543,22.90848378,26.84898232
2025-07-17,3.6725,69.10337601,84.05223438,382.90406618,1.79975022,918.62768457,1260.95990814,1.54246254,1.79,1.70023166,1.68254286,2.0,121.11604727,1.68254286,0.376,2967.33258958,1.0,1.28542771,6.9179591,5.56827646,1.0,85.93553405,13.90035387,3.27418917,2.01265035,1.37128612,2901.61171514,0.8018699,967.88964656,7.17711983,4015.3046992,504.63734216,23.96979022,94.86202834,21.1936867,178.05253453,6.42070454,60.22397641,130.33178946,49.42193193,15.0,137.26559742,0.8602705,2.26091644,0.74649268,0.74649268,2.71291645,10.39723291,0.74649268,72.37290254,8684.10825973,7.67223828,208.9745618,7.84992589,26.18364506,132.02035118,343.83918788,16309.60032179,3.3551519,85.93553405,1311.0146015,42080.34544635,122.32853844,159.95576521,0.709,148.40221081,129.21308016,87.47222827,4008.64888901,423.22534365,900.01273673,1390.45093187,0.3060337,0.82920983,527.94266106,21485.8982208,89812.65445978,301.25920341,200.5673755,17.855982,5.42672358,9.04430224,16.92823612,4444.76239545,53.00838441,2099.31250195,3585.55027429,8.08542367,39.87992729,45.6043429,15.443578,1733.94434249,18.7526487,4.24899302,63.80374425,17.855982,1526.63171077,36.77039236,10.26884475,137.56130613,1.68767457,0.38492371,1.0,3.55124779,4.19595087,56.99622958,284.83894189,3.65853461,7703.51276857,3.64,4.362357,100.77894879,78.12084086,1440.97398035,3.75,8.40842088,14.46305668,600.00921521,9.73146249,1.28542771,0.74649268,22.80383035,571.3521951,37.14933965,,21.23071696,13001.91236959,17.855982,32.50963869,9.57796606,3.50680232,2.90035272,2.38917735,40.26883682,6.78722169,29.45016783,2604.46625914,41.90349747,3582.62906545,40.4473116,12762.21506045,116.86306682,26129.08031682,119.59172779,2.63607324,564.3004582,2.70659868,564.3004582,102.6575779,241.42791054,17.855982,22.89298775,26.80186206
2025-07-18,3.6725,69.08329135,83.95966139,383.67436416,1.7988012,917.91077649,1272.86701664,1.53813279,1.79,1.70028188,1.68238995,2.0,121.1801685,1.68238995,0.376,2974.9496898,1.0,1.2848713,6.90211375,5.5480062,1.0,86.01319333,13.89994011,3.27205627,2.01148497,1.37399306,2909.9894949,0.80289892,964.48870737,7.18189371,4017.44903438,504.14628687,23.94221169,94.85340761,21.19833465,177.96051361,6.41952972,60.084657,130.3331952,49.38861002,15.0,136.8990847,0.86019232,2.25827761,0.74463024,0.74463024,2.71058037,10.42331944,0.74463024,72.18159348,8678.80354319,7.67206141,208.42925285,7.84898677,26.16190899,131.05338557,343.33267882,16301.97507355,3.36129955,86.01319333,1309.8864791,42122.3461726,121.98719444,159.98968764,0.709,148.55690039,128.97165782,87.47098165,4013.46560071,423.1868824,899.96223657,1391.42446708,0.30560931,0.82883454,532.55445544,21520.03284802,89553.83327657,300.48114318,200.43497112,17.8122596,5.42227749,9.07495415,16.96036588,4443.40957069,52.98884544,2099.3194183,3585.9652364,8.08445637,39.71206708,45.66886881,15.4346646,1731.08581226,18.76590485,4.24448326,63.87657442,17.8122596,1526.10854258,36.73722124,10.27613121,137.68561923,1.68030721,0.38489172,1.0,3.54762545,4.14921698,57.14665607,284.39275533,3.66340536,7736.12431971,3.64,4.3649694,100.74733873,77.98399334,1435.81401796,3.75,8.4063008,14.51177292,600.52491359,9.72535269,1.2848713,0.74463024,22.76499437,569.15023963,37.00396159,,21.26965465,13001.80315079,17.8122596,32.41185989,9.56225594,3.50935346,2.9002391,2.38754637,40.34387435,6.78140875,29.39104979,2610.92753688,41.75678738,3581.09323654,40.32144459,12687.20477502,117.08861996,26152.51045821,119.71606282,2.76156969,564.24917654,2.70650528,564.24917654,102.64824874,241.37024702,17.8122596,23.068814,26.81450135
2025-07-19,3.6725,68.98244884,83.87914752,384.23497062,1.79701883,912.20766075,1285.53360099,1.5365987,1.79,1.7,1.68183802,2.0,121.37773674,1.68183802,0.376,2971.36533054,1.0,1.284254,6.90648924,5.57643407,1.0,86.15460169,13.9565469,3.27497729,2.01452601,1.37530024,2887.63558464,0.80250325,963.94738598,7.18129897,4012.55819399,504.13452075,23.99156306,94.82228972,21.1995183,178.22228099,6.41920626,60.37053814,130.31050607,49.42045621,15.0,136.89576958,0.85991013,2.25430015,0.74581168,0.74581168,2.71201584,10.42480116,0.74581168,71.32607383,8656.7331694,7.67743623,209.14381897,7.8473485,26.19067809,131.24801821,343.23439791,16323.15774833,3.36076838,86.15460169,1310.47314386,42088.33863079,122.44592513,159.94132829,0.709,148.82044662,129.39804246,87.45155947,4006.74171757,423.04805047,900.01223993,1390.10685335,0.3056362,0.82071678,532.27260528,21500.74962204,89998.63577782,301.61650324,200.69129949,17.7247469,5.42994571,9.04750049,16.99598302,4437.46738324,52.92215128,2098.2752807,3586.00160353,8.08276896,39.79825949,45.67791385,15.39882943,1733.5022105,18.73744671,4.24609962,63.65784279,17.7247469,1529.2330782,36.79700718,10.18030268,137.91197866,1.67729898,0.38476244,1.0,3.56545794,4.06453338,57.11932648,284.93538937,3.6526804,7750.40645879,3.64,4.36419873,100.7469321,78.48480202,1438.02584322,3.75,8.29971953,14.48963675,600.64090745,9.66950726,1.284254,0.74581168,22.7650213,569.68754122,37.21687681,,21.24767928,13001.86973755,17.7247469,32.39033362,9.62489738,3.51001912,2.90586391,2.38277353,40.39402647,6.78798589,29.41051209,2603.81855029,41.78973462,3583.25311125,40.4857804,12626.00813909,118.94060087,26129.70213004,119.7881523,2.64690282,564.0640673,2.70246573,564.0640673,102.61457365,241.18011696,17.7247469,22.99953987,26.83276354
2025-07-20,3.6725,69.07916308,84.06896767,384.23585558,1.79700586,911.84435619,1285.00392668,1.53657632,1.79,1.7,1.68214112,2.0,121.63536805,1.68214112,0.376,2934.10622954,1.0,1.28504752,6.90996464,5.58535234,1.0,86.14916044,13.95756042,3.2773144,2.01769439,1.37276083,2879.69034608,0.8023056,964.10424723,7.17725416,4014.63703434,503.5469861,23.80952589,94.83937818,21.19029041,178.3101376,6.41886236,60.33737859,130.52547924,49.40908389,15.0,136.51404252,0.8600651,2.28013881,0.74549869,0.74549869,2.7118,10.38270782,0.74549869,72.54907054,8700.97288747,7.67297697,208.76941759,7.84653699,26.23278738,133.38213665,343.17471247,16322.71117197,3.35786457,86.14916044,1310.2276615,42002.58339576,122.37228681,159.4396205,0.709,148.80486069,129.34677541,87.45001798,4001.78952204,423.12429032,900.00000002,1390.40262035,0.30640013,0.82000414,533.25083376,21390.15655602,90106.38747847,301.61783218,200.68540979,17.73141087,5.41942823,9.04575203,16.98083127,4444.35787523,52.80090506,2099.55176753,3584.71132837,8.0819331,39.82274941,45.50003732,15.45954635,1733.44164169,18.75200051,4.24611647,63.81565489,17.73141087,1528.69445389,36.62456436,10.18731811,137.90326857,1.67710377,0.38510165,1.0,3.5672097,4.06420582,57.01105086,284.73331208,3.65192284,7627.90541071,3.64,4.36489834,100.72444015,78.49893441,1441.0385192,3.75,8.29877759,14.78130901,598.82546695,9.66436818,1.28504752,0.74549869,22.76501695,571.44761963,37.21004782,,21.05770989,13001.78935419,17.73141087,32.41692175,9.61328232,3.50771378,2.87448923,2.38268834,40.37704536,6.73665141,29.43554657,2583.91434724,41.92425843,3583.43528718,40.37135109,12654.2302784,118.00392402,26145.09249616,119.78950058,2.64690125,564.16572042,2.70000006,564.16572042,102.63306639,240.93190168,17.73141087,23.04070074,26.83276354
2025-07-21,3.6725,69.05794799,83.92900602,382.72507985,1.80385718,922.94540666,1277.66430299,1.53766494,1.79,1.69999887,1.68299055,2.0,121.6190603,1.68299055,0.376,2980.61908254,1.0,1.28476646,6.9204421,5.58651728,1.0,86.15985734,13.84783905,3.27567056,2.01390863,1.37312431,2907.98049404,0.80183681,963.99352037,7.17724816,4022.54977722,504.92324867,24.03035059,94.88726943,21.19467823,178.01234229,6.42334135,60.46936747,130.25500322,49.43627584,15.0,139.17573064,0.86049941,2.25693778,0.7455729,0.7455729,2.71046631,10.43786855,0.7455729,72.19930024,8688.62253492,7.6818796,209.46327856,7.84915126,26.19261954,131.7511679,343.33580634,16330.4983813,3.35829356,86.15985734,1310.8589136,42111.38134086,122.54108329,160.08506147,0.709,148.47935815,129.29862356,87.47327982,4013.57228399,423.33795634,900.00490639,1391.79528507,0.30562934,0.83124366,533.49686753,21523.6732785,89911.7259717,302.24699735,200.62531417,17.71195566,5.4461179,9.0387052,17.02626471,4455.35201818,52.95561399,2099.14753987,3586.1799157,8.0846258,39.87220819,45.68169647,15.44047776,1736.66291349,18.72630499,4.2397269,63.87083654,17.71195566,1530.17205969,36.82329357,10.17239933,137.92039163,1.68206136,0.38495693,1.0,3.56641546,4.20001086,57.15443182,285.08567603,3.65214529,7735.76277435,3.64,4.36364421,100.8082468,78.6559963,1444.29205882,3.75,8.50000483,14.61723017,600.32624668,9.67652694,1.28476646,0.7455729,22.76502091,571.5973375,36.73479921,,21.22833847,13001.85513102,17.71195566,32.49821691,9.56620733,3.50685222,2.89761185,2.40143563,40.40234023,6.79127118,29.42774097,2606.47476241,41.79686783,3583.3453745,40.37911269,12613.58855176,117.67593236,26130.19387872,119.53149382,2.63655696,564.45060845,2.70711697,564.45060845,102.68489324,241.17847266,17.71195566,23.00274071,26.8116772
2025-07-22,3.6725,69.00430222,83.44242746,382.98970064,1.79783812,916.08582819,1274.09162252,1.53400929,1.79,1.69999889,1.67308766,2.0,121.36797037,1.67308766,0.376,2974.59352401,1.0,1.2814406,6.89810523,5.56629586,1.0,86.23558484,13.98546678,3.27491893,2.00624973,1.36883528,2908.10574334,0.79816146,954.23498637,7.17122273,4037.59899188,503.97627577,23.93984183,94.32894309,21.0643462,177.76439533,6.38582962,60.30399207,130.09539237,49.25058395,15.0,137.97636369,0.85543614,2.25623481,0.74175747,0.74175747,2.70931838,10.42355601,0.74175747,72.18244229,8677.78759494,7.67001901,208.47856781,7.84980936,26.15720003,131.26277582,341.46300636,16310.25598161,3.34734697,86.23558484,1308.00996165,42082.60373331,121.81194075,159.54073832,0.709,147.53169162,128.97976744,87.47083409,4000.17194084,420.84699275,899.99483152,1384.992055,0.30536316,0.82844542,528.86308899,21512.74561621,89603.81893839,300.93155912,200.37840252,17.62403662,5.41925591,9.02884588,16.95429821,4432.21457292,52.75971646,2099.30032001,3586.0811852,8.08530364,39.75453311,45.67355101,15.4436504,1730.64748637,18.67889515,4.23259679,63.86924199,17.62403662,1528.45288137,36.72943106,10.17211816,138.04161244,1.6779664,0.38484446,1.0,3.5578756,4.19959808,57.02052546,284.52193388,3.63077191,7729.02255627,3.64,4.33608818,100.19844657,78.20017331,1441.32109195,3.75,8.38092099,14.5956185,600.31726687,9.57685664,1.2814406,0.74175747,22.72998369,569.54259632,36.78818651,,21.12442931,13001.85654924,17.62403662,32.26352734,9.56048797,3.50698936,2.87896428,2.38452514,40.41276873,6.7831804,29.37473349,2600.8716054,41.74928628,3583.03948612,40.24847471,12638.06407334,118.30388192,26139.75911875,119.27127762,2.75430118,561.12932367,2.70508145,561.12932367,102.08068489,240.98885029,17.62403662,23.0999871,26.83261488
2025-07-23,3.6725,69.07723573,83.09328784,383.02982988,1.79733472,916.66759061,1255.57801277,1.52376831,1.79,1.7000012,1.66606436,2.0,121.45908703,1.66606436,0.376,2976.40056463,1.0,1.27865264,6.89128366,5.56505275,1.0,86.30729715,13.97722195,3.27136825,2.00463856,1.35977339,2909.68268786,0.79358682,950.74781357,7.16939299,4044.04142577,504.40249925,23.93757407,93.93296792,20.97033678,177.69433145,6.35900782,60.25576895,129.78557011,49.07325983,15.0,138.03798302,0.85184518,2.24465987,0.73935256,0.73935256,2.70911091,10.43440404,0.73935256,72.11061943,8668.5670456,7.66715287,208.42670837,7.84987799,26.16014035,130.97893326,340.03398334,16277.59678879,3.33876053,86.30729715,1308.25831565,42108.69948555,121.30530972,159.78700719,0.709,146.50375647,129.26009028,87.47138713,4000.32258049,419.08035619,899.96796627,1378.08149988,0.30528627,0.83043372,534.83819328,21493.88228892,89686.6914403,301.38936197,200.28709491,17.5516399,5.4108663,9.00288157,16.9297103,4414.09838272,52.56545196,2099.04101906,3588.54976011,8.08537433,39.65327558,45.47374246,15.43829874,1730.32513078,18.6417902,4.22671274,63.87744274,17.5516399,1527.12046998,36.75042154,10.06880973,138.15640591,1.66524638,0.384872,1.0,3.55547633,4.20001093,56.92172211,284.59848575,3.62246624,7748.26541616,3.64,4.31766995,99.80545187,78.48993,1440.46061502,3.75,8.41222214,14.62508387,600.42610348,9.51005174,1.27865264,0.73935256,22.73779517,568.88993086,36.70903967,,21.03631155,13001.85488953,17.5516399,32.18761065,9.59716832,3.507835,2.87193304,2.38817179,40.42794861,6.77992784,29.36697094,2606.69994456,41.74391632,3589.3828437,40.22192533,12642.86837718,119.82165305,26136.22071949,119.95135823,2.74524234,558.77380826,2.70670328,558.77380826,101.65216936,240.99174846,17.5516399,23.18804911,26.83128794
2025-07-24,3.6725,69.04482005,82.93695856,382.29123491,1.79764966,914.09266257,1258.51244543,1.51382265,1.79,1.70000001,1.66103966,2.0,121.56883365,1.66103966,0.376,2969.99570585,1.0,1.2757815,6.89779549,5.51767037,1.0,86.35459786,13.69513766,3.27083944,2.01032677,1.36034581,2909.99998116,0.79210643,948.56167638,7.15428797,4036.56598558,504.71484102,23.92499315,93.64967486,20.88947488,177.73661376,6.3385574,60.35302549,129.68558644,49.08918629,15.0,137.23594774,0.84927609,2.23697461,0.73631898,0.73631898,2.70830326,10.43699125,0.73631898,72.21981438,8675.27697249,7.66704487,208.45905864,7.84973352,26.16966218,131.2578517,338.55835619,16276.40968508,3.32984929,86.35459786,1308.65079106,41974.87544972,120.81829774,159.86696428,0.709,146.05789496,128.97762251,87.47163781,4000.25603531,417.81644898,899.9933639,1369.76089402,0.30500062,0.82993436,538.06286373,21523.08089319,89834.22024531,300.89165185,200.35869995,17.53725941,5.40051435,8.99154865,16.93378273,4403.0408955,52.43235281,2099.30573065,3589.8917523,8.08522553,39.69134719,45.3269162,15.43803152,1730.9924544,18.54455415,4.22206216,63.84499332,17.53725941,1524.71627912,36.74238689,10.1015854,138.23212252,1.65344083,0.38487409,1.0,3.55392904,4.1994358,56.70133354,284.31017051,3.61081398,7706.5515987,3.64,4.30584016,99.50741219,78.4067105,1441.30788165,3.75,8.39248927,14.46832096,600.53208346,9.50310631,1.2757815,0.73631898,22.73501569,570.55894079,36.55500248,,20.99776626,13001.89714905,17.53725941,32.14870249,9.59357916,3.50649252,2.86529645,2.38778031,40.46513262,6.7837667,29.29011461,2589.32701737,41.76602885,3588.5909741,40.05838659,12734.02762823,120.69142312,26184.83965122,119.48670778,2.73323239,557.08859863,2.70688819,557.08859863,101.34559591,240.97016609,17.53725941,23.36717742,26.79587167
2025-07-25,3.6725,68.84884825,83.03125174,383.36374318,1.80066864,919.33925233,1272.97902978,1.51892593,1.79,1.69999958,1.66575307,2.0,122.14028903,1.66575307,0.376,2973.52122975,1.0,1.27916754,6.90578123,5.52143947,1.0,86.46843772,13.74050637,3.27381977,2.01280078,1.36505011,2910.49998156,0.79664661,950.30992971,7.16028534,4073.84527287,505.15412702,23.961623,93.91541777,20.90948833,178.02207188,6.35770056,60.53418214,129.39043125,49.06835901,15.0,137.69048325,0.85168602,2.24140219,0.74088143,0.74088143,2.70751566,10.45009384,0.74088143,72.26179491,8683.67991213,7.67257999,209.08719496,7.84977065,26.18729296,131.46838281,338.00202526,16322.14246159,3.34971834,86.46843772,1309.53886032,42093.96877982,121.11378346,159.76778698,0.709,147.42969747,129.20710724,87.40595888,4013.2398377,419.0020565,900.02092389,1376.2206714,0.30501815,0.82946927,543.08718837,21499.59424617,89690.01676529,301.65531595,200.5315642,17.62763601,5.3998795,8.98123013,16.93360774,4413.76553085,52.40107689,2099.48596572,3588.48425223,8.08526376,39.77442689,45.2289118,15.44376037,1733.10976272,18.55372822,4.22143698,63.84261392,17.62763601,1528.26809457,36.7528082,10.13396642,138.41435168,1.65974486,0.3849064,1.0,3.54780514,4.20374846,56.84563617,284.20105355,3.62357553,7764.57432458,3.64,4.31772425,99.78869499,79.35155647,1443.08529237,3.75,8.39817989,14.47952451,600.47228941,9.54272422,1.27916754,0.74088143,22.7449246,569.88872407,36.65477617,,21.04419094,13001.85871926,17.62763601,32.29680531,9.51284304,3.50775463,2.86873244,2.37746579,40.52948346,6.79400087,29.43980917,2575.50926786,41.75863505,3589.07465364,39.97501595,12691.03513069,120.51531012,26137.64628488,119.48184481,2.73595634,558.66940867,2.70655302,558.66940867,101.63317698,240.9529328,17.62763601,23.40640151,26.78179615
2025-07-26,3.6725,69.12046554,82.97400224,383.94302211,1.79705443,912.13973901,1281.37618079,1.52324614,1.79,1.7,1.66493471,2.0,122.14957989,1.66493471,0.376,2974.91429361,1.0,1.28105793,6.89384659,5.56417074,1.0,86.50568335,13.90453127,3.27480934,2.01459434,1.37039136,2883.36880074,0.79549258,963.68296405,7.16868513,4108.80860523,504.94774238,23.96135038,93.86927827,20.91643924,178.34923984,6.35437075,60.57201365,129.5058119,49.10636256,15.0,139.01361133,0.8512676,2.2427269,0.74403751,0.74403751,2.70935616,10.44927024,0.74403751,71.95287016,8680.37022785,7.67774032,208.8599438,7.84953894,26.16382258,131.04336233,337.8209028,16348.82488376,3.35403419,86.50568335,1308.58076639,42042.4468165,121.11697564,160.19424503,0.709,147.64427189,128.97588365,87.30320855,3997.13010248,418.79620591,900.00102899,1382.25213109,0.30536111,0.82061355,544.51801176,21508.74787797,89620.22249457,301.20103222,200.16167524,17.76522391,5.38885081,8.99699126,16.7909999,4409.01038848,52.40106189,2098.18269161,3587.26803585,8.08502511,39.83693558,45.38592546,15.39989821,1730.52914846,18.55197483,4.22442314,63.64790034,17.76522391,1528.57683738,36.72577919,10.16159175,138.47397262,1.66210061,0.38458423,1.0,3.5400577,4.06578153,57.14926685,282.90281083,3.61730023,7485.95556931,3.64,4.31416121,99.71157471,79.40346062,1442.75426208,3.75,8.49978999,14.5288139,600.53422642,9.5279592,1.28105793,0.74403751,22.68499812,569.14271658,36.66246955,,21.04853805,13001.86581115,17.76522391,32.37597786,9.53410625,3.50838268,2.90682633,2.36603624,40.55796661,6.7945318,29.48331583,2572.66530418,41.74419783,3586.41117017,40.12373257,12609.48661562,121.94668384,26109.10458503,118.60125665,2.7389878,558.39494122,2.70230989,558.39494122,101.58324585,240.94961317,17.76522391,23.50076601,26.78365112
2025-07-27,3.6725,68.6918401,83.00575111,383.94303704,1.79700774,911.93359693,1279.50521943,1.52315714,1.79,1.7,1.66503716,2.0,122.29464971,1.66503716,0.376,2934.21797796,1.0,1.28084338,6.93491458,5.56039147,1.0,86.49521245,13.91287012,3.27498106,2.01779823,1.3697199,2873.85002279,0.79549227,963.74819524,7.16790115,4136.29646666,508.4842243,23.9342216,93.87505437,20.91888438,178.41685828,6.35709199,60.78978748,130.22243785,49.09084402,15.0,139.01536073,0.85131998,2.24273893,0.74299735,0.74299735,2.7086,10.40269478,0.74299735,72.54892258,8700.7868112,7.67595186,208.98322968,7.84935185,26.26749854,132.76838895,337.827376,16311.92453322,3.3532883,86.49521245,1310.31093751,42002.5953043,121.11691768,159.74718382,0.709,147.64301892,129.35207249,87.30001212,3999.9999712,418.82197587,900.0,1383.12594081,0.30640036,0.8200031,544.71488642,21365.40437317,90268.45525741,301.19089319,200.84271646,17.76424144,5.3976445,8.99285007,16.78057631,4442.26148966,52.69981324,2099.82497853,3586.98045305,8.0848324,39.92693092,45.31020519,15.45996236,1733.3620917,18.53780646,4.2213313,63.70056988,17.76424144,1529.38331427,36.62444333,10.16247486,138.45721132,1.66196041,0.38510227,1.0,3.54632766,4.06427558,57.1420174,283.20774804,3.61700622,7456.95100581,3.64,4.31684371,99.70030539,79.35492866,1443.23963187,3.75,8.49978999,14.70804686,598.81340625,9.52893713,1.28084338,0.74299735,22.68499754,569.19853602,36.67999192,,20.94934969,13001.95345382,17.76424144,32.31428563,9.53593967,3.5099804,2.86500075,2.36571574,40.54966946,6.81987348,29.50988495,2543.49147534,41.85862319,3586.1370118,40.08165836,12651.48754069,121.04920021,26124.75344205,118.59690991,2.73899181,558.42930116,2.70000003,558.42930116,101.58949661,240.73011302,17.76424144,23.50146508,26.78365112
2025-07-28,3.6725,68.72520119,83.00577145,382.74018053,1.79732228,922.9942136,1275.04735569,1.52198224,1.79,1.69999994,1.66481341,2.0,122.11982132,1.66481341,0.376,2972.5453351,1.0,1.28111223,6.89952789,5.56376661,1.0,86.47095207,13.82168421,3.27385136,2.00692265,1.37034874,2905.57188836,0.79587349,954.97755074,7.16816363,4127.49939805,505.21774217,23.94026977,93.86243957,20.90108808,177.94425419,6.35282706,60.53206346,129.47071582,48.9953371,15.0,138.23519078,0.85120558,2.24348324,0.74452018,0.74452018,2.70463935,10.42815885,0.74452018,72.44215274,8679.69970527,7.66798848,208.66360716,7.84887352,26.16861508,131.27451741,337.28605043,16346.95423332,3.35104605,86.47095207,1308.73537295,42085.23800854,121.04175741,159.34659617,0.709,147.91905498,129.06311237,87.34292999,4003.663633,418.76569515,899.96433028,1381.33667238,0.30540899,0.82966673,544.43569015,21485.43479544,89595.1809722,300.88254971,200.38455336,17.74413583,5.38627077,8.99875994,16.7688948,4413.6112846,52.40423992,2099.33677787,3591.07400755,8.08433973,39.85677583,45.37731108,15.44185491,1729.98423022,18.53171464,4.22148545,63.84572693,17.74413583,1527.39382813,36.74180011,10.1523284,138.41837653,1.66238514,0.38488759,1.0,3.53496142,4.13723813,57.03647115,282.93726671,3.61613686,7710.84716275,3.64,4.31380544,99.71293222,79.42932083,1442.56191611,3.75,8.39634522,14.29386308,600.23552213,9.51356463,1.28111223,0.74452018,22.68499807,569.66183969,36.60890442,,21.00936186,13001.85518382,17.74413583,32.56244516,9.55339492,3.50851532,2.87101014,2.38246757,40.55091109,6.79757289,29.47640176,2564.35062666,41.78322985,3581.95620988,39.97976589,12627.37357577,121.99408462,26153.90601219,119.16364886,2.74001135,558.3542602,2.70651137,558.3542602,101.57584515,240.91563894,17.74413583,23.49785536,26.78153256
2025-07-29,3.6725,68.71925045,83.99889241,383.23394696,1.80005932,920.48899406,1293.71434982,1.53273566,1.79,1.70461224,1.68645256,2.0,122.46955903,1.68645256,0.376,2966.16297085,1.0,1.28604497,6.92008207,5.5889209,1.0,86.73660083,14.02873875,3.27410105,2.01220546,1.37337751,2904.11854796,0.80283729,961.63920414,7.17603339,4175.69803132,506.26945875,23.98356251,95.08245816,21.20417571,178.03649646,6.43522923,60.62366442,129.91758333,48.78355966,15.0,138.38372096,0.8622695,2.254012,0.74884768,0.74884768,2.70476597,10.46290086,0.74884768,72.45500791,8678.07313464,7.67252795,209.23371024,7.84969478,26.25053724,131.31594168,342.58967804,16378.15168202,3.35393208,86.73660083,1309.82764542,42085.5118595,122.62217804,159.25702582,0.709,148.41070032,129.30024428,87.34025606,4002.44085538,424.20878758,899.99963054,1390.89874559,0.30543127,0.83185331,542.60054443,21526.93857537,89740.79446195,301.85570996,200.58384501,17.89377995,5.40318819,9.05740442,16.80593291,4459.01461303,52.64229995,2098.90704203,3591.11761129,8.08518563,39.81803557,45.34404154,15.43248492,1734.15378736,18.77416679,4.23370576,63.85505718,17.89377995,1529.18189547,36.80617277,10.19470872,138.84361377,1.67421551,0.38490167,1.0,3.58676876,4.2028672,57.21871805,283.2055963,3.67324712,7600.8066218,3.64,4.37363434,100.99851318,81.29257521,1442.42605781,3.75,8.40531693,14.48802885,600.092827,9.61205207,1.28604497,0.74884768,22.71500901,570.75720196,36.53546869,,21.21193003,13002.53965796,17.89377995,32.4353482,9.53369774,3.50858118,2.87026355,2.39175746,40.56136885,6.78871835,29.62814769,2566.14717224,41.76418892,3585.25360137,40.02003456,12565.9532445,122.08337799,26211.83274972,119.31775989,2.75300552,565.61171677,2.70697695,565.61171677,102.89612215,240.87580515,17.89377995,23.26024789,26.79968736
2025-07-30,3.6725,68.79844596,84.29404629,383.73702217,1.80335843,917.87009054,1291.4560808,1.53392159,1.79,1.69999978,1.6907888,2.0,122.9337273,1.6907888,0.376,2970.6232095,1.0,1.28557644,6.91482383,5.57424938,1.0,87.06993795,13.91461924,3.27498911,2.01260587,1.37619803,2910.4993898,0.80427769,961.20655033,7.17429846,4137.26577684,505.62693841,23.98884784,95.32693587,21.25742899,178.11042498,6.45234253,60.93726825,130.54999488,48.65382082,15.0,138.19944838,0.86448659,2.25755494,0.74828214,0.74828214,2.70468375,10.4915475,0.74828214,72.39671957,8688.57950757,7.67448996,209.39845417,7.84980003,26.31974756,131.25803977,345.62800366,16375.20956299,3.36633242,87.06993795,1309.98162179,42150.17248185,122.94141871,160.34210107,0.709,148.04296917,129.32750044,87.34262146,4016.00926417,425.29952075,900.00720915,1381.79180492,0.3053761,0.8296074,543.75861116,21529.6087522,89781.74782033,302.38951689,200.67982164,17.85532749,5.40991596,9.08700164,16.97201162,4430.49474685,53.08055301,2099.79597424,3588.86955093,8.08529404,39.93910636,46.06415414,15.44338797,1735.7860176,18.73780095,4.23222538,63.87949982,17.85532749,1529.84574266,36.78302204,10.18532901,139.37720317,1.67531527,0.38489822,1.0,3.55217228,4.14795139,57.21199653,283.02600034,3.69879915,7610.19361163,3.64,4.38893212,101.28775816,81.03848006,1442.90268071,3.75,8.49957901,14.4793413,600.50013533,9.63846486,1.28557644,0.74828214,22.79506851,571.62633997,36.78453008,,21.39358857,13001.85405105,17.85532749,32.36882622,9.53036466,3.50625264,2.8962766,2.40839716,40.57486619,6.78920074,29.67950766,2579.04815297,41.81682648,3586.62188052,40.01366269,12551.50854575,123.19392808,26226.98804393,119.18952462,2.75852027,567.06602767,2.70611776,567.06602767,103.16069049,240.5959728,17.85532749,23.20092783,26.80331232
2025-07-31,3.6725,68.81623139,85.30283981,383.82472076,1.80248786,917.44687886,1318.41663563,1.5491513,1.79,1.69997302,1.71100093,2.0,122.67240003,1.71100093,0.376,2971.13793743,1.0,1.29367688,6.9123858,5.57697598,1.0,87.62805331,13.65396744,3.27489562,2.01191816,1.38249328,2909.68041906,0.81307502,981.75991321,7.19127973,4184.49247095,505.47446353,24.00811209,96.466499,21.5182452,178.02547462,6.52928985,60.98985968,130.68295521,48.72457904,15.0,138.19563195,0.87482089,2.26895648,0.75416895,0.75416895,2.70468806,10.49738916,0.75416895,72.49170783,8678.90438148,7.67733599,209.26533438,7.84969296,26.30188248,131.38481465,350.43324994,16437.63140133,3.38255864,87.62805331,1309.84421484,42214.28473761,124.40606356,160.099495,0.709,148.8919467,129.3796564,87.35285381,4014.76081174,430.38366248,899.99807974,1389.43611488,0.30584202,0.83155685,542.79690092,21597.13572602,89750.62689752,302.23347613,200.67573097,17.98114271,5.42035319,9.11882533,16.96769419,4430.95876612,52.63771873,2099.2899247,3590.61578406,8.08518375,39.84707265,46.13606315,15.44120191,1735.62154468,18.84341987,4.2526877,63.87384116,17.98114271,1530.16725755,36.79814142,10.30319488,140.27060634,1.69157541,0.38493554,1.0,3.56860978,4.20646417,58.05502018,283.47065424,3.73980141,7596.43049527,3.64,4.43971718,102.50216277,81.01377784,1441.77879083,3.75,8.38803658,14.43999416,600.36584613,9.77798397,1.29367688,0.75416895,22.72499539,571.43368565,36.67955165,,21.63137954,13001.79777825,17.98114271,32.6921739,9.56051577,3.50822152,2.88269307,2.39672473,40.59221009,6.78935307,29.91155025,2567.71755174,41.73774172,3584.65855354,40.10457516,12612.24232033,124.06247259,26214.74769802,119.40938999,2.77148392,573.84488331,2.70724213,573.84488331,104.39390037,240.58735768,17.98114271,22.99945205,26.80651334
2025-08-01,3.6725,68.7578417,85.40439007,383.8110128,1.80137717,917.35725049,1371.41528639,1.55503395,1.79,1.69999746,1.71379076,2.0,122.31537585,1.71379076,0.376,2974.23021289,1.0,1.2986822,6.90894423,5.60119559,1.0,87.61870702,13.85304561,3.27498872,2.01140754,1.38569503,2909.68041906,0.81397438,973.6213953,7.20845079,4185.99700159,505.29738594,23.99604583,96.62379015,21.53835675,178.01626004,6.54081521,60.98032776,130.96709259,48.58591859,15.0,138.19088761,0.8762473,2.2738092,0.75788905,0.75788905,2.7038326,10.49685148,0.75788905,72.5763746,8676.06051787,7.6747728,209.11637127,7.8499774,26.29169206,131.28417493,350.48926728,16500.60620433,3.39438997,87.61870702,1309.94626227,42298.19916709,124.6108585,160.026745,0.709,150.8224511,129.29204253,87.46672705,4014.25868961,431.08541433,899.99452112,1398.92224127,0.30615209,0.83145892,540.6902882,21549.7908066,89921.79528791,302.09415674,200.70072221,18.22630205,5.42109075,9.15731505,16.95745762,4518.72540112,53.23157964,2098.69816882,3590.6392746,8.08547672,39.84342548,46.67371329,15.43765091,1735.36556995,18.88200399,4.27993454,63.88511479,18.22630205,1530.34109732,36.79767193,10.33825918,140.25564527,1.70074804,0.38497613,1.0,3.58155375,4.20828309,58.4618544,283.51003567,3.74754857,7606.4523303,3.64,4.44707221,102.66297111,80.79084798,1441.01777584,3.75,8.40130251,14.72283427,600.36434942,9.80220467,1.2986822,0.75788905,22.69488109,571.42712524,36.85180336,,21.65794775,13001.85061845,18.22630205,32.81296189,9.44660791,3.50872669,2.89622889,2.39817901,40.67719226,6.78228137,30.02528876,2568.8860626,41.76265429,3585.00338365,40.17823783,12648.07906681,124.47362328,26219.89498683,120.15229458,2.77136688,574.78055244,2.70728499,574.78055244,104.56411736,240.5814474,18.22630205,22.89952134,26.79280509
2025-08-02,3.6725,68.72823917,84.1334812,383.50033925,1.79717442,912.35826579,1355.9436835,1.54541673,1.79,1.7,1.68869695,2.0,122.2272205,1.68869695,0.376,2941.07485269,1.0,1.28933731,6.90525076,5.54382662,1.0,87.18776232,14.22948278,3.25230029,2.01458802,1.37799236,2888.30880282,0.80395125,969.33880713,7.21203449,4123.53275645,505.42711449,23.9977084,95.20899715,21.23661456,178.38646893,6.44304006,60.78876901,130.56462773,48.38603575,15.0,138.19522672,0.86341704,2.26324544,0.75305872,0.75305872,2.70593628,10.50468621,0.75305872,72.65555498,8676.34556081,7.6726703,209.13746792,7.84957501,26.21045354,131.00320415,344.1325229,16364.61250609,3.41266132,87.18776232,1310.47905267,42102.33509622,123.42731608,160.25795425,0.709,147.84823,129.36552717,87.45231071,4014.17715502,424.77333913,899.9881918,1387.79836777,0.30532475,0.82008455,543.04338496,21629.78738082,89978.49373208,301.26069272,201.00018069,18.10044084,5.44998471,9.07690854,17.2032265,4434.29890075,53.92850689,2098.7326075,3593.21698466,8.08506226,39.82020679,46.76478148,15.39931118,1735.75062321,18.85720339,4.27691604,63.65332331,18.10044084,1530.65288284,36.79871204,10.24829272,139.56581053,1.69028353,0.38455199,1.0,3.58284653,4.12041768,57.77571798,283.61953311,3.68624982,7482.73246794,3.64,4.37849426,101.17678586,79.89800022,1440.93327986,3.75,8.26719296,14.54087126,600.41955432,9.65542676,1.28933731,0.75305872,22.67992875,571.43714112,36.80931476,,21.36936139,13001.86881894,18.10044084,32.34726282,9.43999443,3.51006267,2.89399784,2.39755515,40.61690718,6.7703054,29.70849226,2556.00287481,41.77891552,3578.22659013,40.11471603,12738.08818443,126.06704934,26188.5961802,120.58408473,2.77548272,566.36445218,2.70248671,566.36445218,103.03305982,240.58202088,18.10044084,22.69725282,26.82832329
2025-08-03,3.6725,68.66375232,84.42365338,388.23128944,1.79700587,911.94308032,1362.40532848,1.54548384,1.79,1.7,1.68728669,2.0,122.29750873,1.68728669,0.376,2938.23736708,1.0,1.28959156,6.91945289,5.54741714,1.0,87.26289841,13.25875225,3.27999988,2.01441447,1.37950283,2882.42001763,0.80409466,969.39549637,7.21179889,4126.33170982,506.03004736,23.99648834,95.12948622,21.20939312,178.3999568,6.44168186,60.75724428,131.23885074,48.63895122,15.0,138.16498064,0.86269598,2.28188096,0.75351067,0.75351067,2.705,10.49254339,0.75351067,72.64943775,8679.11440205,7.66882379,209.1107336,7.84928122,26.21778016,131.99152883,344.12997212,16451.1320417,3.4116575,87.26289841,1310.03629606,42002.57562323,123.69532683,160.22559966,0.709,147.46476595,129.22408954,87.45000873,4006.09334112,424.41860247,900.0,1387.46241493,0.30585533,0.82000131,543.02266946,21586.37811524,90153.85276498,301.28389287,200.79330571,18.14708783,5.4556064,9.0770717,17.20585777,4454.33377706,52.70290419,2098.80528151,3590.83769998,8.08475966,39.95148135,46.70159149,15.43828986,1734.94688989,18.8583422,4.27707259,63.77698051,18.14708783,1530.05847918,36.66309586,10.23838754,139.68608463,1.69040616,0.38495682,1.0,3.58257779,4.12030448,57.88710961,282.8389638,3.68639933,7456.4108162,3.64,4.37816835,101.12632368,80.02354905,1443.77963166,3.75,8.26448819,14.70635949,599.77726962,9.65373341,1.28959156,0.75351067,22.67991074,571.47501971,36.67589778,,21.3015584,13001.92618043,18.14708783,32.59460996,9.46352071,3.5099024,2.89846569,2.39750264,40.63003549,6.76848981,29.76574198,2539.44272277,41.76500427,3582.23142779,40.18318532,12702.48789008,125.68542426,26182.50783704,120.58617485,2.77548596,565.89146996,2.70019299,565.89146996,102.94701487,240.57856151,18.14708783,22.95094972,26.82832329
2025-08-04,3.6725,68.72966177,84.07955044,381.26493511,1.80108521,918.62972314,1354.76867161,1.54333415,1.79,1.69997349,1.68964138,2.0,121.4023258,1.68964138,0.376,2969.5820226,1.0,1.28735465,6.90566469,5.53866069,1.0,86.90068829,14.02238253,3.2714545,2.00472817,1.37743144,2910.45646852,0.8052169,965.69569486,7.18562099,4126.13585745,504.14392001,23.98768281,95.26224402,21.232676,177.96417394,6.44727331,60.78662355,130.48571468,48.64694674,15.0,138.19925526,0.86389992,2.26269034,0.75286852,0.75286852,2.70270976,10.4704448,0.75286852,72.60235618,8675.88737607,7.67311592,206.6243529,7.84987219,26.27523438,131.03549698,344.05053827,16385.31182617,3.41018374,86.90068829,1309.33201763,42167.08862067,123.18860452,160.24746634,0.709,147.69078303,128.9764916,87.47359327,4015.31506014,425.01089917,899.98983666,1383.90009023,0.30551862,0.82968792,540.62912865,21554.47144018,89915.57434697,301.21761421,200.67599235,18.03336952,5.45007636,9.07632971,16.99059537,4444.95074188,53.21975198,2098.94209171,3591.94677787,8.08536836,39.85262088,46.7838334,15.44134019,1722.67049317,18.83707675,4.23781796,63.88670862,18.03336952,1522.81298696,36.7530638,10.24946124,139.10627679,1.68997725,0.38451089,1.0,3.5650882,4.15214812,57.55154155,282.77180496,3.68785944,7762.38047525,3.64,4.38351392,101.25401541,79.60659853,1439.4154944,3.75,8.3965137,14.51190057,600.42930995,9.66150108,1.28735465,0.75286852,22.67992399,571.46120081,36.89071149,,21.43088505,13001.85429311,18.03336952,32.44985973,9.43513316,3.50852493,2.90073453,2.39535271,40.68423024,6.77840622,29.87812318,2562.27661976,41.71458864,3577.56221552,39.67374788,12747.04268923,126.11698637,26177.95933414,120.34065133,2.76846084,566.68119889,2.70735116,566.68119889,103.09068241,240.57029387,18.03336952,22.93402556,26.80296117
2025-08-05,3.6725,68.67064742,84.25020731,378.90785456,1.78238053,915.86474488,1357.33473513,1.54761986,1.79,1.69999985,1.69199627,2.0,121.62249746,1.69199627,0.376,2972.01563233,1.0,1.28831953,6.83164331,5.49911458,1.0,87.96827843,14.05670183,3.28419833,2.00733212,1.37799369,2906.96201419,0.80903172,965.59216187,7.18144944,4098.24632046,504.23392011,23.73049956,95.39501337,21.26914277,177.51636634,6.45606315,60.45889767,130.19462501,48.44994408,15.0,136.46590586,0.86510396,2.26520196,0.75270812,0.75270812,2.70340979,10.5177538,0.75270812,72.65019303,8645.49616516,7.63726887,209.15959346,7.84989655,26.13279285,130.24756067,345.18801128,16392.66796911,3.41762309,87.96827843,1308.09262611,42099.09328529,123.77959323,158.30180131,0.709,147.12799423,129.24123829,87.46750335,3973.39515684,425.6032474,899.97902554,1386.33038001,0.30564422,0.82944472,540.36923394,21531.49878449,89319.91764177,300.07018012,199.68967242,17.92836743,5.41819638,9.07908353,17.04447964,4446.34432142,53.1519686,2099.05765248,3590.68049525,8.08539345,39.72967341,46.18102068,15.43837954,1732.28815324,18.90948048,4.23255546,63.81808604,17.92836743,1523.78999601,36.6193034,10.27500277,140.81522169,1.69440498,0.38491861,1.0,3.57125423,4.15231896,57.34363844,283.22919574,3.69923038,7405.99132557,3.64,4.3885447,101.34789817,79.7566483,1440.51910152,3.75,8.36447954,14.61752945,600.24477247,9.67181427,1.28831953,0.75270812,22.69488866,565.42657547,36.88416402,,21.35538907,13001.85645993,17.92836743,32.37802017,9.43507533,3.50889206,2.88537891,2.39464638,40.66972428,6.74172679,29.93481249,2503.73744972,41.7543794,3579.67098989,40.20671541,12658.00757705,126.48222748,26179.42450658,119.4704771,2.76806577,567.47099654,2.70615558,567.47099654,103.23436245,240.3963227,17.92836743,22.949556,26.79988369
2025-08-06,3.6725,68.47602373,84.11833262,381.75436408,1.777545,917.04671269,1339.18220205,1.54281445,1.79,1.70000556,1.69064271,2.0,121.30619723,1.69064271,0.376,2974.68458725,1.0,1.28802258,6.81468513,5.5042918,1.0,87.83175031,14.13843432,3.2949998,1.99935995,1.3774074,2911.99972656,0.80778561,965.90620445,7.18948881,4090.57279626,504.25980992,23.73928219,95.31869938,21.26770243,177.91449228,6.45037472,60.67228568,130.46540126,48.42980263,15.0,136.08973246,0.86441189,2.26311472,0.75188551,0.75188551,2.69920484,10.54651535,0.75188551,72.67685269,8677.61225218,7.64580915,209.29161772,7.84995277,26.20431833,129.13871521,344.11529007,16383.5211401,3.44404923,87.83175031,1307.90066722,42181.30362281,123.36598653,158.24875193,0.709,147.69815745,129.31452713,87.47045716,3998.53648323,425.26277379,899.97137065,1388.88845641,0.30573054,0.82897036,537.24018255,21549.44056557,88841.88643946,299.16500792,199.76657166,17.88808015,5.42993417,9.08962744,17.027866,4443.28796313,53.16915111,2098.6726603,3588.82061151,8.08545135,39.86226868,45.68853044,15.44847539,1733.62302744,18.7287897,4.22903793,63.88823578,17.88808015,1527.94145489,36.7306597,10.25580913,140.59667431,1.69041237,0.38495681,1.0,3.55567294,4.14554921,57.73579026,283.46316845,3.70103336,7385.99785946,3.64,4.38685299,101.28810307,79.96529935,1443.14710602,3.75,8.37841162,14.60053089,600.52009009,9.67854688,1.28802258,0.75188551,23.09893748,563.35720689,36.99500228,,21.35090412,13001.85738338,17.88808015,32.39060819,9.41542596,3.50734172,2.90004136,2.39001429,40.68145326,6.7382385,29.96017489,2482.3398609,41.67926693,3575.01246221,40.13022796,12590.70023138,127.46715982,26237.10247648,119.26967275,2.76924075,567.01703173,2.70702043,567.01703173,103.15177714,240.39718008,17.88808015,23.14907407,26.855446
2025-08-07,3.6725,69.29373244,83.39314321,384.04136994,1.77758245,917.73482931,1331.40876397,1.53601394,1.79,1.70000022,1.67708268,2.0,121.35683835,1.67708268,0.376,2976.39393136,1.0,1.28454886,6.81294638,5.4607241,1.0,87.71268639,14.28769323,3.29976207,2.0046938,1.37358112,2911.99939099,0.8056091,974.44036212,7.17908477,4046.86064775,505.9200119,23.74761193,94.55418267,21.07183748,177.88696817,6.40017605,60.69133133,130.31466974,48.45488135,15.0,138.44930287,0.85747876,2.256877,0.74873408,0.74873408,2.69827788,10.54064562,0.74873408,72.62858389,8676.72488806,7.62426326,208.39546092,7.84929792,26.21887719,129.14115021,341.29634011,16309.0000757,3.43732345,87.71268639,1307.28421579,42124.85295029,122.4603326,159.19163293,0.709,147.48519035,129.06288308,87.47231469,3994.66601636,421.85189535,900.00452757,1383.54912748,0.30553387,0.82878756,536.13657026,21580.29720713,89422.12509535,300.16224446,200.30323111,17.76177814,5.43226868,9.06166981,17.00148607,4406.8129865,52.9225081,2098.63560303,3591.08667174,8.08477686,39.94610869,45.61994298,15.43913388,1729.39515955,18.60341765,4.22445555,63.87668765,17.76177814,1526.23546,36.70087609,10.17246512,140.40608274,1.68289506,0.38496384,1.0,3.54941619,4.21026721,57.2162306,283.39079945,3.66441414,7391.53084753,3.64,4.3521134,100.46628074,80.04324959,1443.12362238,3.75,8.39627278,14.71761266,600.5196976,9.60503854,1.28454886,0.74873408,22.7097176,562.82820634,37.08485035,,21.25960144,13002.16125258,17.76177814,32.32629334,9.35634617,3.50925093,2.88559295,2.38859436,40.67832863,6.7340012,29.82561544,2471.60514978,41.52456894,3568.56578854,39.97544949,12505.45709405,128.73847474,26195.12530467,120.27473712,2.75931636,562.4691938,2.70652572,562.4691938,102.32443415,240.41885702,17.76177814,23.18977755,26.95263255
2025-08-08,3.6725,68.36505609,83.34491289,384.03113201,1.78252143,915.92113872,1326.23403351,1.53311159,1.79,1.69999694,1.67709078,2.0,121.55029447,1.67709078,0.376,2978.20286809,1.0,1.28372338,6.8399864,5.41995359,1.0,87.4982431,14.25862038,3.30499562,2.01005186,1.3741578,2911.99767706,0.80667787,970.26963043,7.18239223,4048.86899938,506.32575773,23.78562211,94.55463928,20.97508797,177.97608614,6.39981176,60.99619588,129.90144659,48.54288021,15.0,138.31872933,0.8574829,2.2537706,0.74387879,0.74387879,2.69833103,10.55100528,0.74387879,72.6593567,8682.62880531,7.63566017,209.21954913,7.84982073,26.23533145,129.57096499,340.283294,16319.18411415,3.43917899,87.4982431,1309.67176371,42129.18990793,122.46368252,159.18918909,0.709,147.25527851,129.32807894,87.47412849,4007.91919246,421.85393253,899.97082347,1386.43445717,0.30555944,0.82938208,539.04161053,21569.82506573,89695.86159316,300.77784278,200.67355031,17.71853403,5.44002312,9.03959373,17.00190353,4409.11351492,52.73093456,2099.0966796,3582.63209663,8.08531535,39.90370216,45.42679345,15.44348888,1735.02150492,18.62211459,4.23506631,63.88277866,17.71853403,1529.82490422,36.76505361,10.22681611,140.06281264,1.67678121,0.38480546,1.0,3.54793677,4.21373825,57.07160281,283.68695612,3.64794112,7404.56510117,3.64,4.34893138,100.46633895,79.23342191,1443.58322773,3.75,8.39241153,14.93362805,600.52252878,9.56842523,1.28372338,0.74387879,22.72002253,563.00495978,37.20552237,,21.28695594,13001.85748452,17.71853403,32.33795832,9.3640605,3.50710407,2.88365877,2.38821127,40.73535244,6.75093602,29.83925803,2479.31057452,41.47991836,3567.70364942,40.12444173,12586.43755695,129.2718472,26204.88549477,119.82994915,2.75928082,562.47191004,2.70652441,562.47191004,102.32492829,240.4265758,17.71853403,23.25020314,26.78295737
2025-08-09,3.6725,69.11753232,83.51750673,383.57667646,1.79699689,911.96852947,1322.93051613,1.53349371,1.79,1.7,1.680997,2.0,121.44753524,1.680997,0.376,2974.11113066,1.0,1.28479164,6.89020742,5.43271055,1.0,87.66870547,14.26798156,3.29499993,2.01454003,1.37507909,2891.75612301,0.80826049,966.00124786,7.18387996,4050.80945695,506.06377101,23.92373317,94.77487262,20.99702547,178.43635927,6.41028814,60.98335751,129.4196208,48.55287761,15.0,138.56303542,0.85948012,2.25236129,0.74414396,0.74414396,2.69813702,10.54607351,0.74414396,72.49118891,8680.6029789,7.66768727,209.15078994,7.85006942,26.19444154,130.6238079,339.56907861,16263.30206841,3.4337836,87.66870547,1309.66124958,42214.04394642,122.81826595,160.30442333,0.709,147.62395942,129.15864865,87.45315362,4004.5744829,422.83649984,900.00130129,1387.94453368,0.30552551,0.82029569,540.78211334,21560.83789529,90151.81184593,300.54415679,200.49251189,17.73943337,5.42788968,9.03367,16.96537582,4419.93165557,52.81925115,2099.66965037,3594.14785794,8.0855715,39.86401843,45.41633067,15.39865257,1732.77203721,18.55203443,4.2398096,63.67869203,17.73943337,1533.2262876,36.76725702,10.28018333,140.33568029,1.67812576,0.38469637,1.0,3.52259732,4.12643874,56.84764472,283.80534565,3.644384,7473.19701379,3.64,4.35539649,100.56967314,79.91108585,1444.70921221,3.75,8.49978243,14.52072063,600.45906022,9.57897082,1.28479164,0.74414396,22.70503804,571.14561085,37.06040393,,21.08318571,13001.88508906,17.73943337,32.32019179,9.34997273,3.50618803,2.89182638,2.35354674,40.7334022,6.78678827,29.88217295,2473.65552383,41.46473177,3566.91972426,40.01155759,12638.63648595,130.89214814,26207.06785335,119.38258344,2.65400642,563.78199978,2.70248059,563.78199978,102.56325991,240.42944226,17.73943337,23.20108626,26.7669559
2025-08-10,3.6725,68.25367429,83.49904635,388.27748875,1.79888937,911.95513247,1325.30625191,1.5329594,1.79,1.7,1.68218367,2.0,121.45196445,1.68218367,0.376,2974.48695417,1.0,1.28481521,6.89891787,5.43343771,1.0,87.66481963,14.29415117,3.29619858,2.00602036,1.37580863,2877.94711591,0.80923216,966.0614869,7.1837319,4050.9827017,505.60958209,23.92518601,94.84177726,20.99394321,178.50625652,6.4105467,61.07433689,129.92094835,48.55349268,15.0,138.56445821,0.86008685,2.25275286,0.74388527,0.74388527,2.69640001,10.54962566,0.74388527,72.5089882,8672.62360821,7.66433444,209.03369868,7.85036534,26.20267799,130.80253497,339.56584141,16293.08313904,3.43319627,87.66481963,1309.52365152,42010.48854772,122.80834219,160.04660347,0.709,147.68279052,129.18498124,87.45001862,4003.92695653,423.13499376,900.0,1389.42725696,0.30552434,0.82000373,541.69285785,21600.91304807,89516.11946118,300.71463439,200.55463128,17.74246465,5.42697192,9.03120298,16.88198402,4416.74346501,52.82149456,2099.83364474,3591.41880915,8.0858763,39.86445851,45.42333108,15.4270727,1733.20710815,18.54447249,4.23950283,63.89089601,17.74246465,1533.46204367,36.65428193,10.27580643,140.32946003,1.67832401,0.38505283,1.0,3.527745,4.14374033,56.85383176,283.23290295,3.64340821,7474.38445868,3.64,4.35578023,100.60730473,79.95263927,1445.72424146,3.75,8.49978243,14.34841902,600.14681146,9.57607945,1.28481521,0.74388527,22.70504129,571.14378276,37.18410305,,21.18756202,13001.85090007,17.74246465,32.31545316,9.36098133,3.50668705,2.87988422,2.35239391,40.73159847,6.76698392,29.88132349,2471.47934324,41.48586327,3565.59925396,39.97529081,12583.84546451,130.70150344,26215.60726445,119.40149252,2.65391255,564.17999169,2.7001891,564.17999169,102.63566262,240.56716377,17.74246465,23.2003755,26.7669559
2025-08-11,3.6725,68.2401364,83.44189822,382.88466545,1.79828519,918.56304712,1322.97196515,1.53336133,1.79,1.69999993,1.67670086,2.0,121.37576548,1.67670086,0.376,2981.5942631,1.0,1.28433392,6.89555735,5.43410082,1.0,87.52926675,14.14864871,3.29497525,2.01269819,1.37512425,2911.94718243,0.80685253,967.76235373,7.18355197,4047.84444673,505.82633421,23.94682065,94.5326555,20.93640584,177.99083861,6.3985786,61.00356782,129.23172189,48.50929768,15.0,138.62964764,0.85728354,2.2529545,0.74317545,0.74317545,2.69528014,10.53829637,0.74317545,72.66320449,8672.64854708,7.66465946,208.9397228,7.84989305,26.19696892,130.7294595,338.88271465,16249.35089661,3.42146028,87.52926675,1308.93689461,42202.83040416,122.59862643,159.95187204,0.709,147.60397314,129.07778579,87.4735359,4001.8732355,421.75585226,900.02434194,1386.68220481,0.30552093,0.83147788,540.18013196,21602.26479074,89642.23453518,300.31871875,200.48282484,17.73538514,5.41688529,9.03599481,17.00142468,4408.35200547,52.81169916,2099.23783485,3594.45469337,8.08538984,39.85381255,45.39450409,15.44338138,1732.50446485,18.58277688,4.24122626,63.88000182,17.73538514,1530.92263133,36.78732874,10.27394066,140.11247375,1.67942582,0.38494748,1.0,3.53506629,4.19120977,57.02091413,283.55249402,3.63934015,7488.34481101,3.64,4.34259133,100.58812886,79.69978531,1444.77150508,3.75,8.49999596,14.76603551,600.42496703,9.55324199,1.28433392,0.74317545,22.70501702,569.91407648,37.34107294,,21.16323659,13001.84180419,17.73538514,32.41549185,9.33299298,3.50984072,2.88654582,2.40726071,40.756598,6.77940231,29.88208564,2478.05192794,41.4495285,3567.8370542,40.07494194,12633.05233819,130.95850075,26192.83620116,118.45688647,2.65809211,562.34113635,2.70706073,562.34113635,102.30113793,240.43227048,17.73538514,23.1974647,26.76261547
2025-08-12,3.6725,68.34471966,83.66517577,382.47995576,1.80349475,916.82645819,1321.19965398,1.53458362,1.79,1.70000908,1.6832102,2.0,121.68129223,1.6832102,0.376,2986.37778381,1.0,1.28645562,6.93810854,5.44303506,1.0,87.67060207,13.65847573,3.30056225,2.01491204,1.37766772,2906.24642977,0.81113893,969.62985137,7.18737679,4033.52509079,506.56094314,24.04271632,94.89965294,21.05694513,178.11710691,6.42301623,61.19967241,130.02659952,48.49279755,15.0,139.73549874,0.86061171,2.25851782,0.74450396,0.74450396,2.69306064,10.55293479,0.74450396,72.64115806,8673.04968317,7.67274861,209.53429887,7.84990382,26.24067386,131.77119404,340.53489399,16282.17823027,3.41418516,87.67060207,1311.19228464,42121.03907318,123.04691611,160.23126362,0.709,148.30758287,129.38984735,87.46737832,4009.00090386,423.39320518,900.01772062,1389.64746857,0.30577427,0.82950876,544.25916824,21624.09898959,90123.91902702,301.27747954,200.81895917,17.7443955,5.43418011,9.05601857,16.78157898,4429.05424714,52.95905615,2099.28827511,3595.74061942,8.08540093,39.95381987,45.36876074,15.43400488,1735.74201614,18.67451684,4.23385797,63.82090235,17.7443955,1535.39957602,36.81706635,10.22538177,140.33871626,1.68286377,0.38479805,1.0,3.53342602,4.1841979,57.19562481,284.02109101,3.66243664,7508.84770791,3.64,4.35795965,100.75081227,79.60885189,1446.95270437,3.75,8.34270166,14.6859994,600.09289655,9.63714558,1.28645562,0.74450396,22.72049103,571.45387446,37.39434874,,21.26121325,13002.49817507,17.7443955,32.45527307,9.32643508,3.50629372,2.8924592,2.39222042,40.72046298,6.78403931,29.9276583,2483.81760604,41.43332954,3565.38539566,40.11760009,12630.6936271,131.51621934,26244.63167413,119.52367169,2.65758224,564.52427357,2.70650861,564.52427357,102.69829441,240.30920339,17.7443955,23.34717459,26.76051249
2025-08-13,3.6725,68.36688962,83.26617805,383.49471575,1.80295377,916.62903898,1316.73045746,1.53366179,1.79,1.69999777,1.67491344,2.0,121.64395128,1.67491344,0.376,2970.80003856,1.0,1.28347446,6.92160795,5.40023609,1.0,87.62698648,14.06882133,3.3049905,2.01151917,1.3779997,2912.74719419,0.80675088,956.49517045,7.18376398,4018.70346446,505.93429355,24.01328154,94.43188046,20.957189,177.93801913,6.39084776,61.34619674,129.84671498,48.44668762,15.0,139.87897486,0.85636964,2.25375773,0.74080576,0.74080576,2.69627855,10.54418649,0.74080576,72.67113997,8678.250143,7.67113324,209.21615127,7.84983899,26.25070357,131.24581957,338.80265384,16257.55429545,3.41092685,87.62698648,1310.37724407,42108.47623623,122.63836166,160.01669618,0.709,148.06792712,129.41131722,87.44749278,4006.37630202,421.30624612,899.98865588,1385.50825997,0.30549118,0.83165029,541.30884183,21589.50658283,89715.27957018,301.13716714,200.53227076,17.60634544,5.43007147,9.03284748,16.79273328,4403.10385369,52.86094356,2099.59979442,3589.31736197,8.08533416,39.95045883,45.51351703,15.44163852,1735.6038064,18.59464613,4.22289073,63.88213517,17.60634544,1534.68633068,36.79801099,10.2206846,140.2688986,1.68155305,0.38487921,1.0,3.52532101,4.21598227,56.97693202,283.45381883,3.64446502,7499.89208569,3.64,4.3349666,100.31982337,79.57005482,1444.20599546,3.75,8.47682767,14.72744931,600.44100121,9.55258394,1.28347446,0.74080576,22.75000193,571.43627501,37.42975778,,21.21636449,13001.84959263,17.60634544,32.37934792,9.35155774,3.50937433,2.88078166,2.40486207,40.76015521,6.79038946,29.97973407,2528.86093577,41.51039053,3559.92141726,40.04652373,12547.32659541,132.91207028,26260.51162799,119.48408635,2.65792127,561.74166149,2.70714964,561.74166149,102.19208143,240.28884002,17.60634544,23.18017985,26.76050006
2025-08-14,3.6725,68.27494666,83.20589521,382.65931726,1.80316566,916.20116603,1313.6863411,1.52333496,1.79,1.7,1.66990463,2.0,121.54537207,1.66990463,0.376,2960.3204088,1.0,1.27928718,6.91857488,5.39370469,1.0,87.44110041,13.8966798,3.3249967,2.01347078,1.37489089,2913.49997358,0.80492762,952.99101252,7.16910761,4024.93908891,505.9844143,23.98487514,94.14948305,20.88192391,177.98767496,6.37197497,61.55923247,129.72850761,48.3218458,15.0,140.19321099,0.85380868,2.24568694,0.73632279,0.73632279,2.700353,10.59211191,0.73632279,72.66296537,8675.42629837,7.67152862,209.28398986,7.84899977,26.20738436,131.34991276,337.4418072,16129.11634286,3.3854827,87.44110041,1310.7189035,42107.296188,122.29260039,160.05422974,0.709,146.53295149,129.36390189,87.38695407,4005.40228973,420.04633482,899.98735967,1382.81483918,0.30533444,0.83031869,538.41290887,21659.8291994,89933.7566773,301.04027574,200.60940472,17.50604812,5.42986276,8.99654626,16.73381867,4402.03134499,52.68697467,2099.03421736,3589.70358151,8.08446977,39.95622121,45.4280432,15.43817598,1735.29485303,18.63461122,4.18794651,63.84983676,17.50604812,1533.05249634,36.77841178,10.18390958,139.97134147,1.67033142,0.38491624,1.0,3.54131909,4.13975451,56.73570679,283.24543736,3.63259595,7499.81067779,3.64,4.32178482,100.04956233,79.48555971,1444.91527616,3.75,8.46269662,14.73926676,600.4901172,9.54049132,1.27928718,0.73632279,22.74491547,571.4306549,37.64479066,,21.16241122,13001.8973237,17.50604812,32.27251394,9.33347062,3.50753624,2.87293532,2.40278482,40.775986,6.7915237,29.93184479,2561.97660173,41.46122208,3558.22447349,40.01478036,12513.86669128,133.71584575,26264.17646522,118.48166428,2.65090138,560.06177976,2.70621025,560.06177976,101.88647723,240.28375596,17.50604812,23.10000825,26.77854329
2025-08-15,3.6725,68.29901641,83.42443422,382.26594976,1.80157261,915.38529122,1298.43196299,1.53912377,1.79,1.69999991,1.67799426,2.0,121.55237017,1.67799426,0.376,2964.26223327,1.0,1.28398985,6.92010185,5.41399462,1.0,87.66746403,13.92557743,3.33499789,2.01289475,1.38088673,2908.64987757,0.80726321,965.74179724,7.18040652,4051.36234655,505.67875223,24.00009814,94.6055779,21.01640761,178.10765431,6.40421636,61.55328383,129.76430476,48.31498013,15.0,140.39628806,0.85794484,2.25895081,0.7386035,0.7386035,2.6993617,10.70496559,0.7386035,72.66636596,8673.8440354,7.67043498,209.04176444,7.84269599,26.21335069,131.44190627,339.29542358,16152.51875904,3.38264423,87.66746403,1310.45192967,42152.36434756,122.87438413,159.81214967,0.709,147.29252917,129.38441928,87.3728307,4002.22745789,422.0811943,900.01407783,1389.828195,0.30562205,0.83027762,538.60323732,21597.99982397,89829.70793789,301.04491608,200.61046428,17.58843556,5.42718233,9.00091386,16.70165601,4439.71225015,52.77301591,2099.21146403,3599.03259256,8.07797687,39.97066425,45.38069693,15.44758475,1735.3266916,18.79135289,4.21752829,63.81890624,17.58843556,1532.38794189,36.77984025,10.2168392,140.33369305,1.68903393,0.38494253,1.0,3.56371612,4.1306344,57.14286145,283.00046056,3.65584447,7503.85251766,3.64,4.34292718,100.48678853,79.74857829,1447.35248742,3.75,8.42558756,14.76039415,600.22853376,9.57472634,1.28398985,0.7386035,22.75467724,571.45016485,37.59113043,,21.21863225,13001.85726573,17.58843556,32.43630238,9.32282502,3.50663905,2.87971092,2.39833115,40.85451742,6.78625384,30.04020287,2598.466464,41.50715377,3557.28327622,40.01377944,12585.96891317,134.00967514,26259.42666831,119.18705813,2.7662753,562.77492573,2.70652804,562.77492573,102.38005293,240.26707082,17.58843556,23.27873349,26.82333986
2025-08-16,3.6725,69.47502741,83.10284828,383.07718723,1.79703682,912.13542292,1297.53478159,1.53694813,1.79,1.70000085,1.6715254,2.0,121.47829991,1.6715254,0.376,2958.1941091,1.0,1.28297926,6.91108996,5.40003688,1.0,87.51406188,14.1715268,3.34496464,2.01457458,1.38192762,2891.79404518,0.80649861,963.2758539,7.18180704,4017.15276172,505.23831534,24.00024789,94.24086254,20.91384737,178.31656915,6.37679497,61.68360208,129.60785325,48.2655021,15.0,141.19915543,0.85463737,2.25620781,0.73823833,0.73823833,2.69309161,10.75103275,0.73823833,72.49330425,8675.37539335,7.66768089,209.2069409,7.82499669,26.28494716,130.95215273,337.78829692,16206.90757518,3.37710081,87.51406188,1310.40054335,42183.5491194,122.41573926,160.1420066,0.709,147.00362676,129.20227086,87.43264868,4004.64906022,420.45402289,900.00241709,1388.59495399,0.30551939,0.83161994,540.75824096,21543.59572051,90027.29860565,300.90452523,201.00113838,17.59522247,5.41162372,9.0047663,16.69826397,4440.06805158,52.6900127,2098.75879089,3597.40979428,8.05974659,39.94375512,45.59051994,15.4003625,1735.9403089,18.78850209,4.21338495,63.89335895,17.59522247,1530.33149816,36.75464114,10.19390359,140.08813455,1.68844369,0.38424654,1.0,3.56056705,4.12309236,57.12055166,283.67926218,3.63922175,7505.05979952,3.64,4.32560681,100.17305144,80.0936658,1448.21570931,3.75,8.22767313,14.4899094,600.29232628,9.5508031,1.28297926,0.73823833,22.72002099,571.42224801,37.52233657,,21.29261887,13001.82967073,17.59522247,32.42975825,9.32210454,3.508962,2.88387957,2.34143175,40.81617715,6.76414966,30.03312172,2611.60337414,41.51465691,3560.15051047,40.01892399,12562.5838815,136.64349031,26195.13311875,119.14398154,2.76627731,560.60536385,2.70241742,560.60536385,101.98536608,240.27495997,17.59522247,23.3309358,26.80753319
2025-08-17,3.6725,68.32595,83.26646384,388.09373585,1.79700492,911.95464641,1297.38843643,1.53715427,1.79,1.7008953,1.67099993,2.0,121.27886076,1.67099993,0.376,2940.52733227,1.0,1.28299745,6.92396555,5.40210376,1.0,87.52049636,13.12089196,3.345,2.01349951,1.38179531,2877.43122196,0.80673337,963.51388775,7.18366496,4018.04595847,503.50158689,23.85653836,94.21123635,20.90748261,178.39908718,6.37685421,61.77269126,129.85291024,48.29454863,15.0,141.15874694,0.8543687,2.27884967,0.73773863,0.73773863,2.69759352,10.82597766,0.73773863,72.63377637,8681.67885156,7.6642743,209.07523567,7.82534735,26.11445428,132.12146908,337.82060972,16148.47236387,3.37901666,87.52049636,1310.04038944,42002.54792205,122.37641807,160.22049669,0.709,147.108601,129.26160396,87.43585261,4002.01838766,420.32184614,900.00000004,1388.84231118,0.30599068,0.82000529,540.73107612,21612.88466042,90058.63929022,300.88144613,200.90325325,17.60264555,5.40843848,9.00892613,16.62796731,4447.29176252,52.58345819,2098.71139116,3594.45539593,8.06010777,39.93694018,45.56614057,15.45370478,1733.80104802,18.75049521,4.21335834,63.81664132,17.60264555,1529.86745363,36.6414939,10.19706916,140.09843455,1.68837539,0.3850565,1.0,3.55938264,4.07249885,57.06880954,282.15107056,3.63922743,7515.68958396,3.64,4.32169886,100.11328403,80.11674842,1446.8324743,3.75,8.22369259,14.8313916,599.49626162,9.55722996,1.28299745,0.73773863,22.72001436,571.47639884,37.33279361,,21.05921572,13001.72896977,17.60264555,32.44282572,9.334092,3.50800103,2.86632325,2.3408105,40.82979086,6.76024117,30.04449144,2547.22005134,41.42770735,3558.77651686,40.0728572,12571.74769869,135.83491747,26291.00294713,119.23582305,2.76627573,560.42912818,2.70008561,560.42912818,101.95330528,240.25952203,17.60264555,23.33124135,26.80753319
2025-08-18,3.6725,68.33293362,83.01636668,381.95994592,1.79878826,918.69898558,1296.99343366,1.53430923,1.79,1.70002531,1.67129878,2.0,121.39740458,1.67129878,0.376,2979.95649171,1.0,1.28250246,6.9002179,5.40096072,1.0,87.49676884,13.9211506,3.33671694,2.01317877,1.38045618,2910.54011862,0.80623242,964.0395513,7.1818641,4026.16213881,505.1033011,23.96072574,94.22808553,20.91188616,177.93052384,6.37764827,61.61017145,129.67934682,48.28561857,15.0,140.64068639,0.8545215,2.25458233,0.73762387,0.73762387,2.69170104,10.83560059,0.73762387,72.68808257,8675.75364524,7.66498129,208.857321,7.82725101,26.24195104,130.89667295,337.32318971,16184.89392847,3.37807768,87.49676884,1308.69632151,42107.67332748,122.37059902,159.78059592,0.709,147.37625161,129.04084967,87.39168049,4005.95315879,420.39701845,900.00320467,1384.97831635,0.3054579,0.83105759,540.79779872,21589.35120444,89765.00465012,300.57118841,200.40077273,17.58645572,5.40098691,9.00716309,16.64594807,4442.33120429,52.58145613,2099.19610313,3597.54062891,8.06206854,39.96132795,45.58939286,15.43826393,1731.8573313,18.72811419,4.22049345,63.85007241,17.58645572,1529.49246327,36.76831549,10.19171055,140.06045271,1.68496612,0.38478671,1.0,3.55944909,4.2027371,57.08310347,283.4677157,3.63866977,7479.83117854,3.64,4.32565337,100.13177057,80.18774177,1446.01322562,3.75,8.49957051,14.954685,600.34533366,9.55670072,1.28250246,0.73762387,22.72007546,571.30704754,37.57924206,,21.17541859,13002.14573304,17.58645572,32.44907465,9.31930809,3.50847747,2.87086011,2.39762768,40.90218511,6.77580574,30.0127795,2603.4593715,41.31732664,3558.21314239,39.96392299,12572.15057829,136.14458276,26239.12328644,119.19101113,2.67895182,560.52935793,2.70672639,560.52935793,101.97153908,240.28171943,17.58645572,23.22433663,26.79787324
2025-08-19,3.6725,68.33112727,83.4067124,381.82481061,1.80118195,917.76965037,1292.72503333,1.54145505,1.79,1.69999982,1.67876663,2.0,121.46713227,1.67876663,0.376,2976.73359282,1.0,1.28506373,6.92017814,5.43673512,1.0,87.34586865,14.08355942,3.3549748,2.01195926,1.38135268,2912.49011912,0.80781297,964.15400422,7.18617876,4016.50647305,505.27520106,23.98931262,94.64912389,21.00085894,178.0418965,6.40675005,61.83548711,129.88685147,48.38211093,15.0,141.19984251,0.85833975,2.2593185,0.74091082,0.74091082,2.69521931,10.77817224,0.74091082,72.54592579,8676.51250663,7.66513529,209.12335543,7.80612115,26.23812116,130.79850418,339.17272201,16220.70296072,3.3797873,87.34586865,1309.68479856,42166.45404612,123.08762807,160.09529197,0.709,147.71193827,129.31736529,87.44335175,4004.01550176,422.275474,899.9873908,1389.8953407,0.30570344,0.83155111,539.04645293,21591.52084763,89675.44007749,300.96417765,200.5169627,17.65785511,5.41994615,9.01930732,16.6618125,4412.43338007,52.7734474,2098.81507061,3596.30591663,8.04030478,39.95054988,45.45249913,15.44447651,1734.91065103,18.80112536,4.22723551,63.8830404,17.65785511,1534.87652724,36.78196875,10.21455103,139.81889925,1.68867609,0.38491291,1.0,3.5514329,4.22035458,57.06286589,282.86400077,3.64566242,7430.41664731,3.64,4.34186665,100.56780451,80.44751188,1445.25792795,3.75,8.49955762,14.7167421,600.48265595,9.58069892,1.28506373,0.74091082,22.7050457,571.435627,37.74435764,,21.24898382,13001.85848576,17.65785511,32.5336212,9.28100093,3.50825201,2.88368575,2.40647868,40.88392543,6.77629524,30.08607597,2594.34639962,41.33875765,3560.55010734,40.06612548,12524.46066304,136.07102206,26301.0392878,119.41465893,2.68669648,563.03396533,2.70733735,563.03396533,102.42717743,240.27667418,17.65785511,23.34901004,26.83829859
2025-08-20,3.6725,68.68829618,83.4477678,380.51959003,1.80182641,917.54147525,1291.49792375,1.5509404,1.79,1.6999852,1.68156796,2.0,121.50618902,1.68156796,0.376,2978.63708665,1.0,1.28600944,6.93111559,5.50076753,1.0,87.09807679,14.01131586,3.36001562,2.01115597,1.38731285,2894.18078903,0.80862102,963.5301766,7.18604677,4033.40371124,505.34385807,23.98752364,94.80706351,21.02615381,178.03693172,6.41809105,61.87617554,129.98101181,48.4514615,15.0,140.92955301,0.85977205,2.26555135,0.74200761,0.74200761,2.69387445,10.89356407,0.74200761,72.61204076,8680.06442662,7.66482651,209.23497122,7.80206628,26.24639918,130.94865852,338.59367201,16315.38746727,3.39549742,87.09807679,1309.90746919,42108.88199796,123.28923667,160.11794453,0.709,147.49129381,129.34106771,87.46083088,4005.42047115,422.98011899,899.95091658,1397.88644473,0.30575499,0.83107746,538.63299293,21633.34873369,89718.24344247,301.67056644,200.54316964,17.71382283,5.41990162,9.01987858,16.69797945,4437.0123412,52.78611823,2098.57200744,3596.48063494,8.03612827,39.95794875,45.66288252,15.44084602,1735.51401742,18.83639452,4.23081964,63.88292822,17.71382283,1534.49855153,36.79001392,10.29564978,139.42224642,1.69763819,0.38487983,1.0,3.51723939,4.22249703,57.35550917,283.28151182,3.65289225,7388.4227389,3.64,4.34913015,100.73833832,80.76309359,1444.70704031,3.75,8.48719168,14.44992642,600.41985934,9.60924016,1.28600944,0.74200761,22.72001695,571.91734937,37.66567802,,21.29588636,13001.82254839,17.71382283,32.59092872,9.29786996,3.49781093,2.88913296,2.40484872,40.90370847,6.78122994,30.20723704,2555.4916237,41.37007131,3564.20518528,40.16533759,12525.79485015,137.02927737,26315.27977181,119.63551451,2.70782589,563.97349199,2.7072038,563.97349199,102.59809618,240.19414067,17.71382283,23.34916566,26.91720888
2025-08-21,3.6725,69.25904456,83.40192075,382.95918899,1.80020621,916.37863879,1300.49420313,1.55457031,1.79,1.69999885,1.67892742,2.0,121.42762552,1.67892742,0.376,2979.65389626,1.0,1.28527544,6.90767501,5.47654212,1.0,87.02922516,14.1108454,3.36499401,2.00605674,1.38747884,2899.88386521,0.80489844,966.43842234,7.17128924,4024.58581139,504.70942157,23.95956352,94.65818941,21.02067683,178.03358465,6.40697829,62.06365127,129.95617778,48.58115099,15.0,141.61864701,0.85842196,2.27127577,0.74297763,0.74297763,2.69935859,10.94680608,0.74297763,72.55359452,8685.38672311,7.66332579,208.985591,7.80730015,26.17549033,130.94726937,338.71769399,16268.19942692,3.40803943,87.02922516,1309.09038142,42067.16341076,123.10235994,160.04183291,0.709,147.38534311,129.14711324,87.46599112,4003.94943652,422.3159197,899.93516946,1397.92915469,0.30561509,0.8290763,538.3556952,21662.84572222,90016.84948955,301.28218616,200.84195233,17.68859776,5.41541333,9.02062443,16.76185508,4408.36958086,52.78709368,2098.82334363,3598.9734931,8.04151916,39.95025936,45.84551039,15.43978717,1732.39736724,18.7734166,4.22068541,63.8553894,17.68859776,1536.54280193,36.77310155,10.23644028,139.31203217,1.71486039,0.38482081,1.0,3.50127896,4.22111939,56.9433073,283.36704573,3.64690426,7231.04650481,3.64,4.33931092,100.58428357,80.52267814,1445.36351408,3.75,8.45752138,14.6291864,600.33620116,9.58734739,1.28527544,0.74297763,23.30012349,571.45643435,37.66974543,,21.29658664,13001.85861853,17.68859776,32.55371087,9.34146021,3.49981148,2.88686174,2.40535402,40.92657228,6.77493826,30.3870472,2504.53008241,41.32386931,3563.19340761,40.12784014,12497.01468951,138.10177364,26397.22816222,120.17981512,2.70709372,563.08789293,2.70599757,563.08789293,102.43698794,240.19410178,17.68859776,23.29958063,26.9337671
2025-08-22,3.6725,68.38282267,83.65789859,383.03673509,1.80417335,917.64771572,1314.55120058,1.55722969,1.79,1.70019137,1.68488488,2.0,121.79150562,1.68488488,0.376,2983.27855039,1.0,1.28934934,6.92422373,5.46641204,1.0,87.32341093,14.06137242,3.36806215,2.01252427,1.39117541,2896.75341613,0.80978289,970.80313249,7.18417082,4031.15139702,504.93703228,24.02827111,94.99407196,21.17537437,178.03010499,6.43066845,62.28236006,129.94974085,48.49073315,15.0,141.77566417,0.86146796,2.27444993,0.7456379,0.7456379,2.70201853,11.00513947,0.7456379,72.49278821,8682.02597337,7.67258015,209.34632843,7.81353033,26.18457572,131.21577659,341.39697598,16351.63874224,3.40682742,87.32341093,1310.92295775,42042.25236745,123.5393761,160.57566784,0.709,148.5668141,129.4250354,87.4646924,4005.69357873,423.81445404,899.97638538,1398.97060774,0.30594161,0.83221403,538.17699748,21657.51336074,90154.21946238,302.52464019,200.68568732,17.72141862,5.4315245,9.02171077,16.76552063,4423.97763811,52.94562824,2098.66348921,3597.1053997,8.04793624,39.57539781,45.73465933,15.44244324,1736.21515802,18.75211963,4.23107603,63.85337576,17.72141862,1538.48384404,36.82568439,10.18157699,139.78295005,1.71929469,0.38489428,1.0,3.50861769,4.22535158,57.06915606,283.90026448,3.66586788,7242.5486721,3.64,4.35387441,100.93894977,80.59878758,1448.9233422,3.75,8.4745935,14.58864211,600.20534126,9.6229222,1.28934934,0.7456379,22.74526512,571.28069377,37.71657121,,21.23373324,13002.58731744,17.72141862,32.68038022,9.39414903,3.49844718,2.89513895,2.39039242,41.0175244,6.78951166,30.64604694,2487.85246707,41.26142876,3567.5788161,40.29269072,12464.46752824,139.23309489,26395.72017861,120.05877333,2.71568265,565.08593872,2.70694054,565.08593872,102.80047257,240.16289144,17.72141862,23.28871721,26.82834579
2025-08-23,3.6725,68.48851084,83.1448244,382.63802705,1.80071024,914.11925158,1317.35288981,1.54045089,1.79,1.69999967,1.66868874,2.0,121.57603915,1.66868874,0.376,2969.12792751,1.0,1.28209454,6.90760504,5.42300588,1.0,87.33010328,14.4095113,3.37486832,2.01455135,1.38299212,2899.0,0.80135365,958.96982543,7.16660102,4012.60735981,503.34959347,23.99647133,94.08093097,20.93208085,178.08,6.36850657,62.59914671,129.82791986,48.36228506,15.0,141.76562161,0.853187,2.26124831,0.73929983,0.73929983,2.69122077,11.00483863,0.73929983,72.68731535,8670.1043466,7.66603079,209.20922576,7.81455915,26.17081706,130.82935754,337.34403079,16228.02246505,3.37043336,87.33010328,1310.46838264,42051.88725448,122.38020375,160.18905467,0.709,146.97499052,129.19630064,87.46550356,4005.09278992,419.74049086,899.84369353,1383.70676936,0.30537449,0.83209971,537.47297298,21633.66992725,90208.5210974,301.81160667,200.67195846,17.45256534,5.42435418,8.99999894,16.81100745,4423.46314322,53.01067801,2099.12397523,3594.90412192,8.04899592,39.94878871,46.10238152,15.40889822,1735.14927117,18.58005184,4.22750023,63.9097731,17.45256534,1535.88898386,36.79036834,10.05593781,139.79366283,1.70416251,0.38393112,1.0,3.50858407,4.22482378,56.49868774,282.06624489,3.63810354,7243.0204908,3.64,4.31468786,99.94490524,80.32618065,1446.52214403,3.75,8.49979501,14.53953307,600.43714198,9.50038672,1.28209454,0.73929983,22.74483517,570.12264806,37.87768189,,21.0983412,13003.23553593,17.45256534,32.43996787,9.52500639,3.49573553,2.93499214,2.40842,41.01996382,6.76356464,30.38250865,2495.90164443,41.3075853,3562.38533993,40.06532719,12346.45260565,141.65137313,26433.87255327,120.08575921,2.71189224,559.65398781,2.70247422,559.65398781,101.81229169,240.18530211,17.45256534,23.34142571,26.76517863
2025-08-24,3.6725,68.43382997,83.14441448,387.65666824,1.79719472,913.34012101,1319.53350316,1.54099999,1.79,1.70094516,1.66854551,2.0,121.6354906,1.66854551,0.376,2954.61899176,1.0,1.28169852,6.91821618,5.43337924,1.0,87.35013327,14.40949101,3.37497238,2.01185113,1.38322242,2860.0626679,0.80168749,958.93500165,7.16736117,4014.42751584,503.54087692,23.94603775,94.07285549,20.92732928,178.37468097,6.36927548,62.54051043,129.93744193,48.46768754,15.0,141.7650538,0.85311377,2.26128092,0.74079105,0.74079105,2.7007943,10.97510309,0.74079105,72.74102124,8681.17361981,7.6612758,209.08315418,7.81486072,26.08711016,132.02314881,337.53383077,16297.95763925,3.38361044,87.35013327,1310.40844733,42009.72404445,122.38050711,159.84813375,0.709,146.96435043,129.24951724,87.45788285,4003.75717396,419.70446224,899.96722016,1384.70767935,0.30621989,0.82083569,537.3081233,21659.66795117,90457.40531129,301.82552044,200.87875957,17.43998558,5.4241689,9.00024145,16.78089842,4448.07446385,52.84818579,2099.48468281,3595.3745611,8.04930654,40.00683994,45.92168402,15.43195543,1734.10786815,18.60250753,4.22815881,63.79038258,17.43998558,1534.68856063,36.73484462,10.05702376,139.82572584,1.70459102,0.38480642,1.0,3.5003537,4.19929848,56.56731051,282.42351866,3.63868853,7251.92873003,3.64,4.31468446,99.95056515,80.55164321,1447.96143737,3.75,8.49979501,14.8332925,599.74284661,9.49775708,1.28169852,0.74079105,22.74492023,571.21417035,37.88864666,,21.11658375,13001.91589623,17.43998558,32.52783393,9.53959338,3.5000472,2.8982368,2.34798798,40.97307889,6.77707982,30.38152133,2477.55800094,41.28604859,3562.48292934,40.03829194,12415.68849833,141.05870477,26346.88480454,120.41605947,2.7115157,559.60594966,2.70094553,559.60594966,101.80355258,240.10242559,17.43998558,23.34134492,26.76517863
2025-08-25,3.6725,68.42080913,82.99880909,382.96925415,1.80085019,918.72981561,1320.5164476,1.54495421,1.79,1.69999994,1.6722418,2.0,121.17784385,1.6722418,0.376,2978.73612802,1.0,1.28358765,6.90977292,5.42292232,1.0,87.34671646,14.0726633,3.37982752,1.99678718,1.38431067,2897.87570373,0.80341427,960.07224091,7.16650186,3997.49695408,502.77164227,23.98787167,94.28125313,20.99460713,177.41003979,6.38237302,61.86845565,129.43346574,48.44224214,15.0,140.58530324,0.85500366,2.2650418,0.74119199,0.74119199,2.68701661,10.95086365,0.74119199,72.69106171,8675.38779407,7.66659817,207.45568333,7.81169042,26.1844524,131.04049128,338.42180786,16263.39599877,3.37111199,87.34671646,1310.35387491,42069.49902464,122.61029965,160.24534568,0.709,147.40062277,128.24863292,87.46700936,3974.71641178,420.63422481,900.00579805,1387.92846995,0.30552596,0.83007645,536.01601815,21480.14394805,89561.05338579,301.66980948,199.78914782,17.46564094,5.42437948,8.99675161,16.73238238,4430.48711575,52.60236863,2099.0842347,3595.3849192,8.04604113,39.58449836,46.08318935,15.44150483,1719.9207414,18.61631663,4.20238887,63.85835146,17.46564094,1522.09327325,36.79613911,10.08369366,139.82025637,1.7082782,0.38472049,1.0,3.49114583,4.22511582,56.61595464,283.09053933,3.64564102,7244.8610972,3.64,4.31867644,100.08352623,80.15556712,1437.07378917,3.75,8.4999317,15.08586949,600.3284167,9.52087511,1.28358765,0.74119199,22.74491839,565.67059713,37.63067485,,21.11589369,13001.93835479,17.46564094,32.4379528,9.39671883,3.49613588,2.8979076,2.40262143,40.9830341,6.76332922,30.47481549,2472.09115279,41.36684796,3563.00841178,39.69482681,12328.92375258,141.69990008,26293.53431207,119.97021754,2.67641789,560.84563308,2.70686953,560.84563308,102.02907588,240.19263241,17.46564094,23.34137164,26.75657141
2025-08-26,3.6725,68.4049052,83.57221411,382.83020698,1.80615154,917.84804881,1358.98283085,1.54425539,1.79,1.69999944,1.68008115,2.0,122.00127898,1.68008115,0.376,2984.59200006,1.0,1.28453377,6.93976089,5.41021493,1.0,87.59169821,13.72947469,3.39077451,2.01270643,1.38565702,2902.49769732,0.80438045,962.70664393,7.1544682,4024.15815022,504.28711613,24.05628975,94.7232371,21.09950814,177.86719808,6.41163499,62.40563991,129.70158883,48.50447256,15.0,141.49824056,0.85901185,2.26627605,0.74226718,0.74226718,2.6895089,11.04527108,0.74226718,72.47049105,8665.20775814,7.67380921,209.53049778,7.80930864,26.23461949,131.16502072,341.35056693,16269.79645481,3.37661299,87.59169821,1309.96937523,42057.30941397,123.18580222,160.5382827,0.709,147.31007726,129.48080175,87.44279437,3975.64228551,422.60612885,899.98803719,1389.96075519,0.30551609,0.83228304,536.15286626,21550.11570083,90196.49545553,302.92679185,199.76779024,17.60198536,5.44451972,9.03024042,16.75857277,4414.62815928,52.85806938,2099.53191996,3596.21336875,8.0435879,39.64243495,45.66983805,15.43802895,1736.68408729,18.67427475,4.21477754,63.86525916,17.60198536,1534.01049512,36.80953875,10.12024485,140.21241091,1.71253532,0.38481281,1.0,3.5149992,4.20470416,56.76591169,283.56619721,3.65957333,7267.92717535,3.64,4.34115743,100.64045173,80.69996884,1440.28347858,3.75,8.49889071,14.59348962,600.51819157,9.57743115,1.28453377,0.74226718,22.74490693,568.99918327,37.87688375,,21.18171788,13001.84518365,17.60198536,32.42386467,9.39629586,3.50910221,2.88117974,2.40826056,41.01244354,6.78358077,30.4818895,2502.27564342,41.49076887,3563.49327917,40.21231086,12376.53537385,140.79547352,26282.70944747,118.98448917,2.77621564,563.47483846,2.70688106,563.47483846,102.5073811,240.16898092,17.60198536,23.28793075,26.7785654
2025-08-27,3.6725,68.44899045,83.71550039,381.19799339,1.80304561,917.4888103,1356.07244951,1.53836388,1.79,1.69999952,1.68102214,2.0,121.95840817,1.68102214,0.376,2983.10475596,1.0,1.28596859,6.9346186,5.43185991,1.0,87.68660805,13.67479594,3.39425995,2.01342385,1.38315,2904.83146153,0.80432375,966.40023649,7.14656959,4052.22850857,503.66001289,23.98396399,94.77629019,21.07300183,178.09228636,6.41585096,62.76121163,129.95431135,48.60051543,15.0,142.07065488,0.85949297,2.26310379,0.74228493,0.74228493,2.69704605,11.11788264,0.74228493,72.27587656,8678.75872741,7.66678048,209.25104164,7.78350261,26.23515124,130.94701935,340.49349964,16321.00763709,3.34552124,87.68660805,1309.76791151,42080.37246464,123.0818038,160.19621204,0.709,147.63171601,129.26768248,87.3856334,4004.41914207,422.84282433,899.98011469,1395.09112603,0.30564124,0.82899282,535.46995114,21646.84788963,90144.8040241,302.33361095,200.83163042,17.62899267,5.4121502,9.0322027,16.70356154,4443.61991369,52.86140265,2099.48700033,3597.13976369,8.01700769,39.73002554,45.9373888,15.44854486,1734.4751456,18.65765781,4.21957441,63.86119083,17.62899267,1535.48093314,36.80947581,10.13789229,140.36433784,1.70820233,0.38483272,1.0,3.53875235,4.22601396,57.0125187,283.73004637,3.66102507,7244.59842482,3.64,4.34667433,100.70683988,80.50007629,1439.26007477,3.75,8.49953373,14.79700163,600.44644684,9.56210723,1.28596859,0.74228493,22.74492999,571.43774462,37.87212587,,21.21554074,13001.85778892,17.62899267,32.49449023,9.57374291,3.49973198,2.88462294,2.40745968,41.04832621,6.77974343,30.55708547,2516.07928507,41.39548628,3561.91576916,40.01897247,12333.62299929,141.96002321,26366.31860049,119.65699869,2.67546313,563.79043245,2.70645539,563.79043245,102.56479398,240.17115584,17.62899267,23.40129954,26.77736544
2025-08-28,3.6725,68.4465351,83.74257885,381.00216833,1.80155067,917.35649992,1351.03858403,1.5354878,1.79,1.7000167,1.67964591,2.0,121.72509164,1.67964591,0.376,2978.5507714,1.0,1.28521813,6.91764632,5.41851914,1.0,87.6656302,13.76567625,3.40000111,2.01334968,1.3779748,2906.43903408,0.8017061,968.58709366,7.15354708,4029.78619968,504.4180024,24.00018638,94.69869794,21.07570477,178.04430572,6.41083594,63.07315183,129.93398074,48.63899501,15.0,142.90210719,0.85878932,2.26151177,0.7405292,0.7405292,2.69330307,11.15101307,0.7405292,72.20772065,8673.11822319,7.6653388,209.20015832,7.78859955,26.28858347,130.98801628,340.47265228,16343.86230028,3.32752283,87.6656302,1309.80258557,42050.05137648,122.82358649,159.89236326,0.709,147.36233801,129.3239868,87.37389622,4005.80811561,422.4966478,899.9765949,1390.52468033,0.30553152,0.83162614,538.80022422,21654.14014418,89762.40248314,302.15348624,201.12010034,17.68372278,5.42018998,9.07656811,16.69998241,4462.58165978,52.876355,2099.54697371,3595.76707188,8.02225754,39.98406519,46.0119178,15.43988402,1735.82368055,18.64631624,4.22997461,63.85271425,17.68372278,1536.01497456,36.8050389,10.07563274,140.33075754,1.70751482,0.38494936,1.0,3.55127911,4.22681663,57.11768175,283.24211348,3.66261689,7233.47910948,3.64,4.35096307,100.62663641,80.44053408,1446.00362151,3.75,8.47429335,15.0499905,600.42339954,9.5261223,1.28521813,0.7405292,22.74492828,572.02352264,37.99038482,,21.26335456,13001.85792825,17.68372278,32.41758666,9.53370117,3.51005788,2.8863505,2.40307818,41.06874696,6.79194513,30.54693652,2503.27860226,41.38806637,3559.72409011,40.02157247,12425.8657744,144.37057718,26364.15109566,119.91817648,2.67222616,563.32886373,2.70686433,563.32886373,102.48082537,240.19185875,17.68372278,23.50089017,26.76111172
2025-08-29,3.6725,68.43260117,83.72517349,381.36860819,1.80076092,914.72242099,1333.89482367,1.52948234,1.79,1.69999985,1.67745946,2.0,121.63764496,1.67745946,0.376,2980.20052551,1.0,1.28300986,6.9167356,5.41446502,1.0,87.57707298,13.89105792,3.40480867,2.01331083,1.37502777,2900.05540699,0.80288306,968.20556131,7.12784518,4024.03593718,505.1516849,23.99064677,94.57542574,21.04006429,178.09468629,6.40221146,62.91403891,129.79847844,48.50679348,15.0,143.29185019,0.8576714,2.25582235,0.74079088,0.74079088,2.69211997,11.4048448,0.74079088,72.36119607,8671.29257693,7.66351319,209.04800097,7.786053,26.15868909,131.21028794,340.23467528,16342.42543013,3.33072231,87.57707298,1310.14829025,42071.2953424,122.6474323,159.68830319,0.709,147.0405145,129.3136599,87.36470804,4006.14907601,421.94667096,899.96349191,1387.21132225,0.30556963,0.83001165,537.61486784,21653.44716689,89776.64758026,302.24393425,200.54356137,17.71624069,5.42534871,9.01337031,16.65288863,4406.35849401,52.81059336,2099.45545987,3596.69279665,8.01963459,40.0197003,45.97272709,15.44166196,1733.42156708,18.67481487,4.21094475,63.83727692,17.71624069,1535.11753327,36.77915423,10.07811038,140.18899958,1.69800202,0.38474051,1.0,3.54242764,4.20074881,56.94749016,283.46748907,3.65750837,7236.80899919,3.64,4.34982555,100.49596285,80.43518059,1447.60978383,3.75,8.49947806,14.5600559,600.16339639,9.49893535,1.28300986,0.74079088,22.7696695,570.51633137,37.99937281,,21.1647243,13001.59827397,17.71624069,32.28505174,9.53212012,3.50768864,2.88210769,2.39539655,41.14642565,6.79512046,30.57326523,2499.75373385,41.34995121,3552.53996028,40.02097377,12445.01996393,145.28204798,26355.55632485,118.9907455,2.77311625,562.59556128,2.70610142,562.59556128,102.34742293,240.15116767,17.71624069,23.55042271,26.75071858
2025-08-30,3.6725,68.45920435,83.98874741,382.51720266,1.80194453,915.62813879,1342.62899561,1.52929523,1.79,1.69999961,1.67374784,2.0,121.60278283,1.67374784,0.376,2957.62019441,1.0,1.28389931,6.91321668,5.42709913,1.0,88.1674878,14.36811506,3.37010859,2.01468947,1.37497053,2902.5,0.80032628,966.64480174,7.13079461,4018.68087295,505.28747881,24.00580284,94.36616399,20.93075905,178.08,6.38809166,62.99390607,129.74555816,48.41414713,15.0,141.90038512,0.85577368,2.25462845,0.74005816,0.74005816,2.68800369,11.45513881,0.74005816,72.1969173,8673.02454753,7.66522251,209.12146399,7.79597523,26.17629967,130.90023876,339.41523717,16421.28607418,3.34206669,88.1674878,1310.36713396,42071.80514962,122.53728704,160.32959198,0.709,147.02311721,129.39321901,87.37394311,4008.53839646,421.01305318,899.89267136,1388.5013477,0.30553459,0.83239914,538.50872998,21652.28676634,89934.20586069,302.00186811,200.50073389,17.6660614,5.41996684,9.01420498,16.66682456,4473.6358503,52.77755104,2099.18837408,3596.44656983,8.02985448,39.95906438,45.88832153,15.39884033,1733.75100803,18.66231587,4.22479557,63.83064674,17.6660614,1536.65136991,36.79784382,10.06131579,141.13410609,1.6974861,0.38384593,1.0,3.54178916,4.1468317,57.08275278,281.78311832,3.64822351,7238.21543088,3.64,4.34198875,100.43490783,80.18462706,1443.46012304,3.75,8.49979069,14.15024842,600.33693828,9.46296535,1.28389931,0.74005816,22.74498564,571.4999445,38.572225,,21.06413595,13003.3704152,17.6660614,32.31647232,9.42999747,3.50632901,2.9205831,2.40841843,41.10175372,6.78764255,30.57852787,2506.37655643,41.37956392,3550.66281336,40.02470551,12479.81218672,148.20473588,26384.77931488,119.61816532,2.66800405,561.35073757,2.7024656,561.35073757,102.12096452,239.98672531,17.6660614,23.65900996,26.78780523
2025-08-31,3.6725,68.43335009,83.76296504,387.43987132,1.7970947,912.88692785,1345.24637523,1.52934301,1.79,1.70086712,1.67394437,2.0,121.62252942,1.67394437,0.376,2954.46032354,1.0,1.28393123,6.91936066,5.42553914,1.0,88.18228279,14.36818234,3.40203016,2.01244338,1.37467919,2862.05322394,0.80055796,966.8439217,7.13156221,4012.23137899,505.87395935,24.00071201,94.37724434,20.92936788,178.49850939,6.38625534,62.89003874,129.81447407,48.55213866,15.0,141.86301503,0.85587417,2.25465808,0.74045942,0.74045942,2.69459042,11.59893914,0.74045942,72.49141205,8676.71871405,7.66179265,209.05595638,7.79709021,26.14117,131.14099184,339.41530896,16413.83694744,3.34071141,88.18228279,1310.02298698,42033.32660958,122.66087607,160.47172608,0.709,147.03170729,129.25455858,87.38561249,4004.23598514,421.06248796,899.98559459,1388.29810482,0.30552116,0.82208362,538.59998212,21661.88096289,90047.78897328,301.93136657,200.72602497,17.65075698,5.42009676,9.02454886,16.61332705,4476.7915279,52.82049488,2099.75179395,3593.51153535,8.03100292,39.99083497,45.88761231,15.41066198,1733.820045,18.67331272,4.22386484,63.8267477,17.65075698,1535.38112221,36.74937678,10.05870216,141.15778918,1.69730546,0.38471208,1.0,3.53495839,4.13513891,57.12379383,282.7958109,3.64889332,7242.42907905,3.64,4.3422191,100.29514454,80.07806555,1446.45830821,3.75,8.2261132,14.59133538,600.08451251,9.4618753,1.28393123,0.74045942,22.74492685,571.50003775,38.48536003,,21.06953114,13001.92182828,17.65075698,32.31457057,9.44083664,3.50769107,2.88013666,2.34063858,41.12762956,6.75976422,30.5902613,2492.11996533,41.34953869,3549.4437811,40.00590243,12483.00750025,147.80693228,26352.41328298,119.65871667,2.66809267,561.41665062,2.70135636,561.41665062,102.13295543,239.96074518,17.65075698,23.6373013,26.78780523
2025-09-01,3.6725,68.45948132,83.73197354,380.31536902,1.79798838,918.59886865,1333.11987356,1.52821836,1.79,1.70001962,1.67145431,2.0,121.40291649,1.67145431,0.376,2979.8856695,1.0,1.28358174,6.89400643,5.43319692,1.0,88.17110418,13.95028554,3.37534726,2.01004387,1.37365905,2901.87957937,0.80042319,966.54171124,7.12998411,4014.30952932,504.93863514,23.94491335,94.23685436,20.89439853,177.92264569,6.37967567,62.82527948,129.63984984,48.47750008,15.0,142.09723873,0.85460102,2.25451399,0.73970156,0.73970156,2.69347744,11.67243659,0.73970156,72.36417179,8672.06673199,7.65764134,208.62994811,7.79530382,26.19630098,130.66519699,339.03163133,16469.35089629,3.33620192,88.17110418,1310.15976576,42079.63445841,122.38720361,159.65627501,0.709,147.19643574,129.01252318,87.37633768,4024.30662528,420.43614042,900.02401312,1392.48940128,0.30543522,0.83114396,538.08170619,21632.72570144,89427.85396485,301.25793493,200.34172341,17.64317262,5.4087304,9.01486746,16.62048826,4396.50136785,52.62688912,2099.23864838,3595.59126278,8.02916293,40.07246046,45.89740182,15.44186763,1730.80383955,18.65368813,4.22491742,63.88247129,17.64317262,1531.40182721,36.76204249,10.05616881,141.13989502,1.6924377,0.38493512,1.0,3.53160226,4.19722627,57.29256712,283.4628271,3.64413376,7212.33914617,3.64,4.33748625,100.18914115,80.43668384,1444.97949298,3.75,8.3923281,14.83526645,600.43487518,9.45304286,1.28358174,0.73970156,22.74492421,569.46774661,37.6293892,,21.12492896,13001.8552249,17.64317262,32.31523144,9.51636113,3.50672054,2.88358159,2.39336039,41.1461717,6.78401522,30.6048954,2502.149613,41.34036613,3545.14936557,39.92913288,12479.06805816,148.25280522,26415.45271413,119.48050411,2.6613619,560.58152056,2.70639945,560.58152056,101.98102851,239.99806034,17.64317262,23.64921249,26.78780523
2025-09-02,3.6725,68.42127025,83.69743351,381.33116565,1.80214099,921.29016491,1376.77171627,1.52733178,1.79,1.7000025,1.67120306,2.0,121.65751331,1.67120306,0.376,2984.27946041,1.0,1.28466091,6.9096253,5.4394304,1.0,88.0940849,13.97007957,3.37498628,2.01389069,1.37507915,2902.61711933,0.80135974,968.32709176,7.13851914,4015.57390851,505.69562429,24.00725531,94.2226888,20.87126861,178.07754263,6.37768639,62.89427412,129.5690176,48.53853644,15.0,142.05812632,0.85447256,2.25398487,0.73874492,0.73874492,2.69219702,11.89783076,0.73874492,72.31848671,8671.6554676,7.66501587,209.34485523,7.79923165,26.18710883,130.89432605,337.76678771,16433.85254641,3.35723659,88.0940849,1310.03381438,42071.16775704,122.53327591,160.22010928,0.709,147.5234373,129.25415029,87.40225253,4009.20699832,420.37294102,899.99333327,1391.98939316,0.30566674,0.83178982,538.90831295,21682.97671249,89734.43422544,302.20315671,200.53071681,17.60712248,5.41064522,9.01399388,16.63831055,4411.72174118,52.57305558,2099.28084601,3596.10287682,8.0332086,39.89569695,45.77347638,15.44164408,1734.78995723,18.65946691,4.22742691,63.88806892,17.60712248,1532.57411419,36.80694536,9.99378508,141.01660641,1.69637883,0.38491808,1.0,3.53558419,4.21345629,57.2183456,283.32586898,3.64290517,7225.2996814,3.64,4.33563235,100.12827702,80.57132508,1448.60854477,3.75,8.49976351,14.60002673,600.35546937,9.40123268,1.28466091,0.73874492,22.72550273,571.37051652,37.80686338,,21.09605953,13001.80594264,17.60712248,32.27547833,9.48186193,3.50848779,2.87802475,2.40630566,41.16011337,6.78928202,30.64720291,2502.05345407,41.36378745,3544.54780933,40.05384465,12490.09111455,149.20938288,26344.4271676,120.08462641,2.66168869,560.49725469,2.70731476,560.49725469,101.96569886,239.99512218,17.60712248,23.70903074,26.74662665
2025-09-03,3.6725,68.52680561,84.03873808,380.77907988,1.80004215,917.9165469,1359.14669648,1.53292073,1.79,1.70000236,1.68144939,2.0,121.65870292,1.68144939,0.376,2970.24672447,1.0,1.28907553,6.91283624,5.46945158,1.0,88.0610764,14.37391894,3.37512756,2.01417547,1.37873532,2896.38514767,0.80548556,973.62859016,7.13889109,4003.52533463,505.70627968,23.96920665,94.80037864,21.05256804,178.06935627,6.41609922,63.0594013,130.02033519,48.5252092,15.0,142.39849791,0.85971142,2.26196618,0.74784919,0.74784919,2.69093913,11.88575994,0.74784919,72.61138854,8670.30218729,7.66559224,209.13845258,7.81121234,26.21052441,131.37947381,340.1783562,16440.54964708,3.38098002,88.0610764,1309.95577714,42081.35821983,123.45530307,160.21679622,0.709,148.8077428,129.37687668,87.40186604,4005.73460921,422.95029453,899.98569688,1392.85133486,0.30601071,0.82919514,539.56161906,21700.19782521,89859.17278665,302.09798583,201.24085841,17.69494934,5.41890202,9.04069227,16.59949456,4419.04602505,52.73951444,2099.34040798,3596.63790441,8.04554871,40.02537828,45.82374487,15.4433356,1735.29385817,18.74069853,4.23119034,63.81171845,17.69494934,1534.17672291,36.79942366,10.03422424,140.96376805,1.70700351,0.38497704,1.0,3.53828237,4.20404016,57.48321399,282.81312573,3.66613183,7216.3505895,3.64,4.36713699,100.72503806,80.57500692,1447.92317215,3.75,8.39352923,14.8330147,600.17419185,9.4658071,1.28907553,0.74784919,22.73474663,570.35426643,38.65447367,,21.27871018,13001.78910792,17.69494934,32.36632563,9.52102793,3.49616119,2.897764,2.39093407,41.1768488,6.76128102,30.75053315,2493.64746049,41.46158958,3538.04047179,40.03554196,12435.79581214,149.37797581,26317.59288499,119.89861002,2.68556745,563.93372604,2.70649673,563.93372604,102.59086196,240.10145649,17.69494934,23.74835432,26.75188757
2025-09-04,3.6725,68.4457997,83.63410191,380.27762502,1.79995054,922.1689592,1361.2498805,1.5287393,1.79,1.69998852,1.67708913,2.0,121.62624498,1.67708913,0.376,2972.59838173,1.0,1.28816527,6.90116477,5.45122629,1.0,88.08375146,14.37423923,3.37429857,2.01139548,1.37997732,2907.48987204,0.8038697,968.27129318,7.14018823,4002.19839121,505.31584563,23.95675331,94.55454661,20.94936122,177.98904597,6.40078314,63.29638007,129.88857596,48.55459243,15.0,142.69872496,0.85748206,2.27381349,0.74398418,0.74398418,2.69407993,12.03948958,0.74398418,71.97474227,8670.76718494,7.66531027,208.92088314,7.7978041,26.20633476,130.6798825,337.4448018,16450.75287398,3.35954465,88.08375146,1309.6935822,42130.38958822,123.17027764,159.67493373,0.709,147.97356982,129.09098512,87.39847161,4005.20668872,421.85351908,899.99859931,1390.98710699,0.30580417,0.82903666,539.69314141,21660.9441485,89635.83433927,301.76017844,200.98571037,17.66639821,5.41850627,9.07891218,16.67866268,4410.4006593,52.73203714,2099.4324974,3596.23907413,8.03173823,39.96860763,46.11220669,15.44568721,1736.9784027,18.71536656,4.22244976,63.89032895,17.66639821,1531.27894439,36.79001581,10.04759395,141.00006515,1.69986913,0.38484724,1.0,3.53189881,4.20904113,57.26034737,283.04908214,3.64725051,7214.55660359,3.64,4.35182506,100.51051784,80.99571816,1446.46626871,3.75,8.39210464,14.34724091,600.46443811,9.42340507,1.28816527,0.74398418,23.28675601,570.95795646,38.88363852,,21.22143529,13001.8520339,17.66639821,32.28356961,9.40813937,3.49624929,2.91451514,2.38990474,41.17487812,6.77868597,30.66260736,2496.49443304,41.39054702,3525.85470778,39.96727435,12400.75471106,151.18847926,26473.48383954,120.04095809,2.76383815,562.47135878,2.70646902,562.47135878,102.32482801,240.15277671,17.66639821,23.84080316,26.78705079
2025-09-05,3.6725,68.43024737,83.29883397,381.72418688,1.80169628,921.46825309,1362.56494,1.53195001,1.79,1.69999972,1.67668932,2.0,121.70173071,1.67668932,0.376,2978.8872498,1.0,1.28859089,6.90756882,5.44652883,1.0,88.07274392,14.39214778,3.37999588,2.01357797,1.38096762,2908.99823535,0.80491085,972.23545337,7.13783739,3985.71063194,506.33886409,23.9980741,94.53200506,20.96357265,178.04551391,6.39968628,63.14991438,129.86473706,48.556765,15.0,142.93477462,0.85727764,2.25958061,0.74352677,0.74352677,2.69412207,12.03114175,0.74352677,71.95267701,8668.04216957,7.6688943,209.21297181,7.80001866,26.21568076,130.79803089,336.97165045,16447.48439618,3.34814001,88.07274392,1310.39648616,42079.46837249,122.77128165,160.06467064,0.709,148.21028607,129.39076846,87.44550187,4003.17769219,421.75295031,899.98426508,1392.92832497,0.30581503,0.8317672,539.78896079,21700.95326493,89803.43215221,302.07941487,200.60752499,17.74321395,5.42474252,9.08340433,16.67863387,4459.5137517,52.78435276,2099.45662177,3594.87730531,8.03401922,39.97008656,46.11439574,15.44153203,1735.48599126,18.71721189,4.22530268,63.88182843,17.74321395,1525.65717825,36.71355229,10.06973587,140.98244483,1.70671282,0.38498216,1.0,3.52759262,4.19083577,56.95208221,283.52449522,3.64411899,7215.94951421,3.64,4.35151485,100.44966755,81.28956502,1448.23373066,3.75,8.49931393,14.65123478,600.50594957,9.45162353,1.28859089,0.74352677,22.75993099,571.03376161,38.68534462,,21.18592972,13001.85694997,17.74321395,32.26293358,9.48057359,3.49969561,2.91387128,2.4083115,41.25612388,6.78485484,30.65088638,2498.97374417,41.3184471,3517.54518724,40.06481196,12402.6780081,152.01375854,26386.23055392,120.43420855,2.77548018,562.33726708,2.70689114,562.33726708,102.30043404,240.14844488,17.74321395,23.95105166,26.70677141
2025-09-06,3.6725,68.53784837,83.02847161,382.75858779,1.80157762,915.13641995,1363.83084124,1.52414896,1.79,1.70000001,1.66943103,2.0,121.85725132,1.66943103,0.376,2957.81835953,1.0,1.28520025,6.90612396,5.41430176,1.0,88.19170843,14.40933831,3.37991375,2.01469818,1.3834779,2909.0,0.79818062,965.84819573,7.13350603,3960.35672428,506.33848267,24.00497734,94.12278167,20.80601891,178.08,6.37103182,63.43390509,129.863427,48.53622668,15.0,142.59646065,0.85356653,2.2526373,0.74044278,0.74044278,2.6965007,12.07486485,0.74044278,72.22619683,8656.28408044,7.67042161,209.31306871,7.79654131,26.18043197,130.76958174,335.31442771,16383.30373144,3.33600724,88.19170843,1310.49342844,42052.47896099,122.03976311,160.19721842,0.709,147.40074202,129.39320305,87.45399849,4003.28143849,419.92720704,899.91716235,1386.19114897,0.3054947,0.83249967,536.37435042,21650.89314465,89856.05067134,302.10654546,200.83565113,17.58508878,5.42992066,9.06478458,16.67717504,4470.88034497,52.70757777,2099.45355549,3595.55948298,8.03043755,39.9497861,46.07525226,15.39883335,1737.4483677,18.71735803,4.22480089,63.75039327,17.58508878,1529.36742258,36.72728053,10.02104459,141.17287727,1.6969372,0.38429051,1.0,3.52154882,4.1627806,56.66598103,283.75546282,3.62461921,7216.77290561,3.64,4.32819851,99.99617896,81.18997233,1446.27923456,3.75,8.49958964,14.54064415,600.37383832,9.39519717,1.28520025,0.74044278,22.73891748,571.35037991,38.83262512,,21.19657537,13002.78827554,17.58508878,32.07849174,9.39999362,3.50001356,2.89998883,2.40842074,41.22919459,6.78533368,30.51064428,2503.88067921,41.29522797,3518.90022851,40.04075807,12496.34776655,153.75703853,26383.98859168,120.60625904,2.77534314,559.90294272,2.70248313,559.90294272,101.85758158,240.1209934,17.58508878,23.94871819,26.74997113
2025-09-07,3.6725,68.45101558,83.01181309,387.75099395,1.79734027,913.45992828,1364.40372209,1.52559526,1.79,1.7001275,1.66901792,2.0,121.83271203,1.66901792,0.376,2951.13841732,1.0,1.28520515,6.91808773,5.42660839,1.0,88.21966839,13.333145,3.37918249,2.01363604,1.38347653,2888.849648,0.79828246,964.8213695,7.135934,3959.41866809,506.74025892,23.98626984,94.09949049,20.81046754,178.46132095,6.37207746,63.40221517,129.88503783,48.57979583,15.0,142.60100088,0.85335531,2.25267115,0.74090441,0.74090441,2.69318089,12.08503883,0.74090441,72.76049316,8669.75163906,7.66230288,209.14663344,7.79650391,26.11212637,131.15231021,335.31918667,16413.21808905,3.336,88.21966839,1310.34261402,42008.93204411,122.05772107,160.20338691,0.709,147.38929124,129.23979295,87.45319879,4003.46252429,419.82329383,899.97285576,1386.87771231,0.30566217,0.8216807,537.26829852,21672.728685,90178.87816877,301.93566308,200.83716159,17.57785124,5.42434047,9.0765971,16.69805954,4469.69735519,52.60668198,2099.82566563,3594.07383168,8.03039903,39.90990416,46.09735751,15.40224086,1736.13411952,18.73030112,4.22683153,63.88515023,17.57785124,1528.32005294,36.77283513,10.04295574,141.21763418,1.69697127,0.38483544,1.0,3.52155,4.15609497,56.69094754,283.75663637,3.62649916,7212.58161661,3.64,4.33037387,99.96670812,81.31637644,1447.27920594,3.75,8.26998003,14.56248075,600.12655447,9.38231922,1.28520515,0.74090441,23.16419895,571.43860618,38.85856335,,21.11694423,13002.01173401,17.57785124,32.14840913,9.41506209,3.50281697,2.90047481,2.34217101,41.25488286,6.75219809,30.50591857,2488.13499436,41.29114246,3508.51493662,40.04082844,12465.27792133,153.54900327,26392.85677329,120.75786496,2.77545907,559.76439177,2.70093702,559.76439177,101.83237638,240.00585552,17.57785124,23.93866659,26.74997113
2025-09-08,3.6725,68.42470964,82.88194933,381.60101994,1.79822558,917.83623269,1360.43254211,1.52406713,1.79,1.70000147,1.67031499,2.0,121.51349868,1.67031499,0.376,2980.22403803,1.0,1.28525091,6.89568207,5.41414286,1.0,88.117299,14.39357108,3.37740853,2.01064588,1.38366685,2908.99995808,0.79852388,966.95747145,7.13499813,3968.72527228,505.67643192,23.94756462,94.17261903,20.82962041,177.89546839,6.37662286,63.25019146,129.73298886,48.56072898,15.0,142.76464224,0.85401849,2.25277711,0.740843,0.740843,2.69340318,12.00474336,0.740843,71.73343766,8654.57920765,7.66203671,208.93940296,7.79772207,26.22514885,130.44124605,335.82537968,16382.40350978,3.34093526,88.117299,1310.00589283,42056.47920659,122.12918547,159.69196245,0.709,148.20896009,129.16229351,87.45980069,4004.27687153,420.14955558,900.01637028,1388.79361695,0.30531034,0.83088951,536.44804782,21607.22364091,89662.13636891,301.35778042,200.61477392,17.60000552,5.41795641,9.06566326,16.74982055,4460.02421996,52.52813524,2099.39991768,3596.56465067,8.03165373,39.72104419,46.07459313,15.43495808,1730.38865894,18.71784243,4.21967274,63.86566894,17.60000552,1522.01681264,36.76499317,10.0316092,141.05376637,1.69663775,0.38474449,1.0,3.51774047,4.18225406,56.79143813,283.44631868,3.63154439,7193.60867127,3.64,4.33545051,100.0168124,81.31653464,1446.10053346,3.75,8.49960147,14.79276038,600.49413323,9.39091534,1.28525091,0.740843,22.74009772,570.65856887,38.91440788,,21.17705006,13001.85575814,17.60000552,32.10195216,9.45187471,3.49766717,2.90495348,2.40835106,41.26321063,6.77939014,30.50474183,2509.80015492,41.2460369,3516.06378113,40.05877773,12484.93317353,153.22221251,26403.20787815,120.18724763,2.77548254,560.19940744,2.70697576,560.19940744,101.91151446,240.11455203,17.60000552,23.9294425,26.72873377
2025-09-09,3.6725,68.37737644,82.54774076,380.72793188,1.79627346,921.63282025,1423.27370966,1.51659138,1.79,1.70000568,1.6612427,2.0,121.67875639,1.6612427,0.376,2979.76356428,1.0,1.28174395,6.93119766,5.42162207,1.0,88.01309041,14.03808098,3.38037506,2.01008522,1.38081833,2906.98333783,0.79242444,970.49130995,7.12512128,3937.0481184,504.88059885,23.92248634,93.6611222,20.67332194,177.93443957,6.34208268,63.58628444,129.46187372,48.24494558,15.0,142.20304713,0.84937991,2.24704072,0.73739715,0.73739715,2.69132218,12.08318836,0.73739715,72.54497695,8665.48666637,7.66298432,209.05433006,7.79277699,26.17400875,130.78722728,334.03522344,16502.04853762,3.32090057,88.01309041,1310.0196321,42059.22820926,121.80761462,160.0242628,0.709,147.29506323,129.47542647,87.46713153,4003.00208569,417.86752109,899.98504459,1385.78962416,0.30539126,0.83051749,535.17008243,21657.30267387,89532.14444121,301.01166407,199.66245762,17.47078586,5.3960204,9.00607345,16.64103895,4429.05716264,52.39885947,2099.61437479,3597.73515746,8.0265603,39.93500486,45.97425129,15.44721114,1736.61737624,18.64613507,4.20931534,63.89168075,17.47078586,1512.67099845,36.74879211,9.97766824,140.88695447,1.68336792,0.3848894,1.0,3.51252755,4.16549963,56.75796678,283.17441253,3.61060875,7184.83387259,3.64,4.30880247,99.50167875,82.48196731,1446.46779681,3.75,8.49760073,14.9877973,600.2541778,9.35420591,1.28174395,0.73739715,22.73990685,572.05223806,39.05886612,,20.99642699,13001.86177749,17.47078586,31.62608607,9.4401346,3.49716311,2.89595183,2.39606478,41.28266725,6.77408024,30.35648781,2490.49063367,41.24350875,3508.22030921,39.99559331,12479.62820675,153.94779945,26410.54981353,119.82442484,2.78394832,557.15669478,2.70713484,557.15669478,101.35798397,239.76757575,17.47078586,24.05012031,26.74020506
2025-09-10,3.6725,68.29274123,83.01036753,381.05510984,1.80629196,918.98912709,1415.92184956,1.51814826,1.79,1.69999517,1.67198745,2.0,122.00837716,1.67198745,0.376,2983.36546529,1.0,1.28348648,6.93302678,5.43391037,1.0,88.20158401,13.85270676,3.38673033,2.02216579,1.38544537,2909.20749027,0.79810103,967.40244215,7.12926824,3922.09820874,505.17600184,24.06001705,94.26691294,20.81016181,178.22430968,6.38211034,63.67933486,129.88251353,48.01002873,15.0,143.2089987,0.85487361,2.24266305,0.73943313,0.73943313,2.69187429,12.14451107,0.73943313,72.48948794,8678.00440924,7.67124458,210.05345854,7.78879598,26.1780144,131.27123242,335.99407644,16455.5457255,3.34343087,88.20158401,1310.29482851,42047.88977527,122.59234789,160.36460713,0.709,147.40182678,129.73956491,87.46750455,4004.72208971,420.5702463,900.02081877,1388.037998,0.30552625,0.83244123,538.34512721,21731.63468611,89968.62478857,302.16724728,199.92937763,17.53215506,5.41539474,9.03236291,16.63273466,4448.60964157,52.52212263,2099.27537558,3597.27561782,8.02245986,39.95246336,45.83920488,15.43786612,1737.631292,18.63338349,4.21438592,63.88803227,17.53215506,1512.93925045,36.77004535,9.97761488,141.1886856,1.68783739,0.38490693,1.0,3.51073071,4.2370578,57.16022342,283.82472659,3.63496447,7190.55584665,3.64,4.33703936,100.15474185,83.69704683,1450.94225967,3.75,8.4661132,14.8585114,600.37187523,9.38828175,1.28348648,0.73943313,22.74011484,571.45395611,39.12497526,,21.12354297,13001.84899183,17.53215506,31.79666798,9.41006494,3.49944913,2.90597354,2.40287128,41.2794204,6.79479107,30.35834258,2488.39530629,41.29819054,3501.34841543,40.15780605,12370.69785241,155.13234534,26405.95164889,119.37974634,2.71590927,560.7603284,2.70683609,560.7603284,102.01355724,239.59238542,17.53215506,24.10592455,26.7280592
2025-09-11,3.6725,68.25237903,83.01587047,380.94253929,1.80272854,917.6764663,1423.93115208,1.51105252,1.79,1.70000005,1.6719362,2.0,121.77177827,1.6719362,0.376,2979.77514844,1.0,1.28238999,6.91618608,5.4055859,1.0,88.11126123,13.45853532,3.38266018,2.01377141,1.38658761,2907.43963263,0.79882071,962.13242446,7.12121507,3923.83360687,504.2556093,24.00612081,94.26402349,20.85822149,178.02688063,6.38164808,63.80838833,129.85734154,48.11222206,15.0,143.62211561,0.85484741,2.24498419,0.73907659,0.73907659,2.69190161,12.19113427,0.73907659,72.77512463,8675.2522886,7.66198492,209.33005825,7.79021588,26.20548253,130.88682771,336.04206306,16454.65594834,3.32866518,88.11126123,1310.19978013,42069.51984329,122.41656783,160.13455255,0.709,147.38275796,129.22061684,87.46149631,4005.99117702,420.55735506,899.9910866,1387.66439398,0.30551717,0.83166991,538.47500675,21651.9161255,89854.81682758,302.16040055,190.13126003,17.48796581,5.40898658,9.02545513,16.6461566,4446.62503383,52.57323268,2099.38606595,3597.41877706,8.02392236,39.95334239,45.49098268,15.44149667,1734.60318066,18.59677462,4.2193019,63.89037205,17.48796581,1508.56346176,36.79247716,9.93203749,141.04410141,1.68213497,0.38485793,1.0,3.48522381,4.2375543,57.10677893,282.66940392,3.64283848,7171.47465999,3.64,4.33921723,100.14548468,84.50114728,1448.89385173,3.75,8.49970657,14.22770723,600.94545163,9.34661235,1.28238999,0.73907659,22.75993035,571.05153478,39.31607121,,21.09968608,13001.85956404,17.48796581,31.78193898,9.48735366,3.5061061,2.90909826,2.40774324,41.29271674,6.79007623,30.26957398,2479.54372933,41.25793634,3511.32791961,39.96236122,12367.10955603,156.50619826,26384.73479797,119.62489375,2.71598315,560.74314008,2.70683547,560.74314008,102.01043034,239.59711708,17.48796581,24.1982693,26.7041565
2025-09-12,3.6725,68.2089108,82.77815362,382.56147036,1.79750681,917.81203716,1432.72189948,1.50093778,1.79,1.70000002,1.66760765,2.0,121.49590997,1.66760765,0.376,2978.1048799,1.0,1.28232127,6.90631263,5.38976664,1.0,88.34214583,13.38459619,3.37956515,2.01226875,1.38442416,2897.44844815,0.79635294,952.57270632,7.12102712,3891.89497954,504.8466844,23.93448458,94.01997896,20.7669605,177.95366938,6.3644958,63.42859416,129.815473,48.21957025,15.0,143.20685426,0.85263425,2.23786882,0.73742624,0.73742624,2.69759301,12.12650468,0.73742624,72.78262479,8675.01020054,7.65784627,208.51332003,7.78744865,26.1333851,131.28008988,333.76424806,16432.64364076,3.32366038,88.34214583,1306.88350091,42060.59967068,122.09773936,159.76006286,0.709,147.37797223,129.13447694,87.46382571,4000.33426945,419.4685545,900.01910937,1388.96492703,0.30540938,0.82871999,539.71511803,21680.09987698,89425.73603083,301.38301257,191.75039942,17.3584789,5.4029261,9.00726407,16.56355782,4441.33555575,52.47458896,2099.47089174,3601.89103844,8.0210721,40.05832365,45.6194252,15.44418819,1729.46660512,18.47593416,4.20981731,63.80373683,17.3584789,1507.04686476,36.77148982,9.86549253,141.41368995,1.67396362,0.3849687,1.0,3.48201785,4.23566341,57.11497738,282.76563299,3.62695221,7162.30402795,3.64,4.3249527,99.89179292,84.58304756,1446.93595829,3.75,8.38441766,14.98054834,600.25344159,9.31482559,1.28232127,0.73742624,22.76044329,571.35244282,39.12978486,,21.06996547,13002.17413439,17.3584789,31.70280755,9.47393076,3.49999868,2.90473026,2.38044946,41.3566305,6.77651237,30.26397452,2459.29814511,41.37674329,3511.25413791,39.91913415,12361.93737873,156.94103122,26401.98245555,118.98898321,2.67279182,559.291406,2.70653462,559.291406,101.74633078,239.63397424,17.3584789,23.89758847,26.73239435
2025-09-13,3.6725,68.02439508,82.74667708,383.46226854,1.79761349,913.06697895,1449.82870561,1.50426918,1.79,1.70000044,1.66832442,2.0,121.80989035,1.66832442,0.376,2955.62183302,1.0,1.28349906,6.90838946,5.35339844,1.0,88.27653774,14.21639888,3.38509845,2.00946339,1.38455009,2878.68,0.79655067,954.58412618,7.12434715,3898.1541916,503.78471249,24.0008973,94.0603906,20.76195809,178.24497837,6.36061233,63.27079162,129.70306162,48.01363448,15.0,143.49845681,0.85300073,2.23902206,0.73768916,0.73768916,2.69580109,12.20486252,0.73768916,71.93703136,8665.53846268,7.66678739,209.21093687,7.78069434,26.18752508,130.8535544,333.08624112,16412.47486493,3.33463053,88.27653774,1310.38391014,42037.89559548,122.04443401,160.33103287,0.709,147.66601994,129.09562463,87.46246384,4006.99894113,419.64885033,900.08366691,1392.84934705,0.30534454,0.83249934,540.8049143,21732.90225215,89681.1836929,301.81617151,189.96185492,17.40283176,5.40993507,9.01190108,16.61401858,4475.44717636,52.49891659,2099.74648477,3594.96886962,8.01411517,39.91955864,45.46701552,15.29932406,1737.54361567,18.44744176,4.20499976,63.90997673,17.40283176,1502.43844616,36.7181859,9.86519893,141.30866779,1.67870159,0.38388988,1.0,3.49194659,4.11919039,57.15781739,283.91123386,3.62749715,7163.50812164,3.64,4.31799466,99.86231694,83.75172471,1445.80241564,3.75,8.28288224,14.6940556,600.29776638,9.32570157,1.28349906,0.73768916,22.75993524,571.96781606,39.37847055,,21.15723919,13002.42864079,17.40283176,31.65441109,9.45999728,3.49787232,2.90713167,2.3747973,41.3326901,6.77226567,30.30043511,2462.32232641,41.28963205,3509.36349268,40.03248992,12436.09859594,160.19518243,26455.3977365,118.85991999,2.74572249,559.53180044,2.70246064,559.53180044,101.79006335,239.60361975,17.40283176,23.74863791,26.7561984
2025-09-14,3.6725,68.18675987,82.68273436,388.18916684,1.79712682,912.52438202,1452.54413416,1.50424848,1.79,1.70094974,1.66672435,2.0,121.7624838,1.66672435,0.376,2950.76229393,1.0,1.28366667,6.91622921,5.35670155,1.0,88.28012215,14.21638438,3.38633064,2.01306367,1.384856,2857.6412802,0.79666504,954.49218764,7.12379193,3897.04103862,504.00054668,23.93154863,93.97017843,20.72773587,178.50595232,6.36288498,62.97855455,129.8300942,48.1482139,15.0,143.5447111,0.85218263,2.24580532,0.73754802,0.73754802,2.69843888,12.18609492,0.73754802,72.4235814,8674.24480518,7.65848616,209.1256798,7.77835324,26.12102669,131.40058167,333.21152815,16422.53407368,3.33465,88.28012215,1310.09369556,42006.61861129,122.03218945,160.27438733,0.709,147.69518703,129.18764386,87.46246384,3997.58919364,419.24637025,900.01122958,1391.79250631,0.3055823,0.82107723,540.91298387,21650.39147907,89733.09880321,301.70915475,185.65510632,17.38001104,5.40911701,9.01069238,16.62461141,4472.83044487,52.46660972,2099.61809879,3595.39554584,8.01170384,39.89184789,45.43817895,15.35490318,1736.35179225,18.4399985,4.2059082,63.86833513,17.38001104,1504.79602654,36.70506432,9.86163299,141.31440553,1.679119,0.38464649,1.0,3.49228879,4.11154875,57.13995737,281.86371508,3.62743954,7151.74159458,3.64,4.31754504,99.83391351,84.04383815,1448.04754262,3.75,8.21203376,14.83288495,599.83251422,9.31775738,1.28366667,0.73754802,22.75994446,571.66957389,39.3398366,,21.01755601,13001.80432689,17.38001104,31.7051132,9.47969923,3.50238311,2.9075,2.37093752,41.35978912,6.76932086,30.31150881,2462.46827897,41.28792175,3509.22110385,40.13435266,12446.20011748,159.68325083,26380.82850598,119.48979873,2.74795256,558.99516034,2.70092427,558.99516034,101.69243775,239.60830061,17.38001104,23.73059228,26.7561984
2025-09-15,3.6725,68.17421434,82.52094461,382.73589022,1.80298509,918.68447273,1451.61870137,1.50248608,1.79,1.70000019,1.66752489,2.0,121.75024739,1.66752489,0.376,2985.34154855,1.0,1.28206021,6.91111591,5.35294283,1.0,88.26710751,13.79616122,3.38642164,2.01447647,1.38430178,2884.54375984,0.79658762,952.59205806,7.12327477,3896.27541804,503.8020887,24.00648333,94.01531317,20.73598463,178.09017494,6.36439186,63.41947373,129.50850334,48.10061831,15.0,143.66977648,0.85259194,2.23820901,0.73750551,0.73750551,2.70035912,11.93757897,0.73750551,72.80701033,8681.3929775,7.66685754,209.31968581,7.77717508,26.19342143,131.00185341,332.87569101,16407.50701372,3.33476412,88.26710751,1310.53001656,42071.76302496,122.09462858,160.50055466,0.709,147.5783362,129.26193678,87.46737833,4004.20916755,419.44773813,900.01694236,1389.9135425,0.30530269,0.83160473,541.10987797,21718.66141505,89396.2897107,301.9241722,189.95516777,17.38699825,5.40312667,9.01162835,16.61631314,4457.37869922,52.47264429,2099.45843937,3597.01879298,8.01049033,39.92863014,45.46748862,15.41168581,1734.55447857,18.44998597,4.20543838,63.88932221,17.38699825,1504.07991866,36.80723866,9.85556167,141.29357235,1.67778863,0.38497104,1.0,3.48763109,4.21697171,57.276732,283.99503949,3.62754026,7148.0804024,3.64,4.31672088,99.87991451,83.45008676,1448.99260805,3.75,8.49992295,14.97334455,601.39700198,9.32586831,1.28206021,0.73750551,22.75993864,571.95095552,39.3814189,,21.13173762,13001.85986362,17.38699825,31.78729939,9.41232098,3.49883004,2.90589766,2.40631249,41.3647855,6.79312964,30.30898872,2463.34956746,41.30084145,3509.66024096,40.0844807,12445.02331551,159.50474882,26398.43186748,118.81098963,2.74800097,559.26365084,2.70728001,559.26365084,101.74128156,239.58971052,17.38699825,23.74761041,26.73972718
2025-09-16,3.6725,68.09686899,82.44819222,382.72536665,1.80183623,917.82422707,1465.91944605,1.49902033,1.79,1.70002605,1.66201469,2.0,121.70168014,1.66201469,0.376,2975.28995156,1.0,1.28005783,6.91634102,5.31739325,1.0,88.12307792,13.89011951,3.38497765,2.01318922,1.3773459,2879.99356644,0.79437247,951.68003381,7.11723536,3907.58903778,503.66915163,23.99803516,93.70464688,20.66165506,178.0472463,6.34303729,63.19369227,129.61918413,48.17003615,15.0,143.80052987,0.84977462,2.23627217,0.73500608,0.73500608,2.70321111,12.2127016,0.73500608,71.92028661,8666.55186734,7.66498124,209.12432968,7.77875125,26.19074979,130.85197304,330.92101805,16385.76183318,3.35061184,88.12307792,1309.66511251,42074.10593684,121.69022556,160.52068747,0.709,147.2942269,129.36317261,87.46164607,3993.30613296,418.06170571,899.99829899,1382.55814451,0.30528184,0.83164352,540.85363889,21674.55274838,89837.69487587,301.92970138,178.09496588,17.35933406,5.40997826,8.99327652,16.62267465,4425.70392607,52.36702867,2099.43105101,3596.66296649,8.01211378,39.91107593,45.47497966,15.40192954,1736.74281525,18.35580367,4.20601553,63.89953859,17.35933406,1499.20951259,36.7409381,9.82523862,141.06301698,1.67720293,0.3848927,1.0,3.49122909,4.1827544,57.1096272,282.94851231,3.60913369,7143.49529776,3.64,4.30245644,99.57185299,82.93508363,1446.23193911,3.75,8.4989323,14.69740701,601.42997606,9.27768942,1.28005783,0.73500608,22.77992425,570.78084371,38.85443586,,21.02453285,13001.76166435,17.35933406,31.80193716,9.45176581,3.49806555,2.89781694,2.40814895,41.32254214,6.79149777,30.09231434,2467.68399704,41.23099571,3505.4239309,40.16540573,12388.51920482,160.25191283,26399.71668305,118.70052988,2.6588799,557.41560761,2.70627171,557.41560761,101.40508541,239.57636685,17.35933406,23.80931845,26.745889
2025-09-17,3.6725,68.9918698,81.7430653,383.11072469,1.79421472,917.82127922,1469.37808286,1.49793629,1.79,1.69999967,1.64979855,2.0,121.3443349,1.64979855,0.376,2977.75259519,1.0,1.27638919,6.87955754,5.29745858,1.0,87.94766115,13.59949031,3.38303184,2.00995659,1.37495924,2874.99116944,0.7869916,947.84658774,7.10908526,3873.48116368,503.10065754,23.89570027,93.01589903,20.50645918,177.90744228,6.29688271,62.52513348,129.26744402,48.09329583,15.0,143.83139433,0.8435286,2.23242224,0.73306683,0.73306683,2.70731941,12.21577964,0.73306683,72.33823496,8666.39464066,7.6489369,208.2351284,7.77907651,26.19369506,130.27588912,328.73928437,16416.25067971,3.32374828,87.94766115,1309.56820566,42042.2111926,120.62672973,160.21829706,0.709,146.56776006,128.9437391,87.46357774,3993.83921674,414.98886879,900.01597038,1381.6782273,0.30495023,0.83100266,539.68372259,21568.4382987,89380.74773084,301.39055927,177.39683813,17.3684625,5.38490332,8.96299002,16.58818569,4401.03481321,52.05486077,2099.43336327,3596.66699631,8.01244881,39.88926419,45.27373227,15.41345758,1726.67208693,18.30144118,4.19242127,63.88804917,17.3684625,1491.49351937,36.71689758,9.76993325,140.78221858,1.67320951,0.38494596,1.0,3.47698675,4.16703865,56.86300445,282.80854794,3.58520738,7101.05115809,3.64,4.27049897,98.83199813,83.16083296,1444.7765395,3.75,8.4988334,14.80718642,601.43693677,9.24123567,1.27638919,0.73306683,22.78775053,571.45122777,38.14452801,,20.91118175,13001.91245015,17.3684625,31.75090482,9.41443209,3.49680398,2.88237428,2.40816085,41.3214346,6.78053548,30.02589551,2468.34804363,41.17834774,3500.15175027,39.99590239,12305.20182058,160.17707422,26369.47866718,118.7617428,2.65672979,553.31849172,2.7073415,553.31849172,100.65973781,239.59259285,17.3684625,23.39634359,26.73527761
2025-09-18,3.6725,67.18183441,81.86659848,380.73901247,1.80083826,915.35665921,1473.8372366,1.50646217,1.79,1.70000338,1.65591279,2.0,121.7474125,1.65591279,0.376,2975.77740702,1.0,1.27944791,6.90463276,5.30835991,1.0,87.89894568,14.19644062,3.3871144,2.01258822,1.37826263,2768.80791336,0.78939554,952.59211416,7.11114659,3875.82527507,503.78076792,23.96621676,93.36062125,20.5929351,178.06595657,6.32058286,62.36688027,129.10897382,48.14354165,15.0,144.78627976,0.84665477,2.2416931,0.73456627,0.73456627,2.71827026,12.25235603,0.73456627,72.28736938,8678.76421704,7.65730561,209.40339582,7.77790842,26.20336327,130.76825863,330.42340276,16454.50976803,3.33725973,87.89894568,1311.00561343,41900.31383747,120.90515896,160.51507668,0.709,147.10154423,129.26783568,87.46435467,4006.0799699,416.52684115,900.01587839,1383.8254442,0.305198,0.82959452,541.82256293,21622.3929892,89735.28405588,301.8648074,177.22675451,17.42779854,5.38687195,8.98932101,16.53025209,4393.18787513,52.06473991,2099.52238805,3598.66430607,8.01124568,39.86976587,45.15332661,15.40702781,1735.17231717,18.32547365,4.19440006,63.89810943,17.42779854,1493.94394569,36.77374152,9.8392302,140.7042373,1.69017909,0.38492616,1.0,3.47881478,4.1946797,57.07702232,283.2712852,3.60914954,7134.65953235,3.64,4.29048463,99.20742819,83.89747678,1444.74178232,3.75,8.49980128,14.7193389,601.45086804,9.30799917,1.27944791,0.73456627,22.78004016,571.45078296,38.4853176,,20.89640199,13001.85971715,17.42779854,31.83913916,9.42371616,3.49643216,2.88600852,2.40826377,41.33099682,6.78597993,30.12312579,2467.83140314,41.22762237,3499.91099392,40.24378955,12299.73353417,160.94491322,26357.75669471,118.76623886,2.66639108,555.36912153,2.70613752,555.36912153,101.03278852,239.59091086,17.42779854,23.49018477,26.68105204
2025-09-19,3.6725,67.30860047,82.18136356,381.7260352,1.80105202,915.3420427,1475.35066915,1.51441767,1.79,1.70000013,1.66067691,2.0,121.70088889,1.66067691,0.376,2973.1284921,1.0,1.28326737,6.90426313,5.30514101,1.0,88.23187032,14.1787263,3.38501129,2.01340181,1.38018262,2766.2464978,0.7932892,955.24426115,7.11701273,3892.66981758,504.25484459,23.98496461,93.62922293,20.63873251,178.02270772,6.33759329,62.27974395,129.44683624,48.21701892,15.0,143.59804571,0.84909062,2.24989271,0.73863528,0.73863528,2.7347932,12.26471956,0.73863528,73.05098434,8667.9158511,7.65788759,209.19409544,7.77908285,26.1896973,130.83047606,330.8039008,16569.6383415,3.339656,88.23187032,1307.91437646,42059.2387002,121.59044194,160.45725676,0.709,148.07828317,129.37090351,87.46414536,4005.78587875,417.72520304,900.00717175,1394.14990852,0.30529483,0.8316785,541.00742883,21665.71204517,89384.85134224,302.01521348,177.79463812,17.36464134,5.39982547,9.00813649,16.54533466,4420.20472577,52.01461965,2099.29049706,3597.09729174,8.01245534,39.89492964,45.24343079,15.41219291,1733.51389828,18.38011174,4.20531644,63.90118795,17.36464134,1494.9106555,36.76482824,9.89366341,141.23716642,1.70154698,0.38489996,1.0,3.48377759,4.18501363,57.20726793,283.14443653,3.6182006,7118.53458898,3.64,4.30448866,99.4763897,83.29096462,1446.26689141,3.75,8.49917803,15.20393957,601.26626684,9.36329678,1.28326737,0.73863528,22.80486097,571.44508095,38.14478097,,20.9657636,13001.82852714,17.36464134,31.92732624,9.37945857,3.4980308,2.89651868,2.40439308,41.39918272,6.77578199,30.15734941,2473.04180936,41.1914844,3501.92328452,39.94486992,12313.79824646,163.23260328,26387.7652026,119.07790472,2.67039189,556.96693739,2.7073548,556.96693739,101.32346329,239.40437592,17.36464134,23.69092426,26.57471322
2025-09-20,3.6725,67.45718994,82.52795288,382.84996109,1.79922442,913.70967893,1474.70276435,1.51661621,1.79,1.69999995,1.66557316,2.0,121.83060564,1.66557316,0.376,2971.02175984,1.0,1.28382646,6.90920596,5.32085056,1.0,88.09739783,14.03187492,3.38508561,2.01505625,1.37909428,2754.24401948,0.79533165,955.41132401,7.11535515,3893.4670863,504.46661748,24.00173184,93.90527395,20.66211233,178.1434,6.35483177,62.08663358,129.61853838,48.16711966,15.0,143.8577106,0.85159403,2.25163827,0.74309118,0.74309118,2.72303238,12.26737809,0.74309118,73.01123042,8692.10783138,7.66085146,209.23870458,7.77469438,26.17233639,131.16875285,332.3622115,16629.81062262,3.33082521,88.09739783,1310.27451698,42007.35587572,121.81941766,160.22583286,0.709,147.96595498,129.32395085,87.46488358,4011.9566386,418.9568,900.08075848,1397.19389466,0.30551364,0.83056914,541.25437586,21676.11578219,89861.54562682,302.41264423,178.18941219,17.33332765,5.39503858,9.02685883,16.55700016,4443.15328211,52.22588367,2099.44321059,3597.49407335,8.00793521,39.97124148,45.34272307,15.32344184,1733.90507674,18.39594592,4.20597731,63.59228972,17.33332765,1494.23157335,36.75236979,9.94053737,141.02190958,1.70706881,0.3845835,1.0,3.48543952,4.14613657,56.96543789,281.4214512,3.62913455,7108.11576913,3.64,4.3209164,99.69265611,83.5041819,1451.43641608,3.75,8.49978863,15.0680865,599.93368747,9.41258079,1.28382646,0.74309118,22.75592015,574.15719629,38.34745669,,20.84727786,13002.78671537,17.33332765,31.83483587,9.38351695,3.50005404,2.90290964,2.37703453,41.36596936,6.76676005,30.23955221,2465.8481531,41.33781792,3501.04544764,40.00125342,12307.14138322,165.00423756,26361.12148399,119.32215997,2.67366582,558.60906667,2.70211849,558.60906667,101.62219956,238.59293311,17.33332765,23.73081662,26.57893708
2025-09-21,3.6725,67.4508904,82.54044413,387.80128072,1.7971025,912.67377553,1474.82904306,1.51660932,1.79,1.70032836,1.66512358,2.0,121.82158368,1.66512358,0.376,2973.80599268,1.0,1.28374069,6.91186306,5.32001687,1.0,88.09140228,14.16511832,3.38010301,2.01113811,1.37809146,2754.07488314,0.7952414,955.44391163,7.11511903,3886.4420527,503.67079807,23.90810834,93.8799265,20.6772972,178.36589098,6.35376005,61.99257568,129.67028453,48.18045553,15.0,143.85885508,0.85136417,2.25169439,0.74170593,0.74170593,2.73078766,12.27062056,0.74170593,73.03480689,8672.73324112,7.65894808,209.36449626,7.77503138,26.16628677,131.02602522,332.31602362,16579.21645292,3.33095,88.09140228,1310.33214339,42006.18816074,121.73098582,160.17273009,0.709,147.92361699,129.27257698,87.46488358,4012.3670051,418.8437128,900.0069371,1396.52348019,0.3053928,0.82007903,541.38267832,21651.70817932,90020.06419642,302.03353851,178.25192711,17.33817435,5.39239244,9.02248111,16.5347986,4440.26842777,52.22985698,2099.82120066,3594.97636881,8.00828232,39.88931038,45.33996826,15.31503819,1734.10122283,18.40793705,4.20641892,63.87779951,17.33817435,1497.22552787,36.70734929,9.94225381,141.01231219,1.70720528,0.38474761,1.0,3.49021141,4.11854458,57.01466508,282.87561367,3.62989419,7120.26253488,3.64,4.31937361,99.74360322,83.48114256,1449.63380459,3.75,8.49978863,14.72112704,599.57574466,9.41188889,1.28374069,0.74170593,22.75513671,573.8242249,38.3673409,,20.90171692,13001.87730216,17.33817435,31.85761105,9.39395832,3.49946834,2.902,2.34591762,41.38976954,6.74659387,30.25224781,2470.22591948,41.32136892,3500.74322044,39.90172777,12325.51984584,165.00463851,26381.8878475,119.89821853,2.67379256,558.45828374,2.70128295,558.45828374,101.59476912,239.18023454,17.33817435,23.6570233,26.57893708
2025-09-22,3.6725,68.99617859,82.53858265,382.61128305,1.80548801,922.66942309,1477.22857133,1.51796178,1.79,1.70000321,1.66690407,2.0,121.7774544,1.66690407,0.376,2987.26643827,1.0,1.28539894,6.91244008,5.3328058,1.0,88.22349078,13.71225678,3.38721247,2.02055399,1.37962479,2754.03101986,0.79653918,955.51651122,7.11544527,3897.36690283,504.59433795,24.04116141,93.98031113,20.70227696,178.19315399,6.36095544,62.11340662,128.4387232,47.82042523,15.0,143.81343582,0.85227452,2.2517526,0.74250237,0.74250237,2.72804957,12.2836408,0.74250237,73.19415193,8686.34148219,7.66094425,209.48560265,7.7708576,26.24196852,131.1006568,332.49010996,16626.91501584,3.33398377,88.22349078,1311.53105625,42047.5289303,121.8755841,160.67170997,0.709,148.17923854,129.28656847,87.46174759,4026.01396665,419.29157714,899.96730777,1393.07277399,0.30539784,0.83196018,542.39988512,21690.97640331,89959.42964361,302.99433028,178.52897603,17.35813701,5.40379498,9.02912294,16.62136694,4428.74420798,52.3116118,2099.33661618,3596.31065818,8.00398333,40.07213264,45.33708262,15.40210091,1737.37123048,18.42160248,4.20996348,63.89142792,17.35813701,1497.59968756,36.83419552,9.94390215,141.22375286,1.70874165,0.38491645,1.0,3.48803276,4.2025494,57.16397069,284.0433116,3.6355707,7138.09977282,3.64,4.32773423,99.78336516,83.62427464,1452.31357192,3.75,8.49984283,14.92559076,601.48774517,9.42417031,1.28539894,0.74250237,22.75510033,571.57009605,38.07488971,,21.01718209,13001.85643046,17.35813701,31.85841935,9.36263858,3.49609029,2.90680784,2.40824592,41.40692539,6.78143535,30.30784387,2470.57703135,41.38942261,3501.59279628,39.99425386,12339.30331109,166.37409571,26405.65262043,119.54156614,2.67410073,559.05543619,2.70686686,559.05543619,101.70340314,239.50179329,17.35813701,23.72626245,26.57354255
2025-09-23,3.6725,68.80806447,82.2084383,382.59781687,1.8009657,917.84190092,1410.16810968,1.51630083,1.79,1.70076826,1.6549599,2.0,121.7227391,1.6549599,0.376,2977.70875689,1.0,1.2815948,6.92109043,5.33525652,1.0,88.31132301,13.71175552,3.38564776,2.01348965,1.38250199,2754.04743499,0.79113427,956.46251196,7.11167746,3850.14716988,504.45548524,23.99016092,93.30689672,20.50890227,178.25880231,6.31654634,61.89063492,129.44615637,48.16846957,15.0,143.28495889,0.84616756,2.24986869,0.73932592,0.73932592,2.72110965,12.2880855,0.73932592,73.6625299,8679.23767669,7.65820003,209.19411922,7.77251265,26.20422152,131.100635,329.28063669,16582.50405992,3.34869885,88.31132301,1309.82128916,42037.27217858,120.69918933,160.25146544,0.709,147.61715145,129.371705,87.46412691,4006.51387548,416.28715009,900.02541716,1393.24961072,0.30525921,0.8317567,543.33491253,21659.31091597,89799.44944289,302.40274063,178.53022683,17.32680229,5.4094561,9.02970855,16.66418435,4414.58256242,52.13482169,2099.38139453,3597.94417281,8.00568803,39.94147881,45.51433888,15.405566,1735.89622282,18.35390782,4.19821096,63.88798019,17.32680229,1493.63586925,36.76166635,9.91535746,141.3643503,1.70524429,0.38482207,1.0,3.49726121,4.23019717,56.97607008,282.50512119,3.60116112,7117.26159938,3.64,4.29437035,99.14024751,83.61656756,1446.06500414,3.75,8.49988663,15.05033355,601.08708639,9.34098357,1.2815948,0.73932592,22.75519555,571.4787294,38.21476844,,21.00233719,13002.5241955,17.32680229,31.77514825,9.35654286,3.50926625,2.89589253,2.40080952,41.39896967,6.77630098,30.20245158,2467.25682342,41.3722265,3500.52544915,39.8289174,12284.05264813,167.89327817,26407.39831112,119.44478099,2.67920341,555.04953345,2.70694198,555.04953345,100.97464904,239.3873291,17.32680229,23.79864845,26.57149807
2025-09-24,3.6725,68.94743248,82.13483887,383.46213786,1.80202458,917.81432641,1367.50556736,1.51312929,1.79,1.7000002,1.65734237,2.0,121.72306668,1.65734237,0.376,2977.69391936,1.0,1.2841074,6.9129489,5.28254434,1.0,88.77293202,13.28686229,3.38532417,2.01337441,1.38425992,2734.41604964,0.79214445,948.62778658,7.11428877,3862.40439863,504.35394337,24.00127573,93.44122088,20.54344072,178.04114886,6.32497831,62.09242139,129.3492147,48.16278383,15.0,145.80299499,0.8473857,2.25069818,0.74008436,0.74008436,2.70973265,12.30183072,0.74008436,73.54253024,8680.90938028,7.65966324,209.26699078,7.77512012,26.21639464,130.92860424,330.50818055,16671.41531677,3.34292996,88.77293202,1310.01526852,42015.62481129,120.83516642,160.24814698,0.709,147.76814009,129.37001596,87.46279656,4007.6435548,416.88643504,900.00318773,1393.85269019,0.30527173,0.83168225,544.27760545,21676.0335718,89653.76950989,302.44640874,178.55668131,17.25617778,5.41962244,9.03987657,16.64932702,4419.55643401,52.15542238,2099.37306684,3597.92373214,8.00837373,39.92459053,45.32589644,15.41468822,1735.85925701,18.35658303,4.20017007,63.85951183,17.25617778,1488.9379423,36.75551666,9.89601873,142.10327092,1.70694336,0.38487571,1.0,3.5016148,4.18854189,57.46525503,282.52932383,3.60992252,7112.04498592,3.64,4.30262871,99.27253888,83.64088352,1447.89491496,3.75,8.39053003,15.17417299,601.36531263,9.34513482,1.2841074,0.74008436,22.78993188,571.58480489,38.15545363,,21.01803391,13001.9994783,17.25617778,31.91348709,9.34278497,3.50815347,2.89656972,2.39378087,41.4348403,6.78353417,30.30399097,2464.69068781,41.39490854,3502.0117577,39.8848697,12212.76503266,168.79798614,26412.39212516,119.81373329,2.65625137,555.84858005,2.70737287,555.84858005,101.12001165,239.399026,17.25617778,23.60181337,26.59180325
2025-09-25,3.6725,68.47264218,82.31232698,382.84644197,1.80092202,922.3458536,1337.37215814,1.51856956,1.79,1.69999993,1.66563156,2.0,121.72645741,1.66563156,0.376,2975.7674086,1.0,1.28797286,6.91603886,5.33135767,1.0,88.73754979,13.80026993,3.38509503,2.01435167,1.38942774,2707.49863879,0.79509443,952.60627169,7.12965356,3884.83605353,504.99443039,23.97903214,93.90856653,20.70001307,177.94611809,6.35624108,62.07393039,129.55430794,48.16207838,15.0,145.28662465,0.85162389,2.25703263,0.74345649,0.74345649,2.70829229,12.32051383,0.74345649,73.59098802,8686.53009892,7.66143998,209.12823503,7.77925278,26.21491153,131.49803795,333.39996037,16711.55021127,3.35062785,88.73754979,1310.04147062,42042.16569577,121.10727121,159.83714967,0.709,148.82395423,129.28166874,87.46025331,4006.43968771,418.97148982,899.9983192,1400.97985914,0.30550151,0.82926345,542.23006451,21681.93627504,89809.27497979,302.5732619,180.39869543,17.32454299,5.37439695,9.05743503,16.65801911,4433.13498045,52.36892025,2099.60511975,3596.2498543,8.01263036,39.97826735,45.30098416,15.41986512,1734.34013023,18.41567021,4.21679545,63.8536486,17.32454299,1489.58340304,36.7301327,9.94248767,142.04663282,1.72151941,0.38489419,1.0,3.50013741,4.24731253,57.80281646,282.59803157,3.63340513,7104.01915936,3.64,4.32389744,99.79561143,83.79654841,1450.20030365,3.75,8.49928072,15.031164,600.97012729,9.40172447,1.28797286,0.74345649,22.78508169,571.64793404,38.16152124,,21.08603244,13001.96952348,17.32454299,32.12957816,9.37371386,3.50001932,2.90654572,2.399978,41.48798832,6.77813922,30.42450273,2458.29321512,41.46655656,3499.36166558,39.90741757,12199.73531439,168.82429401,26412.04572459,119.83628288,2.67592841,558.6286531,2.70655502,558.6286531,101.62576273,239.2994301,17.32454299,23.7017384,26.62247332
2025-09-26,3.6725,68.99770572,82.97501729,382.8499425,1.80244284,921.84598357,1339.45201732,1.53013495,1.79,1.69999979,1.67619714,2.0,121.94136443,1.67619714,0.376,3002.99417352,1.0,1.29370017,6.91216241,5.36484124,1.0,88.77448029,13.57861563,3.39424481,2.01908804,1.39424619,2697.22856691,0.79997808,959.62727703,7.13466007,3902.91911802,505.35800682,23.98014102,94.50425552,20.86231677,178.46014131,6.39662134,62.39695151,129.74374139,48.13342743,15.0,144.59841187,0.85702599,2.26787652,0.74951904,0.74951904,2.70520219,12.37868753,0.74951904,73.43811188,8690.62317757,7.66423086,210.50938595,7.78403075,26.26355622,130.90796987,335.99761889,16776.21440792,3.35458258,88.77448029,1311.46397032,42074.88705843,122.0440246,160.50135531,0.709,149.81860467,129.62881277,87.46082165,4016.30419867,421.62914623,899.99961331,1410.30104258,0.30575991,0.8299704,543.24668129,21773.31347564,89881.11681326,302.64039294,181.565178,17.46581936,5.40001327,9.08776546,16.68530891,4455.26612119,52.6271154,2099.41762285,3596.05614482,8.01755168,40.06041537,45.46150307,15.41692502,1740.21473727,18.4809791,4.22344867,63.89834607,17.46581936,1498.81227288,36.83696639,10.0376204,142.10574933,1.73513358,0.38480971,1.0,3.51367446,4.20411033,58.38054515,282.90104764,3.66136177,7132.3186789,3.64,4.35192784,100.44394283,83.96149515,1456.29532563,3.75,8.38946881,14.81846032,601.4740622,9.46115398,1.29370017,0.74951904,22.78486874,571.58844774,37.89471313,,21.16826179,13001.85053905,17.46581936,32.23372224,9.3741864,3.50002083,2.92016757,2.39559342,41.5763295,6.78767347,30.5482089,2458.71855036,41.49153926,3494.77325161,40.16701257,12241.12675524,169.69578493,26402.45909168,120.46981752,2.77134578,562.17219497,2.7063464,562.17219497,102.27040411,239.3016137,17.46581936,23.84028642,26.59700294
2025-09-27,3.6725,66.54372249,82.81438755,382.49843047,1.79701123,911.80979759,1334.82641694,1.5274856,1.79,1.6999999,1.67118234,2.0,122.0633883,1.67118234,0.376,2943.70461602,1.0,1.2918336,6.89646647,5.34399722,1.0,88.67030082,13.39447691,3.38500622,2.01481778,1.3957805,2697.23830422,0.79793704,959.96145,7.13396252,3902.9534517,503.89088029,23.93519863,94.22152079,20.74430763,177.55961166,6.37883326,62.07499182,129.52662753,48.3275502,15.0,144.37047498,0.85446196,2.26493337,0.7469246,0.7469246,2.70382883,12.40179314,0.7469246,72.75431374,8691.09806075,7.65168862,208.8892763,7.77948845,26.21232105,130.82497624,333.90023859,16689.64478643,3.35335828,88.67030082,1310.38594848,42039.14622606,121.18792998,160.2334701,0.709,149.50469214,129.3903191,87.45980126,4006.87414278,420.36773,899.99788005,1409.66498758,0.30561536,0.82858893,544.3090024,21659.74720848,90154.62232667,301.6825527,181.1994018,17.40937511,5.40989963,9.09069948,16.70056601,4455.34330157,52.60910087,2099.37642185,3597.05949392,8.01287311,39.94768738,45.763808,15.30516714,1735.59409146,18.35981731,4.22238931,63.88433278,17.40937511,1486.85055634,36.71370041,9.97654541,141.93898404,1.73140716,0.38630093,1.0,3.50142983,4.15896587,58.07388001,281.3646713,3.64584337,7088.39365574,3.64,4.34156223,99.98855202,83.66065491,1448.41351678,3.75,8.23148332,14.52812439,600.20824244,9.41232927,1.2918336,0.7469246,22.78489025,571.5601127,38.23765046,,21.16966874,13001.85516711,17.40937511,32.29050583,9.33866493,3.49659729,2.91549107,2.34823034,41.37582105,6.7668362,30.46081063,2451.52031338,41.41982025,3492.60088697,39.84416179,12162.84627899,173.47693478,26515.29524513,119.80264003,2.79799269,560.49030666,2.70236678,560.49030666,101.96443487,239.2871141,17.40937511,23.76995393,26.64667034
2025-09-28,3.6725,67.30910946,82.79215259,387.56072543,1.79700487,911.8693188,1332.80121588,1.52800672,1.79,1.70098535,1.67124108,2.0,121.97605186,1.67124108,0.376,2944.75398488,1.0,1.29169149,6.89887407,5.344097,1.0,88.67500109,13.11635734,3.37771519,2.01420222,1.39391465,2697.23996181,0.79789609,959.98121444,7.1339819,3902.42517442,504.50597467,23.92797169,94.22483236,20.74436346,178.23253532,6.37955746,62.02951646,129.60770518,48.22011124,15.0,144.30310741,0.854492,2.27005593,0.74653405,0.74653405,2.70626543,12.37627393,0.74653405,73.19793412,8673.10424344,7.65785578,209.30681216,7.77857924,26.20718723,131.07313616,333.90902589,16706.6835223,3.35964253,88.67500109,1310.3742949,42007.43789004,121.17995868,160.0099428,0.709,149.54847353,129.07386977,87.45980126,4004.7212091,420.3825045,899.99995226,1408.65651011,0.30558227,0.82095023,544.73449002,21634.75191945,90184.35073306,302.41514445,180.99691549,17.35435558,5.3995378,9.08700696,16.72026485,4454.09254241,52.62771204,2099.70951341,3594.87240176,8.01193662,39.84385534,45.64079359,15.33364785,1729.02816207,18.3647235,4.22167637,63.85574278,17.35435558,1485.5859205,36.69809676,9.97593902,141.94650799,1.73195683,0.38530054,1.0,3.49697184,4.15888642,58.10621034,282.19761917,3.64589012,7071.55691467,3.64,4.34219983,100.13211309,83.4258938,1448.13354502,3.75,8.23047864,14.79878782,599.63722072,9.40934703,1.29169149,0.74653405,22.78488094,571.58156046,38.16819136,,21.07739551,13001.84167011,17.35435558,32.23867793,9.3616017,3.50406801,2.91585993,2.34798505,41.39874856,6.76068419,30.45978208,2451.12881593,41.43364998,3492.23798953,39.86686882,12190.31165103,173.42163271,26407.2525973,120.27132788,2.7979927,560.510006,2.70166382,560.510006,101.96801858,239.28014976,17.35435558,23.71055423,26.64667034
2025-09-29,3.6725,67.34970622,82.76197149,382.1759952,1.79290824,918.62271481,1331.54061652,1.52578606,1.79,1.70002633,1.66849409,2.0,121.36257257,1.66849409,0.376,2932.92399891,1.0,1.29020236,6.88164889,5.34883652,1.0,88.65390114,13.92085671,3.38556469,2.00852987,1.39281662,2697.28342524,0.79648923,960.06839747,7.12382303,3902.04742752,503.86732798,23.86637979,94.06995666,20.71099797,177.77267568,6.36787607,61.83857758,129.75219234,47.98454414,15.0,144.096782,0.85308748,2.26430954,0.74479756,0.74479756,2.70618004,12.32601997,0.74479756,73.15774581,8668.5896026,7.64968935,208.1514828,7.78068972,26.2567635,130.28084159,333.55408697,16633.80393184,3.33532082,88.65390114,1309.67042253,42012.54354772,120.98188077,159.33754799,0.709,149.08977626,128.9341812,87.4649394,3989.97414924,419.69152916,900.00990042,1402.94082787,0.30557473,0.83090466,543.70339622,21542.0453053,89271.04254217,301.77320535,181.19466135,17.33178705,5.38119158,9.09292938,16.67150992,4437.3265577,52.54011572,2099.39569458,3597.634868,8.01411042,39.94793345,45.76438803,15.41178025,1727.36923652,18.34228118,4.21565567,63.90110483,17.33178705,1485.0049317,36.72746258,9.96150486,141.91273225,1.73107395,0.38508357,1.0,3.48961873,4.244018,57.99549328,282.59266861,3.64262223,7049.67669845,3.64,4.33251143,100.05984959,83.2861762,1445.59319055,3.75,8.38516281,14.76713226,601.39242282,9.39310753,1.29020236,0.74479756,22.78501269,571.61355672,37.86486289,,21.08418967,13002.42748547,17.33178705,32.34740983,9.37413531,3.50992823,2.91312169,2.3995762,41.57841497,6.77018267,30.39825732,2453.19432701,41.39319786,3492.64832685,39.70484251,12143.41239022,175.41709768,26424.00665283,120.38005286,2.77725505,559.58870554,2.70698988,559.58870554,101.80041553,239.29288063,17.33178705,23.76846624,26.60187649
2025-09-30,3.6725,67.45095505,82.64368722,382.5590507,1.80167536,917.90475518,1358.03476763,1.5188119,1.79,1.70001031,1.66863358,2.0,121.71019277,1.66863358,0.376,2937.671765,1.0,1.29060104,6.92403675,5.32333704,1.0,88.75589278,14.02887266,3.38567276,2.01278461,1.39196481,2622.49170103,0.79756147,965.32373571,7.12363477,3922.76257819,503.70435662,23.99455209,94.07782084,20.73145697,178.05066106,6.3684081,62.11244813,129.63935338,48.04887319,15.0,144.14935313,0.8531588,2.26024702,0.74467551,0.74467551,2.70989538,12.3936397,0.74467551,73.23338743,8681.56785276,7.66338654,209.13450481,7.78359098,26.27473401,130.99204499,333.71478378,16670.60909482,3.30132401,88.75589278,1310.25182642,42042.05944271,120.98399844,160.46240132,0.709,148.67202541,129.34231201,87.46527812,4001.78792693,419.72661506,899.96328609,1402.41039882,0.30552613,0.83153099,548.5102872,21702.1833393,89537.63482827,302.56351845,181.54762963,17.27138057,5.41007738,9.08629753,16.70364168,4441.65558394,52.53544576,2099.53933386,3597.72860291,8.01709871,40.12927468,45.63278919,15.41404067,1733.55287976,18.37243469,4.21425666,63.90005874,17.27138057,1483.87569595,36.79664306,9.98567923,142.07599536,1.72875325,0.38470111,1.0,3.48503154,4.2488569,58.05692482,283.21193171,3.64166865,7084.6092463,3.64,4.33555733,99.9654118,83.07937966,1450.16243633,3.75,8.39755309,15.02117811,600.21764951,9.422561,1.29060104,0.74467551,22.77968569,571.60809904,37.68678088,,21.12100643,13002.30966886,17.27138057,32.27008504,9.37438445,3.49963573,2.9076137,2.39730993,41.59045814,6.7883359,30.50234406,2451.15894498,41.30603386,3489.81925496,39.87007029,12118.46115947,175.47552192,26416.10478001,120.41179088,2.77743337,559.63548675,2.70742806,559.63548675,101.80892597,239.20038711,17.27138057,23.90875873,26.60893992
2025-10-01,3.6725,67.47363066,82.42218576,382.25968925,1.80297072,917.75281627,1379.74898099,1.51481188,1.79,1.69999984,1.66601933,2.0,121.77389688,1.66601933,0.376,2943.63055363,1.0,1.29045016,6.91578442,5.32015343,1.0,88.8277725,14.17075311,3.38500156,2.01355779,1.39238635,2605.51124542,0.796266,961.81416229,7.11937214,3923.75962463,503.94606657,23.99959039,93.93042948,20.71418335,177.81680368,6.35874875,62.282963,129.6058226,47.85327033,15.0,144.71908087,0.85182216,2.25706399,0.74394029,0.74394029,2.71953136,12.44586053,0.74394029,73.39926558,8681.56513593,7.66431881,209.21825389,7.78205529,26.29246269,130.92545668,332.30585396,16670.01449276,3.3068825,88.8277725,1310.4639265,42046.243853,121.25212121,160.33606887,0.709,147.96460543,129.44258368,87.44468404,4009.39984334,419.06903098,899.97934908,1406.29980829,0.30556296,0.83131933,548.88203573,21636.14856338,89338.68344251,302.73662723,181.40210651,17.26625527,5.41006543,9.09266487,16.70366152,4446.62512492,52.50619127,2099.36322913,3594.84670311,8.01551695,39.89817089,45.63448216,15.41572156,1736.20791441,18.31420644,4.20711313,63.90036566,17.26625527,1484.76300699,36.8476979,9.99508019,142.19105683,1.72661613,0.38479765,1.0,3.47010636,4.24737119,58.25961054,282.66046764,3.63408692,7087.17801312,3.64,4.32874125,99.82056204,82.59315531,1450.68356846,3.75,8.40504108,14.95504589,600.46731309,9.41958683,1.29045016,0.74394029,22.78003463,571.47193935,38.20571029,,20.95650479,13001.8520056,17.26625527,32.44663657,9.37622217,3.49808558,2.9039783,2.39597495,41.5871241,6.79128686,30.45868279,2452.61339866,41.17308304,3486.10426541,39.86555292,12097.49777559,177.45816987,26428.64716929,120.40848941,2.76554438,558.75870797,2.70778785,558.75870797,101.64942232,239.29345214,17.26625527,23.9002905,26.69620589
2025-10-02,3.6725,67.51384899,82.48869479,381.37016737,1.8010987,917.72835332,1423.47360655,1.51121637,1.79,1.69999976,1.66626353,2.0,121.67019196,1.66626353,0.376,2935.51938695,1.0,1.2876751,6.90912474,5.32955845,1.0,88.68051629,14.12565597,3.39000161,2.01339737,1.39377829,2548.80758354,0.79636213,960.6414328,7.1203214,3882.07985811,503.94104151,23.98597354,93.94419718,20.67575685,178.0387765,6.36044797,62.40440453,129.5730331,47.85267397,15.0,145.24541442,0.85194701,2.2523568,0.74170207,0.74170207,2.72385006,12.5475276,0.74170207,73.43823789,8682.38359039,7.66243931,209.21628225,7.7812435,26.27625971,130.80539862,331.59233619,16635.78179507,3.31627635,88.68051629,1309.17190191,42022.60977952,121.48869879,160.33788636,0.709,147.03932414,129.54859251,87.40983134,4009.64841376,419.13045536,900.00033516,1400.85911054,0.30559081,0.83150631,547.28651051,21633.8857694,89815.57975021,302.31469219,181.61248153,17.20922073,5.41952539,9.090799,16.66959528,4435.14365799,52.51604897,2099.22706994,3596.07297339,8.01468081,39.89713583,45.56265176,15.40341181,1736.40571463,18.38306143,4.20432488,63.8980135,17.20922073,1484.76728181,36.81826415,9.91006748,141.95533645,1.71546836,0.38474015,1.0,3.47488827,4.24973214,58.10139994,282.24684024,3.63216778,7082.58270305,3.64,4.33212092,99.82624705,82.39005162,1448.2549421,3.75,8.40144119,14.71559154,601.44526019,9.37225706,1.2876751,0.74170207,22.79991299,571.44664126,38.3449071,,21.00539544,13001.85854109,17.20922073,32.42172667,9.3195097,3.49735984,2.9011266,2.40258966,41.62212152,6.78865013,30.40332969,2453.43064666,41.24435889,3461.95088542,39.86556649,12093.00654521,178.94856278,26391.42250528,120.00577672,2.76155301,558.84060715,2.7068967,558.84060715,101.66432142,239.27808498,17.20922073,23.9990521,26.70443905
2025-10-03,3.6725,67.43935576,82.53680608,382.26097961,1.80090611,917.55353625,1424.39340991,1.51535791,1.79,1.70017184,1.66834431,2.0,121.71951304,1.66834431,0.376,2945.55732303,1.0,1.28951171,6.91520703,5.33860879,1.0,88.72823506,14.11302964,3.39439803,2.01351374,1.39642446,2524.19200524,0.79759284,961.8635469,7.11909,3887.26373598,503.43124943,23.98714308,94.06151181,20.71474959,177.86352498,6.36903522,62.57077711,129.64195929,47.74980815,15.0,145.19656986,0.8530109,2.25502866,0.74406329,0.74406329,2.72047791,12.52374591,0.74406329,73.4290576,8677.43032483,7.66430453,209.15608966,7.78301747,26.21978151,131.24568852,332.0278624,16614.43769349,3.3153679,88.72823506,1310.09242156,42037.79769105,121.31054281,160.23405562,0.709,147.608844,129.34594875,87.42628945,4010.06745468,419.65385259,900.01005803,1408.84115878,0.30590702,0.83144774,547.05937479,21638.77942254,89657.92434863,302.56630949,181.68788093,17.31365834,5.41650053,9.11760499,16.68316134,4445.71475388,52.56392491,2099.36138733,3596.90054521,8.01650799,39.92694347,45.30815412,15.41277806,1735.00293654,18.42965057,4.21367013,63.85902049,17.31365834,1474.54004465,36.73934241,9.98325291,142.03172227,1.71841181,0.38489884,1.0,3.47647128,4.24858101,58.07003798,282.41080999,3.63287622,7085.15878678,3.64,4.33951217,99.94126885,82.07002117,1448.96248349,3.75,8.3848403,14.66499372,600.77627663,9.40412558,1.28951171,0.74406329,22.79993584,571.60465885,37.82087068,,21.01847687,13002.2682796,17.31365834,32.45494142,9.32715694,3.49916624,2.90605891,2.39265994,41.67172104,6.77711567,30.45586816,2453.36836905,41.21782671,3466.23435789,39.90222271,12100.84046186,180.45114549,26380.47827925,120.43264982,2.76767511,559.53847012,2.70725699,559.53847012,101.7912767,239.19178141,17.31365834,23.79927333,26.67823969
2025-10-04,3.6725,67.15149652,82.43909418,382.74970822,1.80169039,915.4879664,1424.29961705,1.51459562,1.79,1.69999981,1.66587758,2.0,121.71479235,1.66587758,0.376,2944.69668929,1.0,1.28923996,6.91016301,5.33765002,1.0,88.73863729,14.12689115,3.3944156,2.01478861,1.39561529,2507.70709965,0.79558766,965.42042361,7.11950307,3872.94679532,502.67158547,24.00564125,93.92243733,20.66280876,178.08,6.3600957,62.57480389,129.51927589,47.72953931,15.0,144.49839012,0.85174968,2.25217612,0.74177867,0.74177867,2.72499955,12.50000005,0.74177867,73.47295452,8672.22534515,7.66565291,209.15610623,7.78038615,26.2066834,130.87418042,330.67674174,16559.92462096,3.30106015,88.73863729,1310.59536016,41991.48058785,120.93067422,160.39259702,0.709,147.44694276,129.39316132,87.45826009,4007.97860615,419.03337417,900.01754713,1407.28137972,0.30570575,0.83249985,546.84362855,21735.73872115,90228.2605837,302.59066643,181.93059063,17.22953143,5.40988061,9.10621365,16.73002996,4464.25160707,52.48601465,2100.32457659,3595.93194712,8.01379774,39.88993675,45.29820954,15.29979436,1735.90503283,18.39784556,4.20880004,63.74969631,17.22953143,1467.00433583,36.6394432,9.95898717,142.04837364,1.71468826,0.38437714,1.0,3.46249739,4.21131601,57.89945122,282.30383504,3.62239832,7080.36794143,3.64,4.33479516,99.92485625,82.2184733,1448.0250404,3.75,8.44295519,14.67370577,600.22504981,9.37408032,1.28923996,0.74177867,22.84797083,571.39736881,38.05874961,,21.06527211,13003.39362664,17.22953143,32.32198986,9.27498894,3.50572192,2.90199284,2.40842049,41.70651186,6.77791771,30.40013071,2455.55564267,41.25966792,3450.62458183,39.8927841,12061.1704032,185.16802681,26476.40741762,120.74386289,2.78318856,558.71116555,2.70249825,558.71116555,101.6407734,239.19482744,17.22953143,23.74903637,26.73484241
2025-10-05,3.6725,66.9948271,82.43280283,387.7433042,1.79732687,913.7751028,1424.57532429,1.51474724,1.79,1.70091328,1.6660382,2.0,121.88772734,1.6660382,0.376,2945.19377135,1.0,1.28930006,6.91211929,5.33769226,1.0,88.7599896,14.1267443,3.38388942,2.01097393,1.39621852,2507.71577281,0.79562632,965.41962184,7.1202715,3871.34935867,504.0163625,23.90106306,93.93149307,20.66410502,178.69486804,6.36011308,62.49575172,129.54070491,47.75054915,15.0,144.70616646,0.8518318,2.25812826,0.74221402,0.74221402,2.72056666,12.58865515,0.74221402,73.43387959,8681.08131433,7.6605325,209.31530305,7.77975427,26.21480178,131.31503316,330.69290233,16576.87889672,3.30375693,88.7599896,1310.25290531,42003.55438096,120.93546924,160.19524647,0.709,147.50395051,129.26550233,87.45826009,4006.61089287,419.07377617,900.0036799,1406.71222501,0.30586864,0.82044586,547.22282513,21668.94362384,90121.21627925,302.31273872,181.85779434,17.22658028,5.40475207,9.10096843,16.70290666,4466.0430085,52.46521389,2100.05067132,3594.76254887,8.0131469,39.94274649,45.33114857,15.32937287,1735.13348641,18.40106075,4.20918106,63.86599365,17.22658028,1465.89651728,36.70054516,9.96638486,142.08255336,1.71470162,0.38479835,1.0,3.46428889,4.22907487,57.89148717,281.5379487,3.6228731,7087.5264281,3.64,4.33299568,99.80188831,82.22472756,1449.57950929,3.75,8.24507777,14.66082941,599.95855256,9.37340825,1.28930006,0.74221402,23.27032498,571.48015534,38.24619331,,20.99466656,13002.02037649,17.22658028,32.37124413,9.28998768,3.50100428,2.90319434,2.35447377,41.67735047,6.74156868,30.410133,2452.27685748,41.31474893,3456.85426992,39.88003839,12091.17321621,184.70684237,26382.45382522,120.79641438,2.78319381,558.7650349,2.70093693,558.7650349,101.65057331,239.16672779,17.22658028,23.73713126,26.73484241
2025-10-06,3.6725,67.1384058,82.45464244,382.67445851,1.80499506,918.72686815,1426.32441954,1.51411391,1.79,1.70000007,1.66834775,2.0,121.86206635,1.66834775,0.376,2949.8969189,1.0,1.29133738,6.91903729,5.33540321,1.0,88.83158119,14.15763258,3.39545377,2.01461012,1.39530484,2507.71365147,0.79612445,962.76665841,7.11944397,3880.41369151,502.8109125,24.03764361,94.06170582,20.68596886,177.83589368,6.36890499,62.60443575,129.53572236,47.67893778,15.0,144.75775407,0.85301266,2.25451078,0.74354648,0.74354648,2.72378852,12.61339337,0.74354648,73.43838731,8684.56973493,7.66858832,209.54793035,7.78146368,26.22011568,131.06807112,331.16630432,16561.37451935,3.29562409,88.83158119,1310.18721903,42074.08352156,121.13283056,160.87340874,0.709,149.80533174,129.3258537,87.46416531,4015.0456242,419.6547182,900.01515705,1410.89173624,0.30539416,0.83188478,547.77317118,21716.40059264,89815.31642728,303.00156185,181.80157058,17.24116397,5.41354734,9.10579884,16.77546951,4471.87060828,52.5942185,2099.44395571,3597.20386734,8.01490759,39.88939189,45.30535029,15.41215919,1736.3498299,18.41588548,4.21412393,63.90170444,17.24116397,1467.10294534,36.71173613,9.94939512,142.19715359,1.7146136,0.3850258,1.0,3.480928,4.22800176,58.07023132,283.57889626,3.62867876,7043.32431349,3.64,4.34070627,99.9459507,82.25539462,1452.18003611,3.75,8.3884596,14.65752614,601.40328182,9.38103435,1.29133738,0.74354648,22.73501111,571.43069358,38.11474886,,21.06573957,13001.8547833,17.24116397,32.43167428,9.31793466,3.49758704,2.90607537,2.39669273,41.69768111,6.78360423,30.48426886,2456.33685556,41.34217695,3455.0818136,39.95908483,12080.72862162,185.16350371,26377.51870267,120.85442247,2.7640877,559.53962426,2.70736599,559.53962426,101.79148666,239.19582048,17.24116397,23.76925682,26.68823481
2025-10-07,3.6725,67.01874951,82.67806241,381.19450693,1.79664604,917.61484197,1429.92578126,1.51215036,1.79,1.70000884,1.67179789,2.0,121.52297741,1.67179789,0.376,2940.2960954,1.0,1.2918374,6.91802134,5.31224892,1.0,88.73810926,13.80095346,3.39246565,2.01131653,1.39520029,2472.50522343,0.79555818,961.94133117,7.11956386,3862.7229761,502.6719103,23.9253803,94.25622562,20.78412445,178.02891767,6.38136377,62.37370265,129.68569483,47.59008117,15.0,144.59222363,0.85477669,2.25466176,0.74210515,0.74210515,2.71455744,12.57602444,0.74210515,73.05996511,8681.50476914,7.65279781,208.7905551,7.78305508,26.22441776,131.13932961,332.24888997,16590.42019868,3.27752139,88.73810926,1309.09007476,41995.54737445,121.20595528,159.85675331,0.709,150.4671356,128.83512746,87.45267523,3999.99491923,420.52256497,900.0189954,1412.73858154,0.30617476,0.83063225,543.04759305,21667.18931954,89549.16075935,301.8915442,181.19270359,17.19503577,5.4002353,9.11999704,16.70328373,4466.12078019,52.61462957,2099.35750269,3597.66174847,8.01654673,39.90765593,45.28921592,15.40618097,1731.25141169,18.34136514,4.21505965,63.82091679,17.19503577,1467.52509702,36.73150974,9.92870511,142.0475284,1.71479818,0.38493942,1.0,3.46091496,4.1849397,58.27438822,282.07233988,3.63643091,6989.04841634,3.64,4.35265506,100.15347211,83.0379655,1449.56306909,3.75,8.38431753,14.64816545,600.69777132,9.38931895,1.2918374,0.74210515,23.13161,571.2112193,38.60022648,,21.08453748,13002.13261562,17.19503577,32.53819729,9.32478395,3.5069237,2.91293496,2.39172708,41.71058543,6.76770398,30.45206573,2451.08628825,41.30362493,3445.44651089,39.80124835,12049.38215944,185.11852197,26361.78644027,121.18838459,2.76396218,560.69675329,2.70674256,560.69675329,102.00199166,238.99307434,17.19503577,23.89627885,26.65177719
2025-10-08,3.6725,66.78261642,83.06853478,382.22895681,1.80211219,918.49062203,1429.72224238,1.52390806,1.79,1.70000331,1.68214675,2.0,121.80698377,1.68214675,0.376,2948.56521324,1.0,1.29533996,6.92880076,5.35321462,1.0,88.7679796,14.05997295,3.39987062,2.01379632,1.39640873,2472.50503744,0.80001097,959.88383887,7.11963927,3877.80464983,503.47786006,23.99902478,94.83969597,20.97724115,178.15744459,6.42134315,62.66376501,130.00704989,47.57210782,15.0,145.54829532,0.86006798,2.267728,0.74624614,0.74624614,2.71218456,12.49717263,0.74624614,73.04559162,8682.01609208,7.66325136,209.35331615,7.78359667,26.2372821,131.21852746,337.99295008,16605.84696689,3.27686145,88.7679796,1310.27935111,42059.92329278,121.78004499,160.10581392,0.709,152.42243584,129.32951478,87.45307414,4016.5848549,423.12570815,900.01369619,1420.44055214,0.3063113,0.83125931,541.32915249,21742.09835269,89893.78610773,302.71939566,181.93093237,17.25406234,5.42767823,9.13340115,16.70014618,4472.98619555,52.8830804,2099.38153094,3596.80113295,8.01710457,39.9228927,45.40039236,15.41268163,1735.06274927,18.42327481,4.22288962,63.8998048,17.25406234,1468.13200777,36.7151233,9.99490221,142.09534334,1.74010724,0.38493758,1.0,3.44934915,4.19886409,58.16285476,282.28397711,3.65928797,7001.93209775,3.64,4.3855422,100.76882741,82.52244512,1449.46387064,3.75,8.38786569,14.776571,601.06650975,9.43225773,1.29533996,0.74624614,22.77731715,571.35605466,38.1290973,,21.1883632,13002.33437702,17.25406234,32.51946835,9.28058986,3.49906201,2.92594114,2.39646773,41.72221881,6.78882273,30.5833674,2451.34416709,41.34375582,3432.38355346,39.96711642,12036.88791818,188.86751042,26356.19506711,121.32176598,2.76759128,564.16761087,2.70711866,564.16761087,102.6334103,239.02132788,17.25406234,23.89963684,26.67528107
2025-10-09,3.6725,66.76903729,83.16520868,381.74395316,1.80154985,917.70802978,1429.7894517,1.51628821,1.79,1.69999997,1.6803305,2.0,121.75519207,1.6803305,0.376,2947.39730872,1.0,1.29456521,6.91336954,5.33648162,1.0,88.74172566,14.0676598,3.39922293,2.01347331,1.39427608,2411.97508917,0.80068321,950.97000824,7.12892121,3889.20037969,503.16959499,23.99249092,94.73729522,20.93830664,178.03916822,6.41459564,62.6481383,130.21500636,47.56187878,15.0,145.50645014,0.85913934,2.25948677,0.74573487,0.74573487,2.70990253,12.3597653,0.74573487,72.80010131,8675.13594407,7.66072668,209.14609682,7.78050202,26.24445455,130.83125142,335.99612902,16554.56731628,3.2490503,88.74172566,1310.23725913,42075.31795603,121.4974052,160.04032608,0.709,152.49638359,129.33364987,87.4509999,4015.22772844,422.6688489,899.97901252,1418.84947505,0.30632606,0.83158521,540.3346269,21644.22795752,89647.59758487,302.48251714,180.83429554,17.16444014,5.43093351,9.11108197,16.70480405,4467.10526668,52.95774109,2099.37337554,3596.22512952,8.01391708,39.88387538,45.70344209,15.40028742,1735.00585052,18.3311007,4.21471147,63.89704516,17.16444014,1471.78032131,36.78550981,9.97163067,142.05331735,1.72496169,0.38475776,1.0,3.4433854,4.19668909,57.83809286,282.98282598,3.65472542,6989.37443635,3.64,4.37420539,100.66037233,81.50377215,1450.37412381,3.75,8.49395246,14.70497505,601.43211153,9.42209289,1.29456521,0.74573487,22.76502868,571.34894531,38.16326413,,21.14725213,13001.82240614,17.16444014,32.56376613,9.30258679,3.50737633,2.92808505,2.40792017,41.73729452,6.78587614,30.51019127,2451.78537051,41.44868873,3434.77102275,39.90457275,12057.87669052,188.59572302,26354.14455561,121.75979115,2.78087638,563.5584652,2.70679707,563.5584652,102.52259448,238.98742261,17.16444014,23.74167975,26.72613115
2025-10-10,3.6725,66.80109213,83.59872927,382.49460664,1.80627387,917.92273062,1421.54190751,1.52298302,1.79,1.69999451,1.6907691,2.0,122.10845728,1.6907691,0.376,2949.05008405,1.0,1.29863942,6.93376919,5.3782612,1.0,88.8017033,14.04849624,3.40487552,2.02066218,1.40169331,2367.10843907,0.80638794,951.00618721,7.12685828,3889.41544914,503.67459218,24.04916345,95.32582509,21.074398,178.29345436,6.45514374,62.99333858,130.3124467,47.55174738,15.0,145.678785,0.86447651,2.26708924,0.75174483,0.75174483,2.70801329,12.38276392,0.75174483,72.5057217,8677.5195887,7.67154038,210.18356524,7.78089162,26.27069152,131.39229415,338.23019277,16577.78660003,3.25787702,88.8017033,1313.82536888,42096.28275251,122.41904005,160.06646963,0.709,152.95538005,129.24568274,87.45340269,4024.42796204,425.29456502,899.98763752,1421.15361078,0.30636341,0.8325672,541.47968531,21752.44729388,90027.32578091,303.37804398,181.05975351,17.20558881,5.43481423,9.15902353,16.86470945,4494.32207134,53.26243657,2099.45147739,3595.34228641,8.01431837,39.98498334,45.3299235,15.40281679,1738.23122713,18.3804443,4.22236967,63.89857206,17.20558881,1476.90247818,36.84707292,10.06764316,142.14932656,1.73799531,0.38481852,1.0,3.44326837,4.20664248,58.2498453,283.47089236,3.68089237,7013.74095009,3.64,4.40673135,101.28657483,81.18218916,1454.9630852,3.75,8.4998301,14.97084077,601.16805621,9.5327637,1.29863942,0.75174483,22.75514053,571.31262982,38.30788681,,21.25195809,13001.92008284,17.20558881,32.73135438,9.31872256,3.50708834,2.93718434,2.39934102,41.8219102,6.79806738,30.57598494,2450.91897224,41.52973233,3434.63189673,40.12531253,12109.15446996,191.10446245,26348.69465399,121.6507989,2.79019265,567.05942003,2.70657873,567.05942003,103.15948842,238.99373231,17.20558881,22.70041923,26.71438571
2025-10-11,3.6725,66.70551456,83.25326035,381.98926301,1.7979272,913.89454233,1415.66184331,1.54405169,1.79,1.69999515,1.68551397,2.0,122.11982751,1.68551397,0.376,2959.68848033,1.0,1.29715904,6.90773198,5.5192032,1.0,88.75457595,14.14923255,3.40407887,2.0146869,1.4008134,2366.85137816,0.80324576,960.02210464,7.12879,3921.35591101,502.61773126,23.96954998,95.02954034,21.00579271,178.15318388,6.4278245,62.95122818,130.31271799,47.35020404,15.0,147.04599643,0.86178961,2.27839243,0.74905032,0.74905032,2.70653469,12.15510572,0.74905032,72.72492101,8636.15789757,7.64755228,208.85973667,7.78230167,26.20861109,130.78410388,338.02198838,16609.85502253,3.30780344,88.75457595,1306.32848052,42093.16513841,121.86033695,160.6777431,0.709,151.20467428,128.81629813,87.44705543,4025.35584889,423.9726956,899.88759726,1430.42461938,0.30663165,0.83099495,536.99997654,21529.17104507,88782.98569002,301.65818025,182.25734828,17.49596018,5.43001833,9.14426477,16.94761989,4478.05104969,53.04253253,2099.42650934,3596.60504676,8.01577072,39.9459556,45.47430882,15.30983535,1731.15811304,18.60232576,4.22362098,63.74946573,17.49596018,1465.11736927,36.6091723,10.11756417,142.07388746,1.7479401,0.3843112,1.0,3.43539547,4.21530694,58.3393147,281.18647801,3.66913922,7005.01653398,3.64,4.38239455,100.84870292,81.27042336,1448.03526766,3.75,8.34078871,14.24441612,600.15786512,9.50740928,1.29715904,0.74905032,22.72865388,569.66828308,38.33920973,,21.11168744,13002.23382684,17.49596018,32.59251422,9.22488552,3.50557455,2.93795361,2.36625251,41.81697013,6.76978132,30.71854412,2449.49858765,41.52107278,3422.74390221,39.95053277,12088.85842434,193.0151353,26260.43982742,121.76267465,2.78146392,565.29692747,2.70243972,565.29692747,102.83885566,238.99652196,17.49596018,22.79546548,26.74814576
2025-10-12,3.6725,66.29810808,83.19750785,387.6783387,1.79731765,912.72195623,1418.47461688,1.54439179,1.79,1.70083083,1.68359481,2.0,121.93887653,1.68359481,0.376,2954.89662955,1.0,1.2971327,6.91013717,5.4876248,1.0,88.82741161,13.97187676,3.39523211,2.01243104,1.40121096,2366.99226049,0.79978359,959.76507442,7.13181338,3925.49864343,503.4512929,23.93487429,94.92133758,20.93814922,178.24900149,6.42779845,62.97374159,130.35435354,47.47495496,15.0,146.80348804,0.86080836,2.28124308,0.74886412,0.74886412,2.70943944,12.18602085,0.74886412,73.05461417,8678.17685513,7.65790259,209.29270376,7.78263219,26.20048125,131.4204873,337.97651776,16573.20501071,3.27033227,88.82741161,1310.13740749,42044.51711688,121.91894104,160.56988984,0.709,151.16752595,129.23485136,87.44705543,4020.5249243,423.4899508,899.98114195,1430.1519616,0.30696993,0.82094673,538.60679959,21686.91954686,90041.87280129,302.44059932,182.97647494,17.49598507,5.42300286,9.14175041,16.95657797,4489.52339474,53.03945764,2099.73957725,3594.20424104,8.01611116,40.04583958,45.45623486,15.35298943,1732.36941909,18.58587264,4.22361429,63.87961962,17.49598507,1464.29348705,36.71815867,10.12567465,142.19047914,1.74740716,0.38503812,1.0,3.43566986,4.20274362,58.2803946,281.1163962,3.66990226,6998.4010665,3.64,4.38920703,100.83937587,81.55451917,1450.20344373,3.75,8.24898368,14.62598452,599.91979087,9.50930425,1.2971327,0.74886412,22.72974241,571.00581854,38.73241794,,21.28539874,13001.97704552,17.49598507,32.68706805,9.23942825,3.50174317,2.93150376,2.34092442,41.77455829,6.77193269,30.71616487,2446.00186112,41.61421566,3425.73248591,40.13003925,12133.95155736,192.97899078,26345.50572964,122.10103986,2.78159544,564.65326773,2.70024408,564.65326773,102.72176103,238.91700327,17.49598507,22.74111568,26.74814576
2025-10-13,3.6725,66.97950008,83.21373275,381.63219087,1.79485834,918.64461932,1415.9377839,1.53163319,1.79,1.69999979,1.68311037,2.0,121.43716503,1.68311037,0.376,2961.66280728,1.0,1.29647707,6.89641697,5.52563604,1.0,88.67679645,14.02730236,3.40454688,2.0040247,1.39863443,2367.10950236,0.80146836,951.10359875,7.12860504,3924.9123491,502.35514143,23.90811524,94.89402488,20.94872828,177.74966417,6.42654224,62.81096384,129.73929603,47.55383123,15.0,146.846326,0.86056067,2.27149272,0.74879549,0.74879549,2.70933553,12.19462947,0.74879549,72.64299217,8657.93618347,7.64829494,208.3844371,7.7808884,26.23303246,130.4942064,337.37248512,16590.78293077,3.28260196,88.67679645,1307.27416235,42088.84293457,121.86687286,160.17904513,0.709,151.9615874,128.89540695,87.45031742,4009.51484654,423.36809567,900.01045686,1427.9151407,0.30616822,0.8308942,538.0421725,21625.47900042,89482.3246073,301.4390041,181.80258221,17.36141243,5.41712452,9.14326641,16.91314859,4476.90353883,53.05052611,2099.24753498,3597.52417127,8.01431506,39.93419233,45.46978692,15.40573907,1727.24020994,18.46224548,4.22368994,63.89905874,17.36141243,1463.41040228,36.73185472,10.09011252,141.94938192,1.74148429,0.38464911,1.0,3.41601838,4.23371699,58.16803338,282.51494001,3.66710029,6983.52934015,3.64,4.38561939,100.84175675,81.13457894,1446.37678533,3.75,8.49982345,14.79654785,601.48133481,9.49640798,1.29647707,0.74879549,22.73027476,571.36643647,38.93480826,,21.26631314,13002.05574968,17.36141243,32.71505293,9.31874955,3.49919369,2.93291618,2.40797789,41.82090672,6.77901242,30.62538111,2447.32825023,41.59113708,3427.07807442,39.89371044,12123.59811443,194.03401031,26338.68782692,122.1156061,2.78165646,564.49079422,2.70685304,564.49079422,102.69220384,238.99114406,17.36141243,22.79995765,26.72574258
2025-10-14,3.6725,65.93680698,83.46772213,381.64418047,1.80310003,915.37550146,1348.47871991,1.5360633,1.79,1.69999992,1.6902052,2.0,121.8404869,1.6902052,0.376,2952.15636243,1.0,1.29843366,6.93556141,5.4660544,1.0,88.64863332,13.95780468,3.4052175,2.01729253,1.40365672,2309.5447353,0.80419951,957.29854474,7.13287446,3924.57803072,503.35985445,24.0004621,95.29403266,21.01849036,178.08872766,6.4533969,62.94305325,130.35784767,47.69789462,15.0,146.95282126,0.8641882,2.2746852,0.74943947,0.74943947,2.70848353,11.94425511,0.74943947,72.75805303,8684.14048838,7.66062292,209.61822089,7.77686141,26.2664669,130.95340736,338.62439354,16562.33719532,3.28341875,88.64863332,1310.07815319,42062.98185669,122.37164077,160.81339356,0.709,152.45126478,129.30893904,87.45042347,4024.63947052,425.15272363,900.01482374,1426.35792081,0.30695067,0.83133207,538.08341636,21701.83607372,89703.40108012,302.93353784,183.10496457,17.29563316,5.43971757,9.1896867,16.94248133,4492.89616556,53.26925542,2099.65883976,3598.87917079,8.01016725,39.98877248,45.30275665,15.41576091,1735.23352619,18.45444704,4.22653101,63.90224036,17.29563316,1461.94265964,36.80959638,10.08765251,141.90429978,1.74781893,0.38479647,1.0,3.43379386,4.20566895,58.21894871,283.1028322,3.68261872,7048.14056392,3.64,4.39747312,101.2403903,80.96397854,1451.87146015,3.75,8.49973134,14.50575755,601.40495353,9.50863745,1.29843366,0.74943947,22.7298682,570.82101993,38.80404628,,21.32329999,13001.82153862,17.29563316,32.57954479,9.17887573,3.49801897,2.93544088,2.40826379,41.82173094,6.79187228,30.68950515,2450.42583923,41.69578171,3430.70123822,40.15086859,12164.59039082,194.03980261,26297.12489414,122.63121798,2.80110296,566.87029818,2.70714526,566.87029818,103.12508336,238.98935863,17.29563316,22.60038009,26.67460393
2025-10-15,3.6725,66.29406473,83.19315179,382.08437768,1.79659774,917.9054564,1357.54484383,1.53835676,1.79,1.69999975,1.68325042,2.0,121.46495878,1.68325042,0.376,2939.37182752,1.0,1.29689319,6.91656874,5.48317781,1.0,88.74939082,13.90554734,3.39712747,2.00991978,1.40387417,2246.58697679,0.80056843,961.34478635,7.12840146,3924.29688011,502.78516434,23.92884401,94.90192065,20.93072784,177.87031038,6.42743295,62.93314218,130.3659467,47.6606783,15.0,146.47666612,0.86063227,2.27570614,0.74973562,0.74973562,2.70723743,11.32983768,0.74973562,73.23581707,8667.83874384,7.64931305,208.17448679,7.77489808,26.22121039,130.57179113,337.26363582,16590.24938661,3.31256132,88.74939082,1310.04490411,42062.97109915,121.87550268,160.32622944,0.709,151.34409261,128.74974491,87.45615228,4011.94048494,423.40332251,900.0230348,1427.44100914,0.30673957,0.83083205,537.54903858,21643.93737052,89638.20005523,302.29524447,183.01888145,17.35145247,5.43014775,9.16146764,16.9323225,4477.54128621,53.05964885,2099.32202875,3596.18950524,8.00814502,39.91967025,45.43071922,15.39189623,1730.83981028,18.48973608,4.22475738,63.89803866,17.35145247,1456.845951,36.70071378,10.14031594,142.06558735,1.74866391,0.38469994,1.0,3.41719344,4.22635578,58.07418739,282.41386635,3.66713323,7019.32394167,3.64,4.37997958,100.83586852,79.50050057,1445.13106333,3.75,8.49980699,13.61708109,601.46322901,9.52681692,1.29689319,0.74973562,22.69489026,571.91046296,38.91503187,,21.3702372,13001.8639881,17.35145247,32.57616533,9.190781,3.50972536,2.93209476,2.40842547,41.83369362,6.77808893,30.70624517,2453.63646341,41.70766005,3448.40220238,39.99056875,12152.80674829,197.69204659,26351.62803788,123.02741117,2.80381063,564.53776334,2.70677726,564.53776334,102.70074847,238.79129081,17.35145247,22.59366972,26.69127319
2025-10-16,3.6725,66.39137007,82.97900717,381.60174697,1.80071764,916.99557127,1361.52366874,1.5382868,1.79,1.70003266,1.67540187,2.0,121.70921961,1.67540187,0.376,2945.2724617,1.0,1.29310258,6.91166441,5.44998308,1.0,87.6574441,13.69619385,3.40525113,2.01217079,1.4023478,2112.49374286,0.7937379,959.60011115,7.12022304,3893.3667312,502.79286626,23.96371915,94.45941836,20.79985957,177.96788823,6.39794611,62.97615386,130.19107831,47.60249768,15.0,147.288452,0.85661937,2.27137018,0.74400165,0.74400165,2.70758086,11.03244747,0.74400165,72.82120766,8683.85038131,7.65684413,209.22080453,7.77358589,26.2407201,131.35434693,334.59147563,16572.12251108,3.28578377,87.6574441,1309.83646735,42039.0268738,121.13559633,160.28935556,0.709,150.54750031,129.19910881,87.45737263,4020.88533386,421.429106,900.00562566,1417.89067269,0.30595685,0.82919074,538.65876962,21701.55070298,89810.3352146,302.70499183,182.6878315,17.3110193,5.44018704,9.17367162,16.90486365,4461.7604575,52.85983929,2099.72588562,3597.63104695,8.00679346,39.94918688,45.36496017,15.41729969,1736.18118224,18.45751665,4.22568893,63.90044158,17.3110193,1463.87269359,36.72969921,10.07960145,140.31765364,1.73804792,0.38485466,1.0,3.40433672,4.19735552,58.07054441,282.25835228,3.64490685,7047.76401961,3.64,4.35845725,100.36267015,78.64393522,1448.3277897,3.75,8.49902824,14.63632187,601.48656993,9.46068889,1.29310258,0.74400165,22.76513929,568.98905889,39.12609225,,21.20465423,13002.05129553,17.3110193,32.43157019,9.19099083,3.4977775,2.92272987,2.40405306,41.85295626,6.78485527,30.58110875,2450.4469205,41.69371264,3456.72864997,40.15525987,12194.9261442,201.02897929,26354.66316698,122.87558907,2.80897651,561.90547467,2.70655049,561.90547467,102.22188233,238.79353909,17.3110193,22.70065036,26.64680393
2025-10-17,3.6725,66.52130936,82.67210602,381.38792348,1.79752039,916.94808702,1405.55062133,1.54520525,1.79,1.69999998,1.67132303,2.0,121.50440389,1.67132303,0.376,2939.68658901,1.0,1.29337111,6.91505409,5.44578173,1.0,88.0022349,14.20841305,3.40079326,2.01091391,1.40471457,2190.50158649,0.79139171,955.35848897,7.12375,3862.22028241,501.68212599,23.92194407,94.22945252,20.74834094,177.88506861,6.38299903,63.20344692,129.99718964,47.59671577,15.0,147.46385033,0.85453389,2.27658693,0.74415509,0.74415509,2.70516765,10.64736538,0.74415509,72.81050136,8679.15067978,7.64930753,208.28815354,7.76812758,26.22941936,130.52574853,333.17589986,16593.76520783,3.31150118,88.0022349,1308.58260898,42044.96106777,121.01478116,160.25568496,0.709,150.27532912,128.9242559,87.45769285,4013.6791487,420.40311724,900.00087115,1420.47327546,0.30570998,0.8289738,534.81958395,21637.00535163,89348.94678143,302.5393617,183.03505387,17.35948671,5.41622923,9.17305168,16.86513069,4451.77551398,52.64908811,2099.49334274,3596.41640079,8.00117141,39.91794059,45.19410904,15.41419299,1730.02378689,18.45262197,4.22474503,63.90105763,17.35948671,1462.72729729,36.71450069,10.07220566,140.86957752,1.7476241,0.38463594,1.0,3.38729025,4.20618975,58.14308898,282.5309503,3.63518606,7040.84951212,3.64,4.34669851,100.12651554,80.3501423,1449.52097825,3.75,8.49978628,14.33714729,601.47212372,9.42397605,1.29337111,0.74415509,22.69996476,569.07846507,39.08478768,,21.18571938,13001.8555277,17.35948671,32.58983519,9.19335742,3.4964909,2.92213586,2.40843525,41.94716016,6.77555817,30.68394971,2451.14137927,41.65912879,3469.46894216,39.97497543,12187.11446999,202.25027704,26337.15918175,123.13896563,2.80737497,560.53748965,2.70659215,560.53748965,101.9730184,238.86588434,17.35948671,22.63454258,26.63765856
2025-10-18,3.6725,66.58880803,82.87771333,383.8505554,1.80090703,914.89759502,1455.444694,1.53976994,1.79,1.69999966,1.6778299,2.0,121.96209482,1.6778299,0.376,2950.9669041,1.0,1.29530107,6.91836591,5.40699858,1.0,88.0449161,14.20577415,3.40634132,2.01463766,1.40155426,2129.95224877,0.79353628,956.49626621,7.12680513,3831.59015741,503.01591059,24.03066226,94.59631101,20.83315689,178.08,6.4075791,63.3261079,129.23718329,47.51189769,15.0,147.99614962,0.85786081,2.27354587,0.74488482,0.74488482,2.70299967,10.62552762,0.74488482,71.97863201,8693.09421163,7.66987156,209.48913431,7.76800228,26.22162978,131.19939518,334.10362608,16567.46715464,3.30934387,88.0449161,1314.47966568,42017.91905848,121.57933687,160.66866782,0.709,150.60774433,129.35580463,87.46087153,4021.96661404,422.03985026,900.00121092,1421.90973474,0.30573598,0.83349932,539.4901519,21737.34776779,89995.29766526,303.60403323,183.26158507,17.38132428,5.43653824,9.16357936,16.89479837,4502.19743909,52.82206663,2099.3846273,3597.61367546,8.00104235,40.04887657,45.00724386,15.29981482,1736.84615358,18.37500462,4.22743958,63.91012389,17.38132428,1470.69334765,36.79637428,10.06210472,140.93789945,1.7479109,0.38440033,1.0,3.37979818,4.20297862,58.11440237,281.07387932,3.64146558,7042.8666695,3.64,4.36569331,100.55825067,81.06321952,1452.01026597,3.75,8.49978688,13.89421709,600.22552312,9.43849101,1.29530107,0.74488482,22.67506982,566.84735486,39.14469621,,21.25758657,13002.94224441,17.38132428,32.70748704,9.2255044,3.50003885,2.92532423,2.36730583,41.89548172,6.79113023,30.6365237,2460.95228979,41.77132676,3489.11164622,40.11510569,12219.1653954,203.45656358,26376.59899687,122.59942331,2.80899231,562.71980035,2.7024925,562.71980035,102.37002451,238.86918968,17.38132428,22.74816045,26.6474473
2025-10-19,3.6725,66.55729003,82.85198518,388.42487452,1.79706798,912.9346929,1455.67680508,1.53845601,1.79,1.70096321,1.67772806,2.0,122.07061874,1.67772806,0.376,2951.29434276,1.0,1.29526181,6.92270846,5.40943617,1.0,88.02469905,14.20582464,3.40850108,2.01405603,1.40237288,2129.95024146,0.79327445,956.30288287,7.12672381,3821.86947618,502.09290079,24.00398601,94.59056911,20.84032766,177.53784759,6.40774651,63.38648729,129.82948529,47.5400295,15.0,148.52437659,0.85780873,2.27358859,0.74471804,0.74471804,2.704737,10.66107519,0.74471804,72.40726999,8691.32821832,7.65729979,209.34848107,7.77049805,26.22113593,131.41023211,334.12883315,16574.68224306,3.3121558,88.02469905,1310.90319189,42002.82327322,121.57131304,160.62890263,0.709,150.67451094,129.29221429,87.46087153,4021.78460735,422.01423285,900.00008321,1422.00284943,0.30583356,0.82047669,537.09621726,21705.74940876,90139.84518908,302.82022558,183.29246979,17.37268021,5.43337132,9.16308682,16.86469883,4517.92364106,52.81196054,2099.83621972,3594.75408968,8.00361299,40.11195829,45.07820681,15.33864972,1736.36778997,18.38129743,4.22644438,63.8200274,17.37268021,1475.13678185,36.74130056,10.06085483,140.905537,1.74659278,0.38477782,1.0,3.37979083,4.19435205,58.12832403,283.03914137,3.64039919,7042.12102026,3.64,4.3636016,100.5462914,81.20026939,1451.63957726,3.75,8.49978688,14.91192406,599.44278299,9.45118405,1.29526181,0.74471804,22.67510364,568.51479539,39.16884641,,21.04742077,13001.8417057,17.37268021,32.72702278,9.22067304,3.5000142,2.92395427,2.34759185,41.91851014,6.74949819,30.64578262,2453.06956335,41.70327877,3490.63725765,39.92151382,12161.09740911,203.37407298,26355.84569971,122.58504588,2.80899434,562.68564379,2.70105922,562.68564379,102.36381075,238.8557623,17.37268021,22.74898736,26.6474473
2025-10-20,3.6725,66.50448421,82.83955173,383.23651137,1.80587549,916.97052841,1454.49413895,1.53714152,1.79,1.70000003,1.67727205,2.0,122.01368821,1.67727205,0.376,2953.54794627,1.0,1.29492981,6.92152518,5.4207266,1.0,87.97926184,14.22017802,3.40764944,2.0199125,1.40131874,2129.94872392,0.79329566,960.41214728,7.12586478,3855.02512368,502.77964178,24.01518341,94.56485952,20.84087515,177.91202082,6.40432525,63.38291316,129.58419426,47.48619625,15.0,148.95503893,0.85757558,2.27474479,0.74442045,0.74442045,2.70327643,10.68337246,0.74442045,72.72612503,8689.20743914,7.66647771,209.59973721,7.76761339,26.26916147,131.43601956,333.95515007,16570.17830313,3.30906788,87.97926184,1310.27424783,41999.63539588,121.60596483,161.05701808,0.709,150.96244184,129.32690248,87.46342798,4025.49209612,421.89952996,899.95616476,1422.66087941,0.30596468,0.82975701,538.50696565,21744.32602922,89810.94439396,303.40594402,183.3785397,17.35845469,5.43952967,9.16402875,16.90003109,4469.54178538,52.82492027,2099.41414301,3596.22052649,8.00064179,40.07526282,45.01806674,15.40511168,1737.65137744,18.37388943,4.22619607,63.89641712,17.35845469,1469.95515221,36.84153652,10.05669115,140.83280339,1.7435905,0.38478936,1.0,3.39289684,4.23991167,58.13884466,283.49628435,3.6384135,7050.61045273,3.64,4.36280479,100.47937034,81.14584114,1453.98067045,3.75,8.49981903,14.1203875,601.43583094,9.42209563,1.29492981,0.74442045,22.67510932,567.96724241,39.24500682,,21.2511441,13001.85416234,17.35845469,32.79733958,9.2280543,3.4979197,2.92366647,2.40802386,41.9564938,6.78906959,30.6496611,2459.94463795,41.77759827,3491.20231906,40.11559422,12156.41950213,203.3253255,26343.06645138,122.32033246,2.80895847,562.53270661,2.70607506,562.53270661,102.33598841,238.87978419,17.35845469,22.74578343,26.64149908
2025-10-21,3.6725,66.46557751,82.92168296,382.40239177,1.8010993,916.07312928,1475.2165658,1.53514237,1.79,1.69999914,1.67957713,2.0,121.9461486,1.67957713,0.376,2949.10937232,1.0,1.29361137,6.92258932,5.37339564,1.0,87.92891122,14.15438577,3.40497862,2.01432626,1.40384811,2164.58244842,0.79249896,950.82574132,7.11852015,3882.41967952,502.75174283,23.98428319,94.69482035,20.86633468,178.22310579,6.41336552,63.48643481,130.21135873,47.49910098,15.0,149.79256765,0.85875415,2.2953745,0.74613842,0.74613842,2.71136628,10.73071232,0.74613842,72.9700983,8685.12842605,7.66012411,209.12614894,7.76764484,26.26966152,131.8370245,334.11268414,16572.45326647,3.28221055,87.92891122,1310.18390488,42024.79140662,121.59973556,160.82685594,0.709,150.9508397,129.23773185,87.4620148,4029.39514056,422.47934799,899.96393039,1421.33064247,0.30599156,0.82783137,538.18005494,21685.7985086,89784.43454919,302.78989338,183.20365657,17.21146389,5.42885459,9.20820919,16.93710742,4476.55161981,52.88376917,2099.42785996,3595.42295905,8.00067418,40.06487395,45.02059971,15.41672183,1734.06635455,18.39856157,4.22440575,63.84569102,17.21146389,1467.41991894,36.77197695,10.05600803,140.75220464,1.74159664,0.38495213,1.0,3.37340348,4.25812919,58.15597324,282.3812463,3.63775851,7075.48605642,3.64,4.36935611,100.62101315,80.86871808,1451.9185475,3.75,8.42028126,14.82671602,600.61865739,9.41897373,1.29361137,0.74613842,22.68939081,571.48452443,39.32456772,,21.19612493,13001.41741428,17.21146389,32.59289752,9.2027516,3.5098678,2.9207304,2.38271792,41.96910402,6.76447554,30.60088998,2454.56734168,41.78143892,3471.31213899,39.89566184,12108.62299621,205.32710869,26341.66315443,121.835887,2.8065312,563.30579732,2.70618119,563.30579732,102.47662912,238.85770397,17.21146389,22.72055134,26.67112792
2025-10-22,3.6725,66.40181561,83.18811159,382.97770901,1.80255336,916.77873498,1490.22105385,1.54110205,1.79,1.70000002,1.68538365,2.0,122.06625013,1.68538365,0.376,2950.62960435,1.0,1.29807908,6.91686382,5.38808235,1.0,87.87182029,14.19751436,3.40544993,2.01448519,1.40092073,2191.81175045,0.79593576,951.75794832,7.12340682,3885.66175389,502.2518031,24.0162532,95.02219262,20.94476892,178.14163691,6.43580032,63.60862328,130.4676158,47.53652569,15.0,149.91757846,0.86172298,2.29834293,0.74791017,0.74791017,2.70768856,10.70760075,0.74791017,72.85068648,8683.578474,7.6608557,209.33447947,7.77233098,26.25283666,131.38004762,335.49528475,16591.65497076,3.29274298,87.87182029,1310.29729248,42022.92181978,122.02891631,160.90469635,0.709,151.74631054,129.27915846,87.46060924,4035.91746205,423.9399139,900.00763066,1431.516135,0.30634657,0.83113326,538.96366544,21730.934789,89553.21159364,303.3085776,183.21101887,17.41037627,5.42985735,9.23835368,16.96238701,4478.2663207,53.08970341,2099.84418892,3593.63462332,8.00550091,39.92087136,45.34515588,15.41228735,1735.34285727,18.43118626,4.22919988,63.88760741,17.41037627,1467.45766019,36.77979704,10.05795986,140.66081632,1.74177611,0.38495992,1.0,3.38676209,4.21885301,58.28650964,282.90129314,3.65356544,7094.57189962,3.64,4.38021455,100.99645423,81.3621464,1451.91526829,3.75,8.45205448,14.43816171,601.03497429,9.42351812,1.29807908,0.74791017,22.69026497,571.53603302,39.81113412,,21.25866124,11057.06241739,17.41037627,32.80059743,9.17401077,3.49655629,2.93609182,2.39340451,41.97885243,6.78514922,30.7230508,2465.13572335,41.79835308,3478.19606088,39.91517769,12065.19814151,206.75226419,26377.78227608,121.8084476,2.80362106,565.25321853,2.70713144,565.25321853,102.83090412,238.88313751,17.41037627,22.59965842,26.59358872
2025-10-23,3.6725,66.35568513,83.37106672,381.72290015,1.8005357,917.84339961,1488.49171062,1.54095993,1.79,1.70000152,1.68574397,2.0,122.14297665,1.68574397,0.376,2944.09406535,1.0,1.29916457,6.9025253,5.400368,1.0,87.79449559,13.86148556,3.40467743,2.01316463,1.39938866,2272.49676438,0.79677104,950.27456172,7.12439201,3908.40035496,502.09162185,23.97242718,95.04250735,20.94473249,178.04001995,6.43772834,63.53688038,130.4985107,47.56607611,15.0,150.13339068,0.8619072,2.29879265,0.74942408,0.74942408,2.71158173,10.78523411,0.74942408,72.82359585,8678.21453412,7.65787111,209.02581071,7.77054587,26.22000806,130.80251431,335.61962634,16619.62539028,3.3022641,87.79449559,1310.93457844,42046.08618067,122.38929582,160.7143072,0.709,152.35454448,129.05682486,87.46210231,4029.23944404,424.03054768,900.00112367,1435.45317919,0.306613,0.83082972,538.38666645,21673.09749497,89614.66648266,302.89278248,182.81351447,17.43094072,5.42848299,9.24631363,16.99818547,4479.52703317,53.10241726,2099.45692045,3594.85962207,8.00366225,39.998622,45.45001542,15.41266677,1733.05109874,18.44667167,4.2311597,63.86910313,17.43094072,1463.2654975,36.76022013,10.02699855,140.53703881,1.74285252,0.38495483,1.0,3.39748491,4.20580548,58.58764932,282.91342626,3.6496304,7079.99777789,3.64,4.38048434,101.04394917,81.49830303,1450.03945276,3.75,8.49932352,13.84205015,601.44411009,9.41767882,1.29916457,0.74942408,22.69017596,568.81701313,39.66442974,,21.27143028,11056.82672426,17.43094072,32.83330592,9.22368849,3.50730843,2.93777099,2.40836739,42.0066298,6.78344659,30.79813954,2484.55431095,41.80532803,3486.05810915,39.74784689,12050.30305405,209.47935792,26367.79016694,121.82238674,2.80503773,565.37406358,2.70711867,565.37406358,102.85288826,238.89329079,17.43094072,22.40040534,26.54767607
2025-10-24,3.6725,66.38246671,83.20206278,380.81933056,1.79855674,917.64926514,1483.05214464,1.53581632,1.79,1.69999828,1.68445125,2.0,122.29522579,1.68445125,0.376,2942.67647968,1.0,1.29889773,6.89610198,5.38326537,1.0,87.8197264,14.06893042,3.40302974,2.01225295,1.3992227,2279.90535624,0.79560586,946.94331661,7.12349379,3879.66107077,501.90731589,23.95795051,94.96962393,20.94407903,178.00101904,6.43318442,63.70286515,130.43814068,47.59033161,15.0,150.80614947,0.86124625,2.27618681,0.7504979,0.7504979,2.72219224,10.79818501,0.7504979,73.00303957,8674.61782183,7.65426157,208.63413836,7.77312065,26.24699786,130.67128212,335.98801311,16609.1249316,3.29017812,87.8197264,1311.54174178,42027.98072663,122.468255,160.33466346,0.709,152.8421959,128.97491466,87.46423052,4024.11034063,423.70537957,899.99883216,1435.30748384,0.30663566,0.83122253,536.73121861,21646.2408708,89685.93484137,302.77514702,182.68866037,17.33323252,5.42800152,9.23521859,16.95297007,4477.58251032,53.05146202,2099.51484856,3595.86933521,8.00631427,39.98583819,45.51797595,15.40765552,1731.43841349,18.39984027,4.22510802,63.90068508,17.33323252,1459.81584423,36.74878743,9.97818064,140.57742704,1.73877004,0.38485077,1.0,3.39396668,4.20449941,58.64481588,282.62775892,3.64395616,7066.80824592,3.64,4.37805052,100.94596856,81.26888748,1449.73622472,3.75,8.39573946,13.86041117,601.43641312,9.38791865,1.29889773,0.7504979,22.67997487,568.90980373,39.74505398,,21.28369505,11056.73715122,17.33323252,32.7815069,9.2594946,3.49712498,2.93755731,2.4022328,42.07052134,6.78118487,30.80052369,2488.66155296,41.86511154,3489.47659847,39.71541544,12108.65063612,211.92397845,26348.02413158,122.09512692,2.78170862,564.94050609,2.70703352,564.94050609,102.77401545,238.92069114,17.33323252,22.1347344,26.54111935
2025-10-25,3.6725,65.99253708,83.13788778,383.03023847,1.79852337,913.4628429,1489.49485465,1.53540881,1.79,1.70000033,1.68250721,2.0,122.40858571,1.68250721,0.376,2947.43417649,1.0,1.29885091,6.90268548,5.38979677,1.0,87.81804552,14.27700108,3.40533508,2.01442814,1.39926217,2282.654,0.79552637,941.92380554,7.1220992,3863.02165131,501.74346387,23.99075543,94.8600187,20.91661211,178.24492744,6.42653644,63.99320979,130.20892281,47.51067952,15.0,151.61561415,0.86025228,2.27475383,0.75115505,0.75115505,2.71349745,10.85498928,0.75115505,72.97084033,8669.00319926,7.65905246,209.20693877,7.76975217,26.2742918,130.86019338,335.49357438,16612.68303391,3.27994673,87.81804552,1310.51543204,41999.21480064,123.16767847,160.38465693,0.709,152.86934388,129.1972494,87.46274536,4029.93803371,423.21637764,900.00145856,1439.16105081,0.30647994,0.83229963,537.76459979,21745.42596699,90003.7621706,303.68359193,183.09665323,17.33621482,5.43995493,9.23574449,16.95136849,4512.55819229,52.99435859,2100.38033531,0.6084154,8.00284474,40.05638571,45.51726877,15.29981992,1734.67998079,18.45990522,4.22323468,63.76043572,17.33621482,1466.48628746,36.59848653,10.00105757,140.57473637,1.73939942,0.38410101,1.0,3.38434765,4.19210342,58.76706288,281.00987886,3.64673036,7063.2321591,3.64,4.37459275,100.8268047,79.61943456,1450.08283693,3.75,8.32616528,13.98225594,600.12418603,9.40128352,1.29885091,0.75115505,22.67107942,569.46851589,39.69193608,,21.29788747,11057.51270176,17.33621482,32.67497214,9.2900148,3.49586932,2.93498314,2.36777737,41.94366372,6.79790837,30.84846394,2489.41589081,41.78664026,3478.51230485,39.84747663,12072.60494341,214.12063981,26440.06116571,122.21754979,2.80112401,564.28850352,2.70247322,564.28850352,102.6554031,238.89351016,17.33621482,22.14917526,26.56757452
2025-10-26,3.6725,66.29115947,83.13243191,387.9142999,1.79703224,912.46455332,1490.62867334,1.53576583,1.79,1.70096386,1.68240897,2.0,122.32821665,1.68240897,0.376,2947.67648621,1.0,1.29887522,6.90847316,5.38842157,1.0,87.85350295,14.08474615,3.40507027,2.00904634,1.40007598,2243.62657544,0.79548657,941.84797973,7.1219739,3859.67807452,501.954155,23.96666229,94.8544796,20.92358082,178.49831293,6.42484685,64.00505017,130.21803118,47.56363572,15.0,151.55405981,0.86020205,2.2768186,0.75138042,0.75138042,2.71413991,10.83104968,0.75138042,73.06471786,8680.25214814,7.65740655,209.37729563,7.76963903,26.27584735,131.10575619,335.47128504,16619.31594966,3.28277727,87.85350295,1310.14885393,42015.82932699,123.15430425,160.39326177,0.709,152.80221767,129.20076823,87.46274536,4028.52985492,423.19166506,900.00024471,1437.68715447,0.30653306,0.82165519,537.86836302,21695.95729246,89988.25338553,303.39186987,183.00445385,17.25534978,5.43676655,9.22470327,17.03089132,4518.41458251,52.99815176,2099.76267939,0.60529716,8.0027282,40.05879402,45.5199175,15.32471291,1734.71677183,18.45432566,4.22330606,63.883951,17.25534978,1465.59811722,36.73911325,10.00638546,140.63149484,1.73964391,0.38471295,1.0,3.39045985,4.20644907,58.65680272,281.12686679,3.65098271,7075.09629135,3.64,4.37291247,100.83940991,79.94582783,1450.87069641,3.75,8.26622435,14.6591999,599.89346369,9.40114892,1.29887522,0.75138042,22.67005556,571.13326383,39.72497374,,21.2692362,11056.69811075,17.25534978,32.73198148,9.29950735,3.50294181,2.9343665,2.3485472,41.97738262,6.7650686,30.84676643,2478.56047592,41.98669905,3479.38252984,39.89095461,12125.25043344,214.05120341,26347.94218965,122.39007403,2.80111047,564.25555342,2.70084241,564.25555342,102.64940882,238.85207578,17.25534978,22.14919673,26.56757452
2025-10-27,3.6725,66.36179434,83.14910737,381.77442045,1.79889837,918.61747297,1483.63845113,1.53025516,1.79,1.70000031,1.68061046,2.0,122.33017691,1.68061046,0.376,2943.10845364,1.0,1.29721771,6.90112748,5.39031643,1.0,87.79748028,14.05530077,3.40499502,2.01267295,1.39867887,2292.14541933,0.79542063,942.33774074,7.11065417,3868.67763928,501.35334942,23.96205036,94.75307972,20.88927323,178.21489673,6.41836182,63.96673725,130.13522067,47.46738917,15.0,151.8818136,0.85928249,2.27116049,0.75040311,0.75040311,2.70860306,10.79043887,0.75040311,73.02763958,8682.86068474,7.65468717,208.91687289,7.76794248,26.23373609,130.98119069,335.07793364,16600.48072886,3.27404695,87.79748028,1309.83169425,42036.13485278,123.06878255,160.08800199,0.709,152.89035049,128.92217498,87.4627314,4023.13689397,422.73927122,899.99485681,1431.1623837,0.30655258,0.83102052,537.7425054,21705.01461621,89636.27536862,303.24616243,182.81425308,17.20247254,5.4313317,9.2335883,17.00966457,4512.49950938,52.9890711,2099.39267803,0.56165513,8.00098076,40.04418679,45.50691948,15.41167116,1732.29496303,18.4189154,4.21967605,63.89223027,17.20247254,1460.30891608,36.72156036,10.00036499,140.54181656,1.73599876,0.38452371,1.0,3.38758634,4.22925211,58.59837301,283.00400279,3.64826963,7067.18202656,3.64,4.36658414,100.80552291,79.79582066,1450.22176696,3.75,8.39433029,13.98810827,601.23099554,9.37761862,1.29721771,0.75040311,22.67003599,570.22841537,39.90428531,,21.27529008,11056.74628734,17.20247254,32.66841934,9.2756049,3.49754259,2.93637583,2.40138901,42.00689683,6.78773157,30.75864185,2478.54246963,42.04849661,3479.2129319,39.84047856,12120.24141544,216.06341985,26310.52424455,122.0707559,2.78172822,563.65236163,2.70710523,563.65236163,102.53967613,238.8762263,17.20247254,22.14919116,26.53525306
2025-10-28,3.6725,66.38693144,82.9800921,382.98424975,1.80208641,917.7265403,1432.507876,1.52491998,1.79,1.70000035,1.67774298,2.0,122.35499441,1.67774298,0.376,2952.40992131,1.0,1.29599276,6.9233037,5.37486225,1.0,88.20940226,14.03743903,3.40548773,2.01338769,1.39889408,2289.13432568,0.79417845,940.36913723,7.10543347,3845.75163442,501.42594137,24.00267542,94.59141058,20.86670687,178.07287864,6.40700929,63.99653754,130.03558079,47.44636205,15.0,151.39984964,0.85781637,2.26670354,0.74900323,0.74900323,2.71768689,10.85231911,0.74900323,72.9950004,8686.82334173,7.65922412,209.19948593,7.76756343,26.25692588,131.05739344,333.43120229,16554.45979687,3.25647376,88.20940226,1309.02263558,42070.2910333,122.6695717,160.29597126,0.709,152.4255991,129.50229859,87.46301625,4020.18212069,422.01798706,899.99818221,1435.28566164,0.30649687,0.83180592,537.60556956,21722.13459161,89642.47457079,304.16227252,183.21227294,17.2263192,5.44000684,9.21838157,17.0573662,4465.60055389,52.86627357,2099.21197599,0.59287384,8.00059033,40.08301391,45.46497522,15.40558317,1735.78419627,18.39970657,4.2049837,63.89495792,17.2263192,1458.10122044,36.75097847,9.98465015,141.20120066,1.73142072,0.3848953,1.0,3.38622075,4.21344217,59.15587326,282.09627581,3.63212182,7082.19713374,3.64,4.3612293,100.57819621,79.24897411,1450.51375869,3.75,8.49201535,13.80628674,601.29292126,9.37097918,1.29599276,0.74900323,22.65013782,570.28693325,39.9359301,,21.24728052,11057.10084212,17.2263192,32.63898872,9.25116484,3.50692813,2.91773198,2.40387651,41.96662104,6.7880786,30.65942357,2469.20785913,42.09688105,3476.79370524,39.93100098,12068.29472158,215.40131854,26328.44465685,121.86087561,2.79800517,562.69064941,2.70689051,562.69064941,102.36472137,238.70025289,17.2263192,22.10004419,26.53089979
2025-10-29,3.6725,65.67785709,83.06326894,382.15906086,1.80236485,916.8281683,1473.34900528,1.51593882,1.79,1.69999479,1.67911104,2.0,122.34950767,1.67911104,0.376,2949.24177853,1.0,1.29439727,6.91383837,5.35873408,1.0,88.22605397,14.10934339,3.40501158,2.01322981,1.39341092,2285.49600389,0.79338365,941.6514918,7.10032281,3891.12115476,501.44987016,24.00673605,94.6685422,20.87619508,177.93398734,6.41181771,64.19377367,129.92362689,47.3749059,15.0,151.39428015,0.85851584,2.2604181,0.75388061,0.75388061,2.71227159,10.85766262,0.75388061,72.97795563,8679.58883625,7.6596616,209.34448756,7.76900098,26.323859,130.9629204,333.20746544,16600.59025376,3.25777846,88.22605397,1308.85248002,42020.94059622,123.11317345,160.35069944,0.709,151.8711559,129.1977215,87.46334187,4024.74543515,422.36210848,899.99028607,1433.32143347,0.30666696,0.83180545,533.48071511,21708.21015286,89724.03790042,304.38172101,183.35432479,17.15057644,5.43980649,9.2157177,17.02369302,4471.83595955,52.8784498,2099.4017678,0.62598683,8.00207101,40.0576965,45.34950795,15.40148784,1735.62019904,18.43773837,4.19029605,63.90031796,17.15057644,1456.77846533,36.77480794,9.98526655,141.22785589,1.73095351,0.38473039,1.0,3.38896824,4.22125192,59.12829611,282.07630932,3.63408951,7089.14453164,3.64,4.364653,100.65410958,79.25073317,1450.96405741,3.75,8.49906515,14.40503258,601.45519066,9.38219564,1.29439727,0.75388061,22.68499896,569.88983137,39.6428475,,21.26126727,11058.39241002,17.15057644,32.34494821,9.24063897,3.4997191,2.91797731,2.40837016,41.96742653,6.79011453,30.565443,2461.44429805,42.00805776,3471.03359564,39.85408851,12046.53481639,217.7379327,26342.90167748,121.80595566,2.79541169,563.14947797,2.70688449,563.14947797,102.4481915,238.62069584,17.15057644,22.07996593,26.54802339
2025-10-30,3.6725,66.71128363,83.39880971,381.58515354,1.80204488,922.57416736,1438.39949415,1.51867125,1.79,1.70119676,1.68396354,2.0,122.27691587,1.68396354,0.376,2950.40301644,1.0,1.29676348,6.91548547,5.35887716,1.0,88.36367979,14.1057046,3.40573882,2.01238144,1.39371858,2285.48728352,0.79927279,941.6103271,7.09700056,3877.82704202,501.94976693,23.99903616,94.94212681,20.98297878,177.96523346,6.43003564,64.19455414,129.9623378,47.29777175,15.0,151.9429912,0.86099689,2.26402046,0.75717671,0.75717671,2.71237019,10.85177346,0.75717671,73.16870324,8683.89321665,7.6607071,209.20239074,7.76988602,26.29346584,130.94977619,334.80214465,16579.22819164,3.25307449,88.36367979,1308.74568351,42067.5505124,123.97252844,159.97516884,0.709,152.53367336,129.20398817,87.46409777,4023.52167825,423.58270161,900.01994995,1422.99678776,0.30676429,0.83201408,529.02738864,21701.46499318,89719.48910147,304.37651851,183.32533259,17.17385558,5.43980592,9.23574383,16.9975381,4508.20397841,53.08859795,2099.30067494,0.62586688,8.0029826,40.109264,45.47158479,15.41470429,1735.3046394,18.46861915,4.19718883,63.87300849,17.17385558,1451.44631991,36.82000426,10.00903249,141.44816042,1.73226209,0.38497227,1.0,3.39056086,4.21846788,58.6453305,282.29792692,3.65224462,7098.53626366,3.64,4.37795178,100.93711519,79.93702356,1451.34503576,3.75,8.393282,14.2090631,601.25635131,9.39883636,1.29676348,0.75717671,22.69488816,571.67724572,39.1923959,,21.27541508,11057.42480232,17.17385558,32.4196754,9.20965665,3.50599654,2.92870965,2.39452384,42.00856508,6.76704472,30.6710721,2457.73904588,42.02776388,3467.54611259,39.89740963,12005.5321137,220.18368458,26392.15824834,121.72961642,2.77220047,564.77693548,2.7076404,564.77693548,102.74425868,238.60346317,17.17385558,22.16901668,26.45204625
2025-10-31,3.6725,66.75995883,83.74074403,382.32462272,1.80055534,917.81101353,1439.0749059,1.52609936,1.79,1.70120291,1.69028886,2.0,122.22785219,1.69028886,0.376,2951.82137016,1.0,1.29933595,6.91906414,5.38278143,1.0,88.59073098,14.14173196,3.40601849,2.01481745,1.39847653,2278.65713457,0.80157513,942.53175962,7.11075308,3857.39290377,502.42961071,23.98307192,95.29874931,21.03404741,178.32250321,6.45380685,64.17623074,130.21157884,47.23430573,15.0,152.32794499,0.86423097,2.27017167,0.76005312,0.76005312,2.71156097,10.8642329,0.76005312,73.16041628,8687.72968395,7.66351405,209.18406237,7.76834794,26.28585967,131.68291263,335.67663653,16596.04554902,3.25245731,88.59073098,1309.51848616,42038.74390914,125.14598547,159.78812054,0.709,153.79147786,129.23833785,87.46592161,4015.42472171,425.17376689,899.98672052,1428.86849517,0.30669236,0.83018252,530.15388535,21675.57799081,89816.95209766,304.35139887,183.36314035,17.2735129,5.44072264,9.26141544,16.956051,4496.54151382,53.15398942,2099.40936497,0.69199091,8.00139838,40.19036551,45.48787865,15.4074757,1734.65787638,18.53321191,4.19313289,63.82251769,17.2735129,1444.11919532,36.80147508,10.05847655,141.81161261,1.7435934,0.38496374,1.0,3.38269194,4.22798329,58.82735109,282.11051709,3.66706777,7088.80537613,3.64,4.39324852,101.29706036,79.91837459,1451.59290507,3.75,8.48673603,14.83735305,600.52512089,9.44061807,1.29933595,0.76005312,22.69984556,592.1999647,38.85759799,,21.33106834,11059.17869796,17.2735129,32.31562345,9.21193777,3.49910555,2.94475722,2.3818345,42.03053971,6.74596901,30.74041767,2450.92790597,41.99307707,3481.1966474,39.89531318,11998.05297363,221.00669102,26335.54220411,121.69843777,2.79407255,566.89835585,2.7065451,566.89835585,103.13018762,238.52625076,17.2735129,22.1487006,26.41550624
2025-11-01,3.6725,66.44552457,83.83953853,382.64850038,1.79859109,914.29862049,1441.82875097,1.52850077,1.79,1.69999957,1.69475578,2.0,122.37617817,1.69475578,0.376,2955.65517918,1.0,1.30089978,6.91312393,5.37709743,1.0,88.81459681,14.29750667,3.4055366,2.01459281,1.40289285,2278.6732,0.8052902,942.48419418,7.11799314,3861.16363693,501.84077852,24.02054693,95.55059462,21.09645034,178.15452,6.4726492,64.1929482,130.12882918,47.09677232,15.0,153.59805446,0.86651487,2.28884427,0.76017498,0.76017498,2.70890675,10.90497871,0.76017498,72.43489237,8682.49885101,7.66842496,209.41594741,7.77055366,26.32295904,130.95635344,336.46265801,16639.52520018,3.25330012,88.81459681,1310.47613382,42068.53224441,125.48799686,160.35074688,0.709,153.9914981,129.19388433,87.46319239,4018.63644009,426.29737053,899.99619776,1428.25511432,0.30676499,0.83269972,529.54541923,21726.75007727,89928.86485687,304.77881065,183.49970737,17.34998912,5.43997713,9.2994369,17.03075519,4504.04009261,53.36153537,2099.70067255,0.69372624,8.00367027,39.99986881,45.7930372,15.29981974,1736.22525629,18.5775133,4.1934007,63.90980122,17.34998912,1425.35183495,36.74847816,10.12318324,142.16996585,1.74685287,0.3845254,1.0,3.38794828,4.24579399,58.69100821,280.98430698,3.68754983,7086.3382673,3.64,4.40919597,101.62984958,80.56925085,1452.33302619,3.75,8.49978251,14.64986569,600.29322878,9.49292322,1.30089978,0.76017498,22.69737822,577.0951451,39.64638015,,21.32824406,11057.26245084,17.34998912,32.33457561,9.2350021,3.49979398,2.93799099,2.35584729,42.04499785,6.74862787,30.78745369,2462.53132734,42.0039536,3483.51482143,39.92030005,12024.69982438,223.14989735,26306.84379606,121.58526289,2.79957633,568.39649404,2.70247105,568.39649404,103.40272902,238.48164165,17.34998912,22.19882845,26.29685056
2025-11-02,3.6725,66.56113379,83.8399037,387.66980802,1.79701659,912.46466939,1442.72346089,1.5286959,1.79,1.70097426,1.68791489,2.0,122.30460499,1.68791489,0.376,2952.11445646,1.0,1.29997033,6.92658269,5.37802707,1.0,88.85265902,14.29731448,3.40457751,2.01045491,1.40325932,2251.17746842,0.80529105,942.54000676,7.11343999,3857.71396916,501.60799585,24.01050875,95.16490431,21.10540667,178.27537805,6.47369536,64.06653768,130.2514908,47.15016899,15.0,153.59678128,0.86301718,2.28895705,0.76042594,0.76042594,2.71015441,10.88490589,0.76042594,73.09418912,8688.74410283,7.65806615,209.32050762,7.77323949,26.32064608,131.47443008,336.46353988,16634.58531824,3.25052697,88.85265902,1310.06267087,42046.19962533,125.49010391,160.40045557,0.709,154.03283329,129.2326019,87.46319239,4016.34304737,424.57661967,899.99967339,1427.89066343,0.30694096,0.82416309,530.02832947,21686.01042032,89637.05870805,304.54306812,188.30139549,17.31013515,5.44536022,9.28926936,16.99652011,4504.48349759,53.11718481,2099.62594354,0.70155713,8.00643667,40.02430573,45.74768233,15.37796513,1734.34116053,18.56341338,4.19018095,63.87952897,17.31013515,1437.11800536,36.73251382,10.11808666,142.23089392,1.74874827,0.38497979,1.0,3.3676157,4.24626641,58.75050806,280.85719325,3.68786934,7087.97484748,3.64,4.40919837,101.61721937,80.86483367,1452.07615845,3.75,8.49978251,14.72971856,599.96911347,9.49680043,1.29997033,0.76042594,22.68018103,574.96326365,39.10132357,,21.30538405,11056.756635,17.31013515,32.35894002,9.25095848,3.49911722,2.95023642,2.34206991,42.03603746,6.71356117,30.80041655,2452.93724114,41.96731838,3477.81858509,39.81121238,12020.5584227,223.1386357,26311.46085436,121.74662077,2.79957604,566.10215956,2.7001058,566.10215956,102.98534353,238.69258074,17.31013515,22.19104253,26.29685056
2025-11-03,3.6725,66.73621885,83.95267602,382.38754775,1.80335308,918.64787806,1445.15463846,1.52861002,1.79,1.70000007,1.69674306,2.0,122.09264669,1.69674306,0.376,2950.36487724,1.0,1.30219485,6.92851257,5.37627428,1.0,88.78683605,14.08482035,3.41450181,2.0160964,1.40212892,2289.45918988,0.80500933,941.4062476,7.11742851,3855.4230426,502.16795173,24.02117014,95.66263819,21.11346989,178.24361594,6.47862095,64.16698455,130.20370504,47.26751113,15.0,153.85916571,0.86753095,2.27927247,0.76136709,0.76136709,2.71025258,10.8951591,0.76136709,73.15449077,8686.53120999,7.67075001,208.73652968,7.7719402,26.28237348,131.57153111,336.32135753,16634.76938606,3.25795038,88.78683605,1310.88894414,42082.59226564,125.62633596,160.63679857,0.709,154.12524006,129.12686555,87.46220355,4014.250381,426.79725102,900.01008828,1431.52227545,0.30686268,0.82798826,528.07494871,21691.69565449,89947.22579535,303.9039454,183.61354751,17.34262013,5.46019976,9.29652856,17.03200297,4505.4767741,53.33852089,2099.53382703,0.7233953,8.0050984,40.08100924,45.75144239,15.41693137,1730.58613789,18.5638755,4.19760931,63.85401374,17.34262013,1444.43394513,36.76406759,10.13051196,142.12552781,1.75000214,0.38499803,1.0,3.37167108,4.21911358,58.73777812,282.11609046,3.69305781,7094.28475666,3.64,4.4112271,101.62128556,80.92633733,1452.70044635,3.75,8.50005498,14.73451698,600.99213294,9.50512899,1.30219485,0.76136709,22.68011369,578.11885757,38.51738354,,21.34912464,11056.92556851,17.34262013,32.45327178,9.23762563,3.49990936,2.94077106,2.38772296,42.05657505,6.76427454,30.78980806,2448.16062169,42.00006676,3479.35135173,39.86067084,12017.64598241,222.71659576,26308.9467696,122.00886812,2.79959616,569.06300136,2.7058337,569.06300136,103.52398008,238.51166009,17.34262013,22.20000031,26.29685056
2025-11-04,3.6725,66.63432436,83.95094993,382.21368996,1.80107595,916.25977874,1477.85677503,1.53050808,1.79,1.69999991,1.69932608,2.0,122.06684986,1.69932608,0.376,2942.27623068,1.0,1.30580429,6.9294317,5.35801952,1.0,88.7528372,13.76679682,3.41004215,2.01471715,1.40662378,2261.21364321,0.80943284,939.01991256,7.12392039,3864.58043542,502.03394162,23.99600929,95.80826904,21.14430282,178.19421521,6.48659869,64.22162888,130.68157809,47.20422733,15.0,152.62024171,0.86885163,2.27715847,0.76191967,0.76191967,2.70915092,10.91185331,0.76191967,73.2790364,8689.9093716,7.66177759,209.11582504,7.77398265,26.31214564,131.49181825,336.41897502,16679.5760285,3.25668557,88.7528372,1309.9490968,42088.73170429,126.32052393,160.36264534,0.709,154.34240709,129.22993273,87.46284797,4015.24318491,427.44698062,900.017784,1438.40250862,0.30730357,0.82919459,525.38309663,21643.79543821,89773.86970225,304.32697526,186.35157738,17.33408232,5.45176432,9.31311879,16.99981733,4505.98013912,53.39534652,2099.47507983,0.79969199,8.00720213,40.02007785,45.95026424,15.44164515,1735.01810514,18.50728802,4.20438118,63.82660924,17.33408232,1439.86115796,36.78156962,10.13607547,142.07110414,1.7566629,0.38486837,1.0,3.37712088,4.20844279,58.74247624,282.22486102,3.6975442,7095.3348929,3.64,4.41874469,101.83275006,80.73181706,1449.2595867,3.75,8.42026035,14.85407189,601.05861153,9.49528327,1.30580429,0.76191967,22.68014324,571.45417036,38.832319,,21.46044794,11056.89210504,17.33408232,32.53554954,9.23449614,3.50828733,2.94112212,2.39088265,42.07712345,6.76451367,30.9166584,2451.08491848,41.99036116,3478.70917555,39.81963866,12038.36421507,223.70435469,26309.70359944,121.93004429,2.80272591,569.92930749,2.70650702,569.92930749,103.68157855,239.43850522,17.33408232,22.35030283,26.31716499
2025-11-05,3.6725,66.47152528,84.08147524,381.71150221,1.80185319,917.03596793,1457.50464741,1.54583921,1.79,1.6999997,1.70176755,2.0,121.9595957,1.70176755,0.376,2949.96691767,1.0,1.30784382,6.91677102,5.39858601,1.0,88.7277677,13.91162934,3.40509519,2.01365412,1.41116804,2178.04438723,0.80837956,946.8639873,7.13063854,3861.9847304,502.05900233,23.97730506,95.94591965,21.23239692,177.86971761,6.49574041,64.14893303,130.74183922,47.32034216,15.0,152.6173947,0.87009993,2.28664939,0.7678784,0.7678784,2.70541971,10.91875827,0.7678784,73.47968152,8694.68688786,7.66238984,209.17282055,7.77473867,26.32627949,131.22126732,338.00539893,16725.52127973,3.28258282,88.7277677,1310.00255313,42127.30535628,127.38427092,160.51857848,0.709,153.12700917,129.21811513,87.46048805,4016.81557523,428.06110646,900.03486736,1448.43380086,0.30727369,0.82946618,524.46764417,21697.68400685,89982.80880391,304.65188177,183.40617117,17.54967911,5.45995104,9.30998713,17.05649515,4508.86692737,53.5413273,2099.63319749,0.82131274,8.00798083,39.90098524,45.89003484,15.43994185,1735.82443475,18.73041588,4.20056818,63.87166687,17.54967911,1441.57577038,36.78271152,10.23592985,142.03097414,1.77378617,0.38495666,1.0,3.38181921,4.20391292,58.69112267,281.60386482,3.7075293,7088.51833917,3.64,4.42447051,101.9886051,80.99433535,1450.3670534,3.75,8.49978662,14.96936611,600.44877977,9.5888223,1.30784382,0.7678784,22.67511193,571.44469221,38.50502236,,21.50454813,11058.39772915,17.54967911,32.57359064,9.22925899,3.50756595,2.9516077,2.40841719,42.09002063,6.77733195,30.9830198,2458.97309575,42.05122763,3484.55246159,39.77579062,11975.86508663,224.64692662,26313.66592514,122.0330626,2.80581638,570.74814195,2.70617551,570.74814195,103.83054097,238.89569938,17.54967911,22.47092835,26.37236982
2025-11-06,3.6725,66.45112795,84.05415334,382.30328852,1.80132542,916.97192349,1450.54135377,1.53589727,1.79,1.69999986,1.69948574,2.0,121.94953069,1.69948574,0.376,2949.36705337,1.0,1.30571541,6.91546946,5.35982926,1.0,88.61303673,13.80553365,3.40534195,2.01463767,1.41037995,2193.49961236,0.80895267,943.65046194,7.12332892,3833.54668435,502.74721633,23.96571526,95.81727067,21.1786919,178.15656192,6.48705926,64.31793331,130.80756731,47.40565852,15.0,153.07241449,0.86893326,2.28103417,0.76542111,0.76542111,2.70547741,10.91618648,0.76542111,73.48061462,8689.3695911,7.6620923,209.09787185,7.77467724,26.31459811,131.45638237,336.18859802,16689.83387729,3.25472259,88.61303673,1309.84097589,42072.74679902,127.74080283,160.60983681,0.709,153.87636106,129.23830527,87.46633115,4023.79439635,427.48714123,900.00838405,1445.19551942,0.30725286,0.83049277,525.08882964,21644.89928832,90074.82888821,304.60358858,183.34849296,17.39780408,5.46137558,9.30331611,17.09838282,4508.69789247,53.52996678,2099.31639443,0.82381479,8.00791756,39.84924069,46.02534449,15.44043275,1735.71219722,18.60149735,4.18483818,63.88040031,17.39780408,1441.78663276,36.78360098,10.20700968,141.84731854,1.76525935,0.38487621,1.0,3.37697152,4.21714215,58.83647096,282.61926125,3.69821211,7084.74038879,3.64,4.41818917,101.85536514,81.34413272,1452.42345074,3.75,8.49990052,14.23865258,600.31243454,9.55332189,1.30571541,0.76542111,22.69013041,570.39227141,38.58638728,,21.44092865,11056.94442945,17.39780408,32.45722822,9.25712074,3.49945336,2.95792363,2.40003697,42.11502216,6.77335393,30.92144463,2457.86719379,42.09807857,3490.93589898,39.8283044,11981.31721582,225.37805658,26319.44940602,122.19157405,2.82329025,569.98285497,2.70667131,569.98285497,103.69131991,238.89502458,17.39780408,22.61919148,26.32024648
2025-11-07,3.6725,66.47824867,83.78104894,381.74041639,1.80153624,917.69693888,1450.37669348,1.54395455,1.79,1.70000647,1.69509967,2.0,121.99940047,1.69509967,0.376,2951.20637139,1.0,1.30478064,6.90895287,5.35036475,1.0,88.64414818,13.8117762,3.40502723,2.01281331,1.4124151,2192.00392041,0.80702314,943.63058124,7.12068656,3787.00393745,502.18056939,23.97201285,95.56998336,21.10225793,178.03129168,6.47180255,64.31119249,130.58840222,47.298898,15.0,153.69921653,0.8666907,2.28793896,0.76189629,0.76189629,2.70374291,10.92508066,0.76189629,73.48524144,8692.01020915,7.66239231,209.146808,7.77472823,26.32615393,130.85758365,334.85372413,16705.13175735,3.26483682,88.64414818,1309.59244371,42107.23716998,126.71522983,160.46998191,0.709,153.15862869,129.18089828,87.46224212,4015.86790523,426.38387306,899.99604899,1454.37830552,0.30697328,0.82919315,526.3714985,21709.40557571,89627.96345694,304.79249315,183.00451286,17.38064736,5.46130905,9.27904577,17.09808151,4502.05757908,53.37739794,2099.38212772,0.82162147,8.00797008,39.77499017,45.96642581,15.43999782,1736.3551801,18.58189823,4.17399414,63.89969837,17.38064736,1438.20281352,36.77974833,10.20948763,141.89712021,1.77647119,0.38489844,1.0,3.37663795,4.21457731,59.08412585,282.70367745,3.68385325,7085.92566501,3.64,4.40801208,101.59487578,81.24639681,1452.06139788,3.75,8.38898735,14.53295865,600.50792435,9.57927073,1.30478064,0.76189629,22.68005436,571.89768399,38.55510564,,21.44919878,11055.67257992,17.38064736,32.4032427,9.22709508,3.49999989,2.94718626,2.40669465,42.20738038,6.77634419,30.99997575,2459.26375221,42.04622178,3492.78332248,39.81512268,12017.70580924,227.47504903,26319.66607443,122.17869515,2.7976351,568.51183074,2.70661899,568.51183074,103.42371108,238.79056542,17.38064736,22.70073659,26.27626601
2025-11-08,3.6725,66.83010715,83.50851249,382.71427578,1.80108165,914.7402986,1416.88665929,1.54103741,1.79,1.69999999,1.69053284,2.0,122.29492662,1.69053284,0.376,2943.70032825,1.0,1.30134885,6.91174567,5.33644666,1.0,88.63901563,14.34784289,3.409798,2.01462599,1.40401561,2188.33579633,0.80528822,945.57805807,7.12270285,3779.1817178,501.97298894,23.98960981,95.31250487,21.00910219,178.08,6.45723463,64.21722725,130.50589668,47.34438789,15.0,154.30073621,0.86435572,2.28432787,0.75965328,0.75965328,2.70500137,10.93498366,0.75965328,73.45061688,8668.06714587,7.66202337,209.12126065,7.77705958,26.30869867,130.74721676,332.67265707,16680.8676675,3.26201082,88.63901563,1310.48663469,42173.56818806,126.58536906,160.50262716,0.709,153.43784403,129.19713907,87.46331129,4011.92953188,425.23513709,900.05574806,1456.13827601,0.3068948,0.83209968,524.95059515,21727.43698954,90134.55874411,304.68100023,182.71046702,17.30230699,5.45893395,9.25869877,17.05921124,4493.45354625,53.30837314,2099.65073716,0.79010739,8.01037137,39.79956955,45.88777041,15.39852452,1730.15621591,18.44356495,4.17609863,63.90989995,17.30230699,1436.08955203,36.77893406,10.15647821,141.88890427,1.77743065,0.38451037,1.0,3.375999,4.28261708,58.79990814,282.65544587,3.66520269,7072.7252062,3.64,4.39809319,101.36692501,80.86944908,1451.41661664,3.75,8.49839582,13.75372606,600.2066496,9.52984325,1.30134885,0.75965328,22.69478514,570.38887962,38.59393394,,21.19434852,11057.98654165,17.30230699,32.32949548,9.22609433,3.50575084,2.954771,2.4066111,42.20988114,6.78331365,30.98260388,2456.74955648,41.9729446,3499.04686685,39.80399465,12026.02874489,229.47566686,26198.96739798,122.49772344,2.82087374,566.98018279,2.70247145,566.98018279,103.14507358,238.48537794,17.30230699,22.700597,26.39054498
2025-11-09,3.6725,66.46144592,83.46705841,387.88440997,1.79706462,913.01336489,1417.46157726,1.54063552,1.79,1.70090507,1.69056821,2.0,122.1200465,1.69056821,0.376,2945.42903363,1.0,1.3011222,6.92114897,5.33550971,1.0,88.65058671,13.42804204,3.40995764,2.01313957,1.40463874,2188.35492412,0.80525296,945.7259582,7.12207795,3780.40734069,502.85864925,23.90952243,95.31449878,21.01086911,178.35859504,6.45636892,64.28793216,130.489,47.34669839,15.0,154.30426823,0.8643738,2.28438034,0.76013415,0.76013415,2.70523195,10.93160843,0.76013415,73.4762343,8687.55213641,7.65738126,209.20090897,7.77751694,26.30601204,131.34877514,332.59027514,16688.36742951,3.25989913,88.65058671,1310.19571367,42024.60191164,126.58048559,160.38623104,0.709,153.4262504,129.22791773,87.46331129,4014.12658353,425.24403291,900.00935297,1455.74194031,0.30709183,0.82011793,525.38135882,21695.46676075,90179.67966187,304.40139624,182.89726428,17.26826913,5.45321528,9.25407217,17.06778143,4491.11653041,53.24059384,2099.90076542,0.73844426,8.01084245,39.87992829,45.91290768,15.41546391,1731.6799135,18.4511404,4.17661066,63.84760376,17.26826913,1437.62167599,36.75965983,10.15903084,141.90742668,1.77714163,0.38484806,1.0,3.37646186,4.25783108,58.9520138,281.41419154,3.66559045,7080.25778604,3.64,4.39697706,101.34457265,80.97252086,1451.97111617,3.75,8.49839582,14.76058307,599.65750621,9.53030741,1.3011222,0.76013415,22.69486682,570.92201643,38.60916692,,21.26798172,11056.85923932,17.26826913,32.39211837,9.24392395,3.5017501,2.94308122,2.35663137,42.197537,6.73391592,30.98777423,2453.76893426,41.96521653,3504.00618727,39.7913438,12037.25349886,228.06881448,26323.87914476,122.4726044,2.82088959,566.99204388,2.70175047,566.99204388,103.14723135,238.54713838,17.26826913,22.70093791,26.39054498
2025-11-10,3.6725,66.34627334,83.47573869,381.71436719,1.79877138,915.04059317,1408.27738536,1.53443959,1.79,1.69999983,1.69218285,2.0,121.97544626,1.69218285,0.376,2946.24532973,1.0,1.30263031,6.91458525,5.33351495,1.0,88.67175344,13.79445464,3.40994942,2.01286498,1.40310867,2188.33754795,0.80645759,942.45000327,7.11953007,3780.70896599,502.59029481,23.96740847,95.40553243,21.02981604,177.99427877,6.46067863,64.21421921,129.92856302,47.14858997,15.0,154.14442007,0.86519935,2.28221595,0.76043067,0.76043067,2.70459061,10.91984465,0.76043067,73.47434938,8681.47826544,7.65790788,208.92005801,7.77599019,26.27733574,131.4293989,332.79437012,16677.68709664,3.2496333,88.67175344,1308.77840686,42137.29870304,126.66705687,160.31360224,0.709,153.82961528,129.22565321,87.46193733,4019.17754095,425.65017798,899.99184149,1453.31156191,0.30707816,0.83025747,524.25047734,21641.94174942,89656.83875349,304.34629865,182.59606732,17.28455628,5.45228272,9.25729974,17.00074833,4489.11912766,53.12887514,2099.52060868,0.73695471,8.0092699,39.64418352,45.89750962,15.43966546,1732.20113227,18.43323393,4.17096396,63.85990955,17.28455628,1435.1077161,36.77159483,10.1467093,141.94130932,1.77655799,0.38487988,1.0,3.37166509,4.21818948,59.01176361,282.17948049,3.66873309,7070.62071104,3.64,4.40006238,101.22831599,81.02401636,1451.29257487,3.75,8.49977285,14.97292728,599.93473168,9.53313552,1.30263031,0.76043067,22.69460469,569.39437282,38.65324943,,21.34232883,11056.51055899,17.28455628,32.42427097,9.22561406,3.508114,2.94372554,2.39284865,42.23750449,6.76944969,31.01450243,2451.93010052,41.94642649,3499.67935284,39.78091222,12039.75936825,229.7016493,26308.71222902,122.24700095,2.82084684,567.53357064,2.70613616,567.53357064,103.24574593,238.48205566,17.28455628,22.70004156,26.3885701
2025-11-11,3.6725,66.35665066,83.66747154,381.1499725,1.80186887,912.73032336,1419.78981442,1.53133123,1.79,1.70000022,1.69278405,2.0,122.12558931,1.69278405,0.376,2950.19461406,1.0,1.30327521,6.93174421,5.29253512,1.0,88.67429697,13.99598028,3.40998702,2.01372565,1.40314057,2139.50008106,0.80537519,937.84734132,7.12145603,3753.6371474,502.53080309,23.96980798,95.43942828,21.01943755,177.92141975,6.46291085,64.29742288,130.50036457,47.25603792,15.0,153.68984126,0.86550674,2.27985945,0.75974296,0.75974296,2.70473684,10.92867174,0.75974296,73.4819606,8680.82232824,7.66225446,209.18572621,7.77376218,26.3136625,131.42604743,332.10439145,16691.47936958,3.22895435,88.67429697,1309.71017912,42083.84835937,126.5465109,160.82546286,0.709,154.3556385,129.21613121,87.4637621,4020.08470428,425.80140374,899.99130367,1463.69993663,0.30717999,0.82935324,523.80958461,21731.68134098,90000.16499818,304.1302805,183.0101247,17.15353267,5.45719882,9.2771834,16.98144698,4494.71076917,53.2144439,2099.35704873,0.75318133,8.00697504,39.73002889,45.85755867,15.43783125,1733.95992812,18.39389344,4.16026709,63.87787965,17.15353267,1437.77816584,36.795984,10.13933345,141.94538087,1.77343259,0.38492799,1.0,3.37124581,4.24669851,58.88788876,282.75354382,3.66654385,7080.29283936,3.64,4.40059069,101.42718976,81.24555476,1453.21139192,3.75,8.49964578,13.64330671,600.49687265,9.5193821,1.30327521,0.75974296,22.69003651,569.82361431,38.47521657,4577.6453,21.33490873,11056.75598048,17.15353267,32.38845272,9.26233466,3.50668506,2.95003616,2.40841255,42.23892068,6.78074215,30.9954756,2455.23152615,42.06589338,3522.54942611,39.79434117,12023.6139859,230.5930117,26259.53058589,122.3299412,2.82327857,567.73520499,2.70599416,567.73520499,103.28242727,238.49231277,17.15353267,22.76931668,26.39318159
2025-11-12,3.6725,66.40998271,83.51803599,382.17010607,1.80140626,912.36594877,1409.86864885,1.53294634,1.79,1.70001258,1.68948732,2.0,122.10601,1.68948732,0.376,2948.86119912,1.0,1.30273888,6.91740297,5.27155258,1.0,88.5884957,13.91870094,3.40992227,2.01334043,1.4017841,2188.78518675,0.80089335,935.70680089,7.11855097,3747.00745349,502.45695097,23.95225991,95.25355827,20.95000637,178.08587957,6.45044274,64.2824562,130.36077339,47.1967853,15.0,153.63542425,0.86382115,2.27893539,0.76102968,0.76102968,2.70444,10.94444632,0.76102968,73.44261185,8683.65043722,7.66212726,209.18011483,7.77031926,26.30464225,131.27921182,332.5806589,16704.0386634,3.2184983,88.5884957,1309.7673844,42082.46669682,126.63014534,160.61404348,0.709,154.31446648,129.21056477,87.46664436,4021.08146227,424.97214783,899.98227972,1466.45989616,0.30712248,0.82997057,525.06718278,21694.4311562,89675.01118745,304.13964737,182.98140447,17.1667984,5.45552306,9.27810739,16.97111369,4487.88186845,53.15316694,2099.66229845,0.80218903,8.00342884,39.71250202,45.87595176,15.44486531,1732.94284939,18.323446,4.12380315,63.89656758,17.1667984,1436.8478489,36.79239911,10.06232438,141.8080345,1.76783381,0.38481297,1.0,3.36601705,4.2283357,58.96252573,282.67142329,3.65664731,7062.98569743,3.64,4.39142101,101.23628374,80.94790051,1452.97520981,3.75,8.24130208,14.17229175,600.12344601,9.46184218,1.30273888,0.76102968,22.69466942,572.56808908,38.55491117,4574.34400952,21.32640933,11056.71022076,17.1667984,32.44049583,9.26318578,3.49888289,2.94020601,2.40726687,42.24226165,6.77996741,31.04407631,2451.90916817,42.00519747,3572.98339512,39.76606666,11985.60676307,230.65313272,26367.21548275,122.12416468,2.81456305,566.62953044,2.70707791,566.62953044,103.08128288,238.49675986,17.1667984,22.70046907,26.36298977
2025-11-13,3.6725,66.45874923,83.36583723,382.1048187,1.80190345,916.21086592,1408.22991863,1.52515698,1.79,1.69999984,1.68762731,2.0,122.11962324,1.68762731,0.376,2950.32936529,1.0,1.30203762,6.91732986,5.29295179,1.0,88.6261261,13.7346405,3.41033641,2.01365345,1.40111591,2138.35040299,0.7981655,929.94614332,7.11157524,3707.27353025,502.49763672,23.9685487,95.14869049,20.91653814,178.01066265,6.44363431,64.27308928,130.41800358,47.19979928,15.0,153.59590832,0.86287014,2.27663178,0.76203273,0.76203273,2.70444895,10.96210665,0.76203273,73.36816874,8681.77492803,7.66456598,209.21841472,7.77059921,26.31603727,131.01258571,331.91916908,16732.04499015,3.19551263,88.6261261,1310.19225999,42081.46083138,126.84232452,160.78232133,0.709,154.7480061,129.21268904,87.46712581,4011.57944328,424.50428199,900.03818266,1470.13390702,0.30711476,0.83043261,524.69228669,21681.83720214,89840.7061299,304.44616568,182.99433198,17.10464772,5.46299542,9.28193749,16.9563842,4485.74243596,53.12523556,2099.28213816,0.78419864,8.00371719,39.79938384,45.86462558,15.44152402,1736.082475,18.30400948,4.13356302,63.89217357,17.10464772,1441.79751086,36.78891053,10.08239701,141.86827135,1.76790338,0.38474273,1.0,3.37383427,4.15752277,59.15100147,282.42849055,3.65296924,7065.47399793,3.64,4.38652312,101.11617404,81.26953098,1451.79030923,3.75,8.24098364,14.77543931,600.05140415,9.4507079,1.30203762,0.76203273,22.67511135,571.23526524,38.54471931,4580.20661639,21.29343511,11057.02456163,17.10464772,32.39032454,9.22031851,3.4981032,2.94659205,2.40843676,42.25808052,6.77025581,31.09504357,2444.73515828,42.06644883,3604.26222535,39.76693633,11995.19996297,233.1728993,26342.13984445,122.1833428,2.81291891,566.00570933,2.70618086,566.00570933,102.9677973,238.58042309,17.10464772,22.59945819,26.33595988
2025-11-14,3.6725,66.39061749,83.10226042,381.9502592,1.8014329,919.55310787,1408.02814881,1.52864036,1.79,1.69999128,1.68097494,2.0,122.1295629,1.68097494,0.376,2949.83846103,1.0,1.30030141,6.92627231,5.29788366,1.0,88.78560603,13.85671782,3.41000397,2.01225398,1.40207495,2184.45284468,0.79309797,929.77171507,7.09268582,3748.98299103,501.43886425,23.98612463,94.77362882,20.78189508,177.95815984,6.41892054,64.39655357,130.15906407,47.18958357,15.0,153.5960815,0.85946884,2.27712393,0.76049519,0.76049519,2.70595549,10.96507602,0.76049519,73.39150775,8685.37962179,7.66376256,209.16122376,7.77082445,26.30959167,130.96512739,330.37168325,16716.45886758,3.22686495,88.78560603,1310.16842617,42080.81385887,126.34722087,160.54104212,0.709,154.49888623,129.23258444,87.4694578,4012.02893305,422.83095065,899.99307294,1458.11499474,0.30668368,0.83144994,524.13150375,21699.21164792,89650.40939409,305.18699815,182.4918263,17.02550117,5.45997857,9.25268822,16.95685907,4474.92626173,52.98195046,2099.60878858,0.82711408,8.00394919,39.98970811,45.79072766,15.44208231,1736.69711516,18.30890466,4.12960721,63.90257042,17.02550117,1441.31509755,36.79022177,9.9982424,142.12355886,1.76168367,0.38493373,1.0,3.3702015,4.16439305,58.88076432,281.89042554,3.6377666,7053.23728395,3.64,4.37034851,100.71209811,80.69743053,1451.67041503,3.75,8.21349479,14.38133969,599.94124326,9.39600022,1.30030141,0.76049519,22.6802765,573.77192093,38.58510326,4574.72369711,21.23342647,11058.39673306,17.02550117,32.32453344,9.22976449,3.49970344,2.91776058,2.40538432,42.29474146,6.77407096,31.13589477,2439.76802323,42.02535144,3601.07710383,39.74462822,12000.29339243,232.90083634,26353.24726523,121.97373106,2.79053829,563.77460087,2.70728801,563.77460087,102.5619139,238.49318104,17.02550117,22.65003036,26.32344763
2025-11-15,3.6725,66.29945445,83.16103488,382.12664915,1.79958813,916.61344027,1397.29530827,1.52865017,1.79,1.6999997,1.6835122,2.0,122.16806261,1.6835122,0.376,2947.45357083,1.0,1.29849655,6.91141508,5.29720343,1.0,88.68566307,14.21679433,3.41040844,2.0147977,1.40230011,2193.2131706,0.79483404,925.48947698,7.09900215,3758.2941779,500.89753582,23.99220093,94.91667986,20.80436208,178.2214,6.42587287,64.19086336,130.23827445,46.99157982,15.0,153.64474451,0.86076612,2.29195114,0.75891679,0.75891679,2.70361167,10.96560892,0.75891679,73.05452395,8674.59294127,7.66081553,208.76169681,7.77235937,26.30726426,130.98465006,330.8013765,16707.07091037,3.22976386,88.68566307,1310.52312114,42069.1943846,126.83451016,160.37806237,0.709,154.53687741,129.20013367,87.46871551,4011.07316926,423.46917048,899.97262239,1449.16023688,0.30672526,0.831663,524.19033571,21733.4685471,89662.23179182,306.53403797,181.48824188,17.08926448,5.45988587,9.23591886,16.95189643,4496.97350273,52.99252809,2100.21999794,0.83637829,8.00553016,39.82153995,45.64668515,15.4004681,1736.65592603,18.30510842,4.13297734,63.91619798,17.08926448,1440.88034311,36.76508852,10.08887888,141.96357516,1.7602447,0.38375105,1.0,3.36673319,4.219053,59.05523752,281.64355674,3.63787416,7047.67620652,3.64,4.37429732,100.95817759,80.82826628,1450.21938725,3.75,8.24251457,13.86848496,599.82125139,9.44937456,1.29849655,0.75891679,22.90532227,573.8132532,38.57551012,4567.93272352,21.30175868,11058.04635726,17.08926448,32.41833955,9.24079073,3.50635366,2.94452284,2.40697734,42.18595986,6.77892119,30.57583541,2437.24036913,42.02409828,3569.28583643,39.76933525,12071.34154858,234.27672508,26310.98917275,122.02928261,2.81371785,564.62556064,2.70242123,564.62556064,102.71672056,238.49475123,17.08926448,22.59941923,26.28659027
2025-11-16,3.6725,66.36622151,83.17522313,387.32399511,1.79694695,913.97714619,1401.77291784,1.52928588,1.79,1.70097336,1.68314571,2.0,122.27915848,1.68314571,0.376,2948.83211855,1.0,1.29847653,6.92324783,5.29371189,1.0,88.73399568,14.03794912,3.40887981,2.01231328,1.40252663,2193.1106646,0.79409917,925.58081875,7.09897032,3756.91479311,499.61090132,23.90321283,94.89601708,20.8053233,178.74047764,6.42773816,63.98540415,130.253,47.13701668,15.0,154.68636575,0.86057873,2.29778099,0.75846913,0.75846913,2.70575309,10.97626372,0.75846913,73.44233035,8693.28401945,7.65683236,209.25973664,7.77199055,26.30007043,131.60274402,330.76517948,16720.63996606,3.23416976,88.73399568,1310.16132325,42003.98932316,126.82950471,160.21809103,0.709,154.50689595,129.29048324,87.46871551,4008.31808307,423.37698381,899.99632544,1448.33387858,0.30689754,0.82066941,522.74518848,21677.25800337,89985.46408006,305.90822537,181.29411162,17.09545766,5.45641908,9.22825859,16.90687188,4489.01183204,52.93338302,2099.66415328,3573.37470611,8.00515026,39.74153706,45.67537304,15.42382959,1735.28525282,18.31512693,4.13267044,63.87522911,17.09545766,1440.79571398,36.7364328,10.09089909,142.04094358,1.76018494,0.3846601,1.0,3.36506544,4.22171855,59.05129773,280.70829167,3.63794488,7048.71987781,3.64,4.37461148,100.88879924,80.89663164,1452.20370843,3.75,8.24395827,14.73035774,599.46998778,9.44850224,1.29847653,0.75846913,22.90491317,572.01340276,38.57117741,4567.93272352,21.21088598,11056.80732156,17.09545766,32.3885915,9.25411544,3.50345807,2.9414394,2.40450169,42.2601881,6.74673666,30.68587622,2431.17654749,42.03903408,3570.47074482,39.74120096,12000.88775316,234.28701406,26344.14672998,122.21975747,2.81371557,564.50264508,2.70121168,564.50264508,102.69435975,238.48693844,17.09545766,22.55404934,26.28659027
2025-11-17,3.6725,66.30315946,83.14357479,381.01592492,1.80102841,921.28314486,1409.07833382,1.53368686,1.79,1.69999996,1.68504045,2.0,122.18699673,1.68504045,0.376,2949.20139285,1.0,1.30027315,6.91191529,5.29786241,1.0,88.69067552,13.84328347,3.41002502,2.01305005,1.40311601,2184.93975171,0.79450813,927.30690765,7.10568365,3755.77008908,501.04419055,23.98992089,95.00284304,20.82439676,178.05011201,6.43382119,64.34276787,130.01035883,47.05894638,15.0,154.42935537,0.8615475,2.27817696,0.76004683,0.76004683,2.70226256,10.97990215,0.76004683,73.27032129,8684.90214626,7.66225071,209.11893217,7.773234,26.30492342,131.04290596,331.23191502,16701.39212873,3.22556587,88.69067552,1310.03401045,42030.52187712,126.99778334,160.55897419,0.709,154.59372559,129.27708716,87.47058524,4009.22525582,423.85358607,900.00783466,1458.14744769,0.30687807,0.83131283,524.15409956,21679.3698421,89692.8846292,306.17433806,181.56963504,17.10435888,5.45449041,9.25435615,16.89925992,4475.1785129,52.96826479,2099.58504017,3575.04577753,8.00643102,39.8778681,45.65699681,15.44713611,1732.26801759,18.31934111,4.13757157,63.90438814,17.10435888,1440.67694547,36.78881888,10.11236546,141.97159884,1.76549186,0.38499803,1.0,3.36738379,4.22425569,59.12474974,282.56585589,3.64116853,7047.66771975,3.64,4.37683882,100.78661357,80.945441,1452.38907042,3.75,8.2429006,14.1000692,599.88921216,9.46643657,1.30027315,0.76004683,22.6799376,573.7917671,38.57401352,4567.72462467,21.28686329,11058.38929435,17.10435888,32.4818149,9.23255128,3.50696085,2.93019598,2.40681115,42.33959546,6.77853089,31.07750744,2434.7865869,42.01066071,3572.3067659,39.76987111,12034.95753564,235.90162416,26342.28584813,122.07209982,2.80975553,565.13811475,2.70797309,565.13811475,102.80996444,238.50034883,17.10435888,22.59943819,26.31788721
2025-11-18,3.6725,66.24609808,83.33302308,381.43957725,1.80184174,916.30697741,1386.69411276,1.5408309,1.79,1.70000014,1.68731684,2.0,122.29749712,1.68731684,0.376,2949.07729579,1.0,1.30307791,6.93038038,5.32882767,1.0,88.60746015,13.85670062,3.41506454,2.01459031,1.40503655,2209.26991156,0.7961044,924.03244278,7.1072417,3755.74566165,500.48659011,23.99504535,95.13118616,20.84450948,177.91518466,6.44306758,63.94126083,130.36746388,47.05553804,15.0,155.06753567,0.8627114,2.28344908,0.76024789,0.76024789,2.70531722,10.98012912,0.76024789,73.12029869,8690.53797382,7.65767471,209.13995343,7.77488542,26.29488645,131.47225876,331.67601863,16740.21821415,3.25480685,88.60746015,1310.31726168,42018.60815203,126.81406659,160.35844942,0.709,155.20429235,129.35189427,87.46961894,4009.90589824,424.42618671,900.02341968,1466.07698152,0.30690788,0.82938396,522.11972974,21665.94307964,89913.49648945,306.77306934,180.90404083,17.17505203,5.45022488,9.25857978,16.92339607,4483.28632919,53.07254476,2099.43421609,3582.56905754,8.00813198,39.76524465,45.794681,15.44137471,1734.92406292,18.44472942,4.16614846,63.83511691,17.17505203,1445.11096896,36.77407189,10.10749033,141.83839184,1.76793394,0.38495288,1.0,3.36155114,4.23117862,58.92928863,281.88900015,3.65199979,7041.5172988,3.64,4.38776195,101.11991104,81.20943213,1454.11179105,3.75,8.24026912,13.88557354,599.97444375,9.47437985,1.30307791,0.76024789,22.91024171,569.7298175,38.59491706,4560.64491672,21.33395439,11058.47692089,17.17505203,32.47680524,9.24013047,3.49689193,2.94127274,2.4005621,42.32375111,6.77028831,31.20674131,2430.96371445,42.08369424,3572.79417453,39.79430385,12041.50903748,236.34710541,26328.57712471,122.1010475,2.80982361,565.90158228,2.70686158,565.90158228,102.9488545,238.58845793,17.17505203,22.70043145,26.33672288
2025-11-19,3.6725,66.36566077,83.37190731,382.05348173,1.80128532,917.91742251,1400.24116902,1.54040757,1.79,1.70001046,1.68939448,2.0,122.27592281,1.68939448,0.376,2954.6537565,1.0,1.30280559,6.91921693,5.32198232,1.0,88.57509861,14.22477854,3.4149943,2.01357629,1.39969204,2274.45912418,0.80041707,932.47405037,7.11207707,3720.41334779,500.19921562,23.98719664,95.24832408,20.87916038,178.2964378,6.45122997,63.96796579,130.46866454,47.16846784,15.0,155.32425693,0.86377368,2.28397102,0.76135282,0.76135282,2.70073858,11.00080012,0.76135282,73.16805365,8690.17628721,7.65824734,209.05490421,7.79046634,26.30896644,131.25189629,331.78090673,16742.23995995,3.26924394,88.57509861,1310.320094,42064.07071562,126.79907761,160.54137232,0.709,155.49568356,129.70532951,87.49116885,4007.54860644,424.94879559,900.0325106,1465.6122187,0.3070396,0.8310376,519.73589638,21671.56727955,89364.1834856,307.67902134,180.31748848,17.20487888,5.45923944,9.25193071,16.93921729,4488.21806506,53.10236185,2099.89311064,3571.36439153,8.02418033,39.80543967,45.84575351,15.44210504,1734.94091372,18.3499328,4.15228477,63.89572694,17.20487888,1448.04803929,36.78182036,10.12735852,141.78658911,1.77350528,0.38475394,1.0,3.3712507,4.20476564,58.91339798,281.69941053,3.66575085,7035.16686953,3.64,4.39486546,101.24579451,81.06925604,1452.76392096,3.75,8.24210548,14.13593734,599.80469645,9.48562967,1.30280559,0.76135282,22.89530006,570.07594581,38.58241814,4561.72459247,21.31431811,11057.24007851,17.20487888,32.39912659,9.25999153,3.49658447,2.94758711,2.40677471,42.33725733,6.77630207,31.19451559,2430.78062305,42.09375617,3610.33978853,39.82902097,11951.65936898,236.94013641,26381.39749276,122.04231417,2.81692684,566.59839411,2.70714919,566.59839411,103.07561856,238.53315858,17.20487888,22.74875453,26.29231456
2025-11-20,3.6725,66.27149389,83.76057462,381.3754632,1.80215073,920.61026325,1406.17374808,1.54284978,1.79,1.70000622,1.69706332,2.0,122.30084441,1.69706332,0.376,2956.4965772,1.0,1.30727577,6.91308539,5.33049668,1.0,88.50367776,13.87508274,3.41499403,2.01351647,1.40545323,2278.9989251,0.80610824,932.53908831,7.11561546,3713.88880275,500.17530214,23.97875583,95.68069435,20.97139805,177.94926415,6.48049133,63.43554657,130.74281916,47.39303736,15.0,154.19814359,0.8676947,2.28927009,0.76642131,0.76642131,2.70394762,11.02996163,0.76642131,73.63273259,8692.19873213,7.66006746,209.2190463,7.78610854,26.25761912,130.95870294,331.36532985,16716.77048572,3.26520801,88.50367776,1310.21767989,42102.54886954,127.38010339,160.64430362,0.709,157.38977985,129.99467414,87.67266015,4008.10976366,426.87780829,899.96396443,1468.91308819,0.30751673,0.8294574,518.7593937,21687.19522372,89840.59660716,308.16360689,180.71437914,17.20196917,5.43996875,9.28016702,16.98891539,4502.24393634,53.35541456,2100.18679613,3571.31194267,8.01969179,39.78063841,45.91822961,15.44596959,1735.60956588,18.3459591,4.15885516,63.89782406,17.20196917,1451.73763618,36.79933294,10.1832521,141.67226217,1.78398529,0.38486038,1.0,3.3804712,4.22741715,59.06257234,281.62935385,3.66873561,7041.48637718,3.64,4.41436274,101.74230654,80.54539266,1454.2019581,3.75,8.24613112,14.25052752,600.09337584,9.55378007,1.30727577,0.76642131,22.89490993,569.81274056,38.55600022,4558.77741423,21.46916579,11058.39385352,17.20196917,32.47602773,9.23004056,3.49973838,2.95886874,2.40842071,42.3527216,6.78309012,31.23599174,2425.85349392,42.08234943,3634.68306038,39.83650216,11913.44968326,238.7208991,26361.43054268,122.28226298,2.81371471,569.17041105,2.70615015,569.17041105,103.54352005,238.4923778,17.20196917,22.79992315,26.26928297
2025-11-21,3.6725,66.38734224,83.72955006,381.65163597,1.8030344,920.2852482,1423.02485842,1.54910149,1.79,1.69999967,1.69543077,2.0,122.57826694,1.69543077,0.376,2953.18932087,1.0,1.30716046,6.91521179,5.33212866,1.0,88.70088703,13.59443059,3.41497926,2.01335023,1.40869538,2165.20971713,0.80533067,930.62130879,7.11263103,3762.94850375,500.48158535,24.00113567,95.5886508,20.97418632,177.92113917,6.47458231,63.71043493,130.60795756,47.40286157,15.0,154.98282663,0.86685999,2.2937787,0.76422325,0.76422325,2.70397517,11.06793678,0.76422325,73.82155364,8685.32854785,7.66225733,209.24949861,7.78557732,26.31807639,130.94080328,331.26776051,16735.10405253,3.27820706,88.70088703,1310.39826085,42211.14984904,127.43701738,160.6995614,0.709,157.44079561,129.66599586,87.67204229,4005.14554004,426.4671575,900.00002537,1471.63418278,0.3073311,0.83106252,518.77750932,21718.43958073,89764.65812449,308.16166717,181.48336675,17.22891247,5.47399131,9.27849603,16.98948434,4504.77518139,53.3795046,2099.95381609,3565.96895303,8.01914464,39.82807747,46.1129375,15.44486559,1733.95821545,18.36910718,4.14843193,63.90153306,17.22891247,1453.29524543,36.80076702,10.20249837,141.98794491,1.78722667,0.384888,1.0,3.38012744,4.23029937,59.05121388,282.6022872,3.67103671,7032.07837213,3.64,4.41106417,101.67323875,80.05622287,1453.21697227,3.75,8.21687539,14.25031053,600.07716097,9.54266737,1.30716046,0.76422325,22.82997313,569.86391522,38.50615462,4566.839028,21.417297,11056.76331031,17.22891247,32.41127593,9.27025283,3.49874307,2.95682705,2.41034094,42.45241998,6.79060155,31.33686668,2437.30335744,42.18889497,3639.72331317,39.77028536,11893.44125844,239.17019088,26348.07884103,122.4831108,2.8094425,568.62287667,2.70695088,568.62287667,103.44391256,238.50413396,17.22891247,23.05836661,26.40214963
2025-11-22,3.6725,65.98476865,83.90232579,382.01426605,1.79749849,912.98860491,1423.91532647,1.54954811,1.79,1.69999999,1.69863162,2.0,122.33358626,1.69863162,0.376,2957.81754548,1.0,1.30673791,6.90683448,5.40274901,1.0,89.61793801,13.51067604,3.41326318,2.01441418,1.41018747,2202.01773993,0.80839919,938.98313825,7.09095327,3805.24222327,500.45143284,23.99986591,95.76911556,21.0258192,178.46406661,6.48683714,63.19931005,130.7181166,47.41788611,15.0,154.29710179,0.86849656,2.29173671,0.76422889,0.76422889,2.70400095,11.03498774,0.76422889,73.45085809,8680.07660211,7.66106171,208.85557415,7.78351531,26.32377943,130.9089615,333.08688676,16666.43618978,3.28817269,89.61793801,1310.33182367,42234.84081587,127.67875997,160.50075447,0.709,156.3982279,129.73483943,87.67013166,4013.79147422,427.27229799,899.99707847,1469.69916632,0.30719457,0.83219785,520.60809859,21663.47653148,89181.3527455,307.69889045,179.16968304,17.37466251,5.45994944,9.28604212,17.11487255,4495.16434565,53.41566614,2099.57962946,3566.78131731,8.01702077,39.87888367,46.19858013,15.39876321,1738.78791035,18.48739704,4.16800055,63.91000677,17.37466251,1456.37693884,36.69766021,10.25350678,143.45591427,1.78160154,0.38492557,1.0,3.37686828,4.23058919,58.79292906,280.6558982,3.68325247,7017.04725894,3.64,4.41959827,101.81183286,79.05427086,1451.47473986,3.75,8.24578523,13.67203967,600.15004558,9.54585528,1.30673791,0.76422889,22.82999113,570.68874395,38.56028032,4567.28268015,21.44981179,11056.91202161,17.37466251,32.38837746,9.22200297,3.49570514,2.95299044,2.40848018,42.43459804,6.7943682,31.35444476,2444.96101749,42.23279219,3636.82696117,39.78217861,11896.75264152,241.99409688,26262.35755237,122.48054159,2.8216811,569.69639732,2.70247394,569.69639732,103.63920751,238.48674731,17.37466251,23.13800295,26.23620232
2025-11-23,3.6725,66.30051143,83.91108005,387.24471741,1.79700675,912.45511657,1424.18796674,1.54910253,1.79,1.70027545,1.69856373,2.0,122.32313352,1.69856373,0.376,2956.35503542,1.0,1.30582213,6.91770892,5.4032763,1.0,89.62895636,13.18264778,3.41445921,2.01429184,1.41006482,2167.75803424,0.80836405,939.07213728,7.10275012,3803.82009597,499.34253998,23.98352715,95.76528785,21.02800492,178.47410439,6.48603396,62.87678656,130.75850007,47.44063549,15.0,154.29925028,0.86846185,2.29178606,0.76342269,0.76342269,2.70428495,11.03891608,0.76342269,73.59689944,8701.31349596,7.65587287,209.19395674,7.78499172,26.31403439,131.72059867,332.98457991,16719.8922057,3.27937289,89.62895636,1310.24701469,42022.51509498,127.68569529,159.94640638,0.709,156.38275822,129.52686376,87.67013166,4008.09539986,427.25522073,899.9996863,1469.59427982,0.30754992,0.82105085,519.41805541,21673.70251211,89959.40193937,307.77128695,179.08081041,17.36995386,5.46621511,9.27626703,17.11036656,4491.43382292,53.40460368,2099.67003165,3566.96649021,8.01854147,39.88451407,46.18620253,15.42768842,1735.37835214,18.47417889,4.15489144,63.77832714,17.36995386,1451.91837572,36.71235538,10.25165091,143.47355189,1.7815286,0.38503445,1.0,3.38537231,4.22987569,58.77877895,280.70999293,3.68035466,7030.73653528,3.64,4.41975048,101.85802099,79.07915862,1453.32258669,3.75,8.24578523,14.83486109,599.26479733,9.55133457,1.30582213,0.76342269,22.83000369,571.0070002,38.51464703,4567.28268015,21.34993025,11056.77325642,17.36995386,32.40999092,9.25562245,3.50058958,2.95363231,2.4084889,42.44084984,6.75107521,31.36732298,2439.55628166,42.20269841,3638.71446771,39.76274387,11928.73927627,241.06338185,26402.88204185,122.72384995,2.82168519,569.67362764,2.70128829,569.67362764,103.63506525,238.4713056,17.36995386,23.1477043,26.23620232
2025-11-24,3.6725,66.3435073,83.86447033,380.30583213,1.80089012,921.30041282,1424.07641368,1.54949057,1.79,1.70000027,1.69903105,2.0,122.46967313,1.69903105,0.376,2948.23630593,1.0,1.30788319,6.90474307,5.40532689,1.0,89.63136434,13.83906577,3.41487708,2.01255261,1.41001047,2277.48803949,0.80877716,937.44040336,7.10845064,3763.46793587,500.2532028,23.98462455,95.79163517,21.06004162,178.01439103,6.48791434,63.09104026,130.63426617,47.48196525,15.0,154.71448694,0.86870078,2.29190658,0.76391849,0.76391849,2.70145755,11.08794504,0.76391849,73.82851606,8692.76294235,7.66028006,209.13056548,7.78236598,26.30849117,130.8720583,333.5084679,16707.23867511,3.27599264,89.63136434,1310.24477986,42241.72117596,127.70125439,160.72177287,0.709,156.72974146,129.34345574,87.63709122,4004.85086364,427.37276887,900.00188839,1473.48470526,0.30741861,0.83159305,520.22818468,21629.16189459,89816.46344221,307.67974856,178.90763744,17.3956607,5.47095873,9.28432819,17.15035965,4513.98809535,53.44543744,2099.85507137,3565.32425258,8.01583696,39.85455236,46.18637988,15.43775742,1733.47046168,18.48448387,4.14383972,63.89681238,17.3956607,1453.82692154,36.78837917,10.25291137,143.47740646,1.78362867,0.38492246,1.0,3.38286628,4.23052846,58.90907051,282.00834456,3.68132229,7016.73541337,3.64,4.42038828,101.87266957,79.0668986,1453.07097808,3.75,8.24256385,13.99904704,600.09054475,9.54743034,1.30788319,0.76391849,22.83000729,570.80092755,38.46500055,4567.31420412,21.48272534,11056.7789086,17.3956607,32.49995208,9.23096406,3.49730952,2.94984595,2.40841534,42.45026629,6.79344776,31.42749136,2447.82048616,42.2371177,3634.21877704,39.75463889,11924.88191441,242.80645497,26327.99031412,123.17147441,2.82168334,569.83035849,2.70684338,569.83035849,103.66357774,238.49695823,17.3956607,23.09318069,26.29375135
2025-11-25,3.6725,65.89365332,83.83319612,381.67838367,1.80017005,913.27501978,1424.28202601,1.547133,1.79,1.70000007,1.6967502,2.0,122.4290395,1.6967502,0.376,2955.3808411,1.0,1.30426852,6.92472547,5.38925886,1.0,89.11233995,13.5924598,3.41522314,2.01478713,1.41085838,2261.33415678,0.80824954,940.49282078,7.09920249,3793.88788916,500.53222111,24.00113701,95.66304045,20.97090268,178.11113415,6.47921873,62.82363272,130.64267099,47.73879631,15.0,153.43824768,0.8675346,2.29159749,0.7628464,0.7628464,2.7032028,11.1193335,0.7628464,73.71254095,8693.26355717,7.65900527,209.06449321,7.77874373,26.29986909,131.68181511,331.84675075,16661.27498429,3.25990198,89.11233995,1310.29690113,42093.60439966,127.53770668,160.52777208,0.709,156.68780645,129.59893675,87.47315422,4006.9975423,426.79904569,900.01983798,1473.18456934,0.30738783,0.82834418,519.55622377,21651.87518769,89767.12165401,307.82967143,178.5343673,17.28930238,5.47706289,9.28713477,17.14063883,4498.78445997,53.4007552,2099.79105625,3568.17489922,8.01210604,39.78181983,46.30547147,15.446523,1734.88625598,18.50504349,4.12929164,63.83009233,17.28930238,1454.1453997,36.7653523,10.23211156,142.64657817,1.78116301,0.38497342,1.0,3.38212463,4.24537619,58.8696922,281.37576278,3.67501303,7010.76471921,3.64,4.41407882,101.78616489,78.42449914,1453.40985276,3.75,8.23984194,14.07273347,599.59524094,9.54994264,1.30426852,0.7628464,22.85554002,570.02354988,38.32842412,4568.19853019,21.38281232,11057.05850116,17.28930238,32.36171754,9.28594721,3.49864239,2.95626844,2.41282166,42.45554214,6.79009893,31.43160617,2465.58236426,42.4214146,3625.6234187,39.75989543,12013.15846918,242.71913866,26370.16323926,122.73599225,2.82893777,569.06539426,2.7058625,569.06539426,103.52441539,238.48517974,17.28930238,23.13087455,26.25896887
2025-11-26,3.6725,66.13701899,83.52943912,380.3148844,1.79849785,912.57696462,1447.53227956,1.54036653,1.79,1.7000184,1.68890261,2.0,122.09441634,1.68890261,0.376,2955.598648,1.0,1.30092597,6.91409306,5.38183791,1.0,89.18775949,13.62670755,3.41505871,2.01192827,1.40837053,2277.25030574,0.8068756,935.44591871,7.08390503,3806.68496965,499.5254394,23.95501155,95.22059202,20.85413699,177.89824323,6.44935249,62.76450102,130.52370852,47.80796424,15.0,153.50178298,0.86352219,2.28227504,0.75862248,0.75862248,2.69948838,11.11542165,0.75862248,73.58836698,8689.63203798,7.65418751,208.44044935,7.77730421,26.29209666,130.64260857,329.96081577,16639.47478798,3.27940603,89.18775949,1307.21758896,42121.50632958,126.43044867,160.31191282,0.709,155.89762622,129.36086267,87.47399788,4005.70118672,424.82506947,900.01707593,1460.87248055,0.30702712,0.83109597,516.89749108,21631.80013645,89684.52678245,306.97727525,177.7453836,17.1842119,5.45999558,9.26328171,17.12854136,4487.82489816,53.22770634,2099.56460028,3562.51005377,8.01062333,39.6979839,46.28201937,15.44136841,1730.48376308,18.36575823,4.12937723,63.90057988,17.1842119,1449.37569615,36.7661491,10.20984943,142.767306,1.76319047,0.38488709,1.0,3.37075432,4.22651733,58.83280038,281.96897555,3.64664853,6978.62838222,3.64,4.39489608,101.32336437,78.87184826,1451.64604225,3.75,8.24200954,14.21662714,599.93316049,9.51998028,1.30092597,0.75862248,22.90022599,570.12608691,38.41343327,4564.23245499,21.33420706,11058.54200864,17.1842119,32.25825518,9.23666293,3.49980893,2.95055006,2.4087824,42.47131631,6.786343,31.36978864,2472.41520821,42.30432672,3622.56841064,39.59996048,11924.78967951,242.70195054,26361.98052336,122.71292582,2.82810151,566.43342596,2.70702631,566.43342596,103.04560754,238.48838456,17.1842119,22.90936688,26.27746211
2025-11-27,3.6725,66.41323328,83.2652148,379.91868146,1.80159125,920.79293594,1452.75068984,1.53130615,1.79,1.69999998,1.68440864,2.0,122.4161077,1.68440864,0.376,2964.95177346,1.0,1.29550062,6.9134249,5.33292447,1.0,89.16670867,13.91968999,3.41502479,2.01313701,1.40350597,2277.49747645,0.80297227,925.56095473,7.07807965,3734.34674465,498.99791634,23.99534144,94.96722123,20.81530799,177.93059678,6.43220171,62.59509286,130.45110952,47.72135765,15.0,153.79903184,0.86122446,2.27404089,0.75431101,0.75431101,2.69817063,11.17630121,0.75431101,73.63743134,8686.72042077,7.65884078,209.28435472,7.77775426,26.27032777,130.90669158,328.81370254,16625.76051238,3.267608,89.16670867,1310.0918454,42127.01556637,126.60310591,160.36197047,0.709,156.0620642,129.73391358,87.48389062,4002.9809733,423.69465994,900.0422659,1466.00791405,0.30684676,0.83165703,518.77043825,21702.01876668,89662.59860155,307.94838022,177.79657368,17.1304352,5.45994607,9.23748854,17.11854099,4477.19686462,53.13858572,2099.91352346,3562.93499973,8.01108689,39.7583589,46.1466999,15.44708931,1735.71646925,18.33817151,4.13034361,63.90114037,17.1304352,1447.83232272,36.78487512,10.18930633,142.73360891,1.74894991,0.38484299,1.0,3.36851346,4.2812202,58.80227771,282.09081845,3.64546477,6992.68722472,3.64,4.38436191,101.07296392,78.49531125,1451.48419913,3.75,8.24299607,14.75046731,599.8313259,9.47560404,1.29550062,0.75431101,22.91002126,569.35907495,38.41483624,4566.06150832,21.31264013,11056.7645644,17.1304352,32.21206612,9.26993499,3.49806155,2.94441039,2.40847459,42.43930218,6.79046711,31.28999113,2473.72565548,42.2965981,3625.04015287,39.75525243,11875.58950899,242.89397987,26391.02041304,122.40346453,2.82487382,564.92621325,2.7073329,564.92621325,102.7714153,238.49512248,17.1304352,22.79991773,26.19473025
2025-11-28,3.6725,66.13307673,83.40252518,379.92103037,1.8013353,914.82151469,1450.34309026,1.53019588,1.79,1.70000021,1.68834698,2.0,122.19467743,1.68834698,0.376,2953.69720654,1.0,1.29714936,6.9111592,5.35620382,1.0,89.3748952,13.95150633,3.41493661,2.0130373,1.40333572,2280.74650344,0.8054127,927.6465622,7.08100114,3745.48013446,498.58629441,23.98849832,95.18926579,20.86805225,178.02146565,6.44749395,62.63173355,130.43004804,47.62829019,15.0,153.9818459,0.8632381,2.27350951,0.75575315,0.75575315,2.70131043,11.23244763,0.75575315,73.60846131,8693.21957117,7.65944605,209.17204187,7.7806756,26.31102633,130.827575,329.35392855,16637.17166198,3.26536971,89.3748952,1310.06012974,42140.03847375,127.41711023,160.24853731,0.709,156.39557572,129.79558194,87.48347563,4004.32356682,424.68530804,899.95138858,1465.08882954,0.30700555,0.83162147,516.2308284,21699.5426303,89648.7514847,307.92445737,177.60586637,17.15172891,5.45138973,9.26403143,17.11724264,4484.7378034,53.10937337,2100.0278681,3565.17682538,8.01409587,39.81796405,46.09053659,15.44351828,1733.53877361,18.36228019,4.12766045,63.9027385,17.15172891,1444.92335919,36.78799698,10.17428741,143.0668635,1.74677321,0.38486319,1.0,3.36644854,4.24976508,58.7773108,281.766052,3.65139816,6983.35964351,3.64,4.39445983,101.32094267,77.94910596,1453.03494326,3.75,8.23814665,13.37778532,599.8097106,9.48415275,1.29714936,0.75575315,22.91001614,568.75993234,38.5042873,4566.36074586,21.34531991,11056.78162724,17.15172891,32.21109371,9.23501036,3.49863569,2.94975236,2.40840378,42.4928029,6.79380349,31.34314475,2463.24164633,42.25896207,3625.31404816,39.74938768,11886.2441114,243.58587887,26372.85404753,122.57084037,2.82481356,566.24707738,2.70732467,566.24707738,103.01170699,238.49528445,17.15172891,22.89950787,26.18680195
2025-11-29,3.6725,66.15797492,83.30363434,380.68466818,1.79935729,916.59380263,1444.77220342,1.52660637,1.79,1.70000344,1.6870832,2.0,122.40624406,1.6870832,0.376,2960.5552925,1.0,1.29675265,6.90365437,5.33219279,1.0,89.34994147,14.29133573,2.95594143,2.01456426,1.39780192,2280.75,0.80499803,928.06222797,7.07519739,3749.54797366,493.38007714,23.96974426,95.11801352,20.80635287,178.08,6.44004591,62.79293423,130.35815778,47.44636096,15.0,153.69715012,0.86259194,2.27128988,0.75534171,0.75534171,2.70000551,11.32373968,0.75534171,73.33735452,8686.63140433,7.65540533,208.61791926,7.78476009,26.3384507,130.68490344,329.05573206,16652.90182136,3.25579563,89.34994147,1310.75931169,42175.05226988,127.95187149,160.39641939,0.709,156.18398,129.70888643,87.48126437,3997.58202086,424.3674172,899.99309086,1467.63445146,0.3068648,0.83170193,513.40667909,21731.95149049,90229.82345627,307.69804405,177.40131626,17.11200599,5.44993398,9.2649771,16.99792473,4491.40650191,53.10493572,2100.60105844,3555.73058369,8.01830289,39.77865324,46.17609126,15.39841598,1736.17003841,18.29488874,4.13199544,63.87303259,17.11200599,1448.81185174,36.74869897,10.12214791,143.02691881,1.74568803,0.38422402,1.0,3.36239748,4.24279671,58.63258359,280.61058144,3.65353988,6975.01686149,3.64,4.39039079,101.26451129,77.17425346,1451.7108205,3.75,8.23813138,13.99640345,599.87980066,9.45107909,1.29675265,0.75534171,22.95997937,571.05347935,38.47209538,4563.47753756,21.35134457,11060.0850186,17.11200599,32.0159314,9.23560984,3.49560043,2.94599251,2.40802428,42.47434766,6.75626392,31.39249244,2462.70024097,42.25495982,3625.39090705,39.70823668,11937.08071631,245.34451725,26283.13417054,122.32727189,2.80502464,565.82322293,2.70248221,565.82322293,102.93459936,238.40138325,17.11200599,22.86744741,26.17177631
2025-11-30,3.6725,66.42088752,83.29059646,386.40294414,1.79716656,914.77623369,1450.15523951,1.52932142,1.79,1.70169317,1.68655744,2.0,122.3796445,1.68655744,0.376,2957.40845125,1.0,1.29651662,6.9160458,5.33732631,1.0,89.36546984,14.29194641,2.92297738,2.01360322,1.39794323,2226.7389408,0.803599,928.10368464,7.07663762,3747.05745582,492.7400025,23.94857731,95.08837129,20.81779098,178.28691949,6.43793674,62.74849289,130.36848262,47.64522625,15.0,153.37214836,0.86232313,2.27125477,0.75520386,0.75520386,2.70162469,11.3198331,0.75520386,73.74229734,8697.47958139,7.65855741,209.31064921,7.78531402,26.33839846,131.44021101,329.00301905,16643.69783532,3.26165716,89.36546984,1310.10782821,42047.42057164,127.93733018,160.35982707,0.709,156.16973114,129.4731435,87.48126437,4001.1807726,424.23516889,899.99907267,1467.32187782,0.30706303,0.82080679,512.78926576,21683.23287525,89998.34027773,307.74011665,177.31363165,17.13168205,5.45129938,9.25826088,16.98659746,4489.49305869,53.0702388,2099.96330739,3554.84831044,8.01887344,39.8303005,46.16148623,15.42800887,1734.38280059,18.2962437,4.1335821,63.87407502,17.13168205,1447.79517423,36.68054739,10.12876654,143.05177585,1.74384704,0.38501484,1.0,3.36281677,4.24290921,58.62984773,280.61,3.6527013,6989.44787905,3.64,4.38930733,101.25680466,77.55530077,1453.92130543,3.75,8.23129845,14.7215682,599.52919621,9.45076002,1.29651662,0.75520386,22.82491739,571.20328834,38.44392318,4563.47753756,21.22903569,11058.50466131,17.13168205,32.16344252,9.25400744,3.50151209,2.93753049,2.40735823,42.45453416,6.73506455,31.41315381,2451.47565847,42.22923141,3632.93954862,39.29223048,11912.88722682,245.2771234,26370.83939743,122.31298277,2.80502445,565.64689185,2.70025311,565.64689185,102.9025212,238.41400422,17.13168205,22.90567317,26.17177631
2025-12-01,3.6725,66.35569717,83.31363458,382.06493475,1.79611531,914.15606586,1446.46056225,1.52798518,1.79,1.70000431,1.68651145,2.0,121.81749296,1.68651145,0.376,2943.96329113,1.0,1.29572264,6.88984508,5.33994124,1.0,89.34558452,14.14570965,3.10415723,2.00732039,1.39797596,2280.36923428,0.80390173,925.85453955,7.07510733,3742.89834304,496.75264422,23.91661553,95.08577806,20.85217552,178.08008259,6.44020505,62.43884444,130.38994533,47.46676482,15.0,153.81796551,0.86229961,2.27190344,0.75601488,0.75601488,2.69794793,11.29921692,0.75601488,73.62040098,8695.63544112,7.66396315,208.74492562,7.78733498,26.30253362,130.57768255,328.99679677,16662.78084253,3.25831981,89.34558452,1306.3069358,42017.76560956,127.93449372,159.57955931,0.709,155.57725258,129.23340253,87.47853181,3988.57516668,424.22359927,899.97699234,1468.65411009,0.30684322,0.83122237,512.73342844,21634.18903225,89322.34694886,307.12074947,177.76128288,17.11785542,5.43440435,9.26360061,16.91744265,4476.50173303,53.01448172,2100.0653245,3559.33364324,8.02095503,39.91010972,46.15911055,15.45999817,1728.54920911,18.29620559,4.1311617,63.90675246,17.11785542,1442.53340632,36.75751239,10.12271695,143.01994441,1.74468825,0.3847261,1.0,3.35681389,4.28333392,58.61962774,281.99483731,3.65176714,6970.81186752,3.64,4.38969262,101.15131704,77.63827009,1452.33903841,3.75,8.14374043,14.08009024,598.53874054,9.45208832,1.29572264,0.75601488,22.81458066,569.55730201,38.45202615,4565.87752169,21.34380332,11058.38751965,17.11785542,32.1155683,9.26902319,3.49980606,2.93962335,2.40437695,42.50446858,6.76893289,31.41864826,2461.14123941,42.23804117,3629.76048426,39.75986077,11864.44193846,245.06518665,26350.33456151,121.65360392,2.80498341,565.63146569,2.70882173,565.63146569,102.89971487,238.43771643,17.11785542,22.9664346,26.17177631
2025-12-02,3.6725,66.37859669,83.26084648,381.24440348,1.80081825,920.81209524,1451.09397825,1.52784636,1.79,1.69999986,1.68470699,2.0,122.0796379,1.68470699,0.376,2952.77377996,1.0,1.29644659,6.93095112,5.35696931,1.0,89.60930044,13.80776841,3.3854871,2.01495148,1.40010868,2276.68266925,0.80448517,928.68285864,7.07496089,3810.77801153,492.93319502,23.97920858,94.98404256,20.81908286,178.17846079,6.43298322,63.09497865,130.31285878,47.52077751,15.0,154.37710899,0.86137701,2.27173989,0.75687762,0.75687762,2.69867373,11.3428488,0.75687762,73.65041751,8698.26250336,7.65930503,209.10024065,7.79051294,26.33956989,131.21890669,328.04852872,16621.10451862,3.259485,89.60930044,1310.19268863,42122.60960618,127.49051617,160.53994631,0.709,155.63932509,129.29217623,87.4908388,4003.7065365,423.76970804,900.01896042,1469.6308458,0.30695607,0.83091516,510.80485504,21707.86533164,89730.55899715,308.43941342,177.58506152,17.09797051,5.45795316,9.25447791,16.94780608,4474.93672341,53.07724699,2099.75883604,3558.49259441,8.02422833,39.81336556,46.14365366,15.44500562,1735.2597705,18.30894394,4.13217292,63.87883779,17.09797051,1445.95330649,36.82440933,10.13186018,143.44208769,1.74634208,0.38472978,1.0,3.37248435,4.24318873,58.3524392,281.61399416,3.64387358,6998.70200004,3.64,4.38311843,101.06967254,77.72044712,1456.73520022,3.75,8.23491351,14.3703483,599.77238182,9.45135823,1.29644659,0.75687762,22.83028719,571.45265017,38.49119994,4564.84195517,21.26514015,11057.09994683,17.09797051,32.01505545,9.25992229,3.50000605,2.95043611,2.40593769,42.4484196,6.77461751,31.43482089,2460.52763198,42.3744415,3599.63387498,39.28223131,11894.84661426,246.99525027,26361.11691778,122.16873734,2.80014176,565.02627739,2.70692453,565.02627739,102.78961897,238.39687594,17.09797051,23.0199443,26.16613843
2025-12-03,3.6725,66.40209215,83.05481986,381.29829803,1.80257545,920.92316802,1456.23188581,1.52090436,1.79,1.70000006,1.68069401,2.0,122.21716335,1.68069401,0.376,2958.96752928,1.0,1.29589649,6.91972685,5.32892118,1.0,89.91188421,13.84326204,3.41493074,2.01354788,1.39655903,2287.49979975,0.80205661,923.65201862,7.06672535,3818.35130183,492.54160912,23.99655149,94.75779,20.74255677,178.10436946,6.41812765,63.19915472,130.19547789,47.51088726,15.0,154.40202278,0.8593252,2.26744489,0.75603023,0.75603023,2.69731339,11.37255158,0.75603023,73.42010245,8700.46795449,7.66041801,209.26732117,7.78282922,26.32614325,130.92832227,327.26780143,16620.76590147,3.25196942,89.91188421,1310.2279651,42081.66202792,127.71664441,160.39320932,0.709,155.65885526,129.32378061,87.49118582,4004.79667921,422.76028603,899.98644669,1470.65082519,0.30692911,0.83112982,507.37448838,21691.7023356,89579.32383485,308.89222395,177.49193044,17.09926918,5.46002839,9.23506735,16.98372687,4470.5309609,53.05091885,2099.80955951,3550.59905186,8.0163141,39.77903276,46.1323722,15.44228325,1735.78217888,18.2763457,4.1283272,63.89938311,17.09926918,1446.86952206,36.79565772,10.11790996,143.92644865,1.74029845,0.3849606,1.0,3.36791405,4.24336726,58.67818449,280.54916171,3.6362887,7002.60778865,3.64,4.37400165,100.8932915,77.41292427,1450.5071888,3.75,8.23275484,14.37165678,599.97648204,9.41558919,1.29589649,0.75603023,22.92999961,571.43646684,38.49469212,4568.36339105,21.27971332,11058.39058088,17.09926918,31.95254772,9.2648491,3.50827346,2.94270723,2.40840218,42.47802648,6.77616616,31.40386393,2459.76296828,42.32793311,3561.04041182,39.33957956,11905.55460869,247.05325768,26377.54895539,122.5376059,2.80184732,563.68038137,2.70713938,563.68038137,102.54477348,238.40507228,17.09926918,23.05103206,26.16689349
2025-12-04,3.6725,66.25978591,82.78538071,381.25695562,1.80116384,920.27637217,1453.05404746,1.51358575,1.79,1.70000004,1.67691255,2.0,122.27237957,1.67691255,0.376,2956.74121481,1.0,1.29519766,6.91392221,5.30792073,1.0,90.20429081,13.71436891,2.91904691,2.01383788,1.39612388,2282.92548368,0.80011866,919.00199895,7.07077121,3768.93524702,492.7714183,23.99813344,94.54459078,20.67922497,177.94220701,6.40364441,63.39653351,129.97176106,47.55243234,15.0,155.24084402,0.85739177,2.26568228,0.74962241,0.74962241,2.69873937,11.38412542,0.74962241,73.34442767,8695.94849212,7.6594312,209.19083432,7.78185979,26.30568769,131.07898759,326.82314705,16614.64088776,3.23150329,90.20429081,1310.22718745,42080.6574989,127.75155576,160.37937902,0.709,155.2729586,129.40283382,87.49130243,4007.16556049,421.80910129,900.00476245,1470.62699077,0.30678029,0.83119964,502.78463644,21677.34973715,89808.80103385,308.68591142,177.5212109,17.05552304,5.44935308,9.22761198,16.97813392,4459.20374645,52.90737199,2099.8837268,3551.84169358,8.01531558,39.87346931,46.07122434,15.43770889,1734.78200091,18.29491809,4.12236816,63.87481013,17.05552304,1447.49392087,36.78659285,10.0629042,144.39451852,1.7336759,0.38479609,1.0,3.36276354,4.25051987,59.1538392,281.96424218,3.62320285,6988.5554897,3.64,4.36588752,100.67076241,77.56224545,1452.71609994,3.75,8.22453931,14.3711217,599.89610219,9.37679219,1.29519766,0.74962241,22.81494278,571.42206528,38.57223721,4562.82172743,21.24984984,11056.77295975,17.05552304,31.92225756,9.19643039,3.4979768,2.92598304,2.40486826,42.45933066,6.77369202,31.31734509,2439.67750977,42.22930049,3544.51943064,39.17935139,11990.03369864,249.12521924,26371.12192421,122.09620674,2.8001964,562.41213505,2.7067185,562.41213505,102.31405402,238.3870557,17.05552304,23.14908663,26.19129191
2025-12-05,3.6725,65.65681232,82.79609008,381.17242257,1.80073989,919.07987749,1445.77289172,1.51195601,1.79,1.69999988,1.67827654,2.0,122.30489346,1.67827654,0.376,2958.88084971,1.0,1.29538496,6.91544902,5.3106658,1.0,89.86077023,13.69958113,2.8900041,2.01426111,1.39511967,2281.51520785,0.80320107,917.66128659,7.07010708,3800.38203858,491.36839481,23.97792556,94.62149295,20.77294913,178.02689373,6.40877176,63.60397261,130.14488152,47.52108107,15.0,155.60997436,0.85808917,2.26322857,0.75000704,0.75000704,2.69879622,11.39784619,0.75000704,73.67427381,8699.37444114,7.65810379,209.17691516,7.78364657,26.3115656,131.46115506,328.50231022,16653.34364885,3.23801303,89.86077023,1310.22402623,42075.73566754,127.85511482,160.16622757,0.709,155.03043687,129.39179834,87.48829185,4005.15611215,422.15219905,900.02445206,1470.59937115,0.30699989,0.82861778,505.54754883,21697.20538593,89915.00217819,308.58009727,177.40244334,16.98487954,5.44798247,9.2315874,16.98832495,4463.80988855,52.91280473,2099.80722806,3546.80426874,8.01715597,39.88710346,46.03775725,15.44362457,1734.63820156,18.21919225,4.11812051,63.83599058,16.98487954,1447.88762812,36.77289019,10.09957606,143.84462794,1.73355447,0.38492871,1.0,3.36168873,4.23413666,59.06996241,281.21617012,3.6329926,6951.21033061,3.64,4.36947704,100.73582962,77.0847427,1454.13716775,3.75,8.22155288,13.95923178,599.82664713,9.41597429,1.29538496,0.75000704,22.97999547,571.44643868,38.59791842,4557.51021181,21.19130552,11058.38204292,16.98487954,31.99860998,9.19963119,3.49662134,2.93660768,2.41280816,42.49126021,6.76134874,31.34038717,2434.70356426,42.20984186,3551.41953395,39.12090196,11942.23120889,249.86757602,26388.86992138,121.96915847,2.79017892,562.86959873,2.70555427,562.86959873,102.39727585,238.38104335,16.98487954,23.14909111,26.1624569
2025-12-06,3.6725,66.5967893,82.91371177,381.50652661,1.80116316,918.08519192,1432.44569063,1.50660181,1.79,1.69999992,1.67966527,2.0,122.31430057,1.67966527,0.376,2963.47272516,1.0,1.29555042,6.90828434,5.43901058,1.0,89.95832291,13.30474861,2.87000041,2.01475623,1.38167338,2291.5,0.80429157,925.38010725,7.07078603,3840.11744303,488.6466888,23.99754633,94.69978958,20.78301176,178.08,6.41485228,64.25020192,130.07605298,47.48229686,15.0,155.306699,0.85879922,2.25975702,0.75018483,0.75018483,2.69649661,11.39995333,0.75018483,72.93787533,8698.46207281,7.65775433,208.82893628,7.7848497,26.30668312,130.88728369,328.0023254,16684.69253487,3.23559589,89.95832291,1310.63439477,42187.95419656,127.98074874,160.33510907,0.709,155.31187953,129.29892302,87.4886377,4004.10195631,422.50151814,899.99761325,1473.42591062,0.30693509,0.83219814,505.91988614,21718.88848499,90136.81539314,308.33906909,177.19493605,16.93172593,5.43996581,9.22801648,16.99969952,4478.1704694,52.8951552,2099.48182249,3544.18124291,8.01839519,39.85007898,46.09411835,15.39843946,1735.50339795,18.17416646,4.11040433,63.91021074,16.93172593,1450.65119741,36.74805169,10.10602579,144.00078539,1.73114154,0.38412621,1.0,3.3643039,4.24782845,58.97930923,280.50048803,3.63229895,6945.63677749,3.64,4.37338876,100.86162317,76.44946605,1451.71830269,3.75,8.21765856,13.5131042,600.10799895,9.39944141,1.29555042,0.75018483,23.69969199,570.8140656,38.6075387,4552.51245095,21.24928133,11058.24233843,16.93172593,31.86499308,9.17499957,3.50694887,2.92973647,2.41182069,42.52778391,6.77449531,31.28832323,2436.06255185,42.26331751,3538.34028132,39.07873988,12020.24921447,256.07916696,26362.7703737,122.20447988,2.78861121,563.33535752,2.70248747,563.33535752,102.48200672,238.49390013,16.93172593,23.16772977,26.14446823
2025-12-07,3.6725,66.08072673,82.91345876,387.04593888,1.79357124,915.16832226,1433.04605735,1.50657303,1.79,1.70153084,1.67987791,2.0,122.31368768,1.67987791,0.376,2958.96167671,1.0,1.29571415,6.92582543,5.42352343,1.0,90.0809332,13.03798819,2.87000006,2.01253569,1.38227136,2234.43629045,0.80397967,925.26055782,7.07058546,3839.00070134,488.60937735,23.97126997,94.71177846,20.7799054,178.23608481,6.41426552,64.22855598,130.02221192,47.55118742,15.0,155.00285498,0.85890794,2.27520193,0.74942854,0.74942854,2.69778032,11.39197112,0.74942854,73.56090772,8703.19175643,7.65611819,209.167075,7.78484906,26.3361177,131.6645773,327.80816879,16655.55083251,3.23351526,90.0809332,1310.13517542,42047.00353234,127.95835148,160.18542567,0.709,155.34689639,129.31913818,87.4886377,4003.68051557,422.55500633,899.99967966,1470.7059489,0.30684427,0.82536171,505.15866571,21665.53421211,89758.19200625,307.97799365,176.80317412,16.92619407,5.44131905,9.22655341,16.97608293,4484.30671032,52.86797912,2100.01526647,3549.39414101,8.01839453,39.82329374,46.08340645,15.43107951,1734.2048821,18.17571718,4.11226878,63.87672209,16.92619407,1449.27044722,36.70726781,10.10862799,144.19705382,1.73182192,0.38491286,1.0,3.3643,4.26237325,58.97008594,280.61978346,3.63247587,6950.13056442,3.64,4.37311884,100.8384789,76.42517205,1453.58752363,3.75,8.23011655,14.69988827,599.69140247,9.40374835,1.29571415,0.74942854,22.88876443,571.20155139,38.6104615,4552.51245095,21.1785122,11056.7526199,16.92619407,31.91318736,9.20993758,3.50466461,2.93055083,2.42516619,42.54177804,6.73437173,31.29321557,2435.05115391,42.11889261,3539.35174409,39.07605969,11992.86136261,254.42036103,26371.45781803,122.05218007,2.78861351,563.40667511,2.70037907,563.40667511,102.49498082,238.38846417,16.92619407,23.16979505,26.14446823
2025-12-08,3.6725,65.48062168,82.91556999,381.30045891,1.80139027,921.70630811,1441.71950183,1.50509885,1.79,1.69999992,1.67849967,2.0,122.28242217,1.67849967,0.376,2956.51491504,1.0,1.29521107,6.90873623,5.44125514,1.0,89.9250752,13.79329881,2.87246693,2.01350447,1.38236103,2291.49951748,0.80357661,925.35503847,7.06905152,3835.59354787,489.24237733,23.99636412,94.63407301,20.7706716,178.01850689,6.40979086,63.65614023,129.98671245,47.46578545,15.0,155.16020625,0.85820326,2.25705877,0.74974157,0.74974157,2.69581134,11.38482592,0.74974157,73.82000157,8696.12009233,7.6588129,209.17931803,7.78228721,26.31765255,130.86446385,327.84231387,16679.86743991,3.23195756,89.9250752,1310.36364318,42082.91339548,127.87922175,160.12626346,0.709,154.92272656,129.30912074,87.49148759,4006.63284355,422.20832476,900.0380208,1469.45061,0.3068241,0.82795468,505.99287943,21692.94982704,89906.44096591,308.46578906,177.10774811,16.93233625,5.43798734,9.23104262,17.00428354,4471.37425617,52.8966452,2099.91921202,3547.26187174,8.01575583,39.85397983,46.0667355,15.44442069,1733.74264119,18.16907768,4.11158307,63.90514711,16.93233625,1449.40676088,36.76825536,10.10279745,143.94756413,1.72739992,0.38471582,1.0,3.36118879,4.22820358,58.97314155,280.39804378,3.62977455,6946.25105873,3.64,4.37015846,100.79874245,76.85917237,1452.6845086,3.75,8.20575713,13.77972868,600.10630224,9.38969796,1.29521107,0.74974157,22.87010363,571.45510853,38.604677,4551.67489261,21.20520503,11056.77706887,16.93233625,31.90931306,9.19263727,3.50808844,2.93052317,2.40842857,42.5732988,6.77569235,31.2238178,2436.57706746,42.08933069,3542.10344167,39.1028539,12001.91469281,256.07468269,26353.9813812,121.89033486,2.78861056,562.94443301,2.70557073,562.94443301,102.4108897,238.49722965,16.93233625,23.12907286,26.14088555
2025-12-09,3.6725,66.10841112,82.92391434,381.61135621,1.80184954,915.59188845,1434.45689566,1.50923819,1.79,1.70000468,1.67924134,2.0,122.24646954,1.67924134,0.376,2961.29028079,1.0,1.29753216,6.93360579,5.43278186,1.0,90.12011747,13.74582758,2.89000402,2.01300817,1.3849306,2290.26253058,0.80627309,923.05558234,7.07102502,3835.23749754,488.33534389,24.00001839,94.67588837,20.85121014,178.31651446,6.41270912,64.19923779,130.07855503,47.48020253,15.0,155.00317993,0.85858246,2.27474247,0.7500415,0.7500415,2.69408853,11.44828274,0.7500415,73.72338917,8693.89542354,7.65849835,209.15779374,7.77969641,26.33050804,130.95937874,330.37890101,16690.9551156,3.21904445,90.12011747,1310.20135543,42118.74979681,127.96499759,160.30620161,0.709,155.80941195,129.25566767,87.46545557,4004.9481774,422.39488327,900.00434016,1469.68327044,0.30712639,0.83170842,510.96628245,21704.33511784,89808.635021,308.58948584,176.71435769,17.02869037,5.44980237,9.25956979,16.95399752,4462.65349613,52.96276653,2099.67614804,3547.83536994,8.0130873,39.87861105,46.09365298,15.44140187,1735.88396629,18.26905052,4.12054562,63.89442343,17.02869037,1450.06256307,36.78020828,10.12882273,144.25977804,1.73156936,0.38489842,1.0,3.36284053,4.23991048,59.12011525,282.43417059,3.63738877,6880.49921217,3.64,4.37001287,100.79997063,76.67717792,1454.72141895,3.75,8.19250208,13.60532992,599.93629607,9.39425596,1.29753216,0.7500415,22.87492654,569.4730763,38.62408082,4547.40533793,21.2143565,11056.87325514,17.02869037,31.86881692,9.19006023,3.49623295,2.92954421,2.40897662,42.54993735,6.7733889,31.17876735,2449.95600311,42.15117843,3533.73822055,39.07584969,12009.23939141,257.55996831,26296.76103781,122.0544815,2.78548822,563.1931777,2.70688066,563.1931777,102.45614135,238.54751118,17.02869037,23.19040637,26.11057257
2025-12-11,3.6725,65.96926348,82.75211548,381.87254075,1.79183816,921.73377587,1437.64774109,1.50765185,1.79,1.69999981,1.67353697,2.0,121.69464004,1.67353697,0.376,2938.94823112,1.0,1.29494379,6.91973561,5.47198959,1.0,90.29978981,13.60933865,2.90504514,2.00841645,1.38182635,2293.20195739,0.79983436,921.37107736,7.06136383,3840.08475319,495.39513426,23.86280814,94.35427514,20.75359412,178.15940235,6.39113939,64.02901661,129.98584127,47.60891617,15.0,154.86007841,0.85566587,2.27195129,0.74822059,0.74822059,2.69660615,11.44018821,0.74822059,73.75195081,8704.28716001,7.6417754,207.99212504,7.77943178,26.27024883,130.23938291,327.3835737,16685.03293007,3.23197576,90.29978981,1302.56509923,42084.33183394,127.16785691,159.73242612,0.709,156.0035131,129.19098913,87.46705702,3982.95277574,420.96001126,900.00442383,1472.89565901,0.30685614,0.8307471,520.11286431,21605.98043232,89203.4545142,308.03303863,176.64027874,16.95268695,5.42531562,9.21558727,16.94581899,4451.36867324,52.64380372,2100.03622429,3548.35770122,8.01281473,39.66465993,46.10541103,15.44163916,1726.75932193,18.2123704,4.10765512,63.89940813,16.95268695,1448.77934659,36.754072,10.12115477,144.54738854,1.72587306,0.38481113,1.0,3.36180499,4.28741038,59.08779332,280.78558777,3.61953876,6935.5674503,3.64,4.35567383,100.73134851,78.69097689,1452.98549243,3.75,8.1679563,14.21511238,599.96861623,9.28478761,1.29494379,0.74822059,22.97007771,566.81310631,38.57314208,4549.48723749,21.24056416,11056.78008738,16.95268695,31.75881777,9.21285558,3.50992829,2.92695141,2.40845458,42.60062314,6.76949084,31.2562858,2457.18791225,42.34424529,3566.00925246,38.96773904,11969.02406516,261.12815057,26337.41063111,122.215638,2.78009748,561.28001501,2.70732579,561.28001501,102.10809867,238.51012724,16.95268695,23.28812826,26.61994716
2025-12-12,3.6725,66.09413408,82.35046867,381.84287625,1.79873107,921.05933761,1436.57657362,1.50031211,1.79,1.7016386,1.66697211,2.0,122.03973964,1.66697211,0.376,2952.2409115,1.0,1.29159328,6.90625423,5.40677829,1.0,90.27087519,13.93007983,2.92914449,2.01245668,1.37750759,2289.87747778,0.79466207,914.20179056,7.05653566,3802.75129772,499.48684285,23.95893435,93.98414703,20.63479594,177.88838943,6.36627006,63.92706344,129.75680862,47.53903636,15.0,155.51499516,0.8523093,2.27190746,0.7467403,0.7467403,2.6958057,11.46483128,0.7467403,73.70866255,8694.47374517,7.65484545,208.8597188,7.78291945,26.28682693,130.91444477,326.3333118,16666.04301758,3.2081799,90.27087519,1306.24644627,42060.62407364,126.31027592,159.97031858,0.709,155.68045043,128.78939615,87.46853555,3999.82723956,419.30869093,899.97991629,1472.02780276,0.30670627,0.83175846,519.95236058,21635.13212542,89594.38189161,308.66549159,176.47579596,16.87855573,5.42438428,9.17351614,16.98665774,4436.85446035,52.46340356,2100.10466664,3548.82758268,8.01640704,39.80129425,46.05742688,15.44187668,1732.23215754,18.03435385,4.10493064,63.9789959,16.87855573,1449.55866906,36.76137924,10.07024532,144.50110347,1.72082856,0.38485412,1.0,3.36677893,4.23995408,59.12866854,280.62389732,3.60044906,6859.36337109,3.64,4.33909733,100.0432539,80.25353424,1453.86195149,3.75,8.16543535,15.04229837,599.86039058,9.25225845,1.29159328,0.7467403,23.03527255,569.9563584,38.50728137,4552.11888045,21.06174751,11059.66599918,16.87855573,31.65475667,9.20713866,3.49887192,2.91896298,2.41062154,42.66045077,6.77919051,31.22726151,2453.93853279,42.26248608,3553.34487666,39.28980792,12028.78570074,266.10716514,26318.56177484,121.64189951,2.7839774,559.07825458,2.70766594,559.07825458,101.70755426,238.39018337,16.87855573,23.01275387,26.10766924
2025-12-13,3.6725,66.10733961,82.29023037,381.78810577,1.79863601,915.8897534,1437.53098969,1.50338538,1.79,1.69999985,1.66640324,2.0,122.22123759,1.66640324,0.376,2959.93844362,1.0,1.29180685,6.90538779,5.40973013,1.0,90.55277536,13.22824717,2.9449699,2.0147254,1.37744503,2270.3528,0.79427208,910.74765172,7.05471894,3805.00315588,500.36491151,23.98166163,93.95207441,20.66785047,178.24452,6.36183581,63.86148504,129.69526564,47.32588503,15.0,155.39534639,0.85201845,2.27477413,0.74777378,0.74777378,2.69277347,11.48423147,0.74777378,73.61386746,8667.1210399,7.66030055,208.57464244,7.78434728,26.27253781,131.09719715,327.9804006,16629.19562939,3.21951457,90.55277536,1310.49090115,41996.72278483,126.37945579,160.23540396,0.709,155.82288039,128.62659726,87.46614238,4001.69171603,419.1655995,899.98261961,1474.68957384,0.30679079,0.8305274,521.17932813,21689.91513009,89984.83054043,309.05873759,176.86516686,16.87368254,5.42056998,9.1957597,16.92954388,4516.96130043,52.41114982,2100.03952224,3545.71953084,8.0178777,39.74104106,45.92464425,15.40171295,1734.54218611,18.00389593,4.09748684,63.87783295,16.87368254,1452.36421334,36.73193591,10.13748723,144.95235515,1.72335566,0.38378923,1.0,3.36747201,4.25188365,59.11732595,280.44555213,3.59927477,6848.76353596,3.64,4.33610943,100.01350483,79.70875565,1452.66240838,3.75,8.17022307,14.70334112,599.89004729,9.26907631,1.29180685,0.74777378,22.95997149,571.1213541,38.56602791,4547.75345247,21.16070395,11057.3918845,16.87368254,31.508888,9.23928015,3.51015547,2.92272675,2.4143065,42.6969074,6.78213997,31.33887976,2462.25608086,42.24886431,3552.05586475,39.2667304,12041.61444099,267.24046381,26312.80157377,120.94209661,2.77547677,558.887466,2.70234385,558.887466,101.67284599,238.495481,16.87368254,23.10001467,26.10344728
2025-12-14,3.6725,66.18205706,82.28289024,384.73178074,1.79702937,913.67826059,1439.88001877,1.503336,1.79,1.70168831,1.66543709,2.0,122.26608757,1.66543709,0.376,2955.7965903,1.0,1.29184919,6.91885763,5.4157461,1.0,90.60014626,13.25234116,2.94606763,2.01235261,1.377709,2236.26452776,0.79626707,913.42810066,7.05519709,3798.29175434,498.03583436,23.9262318,93.89760268,20.67300559,178.52518201,6.36339141,63.48341763,129.76631617,47.49365495,15.0,155.60111236,0.85152446,2.27296229,0.74687066,0.74687066,2.69480199,11.47681958,0.74687066,73.86686895,8721.41750387,7.65626179,209.1718397,7.78434871,26.34897786,131.6492687,328.03897907,16653.42160873,3.21271138,90.60014626,1310.21342396,42030.06305307,126.37199415,160.21313493,0.709,155.78386082,128.87500324,87.46614238,4000.81123951,418.92257479,899.99850704,1474.12086828,0.30712879,0.82044063,521.87498059,21670.99416039,90250.3375083,308.61099917,176.72257507,16.85384927,5.43047312,9.18300868,16.90740404,4496.19793378,52.40692391,2100.14326754,3545.74594514,8.01787917,39.83905586,45.91946031,15.42987402,1733.06421365,18.01400359,4.09710147,63.84408934,16.85384927,1449.76129936,36.73745018,10.13770408,145.02818413,1.72348466,0.38482566,1.0,3.36774132,4.24548516,59.0714021,280.47104601,3.59788363,6916.31299409,3.64,4.33616368,100.00666118,79.93655065,1454.80449499,3.75,8.17625635,14.83720976,599.51524707,9.27270754,1.29184919,0.74687066,22.96000177,570.83379162,38.49666734,4547.75345247,21.05340528,11056.84149896,16.85384927,31.61562408,9.23999455,3.50626916,2.91439189,2.41833303,42.71006122,6.75833809,31.35839626,2458.8576001,42.26346335,3554.93563903,39.13009617,12051.32635492,267.17848944,26317.11076653,121.39254262,2.77548587,558.56343305,2.70046519,558.56343305,101.61389789,238.45817203,16.85384927,23.09924401,26.10344728
2025-12-15,3.6725,66.0998938,82.27758247,380.34588271,1.79934456,914.0989658,1434.82382565,1.50371792,1.79,1.69999996,1.66594902,2.0,122.10910214,1.66594902,0.376,2953.55654578,1.0,1.29149729,6.90231556,5.41914705,1.0,90.49719484,13.79326004,2.94468816,2.01290428,1.37637904,2288.92329729,0.79597211,913.12699986,7.05375395,3804.55953578,500.16631556,23.9672907,93.92646508,20.68527614,178.0008613,6.36220758,63.47976624,129.35021034,47.36074835,15.0,156.05243004,0.85178621,2.25664597,0.74802547,0.74802547,2.69377591,11.46543365,0.74802547,73.67402965,8704.52578049,7.6552788,208.89088029,7.78322129,26.32048024,131.14326114,327.64892848,16658.21150334,3.21502944,90.49719484,1308.84806161,42044.9797053,126.4122006,159.94352391,0.709,155.61458675,128.87576846,87.46264236,4000.78316219,419.0513439,900.00030077,1476.70333945,0.30567164,0.83085923,520.77309396,21668.0936616,89640.29667463,308.55789367,176.39514392,16.87230872,5.42572375,9.19258993,16.87314933,4436.67116573,52.41434954,2099.94100117,3547.87476224,8.01671793,39.96067136,45.90812685,15.44183328,1732.11236261,18.00654865,4.08792332,63.89315616,16.87230872,1449.14848941,36.77806885,10.1234612,144.86338465,1.72790656,0.38499971,1.0,3.36251228,4.27299153,59.12586983,279.88192577,3.59691115,6815.03375854,3.64,4.33743242,99.9705017,79.58029707,1453.65884394,3.75,8.13037161,15.01578652,599.83755796,9.26513635,1.29149729,0.74802547,22.95996858,569.20596643,38.41517685,4547.69565358,21.04749189,11056.83944196,16.87230872,31.53787774,9.1815118,3.50890588,2.91471254,2.39521158,42.70953049,6.78104576,31.32287013,2466.98129415,42.22866804,3553.5684148,39.18759497,12052.41853271,269.06768789,26304.74431936,121.33552467,2.76345427,558.7351252,2.70714949,558.7351252,101.64513214,238.49356886,16.87230872,23.08498499,26.10402058
2025-12-16,3.6725,66.16118493,82.19155044,381.00139903,1.80072691,918.07469973,1437.91411686,1.50946723,1.79,1.69995181,1.66431887,2.0,122.18996642,1.66431887,0.376,2953.05693839,1.0,1.28979494,6.92935035,5.41553622,1.0,90.82514531,13.20244904,2.92427384,2.01389764,1.37777723,2293.34971864,0.79578514,914.74436121,7.04385075,3820.55772481,499.32068456,23.98211903,93.8345569,20.70716416,178.26415331,6.35643125,63.46983735,129.6386205,47.43632387,15.0,155.57887025,0.85095272,2.26523249,0.74814042,0.74814042,2.69225915,11.48172504,0.74814042,73.72113111,8702.17572223,7.65622551,209.12361968,7.7775132,26.33817354,131.19915528,327.30987587,16671.04697906,3.21287975,90.82514531,1310.24172554,42023.10991323,126.11597277,159.76160788,0.709,154.89844809,128.91984217,87.46174735,4001.2812412,418.6412971,900.02255983,1470.84340046,0.30688704,0.83113411,515.63607929,21644.38823613,89720.58432253,309.11777361,176.56582771,16.80604563,5.41929466,9.17875252,16.86676422,4468.15827401,52.36747845,2099.47171253,3546.57839082,8.01083859,39.79285081,45.94631885,15.43779787,1733.55882567,17.99475872,4.09092279,63.82123767,16.80604563,1451.27140051,36.78949699,10.16662411,145.38835135,1.73433059,0.38485567,1.0,3.36832861,4.24882249,58.96765754,280.17257081,3.59035801,6729.93639217,3.64,4.33365691,99.88432571,79.5041149,1455.2726199,3.75,8.13262428,14.83789767,599.79130096,9.29510505,1.28979494,0.74814042,22.91525008,569.07924297,38.6567871,4544.14756856,20.98153201,11058.75177941,16.80604563,31.51084388,9.19744415,3.49686379,2.9059633,2.39691019,42.70591954,6.7837103,31.44153179,2478.72414802,42.18664881,3561.39741831,39.17534809,12115.41710847,268.97060916,26326.76509121,121.33839077,2.7665829,558.18839614,2.70672718,558.18839614,101.54567115,238.38345903,16.80604563,23.19504814,26.1032241
2025-12-17,3.6725,66.31928416,82.00660176,381.36485478,1.80306076,917.76523615,1449.84410713,1.50766096,1.79,1.6999998,1.66492718,2.0,122.27501039,1.66492718,0.376,2969.43064402,1.0,1.28965927,6.91794575,5.50825989,1.0,90.95207681,13.75797585,2.93006909,2.01349334,1.37592858,2298.21264359,0.79521313,914.28087688,7.04209942,3841.14101315,498.7476227,24.00848236,93.86885365,20.68850623,178.06005146,6.36002396,63.84578906,129.45758823,47.39846424,15.0,155.41585361,0.85126375,2.28183247,0.74489487,0.74489487,2.6924406,11.50051259,0.74489487,73.9172869,8702.81601695,7.65980088,209.4511892,7.77724373,26.35887521,131.06320584,328.39255933,16652.45603727,3.22696632,90.95207681,1311.88947767,42076.67374961,125.99047496,160.32712003,0.709,154.67831011,129.02656636,87.4639029,4007.77484295,418.79431144,899.98986951,1476.68396965,0.30666095,0.83167298,515.8216787,21715.36606712,89705.04349498,309.82045776,177.20647217,16.74492483,5.42402786,9.15902671,16.85399214,4438.50392634,52.39093732,2100.07283636,3547.83167196,8.01056104,39.70871588,45.91782184,15.4418354,1735.46094009,17.96204631,4.08319403,63.90156889,16.74492483,1453.61726482,36.8184253,10.18535577,145.59153695,1.72764128,0.38489941,1.0,3.37005574,4.25377819,58.71057118,280.55493773,3.58910363,6726.7070662,3.64,4.33513967,99.88455721,79.04966563,1456.46427882,3.75,8.12733129,14.66625316,599.91187376,9.2971449,1.28965927,0.74489487,22.95987567,571.03680671,38.72553974,4547.64272865,21.00530093,11057.58740791,16.74492483,31.41039703,9.20082657,3.49951837,2.91183986,2.39728629,42.71069155,6.78557541,31.51052492,2472.13298702,42.31124239,3562.26657488,39.16815012,12104.31482182,274.38680388,26350.16804118,121.30994324,2.76424819,558.39241526,2.70729847,558.39241526,101.58278632,238.38765655,16.74492483,23.09993945,26.08836217
2025-12-18,3.6725,66.21253644,82.26808546,380.28672361,1.80145399,920.50429569,1450.28445009,1.5150436,1.79,1.70000111,1.66613147,2.0,122.15678397,1.66613147,0.376,2959.00647133,1.0,1.29175764,6.91061485,5.52014155,1.0,90.4042078,13.66647759,2.94001651,2.01277418,1.37859676,2303.21177572,0.79555969,917.80755776,7.04345401,3865.52427253,498.26935418,23.98830665,93.93675195,20.77933475,177.9405989,6.3649452,63.07473304,129.45715371,47.59595241,15.0,155.21210192,0.8518795,2.28848973,0.74817501,0.74817501,2.69201493,11.52502772,0.74817501,73.87584824,8746.05050987,7.65714534,209.07779363,7.78101462,26.32455732,130.95065952,331.39159153,16689.58429063,3.22444322,90.4042078,1310.13836038,42045.90255799,126.08403819,160.0295552,0.709,155.77989114,128.8938617,87.46367841,4006.91965564,419.09723858,899.99374531,1474.90422339,0.30694235,0.83146683,514.49071404,21663.67040584,89808.06459444,309.51178022,176.65913922,16.7840792,5.4197248,9.15072495,16.86018825,4505.85784128,52.41390544,2100.00955627,3548.24983785,8.01444506,39.73248741,46.02253907,15.44510534,1736.72832656,18.01170892,4.09153377,63.89476062,16.7840792,1453.9889483,36.79445485,10.21295608,144.71453563,1.73456577,0.38482151,1.0,3.36657893,4.30639377,58.66663613,280.27185908,3.58949192,6715.30022139,3.64,4.33835441,99.91113211,80.48229567,1454.91143171,3.75,8.12160254,14.63592029,599.86012783,9.30128047,1.29175764,0.74817501,22.92004284,569.49331321,38.55340951,4544.15036452,21.00157833,11058.40912145,16.7840792,31.48493806,9.1902407,3.49822714,2.91201939,2.39909052,42.73759487,6.78360704,31.5709662,2471.18835942,42.33465264,3563.90596921,39.18434662,12064.28754953,272.9828919,26331.21766416,121.35564956,2.76786488,558.79631811,2.70685281,558.79631811,101.65626436,238.38831034,16.7840792,23.09996498,26.13829628
2025-12-19,3.6725,66.28433859,82.22662677,380.07560015,1.80129079,918.101061,1450.06878719,1.51177898,1.79,1.7000021,1.66778048,2.0,122.25997914,1.66778048,0.376,2956.56034702,1.0,1.29036748,6.91002765,5.52154344,1.0,90.23736055,13.84275494,2.93201174,2.01301094,1.37774132,2301.79547939,0.79452346,911.19390983,7.04077279,3862.25536879,499.00540218,23.99518474,94.02972334,20.76769588,178.04455375,6.37083089,62.77311691,129.70939764,47.52374002,15.0,155.43115517,0.85272262,2.28568814,0.74710939,0.74710939,2.69290824,11.50683979,0.74710939,73.87322318,8741.93889562,7.65888107,209.16526092,7.78198081,26.33778786,131.01070882,330.47871845,16712.457709,3.20818486,90.23736055,1310.29583709,42059.70484123,125.86432988,160.00209427,0.709,155.72262504,128.9582817,87.46315097,4004.03609455,419.51202887,900.01140335,1477.71401377,0.30700923,0.83147873,516.01408267,21638.38401812,89824.09215197,309.36740236,177.52192559,16.73702517,5.41866609,9.16564669,16.85653568,4502.83649637,52.4837478,2099.63012399,3552.1576859,8.01544024,40.0054976,46.01542179,15.45026377,1733.94263466,17.99312751,4.08425822,63.89828366,16.73702517,1456.36218818,36.78941072,10.15603062,144.4474549,1.73171828,0.38475609,1.0,3.36710864,4.26893201,58.55170182,280.1172209,3.58332735,6687.51867837,3.64,4.34116567,100.09814431,79.81790185,1455.12466148,3.75,8.12265131,13.73991108,599.72172652,9.27863424,1.29036748,0.74710939,22.96001858,569.75553238,38.47424237,4546.88665028,21.06629523,11057.034124,16.73702517,31.42737321,9.22957436,3.5062546,2.91292732,2.39959069,42.75708878,6.78485032,31.50933314,2481.12952923,42.25473722,3571.83029803,39.18452227,12046.40332366,280.27236096,26326.76859614,120.93239721,2.77262944,559.34937182,2.70672921,559.34937182,101.75687593,238.39808078,16.73702517,22.76105542,26.10558129
2025-12-20,3.6725,66.25309907,82.43253605,381.47028175,1.79993788,915.81335379,1451.69437763,1.51219221,1.79,1.69999982,1.66969382,2.0,122.29062613,1.66969382,0.376,2958.98670835,1.0,1.29290072,6.90713012,5.53625049,1.0,89.57802591,14.05602745,2.93485181,2.0146059,1.37959455,2136.73776782,0.79457356,910.72809255,7.04100825,3810.34421864,498.97548019,23.99967808,94.13759758,20.78051754,178.08,6.38005004,62.64239312,129.74041728,47.70438539,15.0,155.35989998,0.85370089,2.2845954,0.74760349,0.74760349,2.69281881,11.48987207,0.74760349,73.62568736,8741.65703699,7.66274537,208.86244355,7.78135197,26.37604656,131.05656793,330.19271019,16691.98204123,3.20674539,89.57802591,1310.4819552,42076.20766153,125.64038193,160.04045794,0.709,157.76377075,128.83657261,87.4635108,4011.76553804,419.99330798,899.99943147,1475.57503898,0.30709505,0.83239928,517.63562948,21696.42406568,89581.71305351,308.82529376,177.24778507,16.76696481,5.42075664,9.16457766,16.89791664,4539.05115102,52.53990205,2099.69593102,3552.4023635,8.01479253,40.02334862,46.14850768,15.43874977,1733.5620967,18.03597614,4.07809824,63.90008599,16.76696481,1460.6971806,36.80080209,10.13873737,143.39202497,1.73745233,0.38467066,1.0,3.36686356,4.2761938,58.57102784,280.23179375,3.59329069,6705.46587251,3.64,4.34000254,100.10753977,80.69592678,1456.10127135,3.75,8.14933466,13.94911033,599.94483065,9.26823734,1.29290072,0.74760349,22.92848618,571.03972782,38.52401537,4545.71140635,20.9263562,11058.82292468,16.76696481,31.46644575,9.19000705,3.5000947,2.92727783,2.40139585,42.75638457,6.79408635,31.51841581,2488.83520848,42.27634251,3571.39533269,39.19423985,12027.76423785,281.98417682,26345.11165573,121.19464171,2.78782871,559.9910773,2.70246439,559.9910773,101.87361503,238.39975176,16.76696481,22.63916955,26.08125977
2025-12-21,3.6725,66.28237512,82.42599645,384.49745968,1.79713801,913.68932877,1448.90909421,1.51204438,1.79,1.70061796,1.66984199,2.0,122.23243491,1.66984199,0.376,2957.26327481,1.0,1.29305561,6.91495632,5.53915431,1.0,89.58268943,14.0558339,2.93369718,2.0124645,1.37979688,2136.73203629,0.79551249,910.49453163,7.04107175,3812.61705278,496.33674159,23.90232423,94.14595172,20.77902982,178.24341686,6.38054138,62.63036654,129.53061807,47.62033894,15.0,155.32042678,0.85377665,2.28539003,0.74724567,0.74724567,2.6949642,11.49127509,0.74724567,73.84661956,8716.61972525,7.65801779,209.22306381,7.78158251,26.38555553,131.86854012,330.18689633,16715.82166997,3.20496186,89.58268943,1310.41728809,42004.36093333,125.63878769,159.70479866,0.709,157.75340086,128.94444866,87.4635108,4006.64990197,420.03057983,899.99990462,1475.42276484,0.3071411,0.82106902,517.53463258,21663.44539149,90183.80260407,308.82979988,177.04800945,16.77457258,5.42261271,9.16715481,16.889622,4556.73698033,52.4933549,2100.19534201,3550.21021275,8.01502999,39.76158558,46.14315975,15.44697196,1733.53147674,18.03477522,4.07682233,63.86347008,16.77457258,1458.20249625,36.74903685,10.13701579,143.39949011,1.73731789,0.38500447,1.0,3.3680534,4.25430264,58.68411165,280.27100579,3.59220771,6709.83126387,3.64,4.34686071,100.23403533,80.5448964,1454.92092422,3.75,8.14685044,14.77187225,599.60803055,9.26797721,1.29305561,0.74724567,22.92510483,571.0346486,38.52803374,4545.71140635,21.01725175,11058.40753299,16.77457258,31.42256976,9.21425702,3.49962645,2.91781778,2.38976356,42.77564124,6.76025428,31.53277956,2465.01493953,42.2951075,3576.79299349,39.05991297,11998.40894768,281.93284194,26341.81040555,121.25624165,2.78781975,560.0407731,2.70038234,560.0407731,101.88265569,238.37922654,16.77457258,22.64707105,26.08125977
2025-12-22,3.6725,66.22059211,82.3706092,381.21448034,1.80121778,918.93768399,1449.74448127,1.51013646,1.79,1.69999999,1.66902215,2.0,122.26266369,1.66902215,0.376,2956.82566908,1.0,1.2926362,6.90538497,5.54299944,1.0,89.56504697,13.9831533,2.93404668,2.01257975,1.37964263,2136.73000066,0.79481237,910.86810521,7.0407422,3805.52465867,498.67266021,23.98904112,94.09972867,20.76923859,177.82460209,6.37385001,62.61292126,129.65149336,47.65086561,15.0,155.30735433,0.85335747,2.2860548,0.74639583,0.74639583,2.69504017,11.49227686,0.74639583,74.09454486,8738.76030326,7.66143487,209.19111712,7.78122428,26.33990052,131.11097722,329.84125498,16748.82959439,3.20360893,89.56504697,1309.71181405,42051.16435288,125.62018508,159.89190084,0.709,157.30488111,128.87972243,87.46189886,4011.46590883,419.82435647,900.00873691,1477.19167994,0.30709955,0.83126371,517.5889554,21667.19346245,89509.85816833,309.4986865,177.22502886,16.75173868,5.41817582,9.1625846,16.91836572,4520.89870516,52.52118455,2100.02847103,3552.8342526,8.01466101,39.98161013,46.14363342,15.45599153,1733.23034494,18.01484834,4.07845451,63.90435142,16.75173868,1459.19310013,36.79323122,10.12292758,143.37124894,1.73397288,0.3849459,1.0,3.36741091,4.26124171,58.6397461,280.07594301,3.58841834,6701.21561136,3.64,4.34108226,100.19811602,80.85224186,1455.13123285,3.75,8.12447486,14.80023931,600.01462936,9.26346241,1.2926362,0.74639583,22.92486904,570.15160855,38.54462288,4545.71140635,21.10969865,11058.38855617,16.75173868,31.37287077,9.2400622,3.4998591,2.92102036,2.39747852,42.7713321,6.79041425,31.51214969,2492.44857897,42.25859928,3579.16126587,39.19453224,12018.76560627,285.04255195,26309.30469845,120.73827973,2.77183601,559.76580863,2.70795488,559.76580863,101.83263414,238.39985302,16.75173868,22.63426996,26.09285072
2025-12-23,3.6725,66.03085277,82.08548659,379.31177911,1.7972928,920.82158531,1451.70442259,1.5001772,1.79,1.70002559,1.66099135,2.0,121.9618639,1.66099135,0.376,2946.06408965,1.0,1.28723622,6.9047847,5.59251384,1.0,89.6641458,13.59030291,2.90027754,2.01203454,1.37383915,2275.95674342,0.79042259,909.72012401,7.03564359,3802.20819634,496.44744229,23.93858553,93.6469509,20.66648294,177.82779516,6.34403913,62.64927409,129.70086853,47.41901568,15.0,154.4944687,0.84925139,2.27748254,0.74186686,0.74186686,2.69551121,11.43112813,0.74186686,73.89691642,8725.90112331,7.65304414,208.54601945,7.77740951,26.32065294,130.60617378,330.0726581,16764.03333101,3.19648997,89.6641458,1307.45448746,41955.90315117,125.69400577,159.20095138,0.709,156.38044585,128.52118438,87.46460851,4002.76456786,417.80429607,900.00837869,1483.4035782,0.3072457,0.83113167,514.779985,21603.73481435,89565.73793167,308.64637673,177.27284991,16.70875468,5.40854214,9.13527487,16.884736,4508.44745463,52.28742005,2099.66368847,3552.89242791,8.0107318,39.72539032,46.14766614,15.45904672,1730.23981695,17.97318172,4.07017432,63.89656494,16.70875468,1456.44856703,36.8095842,10.09592896,143.5298814,1.72092261,0.38485163,1.0,3.36245531,4.3118477,58.74383324,279.62887449,3.58069688,6741.46398689,3.64,4.32100457,99.76267138,78.79305887,1452.45372421,3.75,8.12184736,15.0668473,599.99146933,9.22202175,1.28723622,0.74186686,22.93026599,567.80345137,38.46571668,4548.97984359,21.00230039,11056.90708789,16.70875468,31.11165971,9.17263543,3.5000603,2.89222696,2.39811288,42.82884695,6.78878625,31.49855275,2482.59518374,42.02008509,3603.54165932,39.0604926,11981.61277572,285.05464328,26338.40748159,121.2122221,2.76244843,557.07239476,2.70693329,557.07239476,101.3426481,238.47835253,16.70875468,22.54317271,26.09847332
2025-12-24,3.6725,65.23489103,81.87889172,381.57101151,1.79944076,918.08068419,1450.47907909,1.48989258,1.79,1.7000027,1.65660937,2.0,122.1217865,1.65660937,0.376,2949.63739386,1.0,1.28220813,6.92084549,5.52613716,1.0,89.55610327,13.72675422,2.89647497,2.01285889,1.36763557,2270.99406958,0.78638711,906.77500318,7.0278957,3757.19523505,497.70288494,23.96414323,93.39989415,20.58152704,177.94078716,6.32692387,62.63534341,129.62039346,47.48317397,15.0,155.68262116,0.84701092,2.27175703,0.73905313,0.73905313,2.69456624,11.33465241,0.73905313,74.38317774,8735.24018022,7.6571654,209.06380368,7.7755353,26.35888667,130.84655205,330.79721855,16761.85687169,3.18314465,89.55610327,1309.8177461,41871.00110603,125.37337293,159.61831186,0.709,155.60352824,128.81198974,87.46499708,4009.65672528,416.70205655,900.00852627,1463.98864587,0.30702874,0.83114888,508.98314922,21628.87350291,89776.19439794,309.28499751,177.70785167,16.67336903,5.40719421,9.11171481,16.83450048,4564.25306142,52.16583785,2099.9066289,3557.80135391,8.00880136,39.79534405,45.96044573,15.45918833,1733.24540415,17.89451722,4.05892644,63.8959178,16.67336903,1454.6887143,36.76862601,10.02584314,143.35693231,1.70967355,0.38485513,1.0,3.36465102,4.31659132,58.77037901,279.91957801,3.5766593,6741.47471283,3.64,4.31167674,99.46440996,78.03295557,1455.13517892,3.75,8.11689708,14.04546463,599.99118766,9.15627384,1.28220813,0.73905313,22.90003332,571.22294214,38.3555183,4544.74887354,21.04039016,11056.81022078,16.67336903,31.07163796,9.19588652,3.50001744,2.88625652,2.39430391,42.8588044,6.79729906,31.4461386,2475.58682397,41.94290029,3611.73606373,39.047701,12058.75644179,289.10089002,26327.81317932,120.94401303,2.75005578,555.60274207,2.70671892,555.60274207,101.07528879,238.39474194,16.67336903,22.59314041,26.0425494
2025-12-25,3.6725,65.37687372,81.85912935,381.51216498,1.80028552,917.23284859,1450.60543793,1.49143015,1.79,1.69986992,1.66060454,2.0,122.17449779,1.66060454,0.376,2957.40596644,1.0,1.28406003,6.91834633,5.52303313,1.0,89.81800095,13.14779783,2.91500002,2.01293739,1.3672206,2277.49783872,0.78796894,904.70770594,7.01030863,3732.41133236,495.82929082,23.98292139,93.62514285,20.61008646,177.96704855,6.3417781,62.68657412,129.57852591,47.54009521,15.0,155.6019059,0.84905362,2.27233154,0.73992334,0.73992334,2.69394827,11.10196903,0.73992334,74.29108658,8747.76769192,7.65964158,209.20627814,7.77517942,26.35962296,130.84811408,330.22214945,16739.54708873,3.1867725,89.81800095,1310.32333228,41852.47504797,125.66647342,159.47715537,0.709,155.82709022,128.93310293,87.45917813,4012.94287998,417.70699982,899.83711051,1446.5747266,0.30721563,0.83166979,513.72289445,21630.06175994,89753.61843489,309.52239388,177.8488248,16.66269597,5.41169493,9.11288681,16.8086309,4573.16962621,52.24957635,2099.75633144,3556.60282634,8.0084348,39.91386217,45.94083123,15.45821179,1734.01416986,17.92714555,4.04586758,63.8671246,16.66269597,1450.24484767,36.80226013,10.0129976,143.77616503,1.71214415,0.38486286,1.0,3.36608412,4.31869242,58.79685674,280.1477725,3.57899002,6787.19999211,3.64,4.322031,99.65667255,78.7316362,1455.84428252,3.75,8.13783379,14.45658215,600.02739706,9.17469119,1.28406003,0.73992334,22.92486903,571.38023104,38.34075571,4544.24777383,21.08911445,11058.39030996,16.66269597,31.10458869,9.2543194,3.49990806,2.892754,2.40833135,42.82599929,6.79650662,31.44119118,2473.16038264,42.07589763,3610.94575064,39.18846313,12074.40038822,289.5400439,26309.80951026,121.02751059,2.78861121,556.94266643,2.70665072,556.94266643,101.31904792,238.39724515,16.66269597,22.55893683,26.02675418
2025-12-26,3.6725,65.56333342,81.85511344,381.54394512,1.80061732,915.67655094,1449.51994282,1.49000109,1.79,1.69994641,1.65929782,2.0,122.17657678,1.65929782,0.376,2958.44847491,1.0,1.28414754,6.92002549,5.52933812,1.0,90.01283955,13.14943225,2.91503407,2.01266819,1.36749286,2276.76329252,0.78807431,904.33591714,7.00775032,3732.32237713,495.04296416,23.98182204,93.55146938,20.59864829,177.99456039,6.33749695,62.68842291,129.59020849,47.51391943,15.0,155.6026982,0.8483855,2.27191288,0.74006262,0.74006262,2.69415759,11.10182986,0.74006262,74.27240124,8744.62935005,7.65912203,209.20605741,7.7751748,26.35886226,130.89388893,330.33005162,16747.06836228,3.1871371,90.01283955,1310.16877857,41853.0619387,125.56552127,159.48123889,0.709,156.27875126,128.94599101,87.46391336,4008.98291554,417.37830689,900.00934957,1440.8248143,0.30721265,0.8315646,510.41632297,21618.48239543,89659.43670548,309.5069053,177.5942226,16.64512323,5.41215859,9.11774843,16.80854756,4571.49298507,52.22775429,2099.66254221,3557.18558212,8.00843004,39.61006863,45.94179418,15.45880592,1733.81228573,17.94710718,4.0342653,63.85391563,16.64512323,1450.90794396,36.80029629,9.99613886,144.08805291,1.71345471,0.38481034,1.0,3.36690338,4.31880818,58.81283954,280.15964682,3.57660656,6786.77318798,3.64,4.31937007,99.59314315,78.7280574,1456.28137673,3.75,8.13766522,14.85397856,600.00497387,9.17046193,1.28414754,0.74006262,22.92511283,569.5539213,38.38429897,4544.24777383,20.96356814,11058.51348163,16.64512323,31.09020799,9.25439138,3.49646152,2.8882903,2.40762908,42.86782614,6.79704406,31.44183088,2471.19356809,42.01533809,3611.18749423,39.18868387,12088.03556325,289.56402643,26284.45330296,120.67084462,2.7886269,556.50440919,2.70729597,556.50440919,101.23932013,238.37894054,16.64512323,22.55990096,26.02660073
2025-12-27,3.6725,66.23368806,81.74999469,381.4838316,1.80023077,918.92635742,1451.1965315,1.49030255,1.79,1.69999976,1.66098908,2.0,122.20619412,1.66098908,0.376,2958.02035679,1.0,1.284399,6.91783949,5.54352567,1.0,89.85743063,13.14947056,2.91500748,2.01449578,1.36740989,2289.5,0.78936537,906.19309419,7.00678858,3697.5603793,495.45541342,23.98346933,93.64682279,20.59043198,178.08,6.34530793,62.6991212,129.50510776,47.55418214,15.0,155.60614105,0.84925023,2.27141099,0.74115077,0.74115077,2.69039326,11.13496683,0.74115077,74.48136801,8751.02835261,7.6605774,208.71773157,7.77145243,26.36133762,130.86447303,328.60374718,16771.88650474,3.19310717,89.85743063,1310.36460347,41993.76981871,125.68693612,159.94224841,0.709,156.57437201,128.94045329,87.46452299,4008.33387078,417.80372451,900.03479253,1445.52659541,0.30715981,0.83239865,505.76081627,21614.95150728,89554.43268109,309.58549065,177.50204153,16.66675891,5.41240464,9.10959843,16.80708668,4568.99338525,52.26120991,2100.00836075,3556.00426022,8.004596,39.59609895,45.96843219,15.45782265,1733.60677357,17.90495315,4.04650193,63.66172336,16.66675891,1450.9483173,36.80395285,10.01230412,143.83928208,1.71410178,0.38454577,1.0,3.36438149,4.31883423,58.72052023,280.26375464,3.58079099,6792.89469658,3.64,4.32418618,99.63198023,78.71763978,1456.51176796,3.75,8.13759765,14.72565614,600.16274127,9.15978246,1.284399,0.74115077,22.92487744,570.50298259,38.33547106,4544.23698496,20.7829246,11058.41430062,16.66675891,31.04329825,9.25501091,3.49833326,2.90965478,2.40866459,42.86244227,6.7984379,31.39955819,2473.24923237,42.11728429,3611.97177167,39.08641121,12081.28691818,289.33663813,26383.41306397,120.62097911,2.77087636,557.07163268,2.70246525,557.07163268,101.34250947,238.40944193,16.66675891,22.54747881,26.02660001
2025-12-28,3.6725,66.19695205,81.73380638,384.51842286,1.79726749,918.92635742,1451.07199359,1.48902522,1.79,1.701724,1.6611329,2.0,122.39346204,1.6611329,0.376,2957.83938973,1.0,1.28407251,6.92208244,5.5441066,1.0,89.80035313,13.04793541,2.91500126,2.01338892,1.36780348,2215.10715338,0.78917766,905.97372235,7.0074765,3709.62365147,497.70068046,23.99389815,93.65493138,20.58721524,178.36662347,6.34404134,62.84304052,129.64390979,47.59186679,15.0,155.60600837,0.84932376,2.27143543,0.74098773,0.74098773,2.69324083,11.05461398,0.74098773,73.9912568,8743.58163794,7.66293672,209.13013356,7.77148123,26.37776505,131.88880884,328.63991856,16781.69785577,3.19038683,89.80035313,1310.18222763,41962.81149929,125.68558563,159.65202663,0.709,156.56327583,128.97272775,87.46452299,4005.30046404,417.83990086,900.00373582,1443.0996709,0.30742256,0.82166682,504.89519326,21651.18880265,90205.10857972,308.94170376,177.34255356,16.66261012,5.41617786,9.11191762,16.7724686,4580.7215605,52.23279455,2100.32104515,3556.65867334,8.00462567,39.7626145,45.95807854,15.45925818,1733.51765781,17.90985623,4.04829792,63.83639916,16.66261012,1450.48655699,36.73244328,10.0102435,143.74791528,1.71388363,0.38501108,1.0,3.36795112,4.30092306,58.74557138,280.09815163,3.57970676,6771.96325747,3.64,4.32382027,99.62775578,77.96855147,1455.45336025,3.75,8.13759765,14.93628172,599.80592443,9.15797895,1.28407251,0.74098773,22.92484304,570.65577934,38.37769897,4544.23698496,20.93462321,11056.86950465,16.66261012,31.05504566,9.25124231,3.49862823,2.88717365,2.40959392,42.86827105,6.77838493,31.40256484,2468.64527679,42.03384555,3610.64114232,39.16727439,12059.3581277,289.83078166,26363.28162121,120.54970968,2.77087775,557.11986781,2.70092362,557.11986781,101.3512844,238.35807859,16.66261012,22.54872729,26.02660001
2025-12-29,3.6725,65.58897536,81.70008024,381.51249595,1.80063631,914.39831666,1450.56475608,1.4887013,1.79,1.69998672,1.66036115,2.0,122.20255941,1.66036115,0.376,2958.67571872,1.0,1.28478581,6.92099482,5.54409713,1.0,89.86135412,13.63865453,2.91494831,2.01262588,1.36667461,2286.80256728,0.78908183,906.11454675,7.01565717,3696.85963703,495.36834849,23.97841379,93.61142028,20.5698328,177.99636741,6.33995997,62.69484833,129.54617572,47.53971524,15.0,155.60520716,0.84892918,2.2692613,0.74054623,0.74054623,2.69338612,11.0887284,0.74054623,74.26884282,8746.08058364,7.66154353,209.2004629,7.77412998,26.36192104,131.01646035,328.68529201,16774.6834714,3.18926075,89.86135412,1310.1879452,41975.86198019,125.64714647,159.44525233,0.709,156.50625026,128.93772514,87.46200442,4007.29392334,417.64577682,899.98248999,1434.01643537,0.30701561,0.83153417,505.72698354,21624.34103857,89671.03805256,309.45294564,177.60845937,16.67135447,5.4122672,9.11375603,16.80061353,4574.45300283,52.23182417,2100.30880893,3558.28270523,8.00735388,39.62921891,45.97314089,15.45967646,1733.66256924,17.89463345,4.0533682,63.89000791,16.67135447,1450.43973791,36.80137227,9.99889523,143.84556261,1.71622951,0.38488633,1.0,3.36780522,4.31683093,58.80408515,280.14754509,3.57786241,6788.37062535,3.64,4.31888661,99.614279,78.52435994,1455.53929456,3.75,8.10791061,14.55426494,599.85489195,9.15658631,1.28478581,0.74054623,22.92438179,569.57013209,38.42445622,4544.2333323,20.9860235,11056.55840745,16.67135447,31.2140308,9.24973749,3.49756438,2.89611789,2.39216509,42.92868884,6.79732068,31.42671134,2468.17688587,42.1413552,3608.22421521,39.2678157,12079.31937727,294.57164211,26294.96083972,120.92063806,2.75539969,556.86103576,2.70727246,556.86103576,101.30419766,238.3888545,16.67135447,22.549516,26.0266
2025-12-30,3.6725,65.54413856,81.94378426,381.45406628,1.8008936,922.0545584,1457.05269154,1.49180678,1.79,1.69999989,1.66095848,2.0,122.24775138,1.66095848,0.376,2956.59786434,1.0,1.28543504,6.91962217,5.57058147,1.0,89.95143429,13.71400941,2.89157811,2.01347164,1.3685248,2163.19609577,0.78882751,914.81760622,7.00268762,3732.34256318,496.07365962,23.98560397,93.64509798,20.60999876,177.97352974,6.34207901,62.94576212,129.51770602,47.67105629,15.0,155.34396089,0.84923459,2.27253831,0.74018672,0.74018672,2.69214262,10.94949347,0.74018672,73.93725887,8744.42957628,7.66246268,209.0359515,7.7781485,26.37413938,130.97670415,328.2378174,16769.34141578,3.18572002,89.95143429,1309.62118895,41923.72491337,125.18459746,159.1900792,0.709,156.17767491,128.88733256,87.45077912,4007.17387533,417.79602929,899.99703752,1433.88528117,0.30771455,0.8314823,501.56610476,21600.89238896,89503.18910364,309.75926598,177.89911996,16.67003307,5.40746663,9.10192181,16.75697463,4520.89678463,52.26748942,2099.27470976,3559.784221,8.01149296,39.62426447,46.06423465,15.45940552,1732.88147683,17.97585558,4.05140854,63.9007433,16.67003307,1448.30961804,36.745525,10.03383744,143.98975843,1.72149007,0.38483214,1.0,3.36583971,4.27567353,58.83789601,279.90025421,3.59035842,6773.31992104,3.64,4.32672931,99.6315953,78.50326077,1455.70234287,3.75,8.10736988,13.96936926,599.83700321,9.17091701,1.28543504,0.74018672,22.9399934,570.15785971,38.25486199,4539.74178141,20.97569158,11056.77831708,16.67003307,31.559683,9.20181755,3.49867226,2.89027704,2.39433496,42.95723933,6.7991013,31.41934837,2458.77268199,42.27665042,3616.40267939,39.23005523,12012.17458455,294.84314752,26284.09945409,120.41970788,2.75671298,557.06137239,2.70728125,557.06137239,101.34064291,238.39596484,16.67003307,22.49633616,26.01558674
2025-12-31,3.6725,65.57378693,82.3174643,381.39923336,1.80319696,916.43885417,1451.50465692,1.49415427,1.79,1.69999088,1.66578971,2.0,122.41791719,1.66578971,0.376,2963.15470358,1.0,1.28461855,6.93531312,5.47821183,1.0,89.79570542,13.77755272,2.91222327,2.02066556,1.36970929,2277.8427525,0.79218755,900.45049882,6.99026752,3747.15334276,496.92325765,24.01834091,93.91748346,20.64455199,177.75941484,6.36128905,63.16713492,129.52750524,47.71819647,15.0,155.63630929,0.85170476,2.27227896,0.74287917,0.74287917,2.69102117,10.48962204,0.74287917,73.72320293,8757.66946209,7.67068628,209.54307835,7.7847333,26.40415665,131.26610614,328.848706,16729.19819321,3.17825121,89.79570542,1312.34378317,42077.60319964,125.37270339,159.25715645,0.709,156.44988802,129.24717239,87.44975733,4011.49129288,419.01127255,899.97557343,1443.37215493,0.30796607,0.8315586,502.69991423,21635.2286151,89796.29142345,310.44136652,178.58341782,16.59928961,5.41731533,9.11943345,16.78735338,4581.2756136,52.39634002,2100.31095654,3560.27140772,8.0182753,39.72904778,46.0526573,15.45956179,1735.23844598,18.01189138,4.05384206,63.89588507,16.59928961,1450.05099368,36.755177,10.05612387,143.74047545,1.73066057,0.38477833,1.0,3.36633809,4.26367394,58.86754488,280.60719454,3.59746143,6768.49977734,3.64,4.33977063,99.92060577,79.4945956,1454.15012599,3.75,8.1378515,14.613128,599.90292004,9.20488749,1.28461855,0.74287917,22.91001629,571.42627522,38.09212245,4546.29089363,21.08959322,11058.38971007,16.59928961,31.43084809,9.25372463,3.49877539,2.88796545,2.40276831,42.98724941,6.79273071,31.43528126,2462.33800656,42.35558122,3619.45434193,39.22825271,12028.66055692,295.01308032,26298.18211444,120.71452306,2.77617398,558.68169673,2.70715614,558.68169673,101.63541243,238.40399183,16.59928961,22.23354034,25.98865172
