date,AED,AFN,ALL,AMD,ANG,AOA,ARS,AUD,AWG,AZN,BAM,BBD,BDT,BGN,BHD,BIF,BMD,BND,BOB,BRL,BSD,BTN,BWP,BYN,BZD,CAD,CDF,CHF,CLP,CNY,COP,CRC,CUP,CVE,CZK,DJF,DKK,DOP,DZD,EGP,ERN,ETB,EUR,FJD,FKP,GBP,GEL,GHS,GIP,GMD,GNF,GTQ,GYD,HKD,HNL,HTG,HUF,IDR,ILS,INR,IQD,IRR,ISK,JMD,JOD,JPY,KES,KGS,KHR,KMF,KPW,KRW,KWD,KYD,KZT,LAK,LBP,LKR,LRD,LSL,LYD,MAD,MDL,MGA,MKD,MMK,MNT,MOP,MRU,MUR,MVR,MWK,MXN,MYR,MZN,NAD,NGN,NIO,NOK,NPR,NZD,OMR,PAB,PEN,PGK,PHP,PKR,PLN,PYG,QAR,RON,RSD,RUB,RWF,SAR,SBD,SCR,SDG,SEK,SGD,SHP,SLE,SOS,SRD,SSP,STN,SYP,SZL,THB,TJS,TMT,TND,TOP,TRY,TTD,TWD,TZS,UAH,UGX,UYU,UZS,VES,VND,VUV,WST,XAF,XCD,XOF,XPF,YER,ZAR,ZMW,ZWG
2026-01-01,3.6725,65.51055132,82.37497066,381.39423064,1.80195026,915.49604403,1451.42740866,1.49850264,1.79,1.69999996,1.66513331,2.0,122.33330698,1.66513331,0.376,2962.66257037,1.0,1.2855248,6.92712409,5.51379765,1.0,89.87900494,13.1389692,2.93510144,2.01468588,1.37223414,2280.21902759,0.79222041,899.88648123,6.99423286,3766.84945306,497.45190124,24.01411076,93.88047553,20.58053678,177.92065349,6.36039133,63.08892988,129.55345113,47.70320713,15.0,155.30451159,0.85136914,2.27277494,0.74206457,0.74206457,2.69156264,10.50110481,0.74206457,73.89526202,8754.00351266,7.66973296,209.33987564,7.78098865,26.44012192,131.06855268,327.48523858,16700.24782056,3.18566824,89.87900494,1310.71842758,41963.40129044,125.37807383,158.94289387,0.709,156.70086294,129.01539893,87.45247919,4010.16571842,418.8461623,900.03657762,1442.29570512,0.30790587,0.83167701,507.33752717,21615.92324372,89993.28564116,309.84864292,178.77541178,16.52612523,5.41943697,9.11813986,16.81309877,4590.95904345,52.44010279,2099.08727521,3560.25425839,8.01441831,39.77131909,46.23295976,15.45901959,1735.29183159,18.01180009,4.05549869,63.84830649,16.52612523,1445.79286662,36.8090423,10.09120304,143.87381715,1.73973367,0.38477257,1.0,3.36101695,4.26241006,58.90768264,280.20999084,3.5897913,6749.06209896,3.64,4.33899569,99.87753121,78.98726486,1457.93307878,3.75,8.13497756,15.12843602,599.81663184,9.21146653,1.2855248,0.74206457,22.82518638,571.48745456,38.09213027,4551.19033835,20.98076941,11057.6256617,16.52612523,31.49963809,9.2362219,3.4959828,2.89207345,2.40590765,42.96706134,6.79667038,31.32806723,2469.64711498,42.24353717,3620.28923037,39.08421883,12016.12263346,299.48295243,26418.82435321,120.53866817,2.77550298,558.46154974,2.70715393,558.46154974,101.59536327,238.40369528,16.52612523,22.25132398,25.98620723
2026-01-02,3.6725,65.56457851,82.34979679,381.34060322,1.80154524,921.17808049,1450.26442053,1.49388636,1.79,1.69996914,1.66264439,2.0,122.328271,1.66264439,0.376,2961.5027292,1.0,1.283988,6.92857311,5.49988719,1.0,89.93424676,13.68570016,2.9350033,2.01408716,1.37063377,2268.90432829,0.79106886,900.07465312,6.9965988,3772.24916916,497.64808838,23.99953984,93.7401496,20.53511543,177.97383341,6.34924475,63.08032293,129.51451516,47.66274349,15.0,155.29351701,0.85009658,2.2743543,0.7412938,0.7412938,2.69168422,10.46463801,0.7412938,73.96065216,8756.11905721,7.66795045,209.23557176,7.79009221,26.37502003,131.4426209,326.82540404,16697.71426799,3.17334721,89.93424676,1310.64536969,41972.51505142,125.16735035,158.96488368,0.709,156.60668752,129.02142434,87.41296685,4010.8373262,418.22010052,900.01612943,1441.9757574,0.30774403,0.82950707,507.243912,21628.06024423,89981.77852853,309.63904427,178.43332511,16.54379493,5.4187847,9.11066396,16.80572352,4591.21343873,52.39519073,2099.64784145,3559.66718126,8.02379498,39.84269077,46.18689514,15.45896996,1734.70824793,17.97312282,4.05705496,63.8520751,16.54379493,1445.05461315,36.79353499,10.05908492,143.9622455,1.73314307,0.38493726,1.0,3.36078125,4.31366277,58.89379434,280.09705335,3.58489594,6659.25114412,3.64,4.33210849,99.73127795,78.84841137,1456.31479814,3.75,8.10382963,15.1650205,599.62637676,9.20214969,1.283988,0.7412938,22.82489869,569.24356617,38.08475077,4551.31967254,20.95938621,11056.77738791,16.54379493,31.5308899,9.23334959,3.49934201,2.8835283,2.39461007,43.02101383,6.7898423,31.41340661,2469.63809532,42.25071357,3620.04170354,39.06199637,12018.33949583,299.51647116,26323.75559108,121.04042544,2.76017996,557.62680069,2.70603101,557.62680069,101.44350567,238.39451469,16.54379493,22.25094732,25.98620723
2026-01-03,3.6725,66.3118495,82.42085932,381.2927369,1.79903999,919.83700397,1476.88793965,1.49399137,1.79,1.69999975,1.66749005,2.0,122.27610259,1.66749005,0.376,2958.79469614,1.0,1.28610084,6.91560299,5.42550743,1.0,90.01475935,13.98691617,2.9349818,2.01462611,1.37314278,2241.3004,0.7919944,906.23478952,7.00157978,3776.68956081,498.07431584,24.0015381,94.01334851,20.60237102,178.24452,6.37346052,63.07567935,129.72511532,47.77843354,15.0,155.20018535,0.85257412,2.27834592,0.74307779,0.74307779,2.6900008,10.47461597,0.74307779,73.99073692,8769.74977845,7.66846966,208.87443866,7.79095012,26.39217533,130.92962966,326.97960645,16701.80300625,3.18562179,90.01475935,1310.47789394,42085.08810708,125.75559205,159.84731498,0.709,156.88860137,128.99911668,87.45161241,4011.37581916,419.43897283,900.0441349,1440.73953181,0.30741079,0.83203119,506.90923411,21635.76065245,89591.1128462,309.71107748,178.40123882,16.48999276,5.41992805,9.13461939,16.81046145,4584.32069077,52.4781686,2099.59555777,3558.78146963,8.02467862,39.7454029,46.13150349,15.45845023,1737.77074364,17.90005503,4.05493647,63.89784573,16.48999276,1440.33300909,36.69740909,10.06533631,144.09112602,1.73384121,0.38487163,1.0,3.3600187,4.25920407,58.81175583,280.04949177,3.59151088,6554.45233408,3.64,4.34136812,100.01360667,80.43721515,1453.66505162,3.75,8.1463213,15.09461111,599.98905713,9.21529213,1.28610084,0.74307779,22.82998104,570.98117348,38.14583698,4555.77001617,20.99692907,11057.20266297,16.48999276,31.52085231,9.23250625,3.50005802,2.87543813,2.39857598,43.03354593,6.79673587,31.37544867,2469.91287745,42.29524843,3622.6912023,39.08025429,12017.66108792,300.62058529,26305.00864815,120.62516503,2.76778827,559.25196377,2.70243051,559.25196377,101.73915545,238.39633711,16.48999276,22.10962034,25.9354386
2026-01-04,3.6725,66.06989581,82.41215516,384.36037407,1.79709439,919.83700397,1475.31586222,1.49407155,1.79,1.70171641,1.66736386,2.0,122.2590377,1.66736386,0.376,2960.19319538,1.0,1.28569288,6.92103394,5.42353549,1.0,89.99991731,13.47529778,2.934479,2.01197823,1.37334991,2197.0951519,0.79160813,906.17503356,6.99336713,3782.37772288,499.05532868,23.88431007,94.00623427,20.60028559,178.49832123,6.37045592,63.19673109,129.70019486,47.70061715,15.0,155.19806157,0.85250961,2.27881175,0.74274588,0.74274588,2.69055821,10.48483085,0.74274588,74.04285747,8745.72628336,7.66567177,209.26173276,7.79114904,26.39261107,131.22129316,326.92863556,16712.34375295,3.18564218,89.99991731,1310.3741583,42085.19841049,125.76899054,159.56924099,0.709,156.77916996,129.01756649,87.45161241,4012.11072626,419.40723279,900.00740461,1443.31436225,0.30747027,0.82054278,506.03289859,21607.0232577,89694.12214669,309.15186011,178.10997029,16.48351307,5.42214675,9.13451088,16.81829581,4583.93648465,52.46783543,2100.07812579,3557.02940866,8.02488351,39.85491859,46.18149237,15.45951323,1736.5391991,17.90549364,4.05488213,63.87596481,16.48351307,1438.5803849,36.69450504,10.06329528,144.06736763,1.73351446,0.38494572,1.0,3.36105716,4.25206961,58.86032105,280.07784156,3.59140349,6581.25979431,3.64,4.34071094,100.08038653,80.27958468,1455.22315545,3.75,8.14363444,15.01367507,599.79471613,9.21809285,1.28569288,0.74274588,22.83000231,571.18355654,38.21927034,4555.77001617,21.05051782,11056.76510876,16.48351307,31.48238196,9.23947733,3.49988821,2.89085036,2.3926632,43.03842308,6.77084471,31.3830683,2463.68113909,42.24331879,3623.62683254,38.94155626,12005.93029334,300.62197962,26324.04131719,120.82346401,2.76779136,559.20964372,2.70093681,559.20964372,101.73145658,238.37106071,16.48351307,22.10117241,25.9354386
2026-01-05,3.6725,65.6567842,82.48876819,381.56346266,1.80563007,923.00611723,1482.35162895,1.4978664,1.79,1.700005,1.67246503,2.0,122.45811189,1.67246503,0.376,2964.40739172,1.0,1.28811333,6.92182416,5.42134711,1.0,90.08759209,13.77334574,2.94039749,2.02089224,1.37531107,2274.96140055,0.79313869,903.80706761,6.98217915,3776.31976018,497.736205,24.0383559,94.29383867,20.65440601,178.21647741,6.38756759,63.19469716,130.17471128,47.88833494,15.0,155.70954698,0.85511779,2.28001546,0.74441743,0.74441743,2.69512142,10.4954953,0.74441743,73.92185387,8758.88972985,7.67422721,209.63523944,7.79152225,26.38739575,131.13283761,327.79921473,16738.71633623,3.17530512,90.08759209,1313.33765364,42039.18226395,126.0399322,159.17925319,0.709,157.12155019,129.2022008,87.44839796,4016.00251818,420.690375,900.01083233,1447.85752829,0.30738873,0.83189389,508.41659172,21677.56266054,89389.23125506,310.43823746,178.35246238,16.51776692,5.4255263,9.13095718,16.8622665,4597.98732911,52.60497149,2100.41702088,3559.59856368,8.02526792,39.91876064,46.22949491,15.45955821,1737.75241186,17.98148334,4.06390877,63.90164641,16.51776692,1441.61954788,36.83056239,10.08261427,144.20771304,1.73766614,0.3850647,1.0,3.36777906,4.28283259,58.8871302,280.55204678,3.59953289,6571.15502557,3.64,4.35236389,100.29154675,80.64138781,1458.3346908,3.75,8.11161699,14.89115375,600.11811678,9.23876668,1.28811333,0.74441743,22.83027615,569.995228,38.0649346,4555.91901435,21.10928286,11056.8998052,16.51776692,31.46452541,9.25412058,3.49913509,2.90493253,2.39586473,43.04680479,6.80319061,31.37042772,2478.5125531,42.39444696,3620.5914333,39.13733166,12027.7498968,299.39377841,26261.51664395,120.97354769,2.7580779,560.9205,2.7072993,560.9205,102.04269567,238.39518766,16.51776692,22.11512388,25.9354386
2026-01-06,3.6725,65.91010886,82.49836118,381.32997281,1.79895531,917.67984265,1469.86042222,1.48936349,1.79,1.7,1.668213,2.0,122.05698662,1.668213,0.376,2954.01178189,1.0,1.28207228,6.91364543,5.40865868,1.0,90.21168952,13.81648481,2.96376888,2.00634028,1.37680835,2274.99762243,0.791478,903.99750109,6.98502946,3746.83805746,496.72548351,23.94450421,94.05410847,20.63781066,177.9732816,6.37223475,63.00297878,129.9474214,47.32430074,15.0,155.20725476,0.85294376,2.27584985,0.7383803,0.7383803,2.69453018,10.46877311,0.7383803,73.90614045,8748.63878531,7.66114498,208.43034245,7.78510425,26.37443279,130.65725005,327.6204041,16735.7866996,3.15294137,90.21168952,1307.92033179,42081.99348695,125.72723762,158.69223912,0.709,156.49076968,128.7188042,87.45012019,4014.19686165,419.62082272,899.98369641,1446.39435677,0.30716316,0.82895445,512.81420077,21602.11827364,89680.81012399,309.65935491,177.73055572,16.34704737,5.41154108,9.1593215,16.81990782,4605.32158167,52.50056133,2099.88425594,3559.95891656,8.01865738,39.9505454,46.48365308,15.45935424,1730.95657392,17.91147516,4.05762041,63.89726886,16.34704737,1431.53915761,36.74983603,10.02672584,144.40636199,1.72588912,0.38489601,1.0,3.35836814,4.31704881,59.06566586,279.47199265,3.59317879,6578.56858447,3.64,4.34046219,100.07953922,80.89398296,1453.80125467,3.75,8.13741372,14.55081105,600.021757,9.16749232,1.28207228,0.7383803,22.85499098,570.87645347,38.25527133,4549.90705297,21.08788689,11056.78071607,16.34704737,31.22798717,9.2270752,3.50911204,2.88956542,2.40840837,43.04617043,6.78344713,31.49801961,2479.68873556,42.41597755,3620.29458998,38.90575816,11967.99287801,303.59147511,26276.21477142,120.92402721,2.78009224,559.49443029,2.70614485,559.49443029,101.78326497,238.47316637,16.34704737,21.13394365,25.84263
2026-01-07,3.6725,66.16043151,82.59852611,380.35675943,1.80302658,917.71047122,1467.24406775,1.4814834,1.79,1.70000468,1.6714885,2.0,122.27886898,1.6714885,0.376,2960.36829795,1.0,1.28109768,6.92562487,5.37290453,1.0,90.15649907,13.90698626,2.94073911,2.01347466,1.38175574,2296.23381711,0.79470192,893.99690631,6.98855038,3716.18677578,497.24864912,23.98672758,94.23878209,20.65706521,178.07117915,6.38576255,63.39075877,129.86488667,47.25751277,15.0,155.08993339,0.8546185,2.27065225,0.74010935,0.74010935,2.69448202,10.63330809,0.74010935,73.81865189,8751.57974013,7.66618096,209.39131683,7.7894703,26.39884623,130.97358703,328.64832929,16768.96760374,3.16709526,90.15649907,1310.55531903,42030.29155931,125.80699367,158.90988687,0.709,156.68818545,129.11067682,87.45153661,4018.69210631,420.44474099,900.0486457,1448.88294218,0.30714804,0.82961145,509.53382992,21637.39007211,89571.51181581,310.2501983,178.18505979,16.35333232,5.41704102,9.18470432,16.88167534,4613.30152876,52.64282264,2099.61060292,3561.38456349,8.02315441,39.60473745,46.28657676,15.4599281,1735.05670279,17.97405793,4.04994049,63.89807378,16.35333232,1429.59302877,36.76054129,10.04127521,144.31801589,1.72730098,0.38479093,1.0,3.36382984,4.27421632,59.25410168,281.20937885,3.59877261,6572.18652954,3.64,4.34935574,100.27483132,80.50118661,1456.79429853,3.75,8.1090318,14.02049637,599.91737988,9.19194548,1.28109768,0.74010935,22.85066254,563.06862329,38.32525643,4552.36533439,21.09738799,11059.57489482,16.35333232,31.2545642,9.25283667,3.49614183,2.88869333,2.39162607,43.0595878,6.78764744,31.49404002,2476.32197363,42.54097687,3623.14475273,38.93809974,11977.32469836,308.89031506,26320.50014389,120.69582792,2.75273828,560.59298798,2.70624554,560.59298798,101.98311466,238.39378252,16.35333232,20.98465781,25.88284854
2026-01-08,3.6725,65.98482431,82.67175815,380.4707279,1.80343147,917.97341088,1460.5175538,1.48880797,1.79,1.69999953,1.67528682,2.0,122.28872797,1.67528682,0.376,2961.44947006,1.0,1.28377687,6.92718287,5.38516534,1.0,89.92724273,13.88294322,2.94092574,2.01385846,1.38629702,2298.71336113,0.79781428,895.54336067,6.99527317,3750.16804768,497.30997586,23.9906175,94.45293189,20.80618214,178.07607103,6.40059444,63.45834932,129.94541312,47.2508591,15.0,155.55539319,0.85656055,2.27201193,0.74326195,0.74326195,2.69427446,10.71442216,0.74326195,73.70238064,8757.02420862,7.66765886,209.47528649,7.78809807,26.39022575,131.03275435,329.44771202,16791.54833871,3.16667688,89.92724273,1311.13663598,42045.05922817,126.08003014,158.65478512,0.709,156.90237762,129.0615095,87.45083507,4020.35957835,421.4001667,900.00235327,1450.02271253,0.30729724,0.82934946,510.36195504,21588.97883338,89676.31414531,310.38819179,179.15150753,16.45766115,5.42123031,9.21475841,16.88017122,4623.41980571,52.72092088,2099.84751552,3546.33023361,8.02174102,39.68913467,46.41440062,15.45944663,1735.27335179,17.9872046,4.06356864,63.89711582,16.45766115,1425.78565367,36.77510462,10.08988499,143.95103381,1.73385408,0.38487428,1.0,3.36378682,4.26783254,59.19479667,281.59002875,3.60560483,6581.6016863,3.64,4.35827739,100.49659095,80.45414809,1457.08910622,3.75,8.10894818,13.90722343,599.85759981,9.18265644,1.28377687,0.74326195,22.85001626,563.88121551,38.15404352,4556.58513761,21.12707698,110.58900943,16.45766115,31.36602619,9.2979069,3.50841067,2.89626182,2.39185998,43.05005954,6.78967818,31.56546477,2478.47074482,42.7709515,3604.55600287,38.98860816,12026.38139606,310.67961488,26286.23759153,120.86718118,2.75441039,561.86688894,2.70614039,561.86688894,102.21486281,238.44791859,16.45766115,19.99975524,25.75404587
2026-01-09,3.6725,65.99504562,82.84827219,380.27342392,1.80452094,917.9448721,1462.69318399,1.49352262,1.79,1.69999997,1.67893217,2.0,122.37315272,1.67893217,0.376,2966.21862259,1.0,1.28602415,6.93810393,5.38819254,1.0,89.88309887,13.67361552,2.95557586,2.01439795,1.38714099,2303.73817363,0.79995572,897.17571051,6.98246209,3714.94006702,497.53731825,24.02850704,94.65845748,20.84166822,178.13322205,6.41462007,63.57343627,130.03079757,47.23977327,15.0,155.90749362,0.85842439,2.2754883,0.7447175,0.7447175,2.69426435,10.72212023,0.7447175,73.86177081,8754.3988719,7.67039181,209.45252058,7.79383517,26.3798336,131.12858272,330.64548708,16828.35621116,3.16962952,89.88309887,1313.2968494,42122.92032439,126.35767946,158.7171046,0.709,157.19989629,129.25752401,87.43273902,4021.37584841,422.31711566,900.01040569,1454.62835209,0.30732638,0.83199789,510.49137503,21610.90589697,89929.74101191,309.78141529,179.38500674,16.52681707,5.42868114,9.23482536,16.77389136,4627.49717329,52.82348989,2099.68196209,3560.73308865,8.02765022,39.68328522,46.54638054,15.45576986,1736.80691211,17.99094727,4.06354286,63.89291121,16.52681707,1425.84284491,36.82220199,10.09463823,143.88037052,1.74121974,0.38488584,1.0,3.36543746,4.27303573,59.11722041,281.95614963,3.61618308,6567.95606521,3.64,4.3672131,100.71113309,80.36831404,1458.02752676,3.75,8.13497765,12.64583147,599.94020584,9.2322622,1.28602415,0.7447175,22.85505079,568.2313555,38.30533811,4554.67629296,21.17340476,110.58171988,16.52681707,31.45485297,9.31063227,3.50603032,2.90082457,2.40847466,43.15542376,6.79288414,31.62738765,2492.03588735,43.04561591,3598.74938125,39.04008688,12070.38446641,318.00157537,26329.69640584,120.84381553,2.77548257,563.08948754,2.70686274,563.08948754,102.43727803,238.44103056,16.52681707,19.82373683,25.72381452
2026-01-10,3.6725,65.9967564,82.96473413,381.21034008,1.80020568,915.98257489,1466.92530146,1.49634883,1.79,1.69999993,1.68015841,2.0,122.20467056,1.68015841,0.376,2962.56893155,1.0,1.28739912,6.92390327,5.37001733,1.0,90.26709241,13.33985401,2.92499584,2.01474309,1.39139601,2146.20277715,0.7998809,894.80462801,6.97759568,3713.33635745,497.34657764,24.00677628,94.72759257,20.87247302,178.1214,6.42120047,63.40308067,130.10304922,47.39497256,15.0,155.4021125,0.85905135,2.27424345,0.74633037,0.74633037,2.69549623,10.71498344,0.74633037,73.99688931,8735.90537964,7.66753001,208.89554096,7.79519932,26.41550416,130.9766622,331.44194182,16838.28716807,3.14914593,90.26709241,1310.39225849,999434.11542365,126.47883613,158.67968526,0.709,157.90044404,128.99862663,87.43035937,4020.48439969,422.6255607,900.01835934,1456.87869887,0.30749444,0.83239986,510.74556033,21578.82047546,90205.85583,309.21824043,179.68953532,16.48682983,5.42994098,9.24146426,16.77659716,4594.58526386,52.8921826,2099.50211515,3558.91700826,8.0290553,39.88452259,46.38726486,15.45775893,1735.56388816,17.97497808,4.09299979,63.9006999,16.48682983,1429.48046527,36.75809619,10.09753766,144.49504817,1.74429282,0.38422245,1.0,3.36109471,4.26279639,59.29510007,279.99790399,3.62103224,6579.24381681,3.64,4.37439616,100.83950293,79.27002218,1456.19508773,3.75,8.14223522,14.47119453,600.01602998,9.210656,1.28739912,0.74633037,22.81020121,571.03741296,38.22091198,4557.86939453,21.26337325,111.21193953,16.48682983,31.38208934,9.28183821,3.49659432,2.90198006,2.40989787,43.04848444,6.79155809,31.60840522,2498.62509244,42.5865487,3597.37947481,38.94823405,12138.11951575,324.76105389,26318.14224583,120.56068869,2.78398202,563.50074759,2.70248516,563.50074759,102.51209449,238.3954576,16.48682983,19.50057995,25.76381583
2026-01-11,3.6725,66.16514495,82.89661479,384.18896287,1.79443453,913.27964054,1465.86805511,1.49565744,1.79,1.70148781,1.68101387,2.0,122.2593723,1.68101387,0.376,2960.33238788,1.0,1.28738729,6.93055438,5.37358913,1.0,90.27590866,13.20001455,2.92814767,2.01244934,1.39166452,2146.12556542,0.8009179,893.68164508,6.98183682,3714.93166961,497.84842064,23.98600485,94.77582381,20.87265262,178.27700924,6.42115743,63.47215549,130.1375,47.27233407,15.0,155.34685013,0.85948874,2.27181312,0.74595706,0.74595706,2.69340966,10.72449164,0.74595706,74.18347983,8751.94866519,7.66619342,209.26678988,7.79520227,26.44459444,131.26813297,331.42451217,16822.25673867,3.15638356,90.27590866,1310.50059556,999541.64426422,126.49315746,158.4176613,0.709,157.89384815,129.00789136,87.43035937,4019.72045685,422.84074359,900.00157706,1457.9821259,0.3073967,0.82321554,510.26892373,21613.24590394,89841.05441561,309.14594238,179.96310619,16.51356354,5.42561863,9.23522775,16.86213432,4583.55524137,52.85545144,2100.03495815,3558.37211193,8.02905834,39.88193746,46.68860252,15.4597216,1735.02004513,17.97754847,4.07817756,63.88877458,16.51356354,1424.45090859,36.75557338,10.09748989,144.50916079,1.74481728,0.38488265,1.0,3.36105867,4.2582717,59.18014573,280.16941056,3.61999872,6589.73434401,3.64,4.3743861,100.85487058,79.0396628,1455.56323826,3.75,8.1306269,14.76262022,599.86808685,9.20663834,1.28738729,0.74595706,22.81011036,570.66474271,38.28882664,4557.86939453,21.11510934,110.5973846,16.51356354,31.42038976,9.29819056,3.49744575,2.91092186,2.41242978,43.0843909,6.7590329,31.61436865,2477.62099289,43.01642876,3599.56829387,38.85792392,12130.70814172,324.80881241,26308.93732798,120.31376419,2.78397955,563.78765812,2.70073407,563.78765812,102.56428927,238.38163178,16.51356354,19.4348921,25.76381583
2026-01-12,3.6725,66.00427525,82.89540225,380.92768106,1.80108335,911.98797257,1461.8272162,1.49315291,1.79,1.7,1.67746574,2.0,122.14347069,1.67746574,0.376,2959.11197416,1.0,1.28578498,6.91998954,5.39366526,1.0,90.25527771,13.77233957,2.92525777,2.01338709,1.38925893,2146.08235916,0.79849222,895.46672625,6.97657637,3714.20036767,497.16505983,23.9776404,94.57577973,20.80675142,178.0325944,6.40873673,63.4556865,130.20175821,47.30327863,15.0,155.41184364,0.85767461,2.27832601,0.74472719,0.74472719,2.69485304,10.7219423,0.74472719,73.86159342,8753.97137066,7.66588794,208.9939307,7.79505912,26.42505679,130.95523409,331.11229003,16849.77197867,3.14704942,90.25527771,1309.65314117,997707.8887989,126.25322185,158.28306461,0.709,157.78730409,128.88943853,87.42677035,4020.11959116,421.94825029,899.990186,1462.58275496,0.30692443,0.830951,510.59445112,21589.13994196,89592.13065077,308.95330438,179.4436913,16.46685798,5.42175349,9.24267184,16.77327121,4607.12542778,52.82887125,2099.84738119,3561.2393648,8.0289109,39.71635962,46.70258205,15.45988802,1732.96062315,17.94278404,4.06851641,63.90396164,16.46685798,1424.61357964,36.78142279,10.08311475,144.47613579,1.74056289,0.38505641,1.0,3.36044376,4.26486508,59.2427706,279.75999264,3.61274024,6609.99788535,3.64,4.36609492,100.65620108,79.3810349,1456.77025473,3.75,8.10774613,13.96987733,600.06169692,9.18970124,1.28578498,0.74472719,22.81002023,569.16467739,38.07436334,4558.04139563,21.16409939,110.57693928,16.46685798,31.29880056,9.31169135,3.49835567,2.93018171,2.39673441,43.14286186,6.78805062,31.64114136,2496.49633248,43.14477654,3599.53725759,38.89994492,12106.16514428,327.53154166,26258.26035905,120.14332675,2.76737027,562.59766705,2.70710248,562.59766705,102.34780602,238.39848064,16.46685798,19.44884538,25.76381583
2026-01-13,3.6725,66.02225401,82.77274822,380.97025996,1.80342008,917.36287477,1467.47553113,1.48957966,1.79,1.69999979,1.6775301,2.0,122.31490478,1.6775301,0.376,2961.7583959,1.0,1.28634216,6.93650192,5.37564445,1.0,90.21050174,13.75818031,2.91220511,2.01435076,1.38779758,2273.00530325,0.79801063,884.00894357,6.97628346,3715.8748708,497.3732547,24.01117999,94.5794085,20.81994938,178.13451315,6.40889695,63.60581842,130.05980027,47.15607111,15.0,155.74061731,0.85770752,2.27618175,0.74229212,0.74229212,2.69095843,10.72838338,0.74229212,73.68765667,8756.53820914,7.66895004,209.52669138,7.79838169,26.45294806,131.10513421,331.97507397,16874.9364401,3.13927845,90.21050174,1311.14631686,999149.94421038,125.90361643,158.67071168,0.709,158.48109408,128.84787041,87.43890061,4022.94219876,421.96443997,899.99571722,1472.62144014,0.30749463,0.83138529,510.81607988,21618.80993358,89879.0199885,309.5521545,179.68890443,16.40500935,5.43010524,9.20651018,16.85164992,4624.13493647,52.77606053,2099.74888047,3560.11884038,8.03233314,39.74913499,46.68633348,15.4594019,1735.46304248,17.92725864,4.05952463,63.89630212,16.40500935,1424.96658236,36.81372929,10.07060972,144.40446066,1.73093402,0.38491601,1.0,3.36275593,4.26901028,59.26726472,280.22475364,3.61175674,6622.66414853,3.64,4.36531919,100.64482871,78.32329053,1457.26495687,3.75,8.10889539,13.93757416,599.89676219,9.17201571,1.28634216,0.74229212,22.83511048,570.17623152,38.13155022,4548.69560238,21.17423916,110.57499363,16.40500935,31.35601223,9.31767134,3.50978493,2.89568688,2.39599493,43.15330355,6.79451597,31.67082603,2498.95616391,43.241664,3602.59173333,38.97803836,12102.86371112,330.573048,26269.23380247,120.98722505,2.76229074,562.6192533,2.70647045,562.6192533,102.35173299,238.39299255,16.40500935,19.51268738,25.75039033
2026-01-14,3.6725,66.06524672,82.90941987,380.60088341,1.80294573,916.52844805,1458.15801422,1.49549946,1.79,1.69999994,1.6804369,2.0,122.3451764,1.6804369,0.376,2963.92718101,1.0,1.28911579,6.92721685,5.3729749,1.0,90.2539702,13.59248487,2.91692503,2.01971963,1.38956171,2132.80507089,0.80166055,886.14786193,6.97853657,3655.92675915,497.37881321,24.02151708,94.74329424,20.82371451,178.21636713,6.42026452,63.73745957,130.21741276,47.09974944,15.0,155.69375573,0.85919374,2.27995526,0.74473944,0.74473944,2.69419085,10.7505318,0.74473944,73.84220125,8759.72216127,7.67118926,209.54002734,7.80095268,26.41463563,131.61279627,331.77757583,16867.79571207,3.14618552,90.2539702,1311.3245919,1038646.52232661,125.95347432,158.19376956,0.709,159.34528368,129.09623673,87.44512586,4028.00388281,422.69561347,900.00081175,1477.99910503,0.30781189,0.82891364,509.62011479,21648.40387451,89985.38709562,309.61616102,180.04617856,16.36784003,5.43620338,9.21433833,16.89545042,4627.31222529,52.84877742,2099.77980053,3563.46395653,8.03498126,39.85372994,46.68480568,15.45945702,1735.78531728,17.82256824,4.05998151,63.81972068,16.36784003,1423.98245536,36.79139411,10.0917507,144.4740428,1.74301561,0.38478771,1.0,3.36230232,4.269475,59.38107272,280.27388674,3.61838908,6624.36136851,3.64,4.37387242,100.81274371,78.7137763,1457.90878332,3.75,8.11740491,14.51854694,599.78599084,9.22904741,1.28911579,0.74473944,22.97495665,570.36913724,38.12706455,4544.50679649,21.18348998,110.58958749,16.36784003,31.52550538,9.34053013,3.50001837,2.89749476,2.39530103,43.15894374,6.78560316,31.67715252,2497.48634845,43.23228577,3581.71780088,38.89811294,12085.68970546,332.4367618,26290.3258197,120.88291306,2.76861972,563.59415129,2.70553709,563.59415129,102.5290865,238.38534084,16.36784003,19.50298162,25.74617529
2026-01-15,3.6725,65.39163047,82.90257255,378.38426664,1.80295275,917.44600537,1453.58175568,1.49725704,1.79,1.69999993,1.68048629,2.0,122.27279334,1.68048629,0.376,2962.31797487,1.0,1.2876895,6.92120552,5.39728276,1.0,90.25507005,13.75075325,2.90536643,2.01378697,1.38898262,2278.66624225,0.79978585,881.85995581,6.96829122,3674.78153466,495.67218413,24.01603851,94.74607865,20.83642643,178.10391875,6.42010015,63.71351749,130.03690495,47.30820683,15.0,155.74007684,0.859219,2.27905077,0.74445155,0.74445155,2.69386448,10.78374404,0.74445155,73.60068881,8755.78497722,7.66838982,209.31798268,7.79621426,26.44539534,131.12656669,332.03139552,16859.11265907,3.15543886,90.25507005,1310.68125294,1066565.64155569,125.44627884,158.0307994,0.709,158.35386257,129.05783118,87.4471047,4032.17359263,422.70803607,900.00676993,1469.54015274,0.30756279,0.83175139,510.80286464,21607.11192813,89886.83938777,309.6353207,180.23478649,16.40396218,5.43536452,9.2150629,17.06320094,4637.80403064,52.86485434,2099.81161708,3563.8803178,8.03010069,39.90032394,46.1465941,15.45879373,1734.65950672,17.79685889,4.04918582,63.89671928,16.40396218,1422.85703325,36.80912848,10.06469959,144.47580338,1.74289176,0.38482704,1.0,3.36090854,4.26923563,59.42809609,280.07097532,3.61833022,6624.41963694,3.64,4.37195918,100.82951978,78.49825049,1458.55916172,3.75,8.12098616,14.30919227,599.8359248,9.1999724,1.2876895,0.74445155,22.96510086,567.77261589,38.32653902,4547.91396181,21.19652555,110.61135493,16.40396218,31.48977571,9.30552144,3.50640993,2.89131477,2.39939101,43.18218257,6.79051021,31.55668159,2506.66195979,43.34486801,3560.18673732,38.7524295,12025.91163451,338.34780525,26321.89800627,121.08212957,2.76983401,563.61071476,2.70601079,563.61071476,102.53209972,238.42231845,16.40396218,19.74780444,25.70214002
2026-01-16,3.6725,65.76930959,83.27321353,379.23810243,1.80268665,918.12345433,1442.12543023,1.49297403,1.79,1.69999717,1.68479873,2.0,122.41310656,1.68479873,0.376,2964.60662715,1.0,1.28831617,6.92364904,5.3682815,1.0,90.32057508,13.67617299,2.90556144,2.01531511,1.38939472,2269.65731255,0.80315398,883.04404711,6.96779452,3685.378626,494.41608601,24.00315826,94.98921484,20.91673075,178.27379567,6.43640511,63.79689745,130.48472728,47.24879742,15.0,155.72970946,0.86142391,2.27937636,0.74720568,0.74720568,2.69333453,10.8036787,0.74720568,73.82023961,8757.83192687,7.67039995,209.25038175,7.79815435,26.40572433,131.64486888,331.80881732,16919.96289371,3.14047404,90.32057508,1311.30570321,1064440.21274456,125.94902053,157.91777675,0.709,158.53027257,129.12645897,87.46619328,4023.97414908,423.79278406,900.00778878,1474.86426373,0.30774276,0.8297145,511.52276851,21633.21813297,89989.07312551,309.93328203,180.4725704,16.34735684,5.43841904,9.22930613,17.08119587,4635.21099441,52.98762232,2099.91750417,3562.62151323,8.03209898,39.85472485,46.19342968,15.45950848,1735.78271766,17.65520161,4.05930129,63.84029987,16.34735684,1421.81227142,36.77913768,10.10866125,144.58066056,1.73972833,0.38496231,1.0,3.36313568,4.27325937,59.42092462,280.08859009,3.62988029,6708.15934561,3.64,4.38436204,101.09669466,78.34845715,1457.18898742,3.75,8.12181786,15.11273605,599.66735407,9.21527976,1.28831617,0.74720568,22.85526182,566.96262766,38.22790435,4546.6327873,21.24729295,110.60784598,16.34735684,31.41370071,9.33571169,3.499109,2.89569637,2.39432799,43.27758729,6.7893637,31.58572477,2508.49553363,43.35622331,3555.63584037,38.70329014,11982.75466335,338.9518452,26259.94427385,121.08850174,2.77217465,565.05704541,2.7061875,565.05704541,102.7952163,238.41284529,16.34735684,19.88391315,25.64136517
2026-01-17,3.6725,65.00678397,83.1507648,379.98904303,1.79800717,913.71137604,1426.92843154,1.49655126,1.79,1.70000042,1.68688413,2.0,122.3584236,1.68688413,0.376,2956.51872609,1.0,1.28874788,6.91257692,5.37149376,1.0,90.74300141,13.36184294,2.87996441,2.01458729,1.39157586,2211.89543641,0.80259815,886.83000552,6.96910153,3691.30484477,488.32214237,24.00946078,95.1067899,20.91690649,178.18101601,6.44079584,63.45162318,130.27592056,47.10096195,15.0,155.60132082,0.86249016,2.27994231,0.74940078,0.74940078,2.69202234,10.82488799,0.74940078,73.46845234,8759.82524488,7.66594236,208.92938589,7.79789701,26.43912029,131.02275301,332.1007436,16899.22347397,3.14415606,90.74300141,1310.41192537,1064357.66285851,126.04502926,158.02113444,0.709,158.19053701,128.99470095,87.44796082,4025.61066989,424.31734322,899.98947964,1473.07285206,0.3079753,0.83216265,511.33414341,21604.24991523,90204.008575,309.76797654,180.47540747,16.40921901,5.42997314,9.22540289,17.10921647,4626.34527541,53.05419712,2100.22095345,3564.2141222,8.03183392,39.78129984,46.32675523,15.4577496,1732.21741353,17.62297824,4.05700379,63.77105128,16.40921901,1422.82811214,36.69848727,10.09020809,145.25685951,1.73850066,0.38438055,1.0,3.36750762,4.22638413,59.40946312,279.99746451,3.63803176,6771.96781761,3.64,4.38777845,101.17398795,77.80254774,1457.86008844,3.75,8.12839328,13.41126779,599.9694904,9.22164369,1.28874788,0.74940078,22.83502859,571.05097138,38.29762657,4550.05771949,21.32169479,110.66397777,16.40921901,31.43787489,9.32012448,3.50522337,2.9040732,2.39447624,43.27774757,6.78474591,31.6229326,2512.65206938,43.36268907,3558.72294618,38.70435236,11954.35966186,341.28721252,26255.67540325,120.82407184,2.79017944,565.75645762,2.70247643,565.75645762,102.92245341,238.47206062,16.40921901,20.20093745,25.67767959
2026-01-18,3.6725,66.49285475,83.17329395,379.99210931,1.79707376,912.6257869,1428.4801379,1.49637093,1.79,1.70170153,1.68521544,2.0,122.27613139,1.68521544,0.376,2958.00057056,1.0,1.28868733,6.92230308,5.37067545,1.0,90.69101905,13.36464475,2.88432194,2.01129834,1.39167317,2158.20502256,0.80289392,886.4775873,6.96910934,3692.70290374,487.45608253,23.99649848,95.01270919,20.9149543,178.27230595,6.44150942,63.38083098,130.3035,47.20975202,15.0,155.61510289,0.86163697,2.27972299,0.74736613,0.74736613,2.6911966,10.81411246,0.74736613,73.97761312,8756.06331869,7.66420308,209.28478084,7.79767571,26.44906441,131.88503801,332.06990216,16885.12620893,3.14121913,90.69101905,1310.29699351,1064847.99598405,126.05154412,157.79447986,0.709,158.19582841,129.02372761,87.44796082,4022.45883779,423.89760372,899.99724215,1472.8356327,0.30763037,0.82322737,511.80273982,21620.28064765,90127.62880669,309.67311054,181.08580219,16.41050523,5.4297465,9.22066509,17.07615513,4584.36844306,52.99783497,2100.1249275,3562.75331079,8.03160598,39.96000339,46.29713363,15.45968706,1732.78798046,17.6255993,4.05766375,63.87160458,16.41050523,1420.39719608,36.76403631,10.09612369,145.17364874,1.73889666,0.38481667,1.0,3.36097154,4.26262655,59.39802685,280.01133865,3.63796865,6765.33984852,3.64,4.38673253,101.18074346,77.90023138,1455.70607878,3.75,8.12401508,14.83378076,599.65758549,9.22180169,1.28868733,0.74736613,22.83510489,571.14109041,38.27151756,4550.05771949,21.24500651,110.58108912,16.41050523,31.4199352,9.32439008,3.50338504,2.89845394,2.39197101,43.22512567,6.76205208,31.63157855,2481.97691702,43.4206611,3541.67117304,38.4882962,11962.86614529,341.1982007,26293.63968016,120.35726007,2.79018861,565.19680496,2.70052688,565.19680496,102.82064136,238.36099087,16.41050523,20.17479735,25.67767959
2026-01-19,3.6725,65.63645529,83.1952163,378.69109521,1.80078352,917.3558098,1425.86614527,1.49653512,1.79,1.69999694,1.68314142,2.0,122.28868625,1.68314142,0.376,2958.9542957,1.0,1.28683745,6.9083084,5.3692073,1.0,90.68054436,13.78861896,2.88083584,2.01402496,1.38993048,2273.33125163,0.79951039,886.61019794,6.96458292,3690.77784235,488.99777595,23.98044016,94.89577551,20.88603587,178.02564386,6.43017519,63.66534632,129.908152,47.07703486,15.0,155.99266362,0.86057654,2.27984585,0.74705242,0.74705242,2.6902268,10.8206626,0.74705242,73.79611605,8758.50384324,7.6653588,209.08219556,7.79583843,26.3701141,131.20957096,331.42763146,16916.19967009,3.14882981,90.68054436,1309.93973524,1065505.7133527,125.82493878,157.68805906,0.709,157.80151566,128.98715592,87.44511739,4024.4761588,423.37590608,900.03817214,1474.99926144,0.30763954,0.83103073,511.23075126,21607.1900852,89600.22286342,309.69239659,180.56409945,16.41208072,5.43223865,9.22755108,17.12779275,4635.35094963,52.95242955,2100.20786764,3566.19970702,8.02971358,40.03875637,46.29807176,15.45957315,1733.09430967,17.6280269,4.05708579,63.89333804,16.41208072,1419.99291538,36.78738273,10.07776185,145.15688139,1.73519591,0.38492244,1.0,3.3584024,4.27054906,59.39139276,279.78957331,3.63487461,6822.25550307,3.64,4.37992851,100.97901004,77.8230203,1455.89491827,3.75,8.11906742,15.25622466,599.82095508,9.21396886,1.28683745,0.74705242,22.83573709,569.99180854,38.38623493,4550.10441139,21.25150925,110.68734318,16.41208072,31.31393647,9.31967661,3.50660057,2.93385533,2.39643839,43.27130041,6.78457295,31.53285764,2517.56288132,43.43093447,3546.6075102,38.68590463,11946.54590386,342.78260011,26332.84381341,121.20917245,2.77223963,564.50120811,2.70708435,564.50120811,102.69409834,238.45519254,16.41208072,20.19176963,25.67767959
2026-01-20,3.6725,65.48600654,82.88395165,378.9279023,1.79958112,915.28717903,1436.15222652,1.48998243,1.79,1.70002558,1.67996337,2.0,122.20868113,1.67996337,0.376,2957.89788954,1.0,1.28578757,6.924328,5.3700287,1.0,90.94802942,13.7343745,2.87723716,2.01257547,1.38701282,2281.24745984,0.79754595,887.9029943,6.96174586,3669.95127752,486.97144878,23.95597302,94.71659667,20.874004,178.01285036,6.41692108,63.5276529,130.20416493,47.42444726,15.0,155.88221492,0.85895163,2.27280784,0.7450392,0.7450392,2.69034416,10.81719267,0.7450392,73.76524508,8758.37397606,7.66362209,208.91395758,7.7977379,26.35672177,130.79972302,331.22916148,16989.96393856,3.15525347,90.94802942,1308.51314327,1072707.3671953,125.58207253,157.62502384,0.709,158.04094737,128.89376143,87.44747054,4023.32478275,422.57650267,899.98664142,1478.20825427,0.30771766,0.82927092,508.3743192,21570.86140539,89711.13850596,309.3338432,180.79678786,16.40137632,5.42807326,9.21580541,17.0577879,4528.19987268,52.86379224,2099.72047337,3563.57981253,8.03167004,39.86756055,46.26875025,15.46004418,1732.60663997,17.59475507,4.05306464,63.89504443,16.40137632,1418.40645549,36.75174767,10.06412944,145.5850581,1.72181335,0.38489839,1.0,3.35578125,4.26878263,59.46205469,279.4811436,3.62822476,6652.8093829,3.64,4.37413371,100.82124886,77.51755925,1456.39093813,3.75,8.11529736,13.60500619,600.0808471,9.20632985,1.28578757,0.7450392,22.90479249,568.70984644,38.34451383,4554.17574031,21.175618,110.60221611,16.40137632,31.24887094,9.30949712,3.50719999,2.89518057,2.39219952,43.28320511,6.78298014,31.63557431,2525.09544943,43.28701138,3480.56609693,38.56066539,12018.09888444,342.6967798,26262.85772778,121.22662883,2.7532901,563.43533689,2.7061355,563.43533689,102.50019497,238.47214822,16.40137632,20.02413256,25.61783125
2026-01-21,3.6725,65.55910946,82.25273087,379.25206102,1.8017776,917.11998407,1434.24492927,1.48370102,1.79,1.69996353,1.66757953,2.0,122.33858295,1.66757953,0.376,2961.858009,1.0,1.28371599,6.91559823,5.37673463,1.0,91.09221192,13.68481165,2.88478669,2.01359584,1.38283899,2139.12728904,0.78978081,885.9934031,6.96461107,3673.78841901,487.65375317,23.99993737,94.01839383,20.74978195,177.9281784,6.36955297,63.3176608,129.78053365,47.4673947,15.0,156.02551145,0.85261988,2.26896131,0.74350936,0.74350936,2.69072439,10.8482847,0.74350936,73.79389235,8753.35429573,7.67209471,209.09354505,7.79766044,26.36986709,130.98399504,328.31052352,16955.11739278,3.17088413,91.09221192,1310.49392056,1070945.09726623,124.65785031,157.51284734,0.709,158.0035817,129.05133844,87.45728195,4026.72896214,419.46148245,899.99367496,1471.94055538,0.30743802,0.83166854,508.2543403,21615.55583728,89383.41453696,309.79422205,184.06451135,16.40081191,5.45506868,9.17615987,17.04304488,4547.93067084,52.54000203,2100.13940415,3566.26605522,8.03159025,39.93839637,46.17249244,15.45938719,1734.15094779,17.58107362,4.0567925,63.89906615,16.40081191,1419.55541984,36.80061209,9.98019121,145.81585823,1.7146386,0.38491968,1.0,3.35797569,4.27345087,59.35603881,279.88939586,3.60125256,6676.36816157,3.64,4.3419639,100.10851629,78.05017617,1457.14976115,3.75,8.10352324,14.17311775,599.99034108,9.11739457,1.28371599,0.74350936,23.01799727,569.30445782,38.34729868,4551.15429332,21.09768088,111.0776247,16.40081191,30.96672051,9.3301662,3.50855203,2.88033807,2.39246948,43.30092381,6.77688381,31.65480767,2528.38729064,43.27752746,3461.82452043,38.36610894,12063.80255033,344.02637507,26268.42004567,120.68806326,2.7554601,559.2819766,2.70731928,559.2819766,101.74461538,238.46853858,16.40081191,20.26736854,25.63543304
2026-01-22,3.6725,65.52760933,82.50281406,377.37382862,1.80347056,917.62836435,1430.0443079,1.47098948,1.79,1.7000052,1.67295308,2.0,122.45210422,1.67295308,0.376,2963.15003109,1.0,1.28380731,6.91936214,5.31911091,1.0,91.51245026,13.55283519,2.87631722,2.02118269,1.38248481,2187.01400026,0.7951875,874.83185441,6.96184448,3674.0391314,492.23573113,23.99570491,94.32135519,20.81484365,178.16127685,6.39004321,63.07955349,129.92555022,47.39345253,15.0,155.93800605,0.85536733,2.26565877,0.74450916,0.74450916,2.6909151,10.8753368,0.74450916,73.76457217,8767.17093265,7.67328428,209.63716351,7.79662169,26.38110858,131.11557591,328.6786925,16898.52467146,3.14993272,91.51245026,1311.51745725,1071186.40124861,125.05448401,157.50898192,0.709,158.4067875,129.15703461,87.45662873,4033.78461268,420.81313946,899.98469338,1467.95848988,0.30731936,0.8297395,507.64680327,21648.03703806,85906.44042255,310.22950171,184.78988089,16.25971477,6.23853352,9.18636918,17.00086483,4602.52109836,52.64189127,2099.7864956,3565.19908692,8.03052035,39.94060832,46.02496006,15.45930881,1735.61606097,17.48667926,4.04519937,63.88506186,16.25971477,1423.4621748,36.78149432,9.9525706,146.48855475,1.70773939,0.38474376,1.0,3.36015196,4.27707275,59.15720987,280.26892568,3.60628299,6688.9948803,3.64,4.35797719,100.43065776,76.95706056,1458.73225384,3.75,8.10262757,14.33298738,600.08705128,9.09188618,1.28380731,0.74450916,22.84511005,565.51596859,38.22508307,4546.14284948,21.11541404,110.57800736,16.25971477,31.30113805,9.34402875,3.50824417,2.88358239,2.38806217,43.31775718,6.79039304,31.65033023,2531.39590795,43.12855109,3459.71532772,38.44035344,12085.40786359,348.1181951,26308.50048897,120.59354711,2.74578891,561.08418595,2.70614122,561.08418595,102.07247343,238.30191041,16.25971477,20.22760212,25.61909749
2026-01-23,3.6725,64.97653107,82.10778883,379.13283838,1.79782408,916.93634965,1429.09047339,1.46134335,1.79,1.70000169,1.66493045,2.0,122.30674649,1.66493045,0.376,2952.91674982,1.0,1.28073085,6.91842144,5.28491704,1.0,91.59005926,13.7257179,2.82233,2.00553147,1.37937613,2160.61403903,0.7899399,871.02051513,6.96553353,3600.16991626,493.61851358,23.93515908,93.86903815,20.65541057,178.24036278,6.35795931,62.88605511,129.76048387,47.07295548,15.0,155.49760607,0.85126542,2.25330808,0.74095735,0.74095735,2.69072341,10.87320815,0.74095735,73.51477773,8755.0538977,7.67193493,209.15161181,7.79738055,26.40212621,130.68318654,325.19177318,16847.67006986,3.13819321,91.59005926,1307.95274169,1075251.53376154,124.29093365,157.10416354,0.709,158.67814727,128.9989291,87.45792236,4021.26736639,418.79513462,899.97071369,1468.90327537,0.30718772,0.8289176,505.18176804,21559.67504739,86092.61399986,309.46236244,185.1579818,16.11221386,6.27940355,9.17099943,17.01127864,4540.03554514,52.50336411,2099.8355195,3574.49564823,8.03130196,39.90477282,46.08564536,15.45631785,1730.26687157,17.45383028,4.02349829,63.90237281,16.11221386,1419.71321774,36.72092536,9.84896521,146.61278736,1.69032179,0.38486001,1.0,3.35558449,4.26883748,59.03695451,279.09479282,3.57513984,6699.9020037,3.64,4.33433041,99.9520882,75.97933703,1453.87013056,3.75,8.09447658,14.55128948,600.02484872,9.00772031,1.28073085,0.74095735,22.95998673,565.70097263,38.21512626,4543.50920726,21.12527397,110.57554167,16.11221386,31.23840441,9.33049548,3.49799013,2.87369967,2.38488032,43.35159694,6.78201828,31.60233352,2541.55764954,43.13332461,3505.25807472,37.8707877,12145.28880878,352.05172387,26258.07390993,120.00223469,2.74245916,558.39351282,2.70614014,558.39351282,101.58298599,238.29874006,16.11221386,19.84432721,25.61469929
2026-01-24,3.6725,65.13574246,81.73219819,379.05675646,1.79802378,913.56991001,1433.00404186,1.45075038,1.79,1.7012515,1.65424133,2.0,122.37179929,1.65424133,0.376,2956.79314944,1.0,1.27294953,6.90908307,5.29139075,1.0,91.60836961,13.32163028,2.82499475,2.0147282,1.37021971,2234.59830659,0.78145682,866.58303977,6.96408562,3641.31862656,494.73465299,23.98976807,93.26638402,20.51997347,178.05638512,6.31529668,62.96985387,129.28903452,47.10313673,15.0,155.67554921,0.84580016,2.25416421,0.73270513,0.73270513,2.68999376,10.87500211,0.73270513,72.95598268,8752.04346915,7.6735911,208.82663546,7.79719294,26.44612222,131.01898382,323.15529579,16787.02547781,3.1360508,91.60836961,1310.30709395,1076359.83897735,123.52604312,157.82058584,0.709,155.97022539,128.94974298,87.45537943,4029.27469415,416.10640334,900.25492185,1447.35259986,0.30649444,0.83229863,505.58650201,21505.9717216,91481.68712997,309.69820635,184.96763094,16.13420247,6.31390032,9.13753065,17.01920657,4534.65048089,52.5318368,2099.37218351,3564.4499461,8.03110873,39.88042755,45.92730349,15.44707032,1733.64333102,17.3599824,4.00650126,63.89602495,16.13420247,1420.73576455,36.75947929,9.77341504,146.64209765,1.68093415,0.38404198,1.0,3.36113617,4.2673751,58.96647446,279.87621232,3.55377592,6685.29712793,3.64,4.31398188,99.40967489,75.753947,1456.60550111,3.75,8.1243821,14.80776503,600.00944923,8.95144939,1.27294953,0.73270513,22.8450708,580.65255137,38.17921128,4539.7521448,20.91994045,110.57655646,16.13420247,31.0952688,9.34890295,3.49625939,2.88496652,2.3806588,43.37218879,6.79534706,31.38634204,2537.49026985,43.15352211,3544.80285993,38.37921901,12051.11422979,353.67831318,26265.11270873,120.06107902,2.75559046,554.80853779,2.70247464,554.80853779,100.93080709,238.29557163,16.13420247,19.55022116,25.61972806
2026-01-25,3.6725,66.21104988,81.75137785,382.56696176,1.79711429,912.76997114,1434.47164433,1.45066247,1.79,1.70125077,1.6540668,2.0,122.34509776,1.6540668,0.376,2958.59078773,1.0,1.27282347,6.91506938,5.29006527,1.0,91.68922214,13.18631271,2.82114482,2.01199857,1.3718385,2211.1287539,0.78059725,866.5718311,6.96335502,3640.45111843,497.5746219,23.93797467,93.25654375,20.52335966,178.3443084,6.31965271,62.91669251,129.7501051,47.12986107,15.0,155.67663711,0.84571093,2.25415503,0.73307839,0.73307839,2.69171151,10.88911163,0.73307839,73.64560867,8752.49701774,7.66786908,209.25564694,7.79749225,26.45012858,131.5612637,323.2322087,16855.50467588,3.12827103,91.68922214,1310.24879487,1076182.24425848,123.52534789,157.60239995,0.709,155.7555875,129.01465905,87.45537943,4025.9048424,416.06250113,900.06682623,1453.42863184,0.30652092,0.82322706,503.43564272,21549.54606788,89892.48135828,309.71456085,185.05519638,16.10582655,6.3286043,9.11923712,17.01399841,4530.44080886,52.52903374,2099.88376545,3564.4788161,8.03141702,39.85698479,45.98859486,15.45141271,1733.59106867,17.36352831,4.00614574,63.88419109,16.10582655,1422.91909343,36.77571738,9.7740222,146.77152234,1.6816983,0.38467175,1.0,3.35660594,4.26630269,59.06101184,279.77690719,3.5599095,6681.50866351,3.64,4.32172679,99.39079436,75.63625479,1454.87101207,3.75,8.1243821,14.82157777,599.68289706,8.9513085,1.27282347,0.73307839,22.84506689,575.22769362,38.19647839,4539.7521448,21.06852848,110.57514279,16.10582655,31.07838985,9.35212376,3.49957694,2.874032,2.37185494,43.34210886,6.76835437,31.36771401,2511.6628124,43.17644234,3545.05820974,37.51550511,12083.65871889,352.14354875,26317.54498805,119.96240829,2.75559007,554.75000151,2.70142315,554.75000151,100.92015816,238.33689821,16.10582655,19.54300351,25.61972806
2026-01-26,3.6725,65.6720968,81.53226599,379.07538307,1.78639563,918.93671998,1429.15841007,1.44417826,1.79,1.69999591,1.64743103,2.0,121.42335051,1.64743103,0.376,2946.97051723,1.0,1.26815784,6.87129017,5.29847197,1.0,91.52126658,13.42019264,2.81727964,2.00360194,1.36805229,2270.95759015,0.77653299,864.4557301,6.95597019,3612.72296241,495.21239359,23.76646806,92.88241817,20.43695567,177.93911912,6.29035598,62.63973276,129.32931043,46.93725937,15.0,154.94330484,0.84231811,2.21582115,0.73132017,0.73132017,2.69199307,10.85050123,0.73132017,73.88100842,8749.22214124,7.6711076,207.57854486,7.7953035,26.33053185,130.56497603,321.5064702,16767.6777892,3.13396462,91.52126658,1303.23988884,1076590.97994942,122.81338383,156.37937517,0.709,154.07886793,128.18204457,87.47006132,4002.31882435,414.39334618,899.92046048,1441.47641816,0.30643406,0.83105313,500.77160956,21479.32652462,86695.01036581,306.70152668,184.65841687,16.06595235,6.32138954,9.15867327,16.8843534,4496.68826093,52.1658472,2099.55127015,3567.45527704,8.0291626,39.79424107,45.91752788,15.45957071,1723.18044377,17.3642159,3.96901101,63.73784546,16.06595235,1412.50936475,36.81787968,9.72954803,146.50266748,1.67564996,0.38498536,1.0,3.33730388,4.26079281,58.99382724,277.37065808,3.54751569,6689.1011885,3.64,4.30304231,99.14540893,75.50845261,1447.9669254,3.75,8.05197346,14.76820353,599.60189216,8.89784864,1.26815784,0.73132017,22.84505709,567.65096491,38.10271015,4539.67649267,20.92825123,112.00779838,16.06595235,31.05691767,9.29585807,3.49834364,2.86798274,2.37063172,43.39719457,6.77292146,31.41465066,2539.50857053,43.08568284,3545.61330535,37.50855642,12047.59233556,353.91541363,26211.29745039,119.80211744,2.72029338,552.52446157,2.70971283,552.52446157,100.51528779,238.26407273,16.06595235,19.5218338,25.60733851
2026-01-27,3.6725,65.50681883,81.3429171,374.00662347,1.79435829,916.79597346,1437.66249997,1.4449881,1.79,1.70000113,1.64600008,2.0,122.22027817,1.64600008,0.376,2953.43668689,1.0,1.26923886,6.90260159,5.28225132,1.0,91.70201469,13.22705644,2.84524928,2.01303654,1.37137276,2273.28995787,0.77663816,864.92225711,6.95754078,3682.59916157,497.29604334,23.88513003,92.8017411,20.39843543,177.83010009,6.28530486,62.64929258,129.24829039,47.06405579,15.0,155.2504475,0.84158648,2.21309506,0.73066854,0.73066854,2.68959312,10.89665902,0.73066854,74.06759681,8761.28276908,7.65946776,208.88375866,7.79756248,26.3613135,131.61830757,321.15176023,16799.45727536,3.11629709,91.70201469,1308.42131872,1077723.57733127,122.35218082,156.622368,0.709,154.33408016,128.89390561,87.46515632,4023.26756409,414.03340678,900.02772076,1448.75359706,0.3067086,0.82808923,501.95292337,21490.13890316,89268.2894037,309.0250978,184.47607579,16.01640331,6.30530808,9.07937918,16.80246469,4502.95202621,51.86856041,2099.9107575,3566.60822019,8.03148935,39.90682904,45.51816754,15.4597635,1733.32162211,17.33588493,3.96679371,63.73226677,16.01640331,1413.55818522,36.70177418,9.77879395,146.79200001,1.67472077,0.38481988,1.0,3.35182219,4.30974697,59.09855251,279.68183972,3.54007495,6657.5715814,3.64,4.29017911,98.82244037,76.4976974,1450.67230459,3.75,8.05341723,14.36319898,599.51900454,8.93983282,1.26923886,0.73066854,23.98422368,568.19239234,38.04836103,4536.17362646,20.81524616,110.73133277,16.01640331,31.23267094,9.3290574,3.4977294,2.84711334,2.37316935,43.39077467,6.78107492,31.48844148,2542.77085687,43.11340189,3542.43995912,37.47281155,12084.02153428,358.34792872,26159.42988098,119.43053749,2.7167143,552.04454237,2.70587355,552.04454237,100.42798085,238.26462282,16.01640331,19.5930058,25.60827588
2026-01-28,3.6725,65.74808815,80.67863947,374.28211131,1.7953424,916.23372446,1442.55532103,1.43219294,1.79,1.70000003,1.63088893,2.0,122.10678337,1.63088893,0.376,2960.98558989,1.0,1.26194917,6.90466029,5.18571046,1.0,91.53624201,13.24313611,2.83517725,2.01059808,1.36144338,2288.98796605,0.76618326,859.53906269,6.94884851,3643.09852983,497.0683675,23.90782637,91.9497716,20.20224383,178.01195069,6.2267752,62.85812307,129.36091394,47.00158619,15.0,154.73433426,0.83386027,2.20186279,0.72479813,0.72479813,2.6888868,10.91262441,0.72479813,74.2650538,8775.92236422,7.67074347,208.46192243,7.80007682,26.40605104,131.79194709,317.05319235,16738.94950207,3.09090038,91.53624201,1308.87826978,1080660.52159648,121.08594903,156.65798687,0.709,153.02337047,129.07407771,87.46233908,4013.2368284,410.23235918,900.0121766,1432.90664207,0.30626989,0.82845915,501.77075568,21429.70701113,89957.23871091,309.26365287,184.99474306,15.90612513,6.31483882,9.03651932,16.81880079,4459.23962564,51.39293309,2099.85513493,3569.00732434,8.03407913,39.89563927,45.50613681,15.45999393,1734.10015302,17.19926422,3.92374375,63.70010471,15.90612513,1405.60681384,36.7538781,9.60893011,146.52663939,1.66395274,0.38498224,1.0,3.34183838,4.27380945,58.87914299,279.70893574,3.50160576,6653.30225969,3.64,4.25068119,97.91376625,76.39748726,1452.47739476,3.75,8.0111623,14.65536505,599.53826372,8.81335577,1.26194917,0.72479813,22.82007981,570.55309689,38.2918798,4536.38146961,20.62478602,110.71033769,15.90612513,30.9583169,9.29867401,3.49804545,2.8272583,2.34816102,43.41467845,6.78984191,31.32288599,2556.15339981,43.0194299,3573.2243941,37.63542631,12129.63354034,359.64253167,26103.6523415,119.26384257,2.70906445,546.9764789,2.70849633,546.9764789,99.5059984,238.11968229,15.90612513,19.84872054,25.61533713
2026-01-29,3.6725,65.0555345,80.92549197,377.95471271,1.80112221,917.9851499,1444.03833528,1.420828,1.79,1.70220552,1.6340485,2.0,122.22110179,1.6340485,0.376,2963.87396513,1.0,1.2630961,6.90878211,5.19772631,1.0,92.00774522,13.08308011,2.84966278,2.01269051,1.35435735,2293.0056685,0.76674479,863.28494982,6.94834958,3670.403757,495.55048907,23.98931953,92.12790889,20.30320771,177.99815868,6.23846081,62.91362407,129.1955274,46.82587631,15.0,155.38902466,0.83547573,2.19276527,0.72415036,0.72415036,2.68917679,10.92780634,0.72415036,73.62766954,8774.11262712,7.6722597,209.26082944,7.80246323,26.38057174,131.08814417,317.90205497,16800.91647133,3.09403315,92.00774522,1309.92548126,1086850.66097053,120.98265811,156.76311284,0.709,153.07745767,129.00211428,87.46536748,4021.35336437,411.02711569,900.02342391,1428.14418105,0.30648578,0.83182246,504.54385019,21545.67936431,89697.86318558,309.67507457,185.13340682,15.74037411,6.28153781,9.04544662,16.78402776,4463.03335428,51.52653336,2100.05202185,3568.82277929,8.03653713,39.97023437,45.13377286,15.45964074,1734.61574356,17.17168126,3.93173342,63.81075243,15.74037411,1396.50447927,36.8241868,9.57927922,147.28139816,1.65099053,0.38474097,1.0,3.34507608,4.28209946,58.85830907,279.83777965,3.51497864,6712.47632707,3.64,4.25687573,98.09396013,76.54477479,1457.00343498,3.75,8.05528392,14.24765396,599.89265759,8.82258861,1.2630961,0.72415036,22.88522331,568.98298608,38.10841288,4541.71796864,20.70018528,111.16582032,15.74037411,31.15873286,9.35022909,3.49915873,2.83283645,2.39803018,43.43367151,6.78252245,31.30798144,2557.52467981,42.85726402,3575.33856988,37.86612715,12128.00618084,360.48731457,26077.40447641,119.51833488,2.71670604,548.03615426,2.70739704,548.03615426,99.69877461,238.38079802,15.74037411,19.89981857,25.62765679
2026-01-30,3.6725,65.85587396,81.2039389,378.14855603,1.80303701,915.47610135,1444.07550469,1.432586,1.79,1.69999981,1.6425567,2.0,122.34105021,1.6425567,0.376,2965.81165479,1.0,1.26779776,6.91546077,5.19415263,1.0,91.92873526,13.08581704,2.82284318,2.01801558,1.35374486,2299.897097,0.76915198,859.09421317,6.95107353,3650.99316064,495.24950282,24.01055914,92.60760234,20.43105271,178.08766196,6.2716863,62.96117651,129.48603045,46.85000442,15.0,155.634727,0.8398259,2.20072028,0.72733834,0.72733834,2.68849433,10.93548244,0.72733834,73.94308614,8780.37887094,7.67111281,209.60038055,7.80672506,26.39563984,131.38528011,320.08134139,16797.63140512,3.08526702,91.92873526,1311.38010764,1101587.0216777,121.7822223,157.0484501,0.709,153.82183758,129.12529404,87.46217578,4021.12818445,413.16725996,900.01478896,1440.084,0.30661724,0.83132827,502.86056522,21553.00462456,89952.30950745,309.95286837,185.32193488,15.87793077,6.2904599,9.08153524,16.8274611,4484.79501082,51.69470609,2100.27259377,3567.07797328,8.04092681,39.97083661,45.16486073,15.45988988,1735.96971895,17.29626213,3.94021188,63.80986037,15.87793077,1389.98743269,36.81063337,9.61526357,147.15492296,1.65636888,0.38497205,1.0,3.34780259,4.29752563,58.98661814,280.13464664,3.53331765,6713.57702185,3.64,4.28084026,98.60627618,75.96007808,1459.30131547,3.75,8.04872691,14.34303507,599.94307931,8.86668173,1.26779776,0.72733834,22.88627843,569.9777853,37.93761439,4543.2236902,20.78190815,110.77659755,15.87793077,31.42639837,9.36287697,3.49796032,2.84149016,2.39826607,43.46137648,6.79000746,31.41946866,2557.27153437,42.88748925,3564.17883993,38.41752144,12140.00932126,362.04621209,25929.60484589,119.48864279,2.71458812,550.88967995,2.709235,550.88967995,100.2178882,238.39219252,15.87793077,19.84764806,25.59024687
2026-01-31,3.6725,65.8965703,81.46790476,380.11053889,1.79702597,912.27849241,1452.63600818,1.43587633,1.79,1.69999967,1.64927599,2.0,122.59621344,1.64927599,0.376,2963.64145234,1.0,1.27125936,6.9047139,5.25508971,1.0,91.67974696,13.02312021,2.84521478,2.0319461,1.36185574,2136.69176771,0.77022408,873.74032971,6.9512673,3674.30351998,497.41720374,23.98531009,92.98643691,20.52473362,179.21974524,6.30175445,62.81182277,129.65081452,47.12170151,15.0,155.40968533,0.84326142,2.20434295,0.73077843,0.73077843,2.692434,10.93465332,0.73077843,73.23787982,8752.37445301,7.69483748,212.86667382,7.81328044,26.45975716,131.26719595,321.65591315,16779.70848721,3.10972113,91.67974696,1311.13883699,1133396.05488135,122.29769262,157.17648142,0.709,154.78543993,129.00644848,87.46456942,4024.44602575,414.85742404,900.00002239,1450.55075368,0.30651949,0.82938245,502.83875859,21526.65887842,91381.66844851,311.17936087,185.30195547,16.14351404,6.2798621,9.11551277,16.80584673,4448.79681515,51.94448659,2100.2386631,3566.36939849,8.04767886,39.92214632,45.40690629,15.45752773,1735.03337415,17.46713011,3.94082842,63.76745987,16.14351404,1386.31672716,36.74343611,9.64837738,146.75635495,1.66063011,0.38517534,1.0,3.35830261,4.24726478,58.91038196,280.00167682,3.55253233,6706.50792843,3.64,4.2985978,98.95829895,76.31150608,1453.29490596,3.75,8.05142614,14.81949668,599.93420349,8.92447572,1.27125936,0.73077843,24.32497799,580.06708687,38.07634868,4541.39814724,20.99061043,110.57497599,16.14351404,31.54045678,9.40728203,3.49608821,2.8490797,2.35375619,43.43608797,6.77581423,31.60843105,2570.48666314,42.87449815,3561.04127651,37.93861487,12240.80948499,366.40182204,25989.56279249,118.75346048,2.71078085,553.14323206,2.70217636,553.14323206,100.62785456,238.33762567,16.14351404,19.7505698,25.58326223
2026-02-01,3.6725,65.61958689,81.46859787,383.09064871,1.79702407,912.19708546,1448.57501442,1.43656718,1.79,1.70045191,1.64978401,2.0,122.34985217,1.64978401,0.376,2963.88905689,1.0,1.27047846,6.92225068,5.24953289,1.0,91.67291519,12.98965481,2.84500945,2.01352915,1.36197503,2136.52755442,0.77258991,873.71478845,6.95217763,3675.09713051,496.09230794,23.96259376,93.01507915,20.52505131,179.26717974,6.29846281,62.90135452,129.7990166,46.96388342,15.0,155.4156838,0.84352117,2.20476944,0.73045243,0.73045243,2.69086951,10.93789948,0.73045243,74.24652065,8772.78590969,7.66690341,209.11106264,7.81106446,26.46046354,132.10614476,321.61131333,16786.44268879,3.10225873,91.67291519,1310.4597116,1111903.25543632,122.29887258,156.93537964,0.709,154.7433216,129.03599908,87.46456942,4020.45419979,414.98521092,900.00000063,1450.84241373,0.30608914,0.82084987,502.33189186,21428.5505622,90107.18229058,309.27946296,185.44240387,16.16344066,6.27599022,9.10761999,16.80202971,4448.30506788,51.80102379,2099.91600141,3567.60907861,8.04539639,39.95257687,45.41224819,15.4596289,1734.12782933,17.4655279,3.94211105,63.73203426,16.16344066,1384.36751788,36.69875024,9.63878912,146.74541899,1.66073494,0.38505669,1.0,3.36768872,4.23496815,58.90590241,279.6603334,3.55512209,6699.73180333,3.64,4.2961484,98.98776578,75.98876521,1455.40360958,3.75,8.05151289,14.9074198,599.5381708,8.92102539,1.27047846,0.73045243,22.9321145,572.63061968,38.0641721,4541.39814724,20.77946162,110.57497679,16.16344066,31.48765852,9.38975597,3.49998284,2.84633927,2.35349847,43.48569289,6.74625417,31.63281045,2548.19130151,42.90625305,3562.57456129,38.5801088,12225.36436559,366.39573764,25995.38868776,119.02556035,2.71078086,553.31361456,2.70076981,553.31361456,100.65885055,238.32227089,16.16344066,19.75057565,25.58326223
2026-02-02,3.6725,65.8493516,81.5084998,380.84651188,1.81166816,917.58179329,1452.41117285,1.43627981,1.79,1.70000029,1.64727804,2.0,122.77884954,1.64727804,0.376,2976.524061,1.0,1.27087867,6.95131631,5.26431145,1.0,91.92519343,13.16811576,2.85101629,2.02361399,1.36287315,2136.48863017,0.77233214,867.42942207,6.95019228,3672.54431729,496.96903869,24.12311785,92.87379218,20.51864289,178.49330712,6.28959832,63.31103629,129.86479011,47.10314554,15.0,156.3608701,0.84223989,2.20692227,0.73010114,0.73010114,2.68892117,11.01358006,0.73010114,73.66870332,8793.64626171,7.68709288,210.29036016,7.80846982,26.47065527,131.89063805,321.45951412,16782.72116421,3.10064507,91.92519343,1317.03925085,1132293.87651535,122.13048266,157.57095797,0.709,154.99622403,129.71724841,87.46231083,4038.68518743,414.35486146,900.03352704,1457.08412815,0.30658571,0.83199006,504.92866772,21637.12235927,89147.84929799,311.28130432,182.197531,16.15987847,6.31315322,9.10565378,16.91126552,4492.44314501,51.89796949,2099.72529892,3568.43525309,8.04272391,40.13037296,45.40988793,15.45958698,1743.84463402,17.45650062,3.94173386,63.80461085,16.15987847,1393.953194,36.90358426,9.63851332,147.14925339,1.65924347,0.38511481,1.0,3.36600616,4.2965625,58.8904898,281.3976609,3.55026098,6730.15493941,3.64,4.29168264,98.88562841,76.18651257,1466.16216081,3.75,8.01716533,14.50899136,600.00794935,8.90516019,1.27087867,0.73010114,22.89985729,574.57016002,38.11366852,4541.1853885,20.83555949,111.08460199,16.15987847,31.56795182,9.39639284,3.49817638,2.87225607,2.37529808,43.50751631,6.80312426,31.59835829,2586.36441897,43.01100744,3582.44732712,39.0299609,12275.35211836,359.0973188,25898.17302802,119.52282386,2.70112859,552.47314861,2.7071602,552.47314861,100.50595293,238.31476179,16.15987847,19.75056716,25.58326223
2026-02-03,3.6725,65.86753853,81.83443378,379.84246201,1.80921629,918.1357071,1451.90407259,1.43584559,1.79,1.70138127,1.65657681,2.0,122.59740038,1.65657681,0.376,2965.47409826,1.0,1.27126058,6.95663435,5.26031038,1.0,90.29185081,13.218435,2.86539355,2.02110039,1.3675789,2138.36878118,0.7784862,863.92246375,6.93978457,3618.4927903,496.85217029,24.09923476,93.39805847,20.58492969,178.36897837,6.32571256,63.252969,129.90268916,47.09420536,15.0,156.04690788,0.84699427,2.2080746,0.73117025,0.73117025,2.68994683,10.9712444,0.73117025,73.87444842,8790.64966571,7.68318865,210.05831551,7.81105198,26.45099536,131.65821354,322.67514863,16774.89686216,3.09899456,90.29185081,1314.9752998,1154481.00849503,122.98912347,157.44855033,0.709,155.45204452,129.50462668,87.46770735,4032.5116457,416.69386668,899.97018659,1451.28763717,0.30688678,0.83291911,505.03518983,21577.39660567,90179.06093218,310.29874143,185.88006494,16.04518668,6.28306311,9.14467081,16.9389692,4470.91022794,52.20441426,2099.8183051,3568.62189974,8.04538354,40.01991033,45.64433782,15.45899897,1737.73639779,17.39553812,3.94754019,63.82415934,16.04518668,1410.41671062,36.89022767,9.69743992,144.53468018,1.66351912,0.38489415,1.0,3.37491685,4.29286271,58.86644901,280.90733561,3.57597015,6697.5883142,3.64,4.31606378,99.46178846,76.69557804,1459.74624409,3.75,8.03156814,14.94770849,600.08666394,8.94891566,1.27126058,0.73117025,22.90961474,572.41352026,37.99121256,4537.69700785,21.07401529,112.41585237,16.04518668,31.51907734,9.35047795,3.50758258,2.8597517,2.38273833,43.48794138,6.77578357,31.62078692,2579.80634355,43.05218627,3572.14232345,38.82142714,12244.12254269,370.57418856,26001.12230488,119.78788455,2.70287776,555.59182223,2.70725621,555.59182223,101.07330225,238.37866975,16.04518668,19.70069481,25.62074922
2026-02-04,3.6725,65.91961431,81.72947425,376.38511753,1.79613855,915.35928237,1445.01719021,1.4237203,1.79,1.7000014,1.65397805,2.0,121.91265962,1.65397805,0.376,2955.52969477,1.0,1.26963453,6.91695655,5.2396677,1.0,90.39322764,13.53504307,2.86921177,2.00939499,1.36435881,2274.14088285,0.77591581,860.40160685,6.93458368,3644.85143195,495.49183875,23.92451137,93.25154029,20.58621,177.8557105,6.31613956,62.78456972,129.83907363,46.97853215,15.0,155.4306337,0.84566555,2.19916806,0.7296878,0.7296878,2.68903021,10.94847999,0.7296878,73.61729762,8759.54105936,7.66004554,208.59692577,7.81469771,26.38220432,130.91607981,322.07152222,16765.71013502,3.08815972,90.39322764,1307.09863817,1152912.22849146,122.62271192,156.79619013,0.709,156.19226872,128.66251943,87.46650563,4029.05509449,416.0401783,900.04043682,1450.31282136,0.30695678,0.83096703,502.44288061,21396.51916159,89247.4694453,308.56337101,185.59939005,15.94439896,6.30215456,9.15454734,16.87373582,4441.22255682,52.12456341,2100.06752458,3568.45249529,8.04913864,39.81402869,45.86883388,15.45958367,1729.38549366,17.22895241,3.92320212,63.82740859,15.94439896,1387.6272836,36.7480095,9.62598238,144.69695914,1.65622662,0.38492,1.0,3.36019564,4.27463635,58.97510018,278.78370033,3.5727472,6637.09272319,3.64,4.30877185,99.29054995,76.99854229,1460.99092274,3.75,8.0274831,14.94016253,599.90025571,8.89470379,1.26963453,0.7296878,22.91078357,571.43927468,38.15243198,4533.57613639,20.92001592,110.65849927,15.94439896,31.58188183,9.31689627,3.50665336,2.85506532,2.38590408,43.5059999,6.76284232,31.58340258,2578.72101763,43.13995441,3564.14649712,38.40524642,12252.4189838,372.70574489,25980.06456854,119.71398988,2.70120548,554.72023773,2.70733148,554.72023773,100.91474354,238.37737286,15.94439896,19.61908831,25.64726076
2026-02-05,3.6725,65.9218688,81.88951273,376.72955898,1.80261609,917.75538561,1447.61319316,1.43206352,1.79,1.69997075,1.65775578,2.0,122.24451181,1.65775578,0.376,2956.45681552,1.0,1.27311387,6.91216965,5.23869578,1.0,90.45916804,13.16875404,2.85961224,2.01333454,1.36753306,2278.75434175,0.77722071,861.14401756,6.9455593,3643.9844957,495.82672207,24.01040646,93.4645288,20.66417255,178.08592396,6.33014484,62.99787767,129.83789541,46.89659594,15.0,154.97834668,0.84759707,2.20796955,0.73319746,0.73319746,2.68729182,10.96907579,0.73319746,73.48060764,8781.37301026,7.67008621,209.28264863,7.80919194,26.42357886,131.19283449,321.73173104,16807.52187632,3.1005264,90.45916804,1310.64967009,1179446.97406736,122.72852303,156.82654876,0.709,156.80279835,129.11847762,87.46536285,4029.97136876,416.99042296,899.99259736,1461.4986784,0.30723803,0.83157301,498.52916022,21532.90808321,88344.11178733,309.65547997,185.79552413,16.08940344,6.32270256,9.17717213,16.92698404,4430.66412693,52.24736711,2100.10486392,3568.35118178,8.04346769,39.67591375,45.86473993,15.45911482,1737.15283369,17.32477055,3.94248619,63.84195465,16.08940344,1372.05442023,36.80689491,9.68755883,144.80251324,1.66965633,0.38482472,1.0,3.36218534,4.28504235,58.83509648,279.82690645,3.57488337,6629.10328866,3.64,4.31852897,99.50070863,76.72690068,1458.0444359,3.75,8.02406982,14.658979,599.85252466,8.99201035,1.27311387,0.73319746,22.99898828,568.77604425,38.05288305,4535.10892107,20.92682846,110.63765278,16.08940344,31.76615194,9.3504064,3.49713455,2.86037379,2.37517385,43.53837852,6.77196273,31.62449721,2575.9362193,43.19812543,3562.35223203,38.56179793,12278.84393818,376.63275395,25938.20395705,119.95222904,2.70498236,555.98723061,2.70749541,555.98723061,101.14523497,238.30779809,16.08940344,19.40399658,25.67578387
2026-02-06,3.6725,65.44931374,81.86685546,376.3061208,1.8029903,916.61263921,1442.14586527,1.44004195,1.79,1.70000434,1.65884046,2.0,122.36584979,1.65884046,0.376,2963.44750585,1.0,1.27383993,6.91327241,5.2724894,1.0,90.33866497,13.21957576,2.86252151,2.01382946,1.36955951,2293.34459496,0.77703913,866.16196257,6.94020608,3698.48112288,495.91854259,24.0167496,93.52568368,20.58406358,178.11290031,6.33360597,63.15122454,129.91440792,46.88779781,15.0,155.89028683,0.84815166,2.21469337,0.73807782,0.73807782,2.68728277,10.9738953,0.73807782,73.63066357,8779.76037562,7.67097887,209.32731581,7.81123553,26.44858666,131.37658828,322.64266034,16881.7155355,3.13566921,90.33866497,1311.17693443,1182945.18476761,122.81652107,156.49622965,0.709,156.7764581,129.06587627,87.46500209,4036.9910605,417.2632644,900.00909393,1467.61478082,0.30722273,0.83170948,494.58946449,21506.62896537,89877.90008921,309.68396986,185.99638423,16.2438131,6.33923975,9.17827883,17.00199327,4428.10869779,52.30462216,2099.96018711,3569.62912075,8.04557259,39.67959879,46.02844251,15.45485229,1734.84482556,17.46256417,3.95348237,63.8405583,16.2438131,1367.79475381,36.8120631,9.79168683,144.60961794,1.67698841,0.38486447,1.0,3.36602423,4.322305,58.60391652,280.05533653,3.58438761,6602.55558013,3.64,4.32050988,99.56264225,76.74720894,1458.32235144,3.75,8.03377688,14.35301676,600.01118451,9.0494867,1.27383993,0.73807782,22.97642523,569.49619421,37.83219814,4533.00867761,20.97911399,110.52514416,16.2438131,31.67458062,9.36760579,3.50693894,2.86475432,2.39112219,43.6171224,6.77273528,31.67051299,2579.15392875,43.20251104,3561.39407534,38.61999785,12290.66574562,378.81346063,25961.62117561,119.88768477,2.70657807,556.3510192,2.70737585,556.3510192,101.21141541,238.37491155,16.2438131,18.6780049,25.76124123
2026-02-07,3.6725,65.59374015,81.60880217,377.68760038,1.79649584,915.78972074,1438.28444549,1.42598034,1.79,1.70000007,1.65616352,2.0,122.28860204,1.65616352,0.376,2956.59612699,1.0,1.27165024,6.88551534,5.21738073,1.0,90.57508737,13.19902577,2.86715383,2.0143639,1.3679958,2285.0,0.77548638,855.74800376,6.93898804,3675.17348876,494.6817272,23.92993364,93.3747571,20.50439012,178.08,6.32215136,62.92148689,129.90593893,46.73105312,15.0,155.00644776,0.84678296,2.20947537,0.73458397,0.73458397,2.69049071,10.95502314,0.73458397,72.94796452,8735.025419,7.66993092,208.25751588,7.81375935,26.46159746,130.61544329,319.6974886,16850.42809832,3.12052984,90.57508737,1310.71454628,1207302.49572667,122.71190229,156.80264248,0.709,157.19937719,128.61877885,87.46374579,4031.40236442,416.58990802,899.98047864,1463.8034082,0.30720406,0.83230014,494.77562323,21392.40436067,91873.53471263,309.38943757,187.43955391,16.03106902,6.31390677,9.17544085,16.99669774,4429.88171565,52.12563096,2100.35701269,3568.70706584,8.04817213,39.79678733,46.0364384,15.44784184,1737.80257051,17.2635138,3.94599938,63.59931272,16.03106902,1367.2189399,36.69254711,9.67704723,144.9880711,1.6625452,0.38369629,1.0,3.36778516,4.26736397,58.51102344,279.69538803,3.57090722,6592.64696068,3.64,4.3101936,99.40183401,76.79268821,1455.67137133,3.75,8.05251484,14.62884599,600.15753985,9.02324653,1.27165024,0.73458397,22.87434019,581.74987437,37.87854444,4538.14362491,20.7181473,110.95099271,16.03106902,31.5150328,9.37028046,3.4955933,2.84799608,2.40133651,43.61244666,6.7739428,31.59038609,2576.62067142,42.82628126,3559.52665996,38.53393028,12309.15651096,380.17668182,25828.06716043,119.79772136,2.73066707,555.45321069,2.70244905,555.45321069,101.04808603,238.37745372,16.03106902,18.70181855,25.60135532
2026-02-08,3.6725,64.61255234,81.60916443,377.68402326,1.79695063,914.47333728,1431.60119662,1.42601142,1.79,1.70000514,1.65485185,2.0,122.24312216,1.65485185,0.376,2960.00419313,1.0,1.27227334,6.904795,5.2215081,1.0,90.55048077,13.19895197,2.86906737,2.01413852,1.36721343,2211.515424,0.77575787,855.79271678,6.93929241,3668.01842878,493.08797913,23.96384235,93.30080506,20.49999526,178.38725024,6.32064277,62.7072938,130.07770629,46.91039681,15.0,155.00693775,0.84611232,2.20948195,0.73458028,0.73458028,2.68879387,10.97493916,0.73458028,73.98305381,8783.18717737,7.66758537,209.13193576,7.81407611,26.47259516,132.11787867,319.66714056,16840.88070794,3.11860738,90.55048077,1315.44883258,1201710.26172799,122.74648714,156.22143822,0.709,157.11615293,129.04131645,87.46374579,4030.27795128,416.25997222,899.99360324,1467.88468761,0.30700602,0.82401264,494.52200038,21406.1382848,90545.55524159,309.36953724,186.7778872,16.02622107,6.32291817,9.17566471,16.98468606,4437.65443272,52.12212872,2099.55261056,3567.29761791,8.04849839,39.80307684,46.04532784,15.45344529,1734.87262408,17.26375504,3.94711219,63.79270707,16.02622107,1366.26921512,36.73106792,9.68689699,144.94868209,1.66237025,0.38450585,1.0,3.36001331,4.27098795,58.55229681,279.56393136,3.56933516,6611.12750925,3.64,4.31002435,99.34460618,77.04345468,1455.59382983,3.75,8.05251484,14.83385007,600.1637105,9.0226302,1.27227334,0.73458028,22.87489342,570.96988611,37.78931561,4538.14362491,20.88487853,110.5885922,16.02622107,31.663617,9.37033454,3.49926242,2.84725406,2.37606146,43.58743913,6.72828617,31.61043648,2555.51762688,43.18505976,3559.05456658,38.62923272,12305.63118451,380.16999674,25613.45892666,118.9861757,2.73071996,555.0132963,2.70013633,555.0132963,100.96805677,238.30469838,16.02622107,18.79185994,25.60135532
2026-02-09,3.6725,64.99307248,81.62144856,375.35797624,1.79639172,912.17894732,1436.52424889,1.42210479,1.79,1.70003331,1.654588,2.0,122.07985529,1.654588,0.376,2956.37130433,1.0,1.27111153,6.89305765,5.22067888,1.0,90.51471032,13.19894751,2.86726213,2.0131572,1.36588702,2284.99994501,0.77622224,856.3560026,6.93369975,3686.7673251,495.38851255,23.91352934,93.28592909,20.4912526,177.87979056,6.31893625,62.91033673,129.91704115,46.76981196,15.0,154.99300408,0.84597741,2.20197784,0.73485448,0.73485448,2.68668313,10.96938506,0.73485448,73.66215243,8771.52587901,7.66181948,208.65319723,7.81378822,26.43446396,130.91563252,319.80509997,16861.11403313,3.1126846,90.51471032,1307.1612478,1213852.49255408,122.6713707,156.07954159,0.709,156.82584601,128.75070253,87.46111746,4024.74456933,416.19360333,899.9848895,1464.80401367,0.30723025,0.82973215,493.23736166,21415.27964471,89812.1829189,308.45014984,187.29052966,16.00385648,6.31336326,9.17260131,16.99811567,4428.38932606,52.12479821,2099.88132266,3569.92776751,8.04820186,39.78751521,46.04687265,15.45606814,1729.27412759,17.26891617,3.93050356,63.82589153,16.00385648,1364.22738363,36.73358269,9.6783038,144.89142255,1.66097739,0.38488229,1.0,3.35571459,4.28027067,58.41516452,278.90598513,3.56709075,6590.2724129,3.64,4.30930325,99.30566031,76.95164083,1455.39051738,3.75,8.03247742,13.92266706,600.11691297,9.01161747,1.27111153,0.73485448,22.87495997,568.47689456,37.69437048,4538.14362491,20.92945535,110.54499957,16.00385648,31.32034872,9.35229598,3.49723345,2.86267191,2.37825602,43.56199316,6.76290706,31.61362296,2576.25364484,43.06091048,3548.88617966,38.44570117,12299.05720134,380.07845239,25958.54582937,119.94402671,2.69236145,554.92480444,2.70668161,554.92480444,100.95195833,238.38393959,16.00385648,18.73596609,25.594326
2026-02-10,3.6725,64.90753105,80.91568179,375.22484776,1.79635329,917.59173284,1416.52796018,1.41057728,1.79,1.69999991,1.64165462,2.0,121.92311209,1.64165462,0.376,2951.20260197,1.0,1.26467569,6.90111878,5.19353587,1.0,90.71521714,13.13689048,2.87811994,2.01110518,1.35496042,2284.23014461,0.76635155,852.61705483,6.90996005,3670.39096855,494.66484652,23.91994131,92.55674322,20.33392696,178.08698267,6.27116963,62.75785953,129.47146955,46.86293117,15.0,155.4941624,0.83936468,2.19088632,0.73034329,0.73034329,2.68458473,10.98057911,0.73034329,73.62393913,8775.95452236,7.6586856,208.56058473,7.81589374,26.4547862,130.72930775,316.28556384,16779.94368481,3.08310443,90.71521714,1306.67154357,1210953.82023986,121.71834488,155.91994186,0.709,155.42675222,128.74829863,87.46227697,4025.14188218,412.94035286,900.00428845,1454.87271471,0.30697454,0.82902698,493.05376232,21482.2273019,84819.75297616,308.80678024,186.41725763,15.89789298,6.30252402,9.12783136,16.92992874,4435.89684291,51.74857361,2099.84328169,3570.31140097,8.05037055,39.76554892,45.95823964,15.4594597,1731.10767735,17.18918002,3.92575783,63.86807655,15.89789298,1360.98937569,36.74382205,9.5897071,145.21238384,1.65255849,0.38486686,1.0,3.35317807,4.30600101,58.47215195,278.80676193,3.53196512,6564.62439625,3.64,4.27240675,98.53826248,77.00547617,1456.20261529,3.75,8.02118956,13.84003408,600.13692688,8.92637889,1.26467569,0.73034329,22.88386023,568.12818459,37.8355952,4540.19709082,20.78895904,110.57519376,15.89789298,31.08541067,9.34067914,3.49859167,2.84239644,2.36781482,43.60248337,6.76806452,31.54656732,2582.95672145,43.01641356,3555.01811422,38.2888217,12312.41523242,381.45267376,25891.59169751,119.51589748,2.68057871,550.58713714,2.70621128,550.58713714,100.1628496,238.34135233,15.89789298,18.84982156,25.57416066
2026-02-11,3.6725,64.93181807,80.92239057,376.9717092,1.80255943,917.62924764,1403.98312453,1.40444511,1.79,1.70000199,1.64225512,2.0,122.35080162,1.64225512,0.376,2965.44578435,1.0,1.26318596,6.91266282,5.19820197,1.0,90.55692144,13.07233954,2.87981695,2.01414617,1.35255756,2285.20263034,0.76679065,855.72870277,6.91310895,3666.63019927,494.77160322,24.00658318,92.59059932,20.36288822,178.1022519,6.27335138,62.70986128,129.4829605,46.79602904,15.0,155.31281773,0.83967171,2.18760909,0.73220986,0.73220986,2.68659088,10.99574284,0.73220986,73.8001685,8782.74831177,7.67051707,209.32124298,7.8159589,26.50158802,131.28164637,317.56174987,16777.69434011,3.07991479,90.55692144,1311.47150418,1250799.86718625,121.75721944,156.52500199,0.709,153.7219356,128.95959821,87.46455547,4031.04382197,413.0914013,900.00852355,1455.86396875,0.3067691,0.83167253,492.03551849,21496.27486846,89848.04030357,309.58001523,186.59542954,15.90096045,6.30791282,9.10890603,16.93170885,4428.52984547,51.76526458,2099.90640521,3570.26382863,8.05043767,39.90434043,45.71673758,15.45917291,1734.39732643,17.16174976,3.92522152,63.85271088,15.90096045,1354.33886365,36.80761263,9.48918379,144.958992,1.6500897,0.38476753,1.0,3.35837371,4.29067886,58.44161377,279.85784678,3.54292198,6590.19924746,3.64,4.27483879,98.55616902,77.27479917,1455.83848375,3.75,8.01665237,14.97197852,600.13930785,8.85908242,1.26318596,0.73220986,22.87508455,571.45562153,37.95361766,4544.48018892,20.85140613,110.54560981,15.90096045,31.12655551,9.39007187,3.50028249,2.84111024,2.37688447,43.64116369,6.78327769,31.50087094,2589.65475882,43.11454684,3552.30213909,38.35282057,12329.98062298,382.28387283,25922.51741316,119.60282957,2.68699528,550.78853506,2.70687344,550.78853506,100.19948792,238.31408413,15.90096045,19.09925386,25.59037153
2026-02-12,3.67250037,64.50316407,81.1920939,377.80315978,1.79008003,916.99988214,1404.4883476,1.40145993,1.80000034,1.6993847,1.64605381,2.01866791,122.59979863,1.67937067,0.37700433,2970.5348326,1.0,1.26530748,6.92568949,5.20020423,1.00223005,90.83014092,13.13106349,2.87469641,2.0156962,1.35705007,2225.00061455,0.770098,854.64017184,6.91325123,3673.05038695,495.72244788,26.50000295,92.80121512,20.41820844,178.47616274,6.28939856,62.81956482,129.56102577,46.76390539,15.00000168,155.58598311,0.84184509,2.18445078,0.73187486,0.73330011,2.68998381,11.01427938,0.73187486,73.50140041,8797.56356562,7.68651457,209.68117474,7.81595078,26.48538178,131.35437722,319.44452872,16821.00177293,3.07709533,90.68435944,1312.93252275,42125.00459647,122.22984139,156.8125935,0.70900951,152.61904573,129.29024546,87.45029873,4038.17710232,414.99993855,899.99916152,1443.14515682,0.30687021,0.83522734,494.50425174,21523.40541323,89749.16679308,310.02039959,186.91535669,15.91582391,6.30970386,9.13401669,16.93240742,4437.0572985,51.89366739,2099.91382705,3568.19130509,8.06956924,39.79902295,45.68033122,15.45989324,1737.89012238,17.19259984,3.91150104,63.89760807,15.91602427,1353.63033993,36.88024838,9.47101569,145.33084091,1.65108047,0.38449927,1.002209,3.36504929,4.30157332,58.21503754,281.28014921,3.54936538,6618.63791822,3.6540606,4.28569949,98.79906589,77.09610588,1463.25877897,3.75034747,8.04839599,13.73004469,601.50124719,8.88380349,1.2615015,0.75025908,24.25004314,572.81371484,37.7769784,,20.61994735,11059.57606028,15.90934086,31.03008081,9.41099298,3.50000042,2.88195901,2.4077603,43.63698461,6.79695033,31.39850505,2590.15425801,43.12236892,3543.21965338,38.42836361,12348.55851791,388.25356627,25985.00273852,119.36626744,2.70705306,552.07573828,2.70255003,552.07341478,100.45884093,238.39769099,15.87857142,19.06798067,
2026-02-13,3.6725,64.41960341,81.21608687,377.31250082,1.8044518,918.01019225,1401.80248447,1.41091741,1.79,1.70001581,1.64774764,2.0,122.40797713,1.64774764,0.376,2967.71364467,1.0,1.26354738,6.91885752,5.21272362,1.0,90.6254905,13.13041075,2.86560732,2.01474809,1.36145486,2297.37516604,0.7694974,857.12853755,6.90565772,3666.72668705,488.05428258,24.03479994,92.90026842,20.42857823,177.76727878,6.29310526,62.42609597,129.62281077,46.84714628,15.0,155.91659173,0.84247999,2.19178292,0.7340994,0.7340994,2.68245461,10.98602921,0.7340994,73.80324002,8783.70145633,7.67204075,209.49059222,7.81524386,26.44292884,131.19221815,319.36894894,16841.03525414,3.06832999,90.6254905,1311.7883617,1276216.0920643,122.33143738,156.42448179,0.709,153.09420883,129.17778502,87.46740445,4021.72632742,414.47298478,900.03385721,1443.82159026,0.30665369,0.83192603,494.80998665,21512.92173425,89903.5366737,309.83381049,186.74373441,15.95589854,6.31620393,9.14521978,16.96044636,4421.96929772,51.93646748,2099.61906079,3570.3829884,8.04970117,39.82900041,45.8659192,15.45954776,1735.588808,17.20867025,3.90572635,63.84152934,15.95589854,1355.52414857,36.82417982,9.53700218,145.06875392,1.65669192,0.38479098,1.0,3.35726373,4.29376853,58.08267284,279.96941864,3.55095542,6589.18822931,3.64,4.28986799,98.90366935,77.2255182,1455.45587005,3.75,8.00392948,14.37817046,600.17760327,8.92426747,1.26354738,0.7340994,22.87536288,571.43208483,37.84024823,4552.67440071,20.88143417,111.34380985,15.95589854,31.09338442,9.42086905,3.4966382,2.84903083,2.3780815,43.74140795,6.78588894,31.47459173,2598.47632261,43.11525616,3544.60947514,38.40792572,12271.70562686,390.92425727,25940.81192246,118.87809892,2.68792317,552.63064637,2.706564,552.63064637,100.53460493,238.3283614,15.95589854,18.45210638,25.55877502
2026-02-14,3.6725,65.25044184,81.27919688,376.92492597,1.80190234,916.0141114,1392.2310228,1.41421933,1.79,1.69999757,1.64861213,2.0,122.29275951,1.64861213,0.376,2962.79460881,1.0,1.26254351,6.90663863,5.22464808,1.0,90.56183302,13.18934798,2.86000188,2.01480967,1.36186332,2298.75,0.76859013,861.67612359,6.90899463,3661.56254763,485.18582229,23.99974748,92.94900886,20.44005134,178.08,6.29395456,62.28442183,129.6279954,46.61611019,15.0,155.19906451,0.842922,2.21152879,0.73231572,0.73231572,2.67699693,11.01500713,0.73231572,73.46354273,8780.47966664,7.66924312,208.88402383,7.81649461,26.50864556,131.12148682,319.43629388,16827.99434315,3.0896811,90.56183302,1310.54722843,1280231.75186274,122.1716585,156.29932715,0.709,152.7321229,128.99381044,87.45821115,4018.80868168,414.69043939,900.05521954,1440.80469694,0.30649868,0.83230916,495.35268998,21434.66706159,92231.98065266,309.22914101,186.39864168,15.95692829,6.31000256,9.14046969,16.9787989,4397.07219694,51.91322741,2099.49745215,3570.15233874,8.05098945,39.91753897,45.89671448,15.44864323,1735.88763406,17.16493322,3.90700771,63.86355823,15.95692829,1353.21195194,36.70767117,9.50121467,144.9668542,1.65619876,0.38270787,1.0,3.35293553,4.29282343,57.90339329,279.71132458,3.54746041,6562.7509215,3.64,4.29038372,99.08805397,76.27550097,1454.79961399,3.75,8.03005136,13.61320878,600.24784659,8.91925713,1.26254351,0.73231572,22.84997796,571.03942032,37.79211248,4552.91427717,20.92460033,111.52009229,15.95692829,31.06996389,9.43588292,3.49633258,2.85062791,2.40841886,43.68420107,6.78085957,31.38441351,2602.82516158,43.12761473,3541.00139817,38.54947013,12175.32649447,394.30287018,25846.90638719,119.04268233,2.71221613,552.92058586,2.70244498,552.92058586,100.58735074,238.39573717,15.95692829,18.25183262,25.56396919
2026-02-15,3.6725,63.53523373,81.26915957,380.85820696,1.79382077,914.20657168,1395.83738324,1.41379992,1.79,1.70148892,1.64763582,2.0,122.32692626,1.64763582,0.376,2956.30081608,1.0,1.26330766,6.91232258,5.2197909,1.0,90.55580061,13.10973909,2.8609817,2.0119616,1.36184819,2269.8873024,0.76809408,861.39733648,6.90867641,3660.11955072,483.16343441,23.97412836,92.89396435,20.44309793,178.34738911,6.29666263,62.13405514,129.637,46.75376572,15.0,155.43751128,0.84242282,2.20010443,0.73254563,0.73254563,2.68040831,10.99455083,0.73254563,73.80792585,8775.8366103,7.66341788,209.10324024,7.81710617,26.50868497,131.33658207,319.45430599,16829.24448931,3.08630183,90.55580061,1310.10473941,1278562.94201759,122.17381839,156.09020049,0.709,152.71819803,128.91440638,87.45821115,4017.71839337,414.44485925,900.01447547,1440.92813781,0.30647358,0.82598752,495.27094334,21415.24395489,89774.90507336,309.18230143,186.27057155,15.94491439,6.29640703,9.13128986,16.93983093,4389.45152376,51.90476067,2099.65507775,3566.42608217,8.05161935,39.95387099,45.89339134,15.45170121,1733.95754683,17.16515814,3.90695702,63.87028761,15.94491439,1355.43985866,36.75394934,9.50613911,144.95719782,1.65594178,0.38409407,1.0,3.35348551,4.28497718,57.894533,279.45803197,3.54835441,6552.99875061,3.64,4.29056386,98.94112177,76.72970988,1457.5048849,3.75,8.04346583,14.58955856,600.15093276,8.92298453,1.26330766,0.73254563,22.84992645,570.94254709,37.89200848,4552.91427717,20.7159971,110.59336535,15.94491439,31.06473541,9.4409264,3.49601722,2.87062214,2.35316448,43.61704125,6.74683411,31.3834143,2580.853766,43.05892581,3539.93724565,38.72211502,12222.20605365,392.58432934,25955.60885645,118.93917799,2.71221609,552.59314567,2.70122896,552.59314567,100.5277828,238.35597563,15.94491439,18.23516193,25.56396919
2026-02-16,3.6725,63.9506099,81.26514854,376.59526168,1.8009012,917.81684577,1396.29839018,1.41170488,1.79,1.69999835,1.64846228,2.0,122.24696355,1.64846228,0.376,2954.16548955,1.0,1.26232489,6.90513612,5.22506666,1.0,90.60604347,13.18143334,2.86026583,2.01249188,1.36166245,2298.58624284,0.76858254,862.18648779,6.90937769,3663.45879627,484.97354052,23.98682052,92.94056026,20.44888993,178.01833364,6.29662389,62.25924277,129.5321331,46.6798213,15.0,155.65828999,0.84284538,2.19975631,0.7330082,0.7330082,2.67996961,10.99604232,0.7330082,73.85972415,8782.23905157,7.66735091,209.10116845,7.8152158,26.41796333,131.07660948,319.33675244,16828.43702335,3.08859782,90.60604347,1309.71952695,1279650.54132398,122.21940309,156.41013548,0.709,153.08255373,128.87674892,87.46197976,4021.27428949,414.65274612,900.01808183,1442.42826318,0.30671773,0.83157736,494.60989819,21462.95639164,89639.72143391,309.04764885,186.33229363,15.93000945,6.30148122,9.12744738,16.96928905,4370.46013425,51.94221537,2099.62753451,3569.62710413,8.04967228,39.84067509,45.88903534,15.45622146,1732.9709756,17.16905003,3.89933359,63.84180212,15.93000945,1355.21221531,36.78996234,9.50496433,145.03762408,1.65744112,0.38479698,1.0,3.3532341,4.29131305,57.94647944,279.54957318,3.54894787,6558.77636607,3.64,4.2820284,98.95525528,76.86514713,1458.77006232,3.75,8.00562964,13.54943147,600.12875155,8.92367937,1.26232489,0.7330082,22.85023701,569.91154469,37.8662735,4552.94495739,20.83230539,110.85574517,15.93000945,31.0272151,9.4354669,3.49687997,2.85623907,2.37542832,43.7164754,6.78200501,31.34361541,2606.27945786,43.0943844,3538.78631477,38.53332759,12234.51710944,394.31391883,25942.34409626,119.0940432,2.68829758,552.87032815,2.70733417,552.87032815,100.57820786,238.39667356,15.93000945,18.25071736,25.56177125
2026-02-17,3.6725,63.93615142,81.36874525,377.35745394,1.80443165,915.69524271,1398.76842597,1.4169952,1.79,1.7,1.65136722,2.0,122.44194349,1.65136722,0.376,2960.0852617,1.0,1.26269838,6.94293454,5.23482179,1.0,90.76952919,13.16249131,2.85188879,2.01426119,1.36419887,2299.23661049,0.76971875,862.84356904,6.9095555,3662.14273471,482.57833834,24.02007668,93.10434079,20.48493327,178.14652042,6.30752261,62.33178911,129.77865423,46.72273876,15.0,155.76308716,0.84433065,2.20871731,0.73448235,0.73448235,2.67853049,11.00227436,0.73448235,73.82485665,8784.27980454,7.6740314,209.50079165,7.81602969,26.46546917,131.06799207,318.82168609,16836.62027544,3.09918106,90.76952919,1312.08276439,1281255.94377961,122.41576746,156.61861609,0.709,153.18564077,129.07583273,87.46217576,4023.97115311,415.38345021,900.02198835,1444.01893142,0.30658542,0.83144162,491.34477182,21433.49754493,89866.35000401,309.68194193,186.20862959,15.99850252,6.31445631,9.12505152,16.98478522,4369.69381983,52.04000586,2099.40905175,3570.97628412,8.05051058,39.92982417,45.91024972,15.4560825,1735.58767272,17.16857357,3.90046452,63.8657809,15.99850252,1353.54202403,36.82262258,9.50824132,145.29932385,1.65993162,0.38492559,1.0,3.35225942,4.29768227,57.9620179,279.96430876,3.5593325,6540.86123617,3.64,4.30226748,99.04782231,76.76123153,1459.76515961,3.75,8.01414395,14.43426666,600.04529699,8.95144069,1.26269838,0.73448235,23.00016598,570.03892889,37.74478394,4553.03952999,20.85724021,110.57816164,15.99850252,31.21329197,9.4497111,3.49895963,2.86192018,2.37562924,43.72199278,6.78500609,31.38068761,2606.26216011,43.20376779,3544.24935519,38.80138884,12207.08765158,394.27801216,25965.57444051,118.76800763,2.68397377,553.84460028,2.7067185,553.84460028,100.75544751,238.38280399,15.99850252,18.32061334,25.57004691
2026-02-18,3.6725,62.503054,81.25677608,376.00290577,1.79958699,917.06465706,1393.86509281,1.41413424,1.79,1.70000001,1.6511333,2.0,122.08897683,1.6511333,0.376,2959.46363196,1.0,1.26342239,6.91400835,5.223357,1.0,90.63224421,13.16321009,2.84978584,2.01238814,1.36455149,2310.14601143,0.7705933,866.42805381,6.90920614,3653.15477548,479.73893912,23.96768169,93.09115286,20.49398486,177.95416817,6.30704339,61.63080717,129.76629676,46.93562008,15.0,155.35426321,0.84421105,2.19560977,0.73762364,0.73762364,2.67719935,10.99924938,0.73762364,73.79454263,8774.28864432,7.66472781,208.94925505,7.81581602,26.44201864,130.97290046,319.13526438,16873.3899729,3.0962161,90.63224421,1308.7212129,1281310.30462825,122.42133425,155.84265592,0.709,153.58318709,128.89724552,87.45616684,4016.7321052,415.32461247,899.988617,1444.70323332,0.30648432,0.83147883,490.15647016,21395.75971981,89740.23424022,309.01517146,185.73220094,16.01699863,6.29600436,9.14132224,16.99522183,4371.25832628,52.05538842,2099.61724653,3569.85505205,8.0502905,39.88151837,45.90209514,15.43788807,1732.53066289,17.14858409,3.90043222,63.85262736,16.01699863,1347.66742522,36.77813681,9.54210248,145.07956491,1.66434558,0.38490886,1.0,3.34448499,4.29192918,58.00909467,279.30549694,3.56145675,6528.76729361,3.64,4.30201785,99.03633872,76.35321237,1457.95567552,3.75,8.0405953,14.40918431,600.12272739,8.97709007,1.26342239,0.73762364,22.94492961,569.29809678,37.7535133,4551.59879015,20.85786596,110.67501896,16.01699863,31.26540254,9.44656662,3.50793341,2.84883544,2.40511498,43.75400643,6.77664825,31.39156514,2593.98608656,43.2531967,3533.93343091,38.80689915,12151.3090642,395.66195543,25960.17802642,118.85379471,2.70414571,553.76614996,2.70687271,553.76614996,100.74117582,238.37896225,16.01699863,18.50017155,25.59026108
2026-02-19,3.6725,62.30358685,81.66601663,377.74159056,1.80789297,917.83058111,1396.64326494,1.41462384,1.79,1.70000075,1.65817173,2.0,122.51355836,1.65817173,0.376,2973.83198876,1.0,1.26694356,6.93171128,5.23640104,1.0,90.75689138,13.21844822,2.86053137,2.02215714,1.36878776,2310.47290359,0.77220424,862.11699385,6.90870841,3676.28538158,483.20919312,24.07567647,93.48798059,20.55429528,177.91754681,6.33421575,61.73142684,129.91991843,46.9140425,15.0,154.23246172,0.84780975,2.19989463,0.74093144,0.74093144,2.67655164,11.00861011,0.74093144,73.91149174,8787.65817293,7.68146636,209.91826793,7.81538784,26.49294247,131.52955319,321.48132012,16931.85100853,3.11444689,90.75689138,1314.88901903,1287944.81774603,122.84667432,156.23732831,0.709,154.88233109,129.15514794,87.44865186,4026.45419225,417.09505273,900.01917425,1450.74995853,0.30664807,0.83221216,490.41516566,21487.29787439,90039.68464591,309.64658946,186.10816365,16.03212899,6.3348467,9.14667183,17.11091532,4366.68839927,52.25574435,2099.70957879,3569.63684198,8.04984948,39.97684923,45.9830006,15.4420672,1737.53815252,17.20385642,3.91440915,63.85642107,16.03212899,1343.78738726,36.8584462,9.52216105,145.27909388,1.67329149,0.38487909,1.0,3.35339164,4.33595402,57.91475907,279.84377152,3.57682465,6552.4949685,3.64,4.31910007,99.55467622,76.76973316,1461.39774097,3.75,8.01524722,13.66682727,600.15234417,9.02448153,1.26694356,0.74093144,22.94559028,571.38267944,37.71484861,4545.99802707,20.94368092,110.54857289,16.03212899,31.24647119,9.4520144,3.49975638,2.86202842,2.37927926,43.77735347,6.78619975,31.5392872,2587.78902957,43.28689883,3558.78323036,38.98383282,12132.80774263,396.82363375,25915.81899798,118.99335484,2.69365033,556.12673697,2.70700561,556.12673697,101.17061397,238.41334526,16.03212899,18.75046259,25.60636623
2026-02-20,3.6725,63.00409215,81.88858261,377.03252452,1.80288497,916.59588828,1390.43851004,1.4238877,1.79,1.69999903,1.66366289,2.0,122.339775,1.66366289,0.376,2968.51536816,1.0,1.26961392,6.92203539,5.21059365,1.0,91.02427298,13.21295199,2.85982319,2.01533405,1.37005651,2305.07067768,0.77608278,865.31833139,6.90845191,3697.9320146,481.69686444,24.0221499,93.79757284,20.6275887,178.05358942,6.35575851,61.55118199,130.1720359,47.50287364,15.0,154.29462655,0.85061733,2.22283339,0.74415107,0.74415107,2.67667578,10.99927812,0.74415107,73.95498422,8784.21981033,7.67555709,209.24735836,7.81368696,26.47867374,131.73399538,322.70379281,16897.63043647,3.12434902,91.02427298,1311.89842082,1285301.56297296,123.24884073,155.92117656,0.709,155.2033554,129.14027688,87.45920254,4020.65508997,418.47629333,899.9867286,1449.44363587,0.30667059,0.83027882,493.34170068,21455.43165157,89875.86405099,309.76571117,185.56874799,16.17384191,6.33644745,9.17383953,17.12837025,4352.85578983,52.37879402,2099.85436805,3568.36142267,8.04809757,39.94751123,46.18892015,15.44170403,1735.57527578,17.28368539,3.91205637,63.75388478,16.17384191,1344.24923798,36.80528639,9.58417053,145.70710498,1.6828605,0.3847758,1.0,3.36058925,4.29742023,58.13336744,279.75222865,3.5927836,6492.02595017,3.64,4.33591036,99.86286416,76.77778497,1461.06870276,3.75,8.0257723,15.13043828,600.15078246,9.08853823,1.26961392,0.74415107,22.94989901,571.21924956,37.59386848,4549.09766986,20.97456833,110.89317471,16.17384191,31.21015157,9.44810781,3.50856365,2.87310123,2.37275456,43.84604938,6.75631817,31.56703614,2579.02824057,43.29603203,3588.44964559,38.65607436,12152.47250707,400.16121887,25923.05395685,118.5948807,2.70327338,557.96839111,2.70649018,557.96839111,101.50564782,238.4250203,16.17384191,18.99937541,25.57701216
2026-02-21,3.6725,63.39123739,81.74995362,376.76536791,1.80011207,917.9086214,1374.81572169,1.41238221,1.79,1.69999994,1.65981175,2.0,122.35408355,1.65981175,0.376,2965.23406194,1.0,1.26660152,6.90645864,5.17555612,1.0,90.7267782,13.24244716,2.86004565,2.01482432,1.36862175,2310.49999996,0.7756651,865.36584018,6.90878235,3699.70610046,477.26553904,24.00330951,93.58044523,20.55850486,178.08,6.3402506,61.17980495,130.06633428,47.53279401,15.0,155.40279207,0.84864827,2.22207075,0.74184475,0.74184475,2.67500055,11.00500672,0.74184475,73.47150034,8781.39186205,7.67198612,208.85986488,7.81495094,26.51540401,131.09207201,323.04749316,16857.92339943,3.11819037,90.7267782,1311.42630236,1283898.87720272,122.98914657,155.94438763,0.709,155.06896793,128.98793487,87.45834484,4020.06211337,417.50758216,900.01694583,1445.55646612,0.30655975,0.83229821,499.21021949,21493.99435664,88808.42884663,309.44885984,185.02477425,16.0389317,6.32999996,9.16955067,17.17565669,4325.67808381,52.29095554,2099.49153851,3570.32235434,8.04939947,40.03774487,46.39421531,15.41893438,1735.62004519,17.13247114,3.90299441,63.86424408,16.0389317,1343.69756379,36.70774667,9.5250333,145.2308902,1.67349264,0.3844648,1.0,3.36215827,4.31652764,57.9571439,279.69536024,3.58217429,6465.53137658,3.64,4.32648829,99.61686963,76.67614835,1456.91883144,3.75,8.04629194,14.64081366,600.03530057,9.06023493,1.26660152,0.74184475,22.93017258,570.83870328,37.66281611,4555.45847124,21.06210672,110.72104784,16.0389317,31.06996966,9.47630349,3.49580048,2.86172814,2.39122077,43.8294345,6.78144217,31.53898429,2581.36593067,43.28987511,3590.02086978,38.80648824,12146.13610373,401.79513441,25845.67944429,118.78293495,2.71444141,556.67677621,2.70245633,556.67677621,101.27067715,238.39524867,16.0389317,18.97089946,25.54616317
2026-02-22,3.6725,63.23643568,81.74987961,376.78157596,1.79781942,914.67381763,1380.12460725,1.41231969,1.79,1.7005471,1.6598082,2.0,122.35485527,1.6598082,0.376,2959.85288511,1.0,1.26662939,6.89533747,5.17870974,1.0,90.76071613,13.09921017,2.86267798,2.01232063,1.36849821,2296.39679998,0.77524032,865.35149569,6.90948474,3695.85214718,475.29362886,23.9149094,93.5802449,20.56267872,178.35007356,6.34079305,61.09207925,130.06787866,47.57290429,15.0,155.40401608,0.84864646,2.22219033,0.74148522,0.74148522,2.67454201,10.97123598,0.74148522,73.49658325,8763.40886762,7.66413881,209.01251725,7.81525302,26.51538595,130.93950259,323.06757195,16898.61955036,3.12027676,90.76071613,1310.44884495,1284016.76818466,122.97555244,155.94847388,0.709,155.0100591,128.85469202,87.45834484,4012.68772024,417.50668839,900.00867627,1446.83495476,0.30661611,0.82607351,496.88384314,21400.5933783,89786.22354058,309.32405586,184.63513658,16.03147132,6.30697828,9.16917198,17.10631401,4327.79163341,52.27138765,2100.15808935,3565.97098417,8.04971061,39.84521535,46.39882106,15.41992066,1735.7886911,17.13465986,3.90331168,63.89493182,16.03147132,1349.022241,36.77083648,9.52492961,145.28521635,1.67346861,0.38474539,1.0,3.35996297,4.30863553,58.04467805,279.07553983,3.58223537,6451.87149957,3.64,4.32563671,99.63912084,76.7446007,1457.65542746,3.75,8.04547759,14.64523965,600.12942472,9.05558949,1.26662939,0.74148522,22.93005512,570.097468,37.6626367,4555.45847124,20.89342875,110.57637816,16.03147132,31.11885798,9.46717415,3.49997152,2.87682093,2.36870735,43.83772441,6.75411227,31.54005725,2577.79101568,43.25048451,3595.49645666,38.71372334,12211.65194333,401.78891336,25879.11760798,119.285872,2.71442592,556.67558452,2.70111876,556.67558452,101.27046036,238.38691896,16.03147132,18.93237008,25.54616317
2026-02-23,3.6725,62.94518471,81.70507627,374.60628336,1.79294152,918.81476489,1371.29796588,1.41324222,1.79,1.70001756,1.65341011,2.0,121.73515581,1.65341011,0.376,2950.6231371,1.0,1.26442911,6.87438919,5.18359963,1.0,90.74748335,13.17473835,2.85925915,2.00289245,1.36639795,2310.45519725,0.77151875,863.32544661,6.90665438,3696.35984447,474.90374061,23.8828096,93.21951971,20.4838269,177.68119307,6.31586533,61.1562818,129.88347002,47.47910364,15.0,154.84402034,0.84537517,2.2214752,0.73929739,0.73929739,2.67424768,10.94406188,0.73929739,73.81983426,8755.79133831,7.65595986,208.15289569,7.81545151,26.38957345,130.43595494,321.42388171,16840.39435212,3.11737312,90.74748335,1303.98948855,1282350.46858904,122.50274491,155.03988401,0.709,154.25462769,128.50626949,87.44848034,4004.31183485,415.89731903,900.03772877,1443.95577074,0.306717,0.83038748,498.06116209,21273.36462589,89605.06454899,307.85742883,184.75237903,15.9998817,6.29466775,9.16819125,17.08851612,4295.32768065,52.1264301,2099.68954684,3569.4244571,8.04991506,40.04980695,46.40161778,15.44539744,1725.40623021,17.15328417,3.8899734,63.86259946,15.9998817,1342.24243402,36.70748046,9.50852072,145.26403398,1.67043327,0.38483847,1.0,3.34251892,4.31649614,57.88575436,278.08857432,3.57088295,6432.5583489,3.64,4.30779625,99.42012395,76.51751801,1454.55866715,3.75,8.00786648,14.96570389,600.11866308,9.02318249,1.26442911,0.73929739,22.93002567,566.6017873,37.64443062,4555.50957729,20.90032557,110.5366207,15.9998817,31.01320782,9.43487764,3.49973015,2.8875623,2.37362757,43.83266793,6.75848946,31.4871469,2577.4503423,43.24740882,3588.76032998,38.60949402,12186.51644789,403.38050403,25945.8699193,118.6273551,2.69110576,554.52975871,2.70672315,554.52975871,100.88009158,238.40343695,15.9998817,18.96861667,25.54616317
2026-02-24,3.6725,63.03910913,81.74468046,376.50806772,1.79890568,915.0455931,1369.11018496,1.41494733,1.79,1.69999327,1.65980406,2.0,122.10844585,1.65980406,0.376,2962.83205022,1.0,1.26697691,6.90219883,5.17290245,1.0,90.98675028,13.1772025,2.87379115,2.01239255,1.37007958,2128.70902758,0.77523435,866.79902655,6.8969477,3691.79176549,476.31484837,23.97033321,93.58001162,20.55416971,177.99803039,6.34060936,61.32263444,130.10259719,47.75540303,15.0,155.41524962,0.84864434,2.22219936,0.74086805,0.74086805,2.67398218,10.93133474,0.74086805,73.88152643,8768.86701876,7.66790714,208.9018663,7.81903379,26.44231864,131.1804267,322.02230437,16823.14589425,3.12802177,90.98675028,1308.71287257,1290939.59668999,122.97655813,155.63874421,0.709,154.98478419,128.80265923,87.44991279,4014.98584001,417.50564762,899.99774937,1446.50218402,0.30668435,0.83087373,498.32383924,21352.68997048,89685.84145318,309.07559109,184.76000927,16.00427271,6.31785764,9.18086729,17.12200129,4299.33869992,52.29072643,2099.85550802,3569.63492976,8.05360481,40.00194926,46.256088,15.44793443,1732.62845414,17.25212256,3.89763693,63.78874253,16.00427271,1344.97344015,36.74742888,9.56403658,145.64704052,1.67607429,0.3847586,1.0,3.35734046,4.32509992,57.69449759,279.18386481,3.58271425,6456.68770446,3.64,4.32490471,99.60972638,76.81502946,1457.79021281,3.75,8.01777621,15.14495158,600.14912343,9.06570119,1.26697691,0.74086805,22.95482748,568.51047888,37.52482663,4550.62447546,20.94345869,110.53813048,16.00427271,31.0563539,9.45097672,3.49819904,2.87140253,2.37330895,43.85425366,6.76121312,31.46207845,2569.95636679,43.30313361,3592.80490997,38.75246776,12238.55983876,404.66710615,26124.43361675,118.17879156,2.6997565,556.67419682,2.70624928,556.67419682,101.27020791,238.39154951,16.00427271,19.0093818,25.58328478
2026-02-25,3.6725,63.29744096,81.6359856,377.47281737,1.80038393,917.19526725,1379.51555343,1.41127018,1.79,1.70005899,1.65929856,2.0,122.20405537,1.65929856,0.376,2966.68704596,1.0,1.26551658,6.91645076,5.15406948,1.0,90.88579267,13.17191275,2.86024781,2.01500665,1.36918899,2111.34456926,0.7731659,862.62904791,6.8721633,3709.18603847,474.9294243,23.97835554,93.55151115,20.54859966,178.10051623,6.33861047,60.91497009,130.01825713,47.81417073,15.0,154.95223646,0.84838588,2.19828652,0.74007703,0.74007703,2.67310858,10.70796892,0.74007703,73.91487725,8776.76135608,7.67044166,209.17090046,7.82234904,26.46793831,131.76274938,321.03668897,16831.52752719,3.09917153,90.88579267,1310.38854738,1295763.15345954,122.26106043,156.04010543,0.709,155.57340763,129.00994496,87.45006852,4012.33427567,417.37849325,899.98808736,1435.65034971,0.30657312,0.82890136,499.03486405,21388.55898997,89938.7527002,309.44566317,183.64794492,15.94551198,6.33110443,9.16673556,17.0880204,4275.58881964,52.31144844,2099.68132562,3570.43036768,8.05701951,39.97778288,46.43074041,15.45635029,1733.74370051,17.17440527,3.89394046,63.74164729,15.94551198,1351.63228697,36.79889602,9.54874764,145.48543261,1.67311315,0.38486815,1.0,3.35873615,4.3011598,57.54418173,279.52162049,3.5766142,6451.24474008,3.64,4.32243808,99.63493696,76.61028952,1459.89980056,3.75,8.02808975,15.02770209,600.15945594,9.03009683,1.26551658,0.74007703,22.90473573,570.62345777,37.85158994,4556.61381758,20.91474427,110.58970311,15.94551198,31.04790989,9.45566137,3.50953743,2.86644737,2.3742886,43.85568639,6.775422,31.31952357,2556.32753533,43.29145938,3583.02996324,38.62726528,12198.83070762,408.77979774,26203.21042833,118.61538885,2.70492913,556.50465767,2.70596654,556.50465767,101.23936533,238.46318897,15.94551198,18.97030885,25.7369045
2026-02-26,3.6725,62.96704147,81.56592972,375.6617331,1.79388304,917.00813981,1397.18121281,1.40443985,1.79,1.70000772,1.65474494,2.0,121.79419356,1.65474494,0.376,2952.61108299,1.0,1.26338651,6.87780863,5.12553111,1.0,90.88593335,13.10658577,2.8574848,2.00863847,1.36681875,2127.95329471,0.77165665,856.34278181,6.84553169,3699.27287444,472.70516616,23.89182467,93.2947772,20.49964151,177.78537444,6.32152582,60.49559441,129.94719999,47.98099507,15.0,155.11395866,0.84605765,2.19301158,0.73736176,0.73736176,2.67203482,10.63508771,0.73736176,73.49749893,8759.87316509,7.65223701,208.28847288,7.81877574,26.43738575,130.6732787,317.24192086,16762.62642542,3.08707713,90.88593335,1304.26902291,1309483.36547933,121.37732105,155.20621834,0.709,155.92232357,128.62852427,87.44788628,3996.92321664,416.23307906,899.99074303,1422.85016384,0.30653544,0.83091301,501.90076522,21305.64717782,88948.26655095,307.97085392,183.62378379,15.85397207,6.299497,9.16856959,17.05263484,4213.71112571,52.11165768,2099.75339796,3570.37817794,8.05333901,39.97743403,46.37621896,15.45917201,1728.004311,17.17301114,3.8853709,63.86574883,15.85397207,1348.78772614,36.71632597,9.54395388,145.48565781,1.66537107,0.38472915,1.0,3.35065126,4.28935434,57.53723041,278.89296102,3.56820911,6414.44309994,3.64,4.30944302,99.35436163,76.70523186,1455.09288592,3.75,8.02198991,13.8007057,600.09890474,9.02023022,1.26338651,0.73736176,22.9300433,573.08046194,37.84476627,4551.48180698,20.97250527,110.53424577,15.85397207,31.12738327,9.4438679,3.49538782,2.86107467,2.37611329,43.88235197,6.77253107,31.2375857,2558.51609591,43.26333281,3591.33521786,38.23887946,12138.72164202,409.51890674,26095.61595565,119.05812688,2.68383385,554.97743874,2.70736764,554.97743874,100.96153356,238.38523184,15.85397207,18.82461607,25.71424307
2026-02-27,3.6725,62.48805832,81.63420215,376.94815361,1.80363958,917.83483094,1407.86269658,1.40548728,1.79,1.69993207,1.65781839,2.0,122.29632996,1.65781839,0.376,2969.21967523,1.0,1.26423169,6.91803286,5.13824567,1.0,90.97782871,13.15469467,2.88553237,2.01437447,1.36733533,2148.24228757,0.77349534,865.70479769,6.85964226,3760.79069193,473.94762857,24.02065012,93.46805889,20.55612928,178.123247,6.33365446,60.37905965,129.95894847,47.94715288,15.0,140.60902407,0.84762908,2.19368594,0.74154594,0.74154594,2.67246845,10.65860255,0.74154594,73.60224195,8771.67805189,7.67455901,209.33152039,7.82245056,26.51734558,131.38233518,318.37241212,16779.77832218,3.12328971,90.97782871,1311.42428271,1312266.94139374,121.47089983,155.94186063,0.709,155.81393488,129.00629976,87.45233217,4010.37177451,417.0061724,900.0264902,1436.94436551,0.30657198,0.83177678,499.53974998,21449.97235778,89883.46755468,309.41518713,183.70394396,15.92100167,6.32452526,9.16025168,17.13451485,4241.38739405,52.24306345,2099.83861151,3569.42178042,8.05712408,40.12798525,46.30683139,15.45885888,1735.26434444,17.19530787,3.88853397,63.83235071,15.92100167,1354.01277647,36.8203976,9.55456664,145.63275931,1.67073213,0.38487404,1.0,3.35655957,4.30592747,57.63805855,279.73472865,3.57863695,6448.21852124,3.64,4.31878349,99.53663251,76.89227826,1458.96826458,3.75,8.0403913,13.65918171,600.13560859,9.0561032,1.26423169,0.74154594,22.91041376,571.19303887,37.8446333,4547.01167529,20.98256573,110.67173071,15.92100167,31.09427097,9.49961012,3.50997699,2.86538939,2.40268278,43.96291852,6.78923655,31.30334272,2555.23365857,43.23088353,3597.41918473,38.3344042,12136.80397375,411.8701419,26081.27218298,118.9709381,2.70421617,556.00822987,2.70692623,556.00822987,101.14905515,238.49613325,15.92100167,18.89733936,25.65227522
2026-02-28,3.6725,63.47836744,81.47897679,376.9593416,1.79715072,925.2162901,1383.62105188,1.4043563,1.79,1.70100871,1.65668014,2.0,122.3437894,1.65668014,0.376,2966.31524095,1.0,1.26494796,6.90239118,5.13069409,1.0,91.08007394,13.15370337,2.89445276,2.01065592,1.36445619,2215.67129005,0.76940118,873.7533175,6.85819266,3753.93871982,472.27953342,23.97503862,93.40388414,20.51941129,178.43513802,6.3242447,60.19109797,129.92784505,47.4929611,15.0,156.19624677,0.8470471,2.19241375,0.74137061,0.74137061,2.66939569,10.67491973,0.74137061,72.44235137,8793.80089167,7.66670965,208.76465429,7.8232987,26.52201508,131.01199554,318.93950645,16798.03585786,3.13539962,91.08007394,1310.36027799,1314518.90705237,121.45611523,156.04384837,0.709,156.05262539,128.99795238,87.44830073,4011.9883553,416.71985781,900.00009835,1439.663887,0.30653519,0.83118267,498.3504717,21401.49994715,89765.390463,309.18309981,183.59930042,15.9286959,6.32996855,9.15799516,17.10370134,4211.54841929,52.15169988,2100.2147448,3566.42161187,8.05799766,39.95935745,46.36462819,15.4574456,1735.95631477,17.21988392,3.89010205,63.9082627,15.9286959,1364.12268677,36.71142063,9.51080467,145.79642835,1.66679326,0.38097198,1.0,3.355823,4.28387756,57.74057365,279.69772006,3.57455294,6436.93865008,3.64,4.31198788,99.39714934,77.08323548,1456.4236312,3.75,8.04505974,14.64470957,600.19104802,9.03085307,1.26494796,0.74137061,22.92486923,571.43170609,37.73337349,4542.36866086,20.99867009,110.52498319,15.9286959,31.08080013,9.51041676,3.50011318,2.86096676,2.35754252,43.92444254,6.75585577,31.39048639,2560.84601611,43.093293,3603.14567002,38.38871032,12192.68021183,416.56676987,26133.00835467,118.11935182,2.71590763,555.62647708,2.70248739,555.62647708,101.07960666,238.57461768,15.9286959,18.91935309,25.77625691
2026-03-01,3.6725,63.75150146,81.49390004,376.90016195,1.79379379,927.29537859,1396.92610203,1.4059119,1.79,1.70153016,1.65517345,2.0,122.32583899,1.65517345,0.376,2959.8704614,1.0,1.26467337,6.92099438,5.13267882,1.0,91.08069631,13.05220706,2.89356908,2.01177502,1.3645306,2209.4713284,0.76929253,873.66089017,6.85770311,3756.71416241,470.88604384,23.94827021,93.3189371,20.51862163,178.43223753,6.32424857,59.6750677,129.9275,47.73065728,15.0,156.10951722,0.84627675,2.20514983,0.74158609,0.74158609,2.67073693,10.66530995,0.74158609,73.39407918,8775.19756249,7.66524148,209.26785787,7.82324663,26.5187319,131.62357885,318.94563659,16771.79149376,3.12827514,91.08069631,1310.41715499,1314250.3344506,121.45819013,156.10024196,0.709,156.05179854,129.00109134,87.44830073,4006.95513719,416.34086802,900.00004029,1437.51692233,0.30644212,0.82605531,497.99284356,21383.19777094,90471.68496434,309.18828573,183.56777985,15.89527656,6.31421365,9.14858231,17.09202194,4206.49127042,52.15570967,2100.12810296,3566.03324906,8.05794403,39.92280617,46.36316528,15.45897848,1735.08123999,17.23368425,3.89224185,63.9111603,15.89527656,1363.01646683,36.80703504,9.50981862,145.79742462,1.66757708,0.38514864,1.0,3.35472193,4.28409986,57.69583923,279.54390987,3.57437502,6440.98753592,3.64,4.31374157,99.4210984,77.27011296,1458.37547239,3.75,8.04507801,14.69428451,600.21280609,9.03058102,1.26467337,0.74158609,22.92490141,571.48478157,37.83570434,4542.36866086,20.87324401,110.52498271,15.89527656,31.08814905,9.51064358,3.49019834,2.85640703,2.35742041,43.92287368,6.74018965,31.3957953,2545.11434089,43.17674965,3601.79038753,38.38741795,12172.05318547,416.71169305,25936.59535561,119.16912515,2.71590836,555.12115736,2.69998932,555.12115736,100.98767886,238.38049203,15.89527656,18.90594804,25.77625691
2026-03-02,3.6725,62.82903187,81.55180495,376.87841712,1.80111018,916.85845507,1391.68528819,1.40780467,1.79,1.70074219,1.65952256,2.0,122.26647261,1.65952256,0.376,2967.48394313,1.0,1.26713999,6.91711651,5.13035161,1.0,91.20917467,13.16850185,2.89515366,2.01465634,1.36491625,2264.47188809,0.76870416,873.92416629,6.8690025,3757.7632793,472.9234772,23.98306608,93.5641404,20.57152385,178.20599859,6.33921954,60.1349628,129.98169489,48.21213482,15.0,156.03917096,0.84850041,2.19595005,0.74391099,0.74391099,2.67305613,10.66768559,0.74391099,73.8290759,8774.3358335,7.6699876,209.19985162,7.82284458,26.49010615,131.82835075,321.03098973,16831.69187189,3.12039212,91.20917467,1310.69881495,1311783.06328826,121.74837501,156.08569097,0.709,156.3436825,129.03412448,87.45064367,4006.98196075,417.43483844,899.97091923,1451.098361,0.30644577,0.82929724,498.42942696,21371.26247978,89207.23292257,309.4376707,183.5956863,16.0171141,6.31874702,9.14778071,17.09389773,4228.51615544,52.24804088,2099.88959859,3569.31694581,8.05752991,40.10103763,46.3586323,15.45921992,1734.05243381,17.245981,3.90584837,63.91527655,16.0171141,1360.82911452,36.81086269,9.51500788,146.00308635,1.67096544,0.38493722,1.0,3.35546598,4.33773358,58.03940218,279.55142755,3.58373434,6445.99227546,3.64,4.32236466,99.49676932,77.3323244,1460.04865478,3.75,8.01301899,14.6638893,600.15763105,9.05368681,1.26713999,0.74391099,22.92468498,571.49310502,37.79166334,4541.39476013,20.97588938,111.40162707,16.0171141,31.23932921,9.51017423,3.49655098,2.86740623,2.3727828,43.96964517,6.76958081,31.43394665,2547.73286434,43.30240219,3603.09634946,38.45351731,12164.06498182,419.32949821,26170.80039561,118.76278138,2.70481994,556.57978459,2.70645982,556.57978459,101.25303243,238.51900536,16.0171141,18.91995974,25.77625691
2026-03-03,3.6725,63.02551778,82.29732173,377.26790289,1.8048671,916.87473545,1394.07920665,1.40768118,1.79,1.69997317,1.67203711,2.0,122.47550086,1.67203711,0.376,2975.01121615,1.0,1.27228094,6.94344811,5.17242882,1.0,91.69100348,13.2560338,2.90102514,2.01620917,1.36626642,2274.18274108,0.7794398,882.69332159,6.8816725,3763.95389621,471.64435943,24.06715457,94.2697126,20.74040431,178.25217618,6.38663409,60.06666353,130.44626234,49.21682077,15.0,156.93563716,0.854899,2.200606,0.74582062,0.74582062,2.70485809,10.72093162,0.74582062,73.74499941,8784.01644876,7.67559891,209.66458462,7.81874902,26.50298981,131.72246008,324.6798679,16858.39092727,3.07715364,91.69100348,1313.51505536,1315032.73511058,122.84493331,156.87108467,0.709,157.22699631,129.36532657,87.45254317,4021.12561715,420.58273694,900.03130217,1465.78405622,0.30688293,0.83030249,499.51419643,21413.75960323,89851.72855331,310.02654976,183.39002936,16.07556501,6.36112518,9.22670162,17.19527479,4189.82221552,52.69400078,2099.68096295,3569.71851493,8.05331149,39.90833669,46.68243654,15.45925466,1737.44511111,17.3028957,3.92649335,63.79134507,16.07556501,1369.47540256,36.82296695,9.55713223,146.77437382,1.68164696,0.38483633,1.0,3.36738501,4.30248436,58.25037931,280.1588631,3.6231571,6473.50887753,3.64,4.35701687,100.34180438,77.44532803,1463.36659359,3.75,8.02881671,13.98040267,600.18386063,9.16026557,1.27228094,0.74582062,22.93498987,571.44834251,37.77753629,4545.09601365,21.12910756,110.53467837,16.07556501,31.44118773,9.53593673,3.5096113,2.88372066,2.37252461,43.97200793,6.77520028,31.56604455,2547.4526683,43.35144985,3628.30296246,38.54230451,12207.64899231,420.41472755,26181.24688034,118.80521531,2.69690998,560.77698258,2.70584569,560.77698258,102.01658697,238.52349088,16.07556501,19.17028364,25.76233104
2026-03-04,3.6725,62.5338172,82.99973791,376.71030684,1.80234824,917.87288496,1414.86191745,1.42636826,1.79,1.70000042,1.6862553,2.0,122.33220992,1.6862553,0.376,2970.92135866,1.0,1.27811493,6.91040856,5.27756854,1.0,92.10340058,13.36409137,2.90464421,2.01288534,1.36860408,2299.73555712,0.78185977,903.44326995,6.92080361,3795.08667184,470.18351726,23.99238726,95.07133628,21.01178178,178.07350729,6.44174451,59.49867456,130.90842684,49.88173927,15.0,155.16792846,0.86216864,2.21594741,0.75001047,0.75001047,2.70487524,10.75247007,0.75001047,73.6805833,8767.06911001,7.66930499,209.20399126,7.80878174,26.46840384,131.25156263,335.02156513,16910.33135651,3.09142132,92.10340058,1310.91249036,1310448.75647447,124.24332812,156.24929891,0.709,157.5401841,129.1847045,87.45833882,4016.47640493,424.1591675,899.98179033,1479.90881724,0.30735077,0.83105609,500.12059021,21414.46311562,89604.54939269,310.07389194,183.55113627,16.52819843,6.36160529,9.30748947,17.30264017,4190.15248734,53.16733084,2100.00667618,3570.08649697,8.04304519,40.00631693,46.89501326,15.45891809,1734.51323384,17.70127668,3.949992,63.85979746,16.52819843,1378.81826049,36.80552459,9.68779425,147.43451849,1.6991076,0.38473956,1.0,3.3997117,4.31846935,58.61391892,279.5792369,3.70172502,6458.8009163,3.64,4.39509558,101.22270347,77.6353407,1460.7612778,3.75,8.01792189,13.71842891,600.19932199,9.28393726,1.27811493,0.75001047,22.91487851,571.49487242,37.61374313,4541.0516731,21.27302771,110.52498278,16.52819843,31.72436777,9.54973001,3.49869013,2.90029382,2.37627035,43.9876466,6.77597067,31.78569629,2562.20138725,43.57163498,3722.363643,38.42692851,12209.61333991,422.95800709,26196.5272191,119.51319341,2.70342033,565.54555667,2.70738205,565.54555667,102.8840863,237.98080563,16.52819843,19.20033672,25.7674777
2026-03-05,3.6725,62.94488103,82.68426383,376.92473347,1.80299772,914.54486399,1401.46576643,1.41554148,1.79,1.70002626,1.68260861,2.0,122.25333214,1.68260861,0.376,2968.26210264,1.0,1.27597444,6.91290794,5.23164251,1.0,92.14998218,13.41544593,2.9134081,2.01383929,1.36457932,2299.7440842,0.77974839,894.98215813,6.89021216,3761.42732419,471.64798199,24.01251146,94.86573534,20.97940938,177.64505335,6.4278352,59.36245106,130.75410368,50.18860787,15.0,155.23766339,0.86030412,2.20644984,0.74844721,0.74844721,2.72392285,10.75228833,0.74844721,73.85194786,8775.00461716,7.67125065,209.31007196,7.81870103,26.47395562,131.20510015,331.08228094,16884.82987226,3.07063855,92.14998218,1311.11964365,1318632.1648282,124.48499884,156.24789431,0.709,156.87731701,129.23896555,87.45238518,4014.34070756,423.24188236,899.97251407,1464.27774778,0.3070876,0.83175962,496.67573063,21407.79118415,89492.61712905,310.73746892,182.41900052,16.36628256,6.3618062,9.2830586,17.31458486,4161.49692077,53.00149236,2099.96610165,3584.43503538,8.05326207,40.05513623,47.33797804,15.45984332,1734.78845395,17.62835966,3.93740438,63.86216111,16.36628256,1383.69745654,36.81127934,9.63313747,147.50908397,1.68527595,0.38495828,1.0,3.41608762,4.30577233,58.48126488,279.74091585,3.67810477,6509.99967523,3.64,4.38262927,101.01312152,77.85755921,1459.56645493,3.75,8.02953163,14.69414712,600.20536404,9.1842518,1.27597444,0.74844721,22.87483322,571.44143981,37.74612134,4536.482366,21.30011716,110.54708558,16.36628256,31.55125453,9.57871482,3.49969141,2.90073399,2.37903211,43.99927529,6.77113789,31.68464513,2565.35238785,43.91311017,3691.60766441,38.81112215,12186.09266902,425.03023457,26187.57000727,119.48082831,2.69843101,564.32250981,2.70738442,564.32250981,102.66158953,238.45166068,16.36628256,19.23143261,25.78521954
2026-03-06,3.6725,62.97614738,82.76249818,377.03924156,1.80129193,915.4417907,1407.3373014,1.42100304,1.79,1.69999986,1.68321913,2.0,122.2759721,1.68321913,0.376,2968.5358584,1.0,1.27815708,6.90460451,5.26494269,1.0,91.60890217,13.50870444,2.93580586,2.01353071,1.36578245,2309.94372533,0.78027069,906.18491125,6.90228893,3787.649316,472.75804058,23.98514801,94.90015695,20.98211685,178.01640266,6.42969188,59.46288372,130.79684681,50.10187627,15.0,155.15540111,0.86061628,2.21108681,0.74799906,0.74799906,2.72258599,10.79308671,0.74799906,73.73608929,8772.41673915,7.66960754,209.18913331,7.82134012,26.46416633,131.08268344,333.296278,16910.13385806,3.08212794,91.60890217,1309.99435332,1319579.52982298,124.54010527,156.2532135,0.709,157.49208243,129.22166092,87.44898394,4012.161912,423.39545377,900.05225146,1474.04448179,0.30753598,0.83134438,493.58655061,21407.48811312,89068.07963454,310.85057612,182.45691201,16.58074671,6.37201595,9.2925161,17.28781517,4140.1486757,53.07027849,2099.93479029,3570.75838612,8.05598032,39.916084,47.32079752,15.45948659,1733.39253859,17.67395672,3.94882139,63.81635939,16.58074671,1385.38338805,36.79395209,9.6609881,146.64295014,1.69080244,0.3849014,1.0,3.44438561,4.30534146,58.8786779,279.36618115,3.67564638,6549.31271748,3.64,4.38147281,101.05103639,78.67352844,1460.20194122,3.75,8.03263071,14.95849138,600.18346055,9.21451136,1.27815708,0.74799906,22.93999787,570.15208849,37.77517399,4531.27006126,21.24493562,110.52675667,16.58074671,31.74330803,9.58430187,3.49862826,2.90444261,2.3833819,44.07529886,6.76957673,31.74417162,2569.08266607,43.71793796,3681.0457322,39.34346133,12180.16115695,427.72445551,26203.73065562,119.50737527,2.71245533,564.5272717,2.70673956,564.5272717,102.69883983,238.44972754,16.58074671,19.33877644,25.75526246
2026-03-07,3.6725,62.44612245,82.71893948,377.34569449,1.79898292,918.60967315,1420.3102541,1.42249987,1.79,1.69999999,1.6835773,2.0,122.3053956,1.6835773,0.376,2966.54556392,1.0,1.27914972,6.90693557,5.25714567,1.0,91.94061202,13.51613629,2.94996723,2.01455606,1.35658343,2277.558,0.77648001,911.71533525,6.90520156,3775.84865653,477.92969813,24.00204476,94.92035054,20.99245187,177.964,6.43124886,60.20514503,131.30429252,50.30231672,15.0,156.10157468,0.86079941,2.2105129,0.74531499,0.74531499,2.72747767,10.77500034,0.74531499,73.45098502,8764.53472589,7.67084759,208.87647331,7.82160223,26.528824,131.20269237,337.7971772,16942.42200295,3.09284825,91.94061202,1310.33367054,1320048.58971344,124.88841274,156.33636614,0.709,157.75119652,129.15971568,87.45311425,4010.34972506,423.48554713,899.98342725,1485.00476023,0.30671482,0.83231265,494.3518236,21511.65895193,88696.13694961,311.13088398,183.00065097,16.54920188,6.35990469,9.30623313,17.2933325,4163.6189131,53.02014876,2100.79104432,3570.79193412,8.05625029,40.08761843,47.37851229,15.45741641,1736.74443422,17.79248116,3.94620052,63.76048102,16.54920188,1393.45047226,36.72750704,9.5830425,147.17393469,1.69494988,0.38592259,1.0,3.48020043,4.30048525,59.03936886,279.58088962,3.67684554,6541.23614066,3.64,4.38399804,100.90587953,79.26246555,1457.96497551,3.75,8.0486123,14.70866266,600.2426737,9.18254226,1.27914972,0.74531499,23.8757896,570.93406363,37.66804934,4537.08745838,21.27459467,110.79461722,16.54920188,31.85093822,9.58500445,3.4955854,2.93841067,2.38448349,44.05976219,6.77543983,31.81791944,2583.16372623,43.70249939,3678.80172896,40.21219692,12179.27396953,432.60870512,26093.53290865,119.07280094,2.74046767,564.64739617,2.70249005,564.64739617,102.72069288,238.39872051,16.54920188,19.31188417,25.7573434
2026-03-08,3.6725,63.40795316,82.67738817,377.36339457,1.79717578,929.33515826,1417.37212047,1.42234534,1.79,1.70124157,1.68324397,2.0,122.42980784,1.68324397,0.376,2966.68610731,1.0,1.27914453,6.91004803,5.25724479,1.0,91.96842816,13.34135515,2.93835168,2.01299229,1.35667552,2200.9429728,0.77695621,911.9088259,6.9031071,3782.20735442,476.43537664,23.89207311,94.90155741,21.00835033,177.62046114,6.43391743,60.20998494,131.304,50.22490617,15.0,156.10003603,0.86062898,2.21052158,0.74559269,0.74559269,2.72680398,10.77463344,0.74559269,73.73720466,8776.34046152,7.66403289,209.23249196,7.82220684,26.52633867,131.54687542,338.36074661,16909.06014952,3.08425477,91.96842816,1310.32615926,1318203.06298599,124.9087884,156.30653258,0.709,157.78534895,129.16013105,87.45311425,4006.39741733,423.40170192,899.99721955,1482.28640159,0.30727742,0.82005272,493.91019723,21395.92576196,89670.21946597,310.96219234,182.96498588,16.55744997,6.34671693,9.3001919,17.27288966,4179.21454495,53.02845174,2100.05612511,3566.66414811,8.05687304,40.00516481,47.35924613,15.45955102,1735.71805092,17.8369558,3.94636793,63.89200055,16.55744997,1391.90445125,36.67672929,9.58419982,147.21846137,1.6952587,0.38523811,1.0,3.48081859,4.29331645,59.02683909,279.70044194,3.66986539,6541.6089732,3.64,4.38595686,101.01224257,79.02248554,1458.73506546,3.75,8.04546217,14.7141472,600.21365177,9.17838742,1.27914453,0.74559269,24.46916061,571.1348803,37.6877626,4537.08745838,21.26672014,110.59855322,16.55744997,31.77778677,9.58500237,3.50144387,2.90922006,2.36976515,44.06202508,6.73054607,31.82053522,2570.71279799,43.75803485,3689.1099147,40.22562354,12193.7601089,432.05420573,26220.91454158,119.32028586,2.74048895,564.53560256,2.70078335,564.53560256,102.70035538,238.37452112,16.55744997,19.40291784,25.7573434
2026-03-09,3.6725,63.08434139,83.02170318,374.45322463,1.79359516,918.80843303,1412.50372939,1.43121296,1.79,1.69999884,1.696695,2.0,121.90057045,1.696695,0.376,2964.95401856,1.0,1.28285612,6.87751073,5.26284815,1.0,92.31155626,13.58561353,2.95210112,2.02257162,1.35711314,2301.06603738,0.78123593,920.56486567,6.91940653,3773.50579233,479.73060211,24.0097167,95.65992854,21.18839015,177.76132326,6.4806315,59.74360908,131.48725652,50.81425259,15.0,155.80905921,0.86750638,2.21972741,0.75154407,0.75154407,2.73038811,10.80040167,0.75154407,73.88203415,8771.89721267,7.65914046,208.34725589,7.81513552,26.50263462,131.44483757,343.07514069,16973.22612146,3.12073271,92.31155626,1314.93363902,1317522.9846353,125.87777359,156.56815058,0.709,158.65380999,128.67826252,87.45380241,4021.3393453,426.78516195,900.06691068,1493.63241918,0.30694647,0.830333,496.18859602,21451.13937907,89772.06841833,312.50926888,182.75250217,16.82107302,6.38253105,9.3093227,17.28116039,4174.40762347,53.02422589,2099.86904926,3569.75025149,8.04958959,40.0315194,47.37067309,15.45982355,1740.58703698,17.9839486,3.9665676,63.72843318,16.82107302,1391.60641026,36.80617434,9.63276686,147.76772368,1.70211577,0.38492457,1.0,3.4373263,4.31702971,59.66687674,280.40754349,3.7271636,6542.95575036,3.64,4.41658927,101.51799048,79.62762943,1461.02041629,3.75,8.03109539,14.20703682,600.20111181,9.28218073,1.28285612,0.75154407,22.93506342,570.5932043,37.75249945,4537.23006455,21.33190177,110.58989573,16.82107302,32.09805275,9.57294885,3.4975077,2.91128001,2.37419234,44.10530163,6.76072172,31.87586144,2566.83871206,43.80387188,3683.4358849,39.31557888,12167.66474232,432.56898758,26196.36855943,119.53340767,2.71561699,569.04688261,2.70651035,569.04688261,103.52104775,238.38854785,16.82107302,19.42819834,25.74178363
2026-03-10,3.6725,63.08014592,82.69963555,376.90315905,1.79307097,917.84763911,1415.58484043,1.4144264,1.79,1.69999974,1.68241541,2.0,122.09069687,1.68241541,0.376,2967.12928578,1.0,1.27439598,6.90813403,5.20584627,1.0,91.84355435,13.51887107,2.91435042,2.00840983,1.35946995,2162.16166618,0.77704991,915.18689927,6.88100462,3754.2082305,475.25004057,23.8802413,94.85484276,20.95572179,177.68725955,6.42695684,59.99578602,131.54198038,52.78780776,15.0,155.07523953,0.86020534,2.20688447,0.74433731,0.74433731,2.73261577,10.76843253,0.74433731,73.61128833,8761.15056616,7.65650327,209.18755757,7.82365394,26.45567596,130.65570101,333.26319681,16882.61095621,3.09520056,91.84355435,1307.85360269,1320395.66669772,124.83682867,155.91165634,0.709,157.63970552,128.98330608,87.45885772,4003.07950342,423.19328527,900.01331238,1471.81770382,0.30758723,0.83120215,496.929004,21356.2976475,89283.16912784,310.61752763,182.7749103,16.33313913,6.35580342,9.36663795,17.23906522,4158.92547819,53.03430794,2099.91495012,3568.66364558,8.05836355,40.03277029,46.78188801,15.4594739,1731.12530899,17.6627927,3.93075638,63.81054516,16.33313913,1397.8607943,36.70749847,9.60310942,147.01856963,1.6891902,0.38487961,1.0,3.48847354,4.30152913,59.16416436,279.6034369,3.65948738,6410.85569874,3.64,4.38468688,101.01265486,78.37278085,1456.40092491,3.75,8.0285361,13.98681145,600.16843713,9.14104151,1.27439598,0.74433731,22.93516748,571.43384126,37.75067767,4542.91255149,21.34669101,110.68132564,16.33313913,31.66886999,9.59495191,3.49986767,2.90654938,2.37999971,44.07835124,6.76664593,31.7827168,2577.57211125,43.81318746,3755.93885091,40.34137561,12146.93792638,434.01788758,26252.98573694,119.61384894,2.71363033,564.25771369,2.70672514,564.25771369,102.64980182,238.54850138,16.33313913,19.42626611,25.61804523
2026-03-11,3.6725,63.06623409,82.68047872,377.25236195,1.80282077,917.74076433,1399.50561593,1.39964415,1.79,1.69999963,1.68309924,2.0,122.50632931,1.68309924,0.376,2969.24500412,1.0,1.27249795,6.917319,5.16289855,1.0,91.88273368,13.45813485,2.94450636,2.01443747,1.35700271,2182.80445661,0.7780573,889.27684219,6.86993597,3708.35231475,471.93619063,24.00968455,94.89339705,20.99512783,178.15833407,6.43001151,60.32806026,131.40874902,51.98914978,15.0,155.87121759,0.86055497,2.19958888,0.74412318,0.74412318,2.72283498,10.80253761,0.74412318,73.58433596,8773.49793849,7.66802693,209.18388972,7.82493585,26.48465096,131.52381644,330.54717589,16865.44344266,3.09234282,91.88273368,1311.13452328,1320956.78958306,125.39100821,156.94493771,0.709,158.38877912,129.28091318,87.45496581,4013.55939584,423.3652946,899.98901152,1472.95961572,0.30666815,0.83151369,488.59249576,21405.0070806,89733.38951072,311.0939522,183.14617892,16.26644563,6.38477534,9.32783279,17.20177341,4153.59619341,52.99182952,2100.07722391,3569.78766701,8.05968393,40.05068366,45.93696106,15.45950871,1735.62309535,17.55460545,3.925108,63.76692898,16.26644563,1398.56916817,36.81962148,9.62398593,147.08128594,1.68731731,0.38489931,1.0,3.44868,4.31089211,58.92934793,279.54955453,3.67113671,6511.20826368,3.64,4.37993671,101.03351211,79.04198496,1460.88865778,3.75,8.02158322,13.56817071,600.26849733,9.16751172,1.27249795,0.74412318,22.88976828,571.24123434,37.52203799,4551.2563552,21.23487455,110.55983168,16.26644563,31.62523986,9.57998223,3.50977889,2.91636696,2.37128902,44.10913834,6.78647482,31.7721782,2588.10465254,43.91284734,3719.39130534,40.32400193,12164.37218215,436.66465878,26225.45660224,119.47742313,2.70337238,564.48705947,2.70715688,564.48705947,102.69152441,238.58274794,16.26644563,19.39932339,25.6227705
2026-03-12,3.6725,62.47787464,83.38152701,377.76670921,1.80854832,917.87243353,1395.38536501,1.40163051,1.79,1.69998878,1.69569751,2.0,122.68336967,1.69569751,0.376,2975.16868293,1.0,1.27628325,6.92186381,5.19296278,1.0,92.20799404,13.45645253,2.94321666,2.01325941,1.35868908,2273.24608632,0.78212394,897.30742563,6.87877882,3702.95041696,472.57433235,24.03864513,95.6036895,21.15761595,178.16497318,6.47810104,60.90505595,131.57660992,51.87851747,15.0,155.47500255,0.86699637,2.20332137,0.74802022,0.74802022,2.72772505,10.85805233,0.74802022,74.05275842,8774.43964322,7.66964406,210.14674869,7.8241668,26.49896032,131.70712893,337.18042596,16902.53624114,3.13078464,92.20799404,1314.045958,1317657.74513564,125.54210784,157.21828902,0.709,159.08298632,129.64273252,87.4579808,4018.83612023,426.53425244,899.95695896,1481.24640595,0.30683494,0.83098244,491.27669235,21480.46787916,89259.63688473,311.96502006,182.96464919,16.62284727,6.38362706,9.38530926,17.30847402,4161.31715188,53.37769223,2099.53671724,3568.21083847,8.0588918,40.0792929,45.8950508,15.45965005,1737.87086774,17.76786601,3.92992948,63.86083594,16.62284727,1397.89661939,36.7935531,9.6721562,147.60194646,1.69555641,0.38457692,1.0,3.42839357,4.31547841,59.53370885,280.06322449,3.69160097,6508.06857795,3.64,4.41404028,101.79621242,79.16008334,1459.74283815,3.75,8.00370581,14.80419362,600.13951258,9.26805764,1.27628325,0.74802022,22.88964681,571.45932765,37.53361844,4560.37560575,21.45880089,110.55945032,16.62284727,31.89639841,9.61375211,3.49606587,2.92935226,2.36093192,44.11519978,6.78917519,31.85965104,2599.26585607,44.14755677,3709.45992255,40.34806607,12194.9098585,438.84772858,26243.44352949,119.63309276,2.692514,568.71233658,2.70903404,568.71233658,103.46018712,238.56736039,16.62284727,19.50098593,25.5251511
2026-03-13,3.6725,62.45200051,83.5088766,377.85899635,1.80762162,917.76482747,1395.38715428,1.41127132,1.79,1.70000164,1.69800947,2.0,122.8976301,1.69800947,0.376,2979.29781605,1.0,1.27810699,6.92581262,5.24615344,1.0,92.28710759,13.52245664,2.95911167,2.01578804,1.36308702,2273.19963181,0.78595417,914.10954126,6.88385295,3700.41215206,472.54670216,24.07846164,95.73403828,21.21298197,178.26084015,6.48718629,61.28177748,132.13194423,52.35496548,15.0,156.61057075,0.86817846,2.21330422,0.7486319,0.7486319,2.72188902,10.85884284,0.7486319,73.65019321,8772.66245275,7.67414185,209.90064949,7.82689619,26.50754027,131.42900228,339.72516352,16920.56904533,3.13854412,92.28710759,1314.39270711,1317441.60329104,125.32491782,157.02644191,0.709,159.31907704,129.40507372,87.45351042,4022.73659924,427.11580133,900.00794361,1487.11235136,0.30679571,0.83214194,491.04243462,21505.4577874,89720.23087482,311.93754455,183.6120082,16.74294491,6.40398026,9.39663363,17.42047642,4157.6067671,53.5209429,2099.80119099,3571.68635271,8.06170308,39.87587335,45.89218588,15.45927502,1737.66072724,17.80865261,3.92963579,63.86127919,16.74294491,1393.3632534,36.8547348,9.70112891,147.72858748,1.70826496,0.38487904,1.0,3.44323722,4.36826731,59.51820565,280.08664811,3.70965656,6496.88769329,3.64,4.42246523,101.93884534,79.48352805,1464.46044557,3.75,8.01504897,14.93633408,600.21902796,9.34713315,1.27810699,0.7486319,22.89997991,572.02389928,37.4903853,4567.93703894,21.41567207,110.55277272,16.74294491,32.15513775,9.60897998,3.50923787,2.93191002,2.38183398,44.19219029,6.79641322,31.92874087,2605.92422856,44.22334208,3748.72119185,40.12374047,12123.3061589,440.92786504,26257.16175346,119.51002262,2.71694093,569.48773511,2.70726999,569.48773511,103.60124767,238.59375431,16.74294491,19.4831455,25.47359344
2026-03-14,3.6725,62.44232052,83.94102665,377.44481542,1.79701125,916.15664084,1395.40301372,1.43522942,1.79,1.69999999,1.70788304,2.0,122.79387071,1.70788304,0.376,2967.78084521,1.0,1.28358939,6.91621291,5.32890322,1.0,92.55731868,13.51898471,2.95499682,2.01171976,1.37212171,2253.99686887,0.79437297,917.8494195,6.89623551,3703.05251779,471.2278039,23.96828692,96.2907119,21.42550473,178.28454991,6.54494318,61.78879239,132.69243215,52.25160343,15.0,157.0168595,0.87322673,2.22991083,0.75568732,0.75568732,2.72807724,10.87424213,0.75568732,73.89832878,8781.16863751,7.66467462,209.10037197,7.8278517,26.54400531,131.8454769,343.947096,16939.31780412,3.14571927,92.55731868,1310.20106068,1318754.22175509,126.14516278,156.8895521,0.709,159.73140786,129.25677023,87.45785448,4010.20297466,429.59939129,899.99935896,1501.24935097,0.30689268,0.82755184,489.70830463,21429.68079208,89352.58791909,311.16885704,183.24667847,16.93909457,6.38013123,9.42639627,17.41511833,4156.21910454,53.85335399,2099.70726665,3569.19951607,8.06268725,40.10161159,46.48870639,15.45796721,1735.30440953,17.95244969,3.93952601,63.75202295,16.93909457,1383.90187503,36.69721125,9.76873894,148.16112788,1.73128,0.38518439,1.0,3.45449077,4.29923459,59.75197873,279.23049172,3.74270632,6445.58226233,3.64,4.46267585,102.55400183,80.0164678,1459.46610554,3.75,8.05150071,14.44528445,600.1463824,9.48044284,1.28358939,0.75568732,22.90003184,571.45450058,37.54316953,4563.06255739,21.50204383,110.52500341,16.93909457,32.4022683,9.59325494,3.49741667,2.94718435,2.35908365,44.1885946,6.74691563,32.14424409,2601.3383814,44.21036935,3756.07202181,40.26296399,12080.27907575,442.55774634,26368.00390946,118.23225617,2.73521485,572.79918839,2.70198798,572.79918839,104.20366747,238.55355383,16.93909457,19.4099687,25.45851405
2026-03-15,3.6725,63.60294397,83.95138534,377.41006988,1.79700489,926.20603147,1396.77276962,1.43208985,1.79,1.70465651,1.70549809,2.0,122.83575462,1.70549809,0.376,2968.82094067,1.0,1.28367687,6.921682,5.29630096,1.0,92.52374376,13.43100776,2.95516735,2.0138295,1.37161111,2252.25357355,0.79533668,917.51937633,6.89927307,3692.59527875,470.02762626,23.99580847,96.15624802,21.42261625,178.28671426,6.53946536,61.52624443,132.67192251,52.3583436,15.0,156.55395856,0.87200733,2.23053403,0.75534424,0.75534424,2.72821827,10.87067891,0.75534424,74.50774571,8778.82813091,7.65911596,209.3404897,7.82801753,26.54254131,132.16195581,343.87163678,16920.19132443,3.14358122,92.52374376,1310.3216647,1319535.87056555,126.1081602,157.2096762,0.709,159.65072947,129.27895997,87.45785448,4011.88583386,428.99948297,899.99997745,1498.76212233,0.30712438,0.82055283,490.20692827,21361.55106666,90012.60113208,310.93067241,183.10885282,16.89070199,6.37791082,9.43149681,17.33421945,4162.58187967,53.73694457,2099.66660471,3568.90743626,8.06285805,39.98247432,46.47356392,15.45987883,1733.5712351,17.94957357,3.93890543,63.82669142,16.89070199,1380.31589691,36.73034103,9.74197727,148.10738282,1.73069673,0.38492704,1.0,3.45669177,4.2992115,59.7452492,279.36500821,3.74662984,6449.78790619,3.64,4.45877773,102.68854436,80.17598876,1459.72493092,3.75,8.05151148,15.06580143,600.17368422,9.47853601,1.28367687,0.75534424,22.90002942,571.15210954,37.57499877,4563.06255739,21.43849833,110.52498186,16.89070199,32.30278101,9.59758575,3.49992672,2.94458826,2.35902163,44.19163293,6.74103821,32.12823002,2587.2107773,44.19013538,3763.46348607,40.56267691,12084.26362131,444.33632188,26286.31694955,118.74675911,2.73521488,571.99931062,2.70013089,571.99931062,104.05815366,238.52327088,16.89070199,19.41014129,25.45851405
2026-03-16,3.6725,62.82655812,83.93805213,377.65672604,1.80288727,918.77672106,1397.67670679,1.42657896,1.79,1.7000018,1.70833813,2.0,122.80246071,1.70833813,0.376,2971.47065677,1.0,1.28131213,6.921659,5.32847251,1.0,92.44129829,13.64962509,2.9572799,2.01545111,1.37108116,2270.33388036,0.78926563,920.62110618,6.89970007,3694.02417075,471.58532452,24.00444742,96.31637007,21.37064288,178.05141962,6.52647759,61.68451121,133.44977373,52.61801518,15.0,156.36306148,0.87345942,2.22448628,0.75441912,0.75441912,2.72946115,10.87675759,0.75441912,74.03529011,8774.5367388,7.66869422,209.47435577,7.82842196,26.49932595,131.86428555,342.77088312,16977.72681522,3.14327852,92.44129829,1312.02579029,1320508.85952391,125.9543066,156.96370008,0.709,159.59217156,129.45279012,87.45839304,4014.38630204,429.7138648,899.98139392,1497.84524294,0.30736934,0.82997303,490.16078095,21449.52396559,89756.73209011,311.74108141,183.25700464,16.84930253,6.3901535,9.44187926,17.44729445,4159.8711259,53.82065083,2100.1289279,3569.17158872,8.06327462,40.1025034,46.49252357,15.45920698,1735.97193979,17.85397377,3.93376619,63.76739492,16.84930253,1386.54527295,36.82202937,9.75185934,147.97540824,1.72139297,0.3851695,1.0,3.45562081,4.34475366,59.98135995,279.57352108,3.7314048,6459.2089631,3.64,4.450575,102.52595275,80.55426665,1460.80372163,3.75,8.01820658,15.25726151,600.21012222,9.43617181,1.28131213,0.75441912,22.89974472,570.31775771,37.59411777,4563.00767818,21.53123159,111.09730852,16.84930253,32.42042801,9.59958911,3.49749087,2.94999251,2.38008134,44.17400067,6.77766891,32.07047187,2598.73139587,44.18943304,3764.33252005,40.28054288,12107.5029146,444.65018252,26312.57706235,119.67353514,2.7283506,572.95181973,2.70708248,572.95181973,104.23143418,238.5590652,16.84930253,19.4187861,25.45292435
2026-03-17,3.6725,62.99200533,83.9189581,377.32073846,1.7995846,917.82175851,1396.06678036,1.41143477,1.79,1.69999156,1.70126259,2.0,122.60486752,1.70126259,0.376,2967.25561931,1.0,1.27817464,6.92496101,5.23348468,1.0,92.32903315,13.61898404,2.97977146,2.01234118,1.36829246,2305.81588721,0.78866114,910.12016228,6.88341752,3703.12873341,469.35922246,23.97027335,95.91744974,21.25585714,177.95328296,6.49989993,61.09135606,132.3100971,52.40681261,15.0,157.33977812,0.86984175,2.2133698,0.75136064,0.75136064,2.71810915,10.87536362,0.75136064,73.84319633,8771.0042491,7.6576798,209.07055425,7.83357704,26.52249169,130.96855677,339.86949701,16976.63130189,3.12372735,92.32903315,1309.10589465,1318777.48219221,124.56468559,157.11304412,0.709,159.34170883,129.35846976,87.24234729,4009.91821789,427.93408845,900.01617667,1491.29935202,0.30698058,0.8314749,482.83003125,21488.25244033,89573.57312744,311.03213921,183.54538966,16.68291876,6.4022028,9.39392878,17.37754832,4157.71766957,53.62780722,2099.76006515,3570.84925203,8.06858436,40.0251663,46.72559747,15.45899021,1732.66225961,17.68905688,3.92307012,63.8435043,16.68291876,1371.92469151,36.77655502,9.67757903,147.79569981,1.70850171,0.38489455,1.0,3.43236044,4.30895244,59.71808294,279.03352853,3.71787522,6475.4471962,3.64,4.43108235,102.1380553,81.4935056,1459.07273094,3.75,8.03201471,14.63566311,600.16128581,9.3568571,1.27817464,0.75136064,22.8353672,571.44439281,37.64650959,4567.88131496,21.53462066,110.5930964,16.68291876,32.43833653,9.58941822,3.49905764,2.93056088,2.37982511,44.20191762,6.77887838,31.88188735,2604.39431014,44.07413998,3771.20777112,40.60921505,12087.67519783,446.9571197,26282.56908902,119.45208543,2.7160968,570.5787846,2.70689093,570.5787846,103.79973147,238.49771468,16.68291876,19.56059916,25.43663286
2026-03-18,3.6725,63.07271731,83.25431161,376.80357517,1.79765874,917.95845196,1396.15325356,1.40671544,1.79,1.7005234,1.69550313,2.0,122.52515819,1.69550313,0.376,2964.94200513,1.0,1.27636556,6.89402613,5.19437858,1.0,92.37033612,13.55523843,3.00255356,2.01262267,1.36943968,2307.78264369,0.78547775,907.42210463,6.88430249,3699.11276111,468.22989421,23.94238544,95.59273043,21.18718847,177.94388665,6.47795733,60.7525314,132.11408918,52.25459534,15.0,156.24155401,0.86689698,2.20871618,0.74875012,0.74875012,2.71316382,10.87866789,0.74875012,74.02792768,8763.85195205,7.65269385,208.75021421,7.83846062,26.4829037,130.99337663,336.97850034,16957.05498587,3.09567376,92.37033612,1308.2295176,1314677.45758359,124.48629461,156.91820866,0.709,158.94008792,129.39648382,87.46910376,4006.22617234,426.48535871,900.01409018,1485.96457357,0.3066879,0.83130202,480.67582762,21427.73134787,89326.31620219,310.67358772,182.62882287,16.68045306,6.38569246,9.36500877,17.39840949,4153.96680153,53.43628111,2099.90554033,3569.0302827,8.07361444,40.1115423,46.60742296,15.45919688,1731.39712806,17.64490598,3.91088119,63.8193,16.68045306,1356.69643106,36.77037525,9.58108033,147.86181554,1.70629344,0.38483686,1.0,3.41420204,4.30760994,59.59009314,278.52043227,3.69450077,6467.52931028,3.64,4.41543827,101.81006248,82.37334904,1459.54077328,3.75,8.03032442,14.25578428,600.15836174,9.27990419,1.27636556,0.74875012,22.83980578,568.7059861,37.70189215,4562.94278109,21.40583951,111.320355,16.68045306,32.28412488,9.56351546,3.49955276,2.93294724,2.38409056,44.21560418,6.77712886,31.85346041,2608.16740828,43.93218903,3764.65622881,40.55367591,12106.22230347,449.45292434,26266.38603134,119.48274562,2.71155766,568.64714495,2.70800926,568.64714495,103.44832745,238.58511942,16.68045306,19.58792035,25.30648377
2026-03-19,3.6725,63.96889463,83.42201616,378.36358768,1.81317345,917.86266888,1394.48743044,1.41828463,1.79,1.70000241,1.70231296,2.0,123.29101578,1.70231296,0.376,2982.77958119,1.0,1.28109261,6.95149558,5.26109166,1.0,92.96018071,13.6479996,3.04711106,2.02402683,1.37174236,2311.49987398,0.79118485,915.71851262,6.89471582,3704.15720296,469.2467967,24.08086273,95.97666954,21.28465253,178.43681131,6.50429212,60.83073187,132.52023032,52.25317136,15.0,157.11391601,0.87037879,2.2185575,0.75219381,0.75219381,2.71590226,10.92860012,0.75219381,74.09574689,8784.83687561,7.6690315,210.50901443,7.83863273,26.53960644,131.87153599,342.5488316,16968.98738775,3.11115605,92.96018071,1317.99667595,1316562.22295493,124.64243569,157.98582678,0.709,159.58844673,130.10787391,87.49306535,4028.27381941,428.19829658,900.00751811,1496.49630477,0.3065841,0.82994297,482.6329719,21609.74233718,90016.09100653,312.68428229,184.09357914,16.92650166,6.42038208,9.37576035,17.54204274,4189.39166952,53.65264363,2100.35179217,3569.3169369,8.07379172,40.03455986,46.49496969,15.45929697,1742.76564849,17.79976056,3.93368251,63.84983398,16.92650166,1363.98701055,36.89994607,9.57538092,148.80600928,1.71678819,0.38488223,1.0,3.43840245,4.33013655,60.03549665,281.09109659,3.71664837,6498.23564123,3.64,4.43227301,102.22927007,83.8478123,1463.99385291,3.75,8.02468091,15.18311345,600.19886947,9.38495554,1.28109261,0.75219381,22.82030985,574.95033324,37.46555684,4569.32350933,21.45719421,110.54476237,16.92650166,32.7017097,9.61374067,3.49849598,2.93008065,2.37694516,44.3190189,6.79664498,31.92099816,2604.2452141,44.04322444,3768.72811538,40.74430891,12230.5306001,450.84300364,26312.58334934,119.53984157,2.71500792,570.93106211,2.70662888,570.93106211,103.86381781,238.54901287,16.92650166,19.62032555,25.27243186
2026-03-20,3.6725,63.20495401,83.0570066,375.96902908,1.80142874,917.46003524,1394.90013298,1.41110124,1.79,1.69999673,1.69103477,2.0,122.33613285,1.69103477,0.376,2968.66414166,1.0,1.27871204,6.91236982,5.22133896,1.0,92.93667771,13.63122544,3.0742068,2.00733983,1.37265219,2308.79293225,0.78878583,912.96076222,6.89075101,3688.88141621,467.47869329,23.99073003,95.34080351,21.1545859,177.51439654,6.45938627,58.77339175,132.29529938,52.24475383,15.0,157.19957619,0.86461235,2.20764439,0.74551774,0.74551774,2.72089889,10.88005766,0.74551774,74.11546819,8775.21707568,7.6565139,207.94645542,7.83468007,26.49336431,131.70303002,337.49738772,16927.44240049,3.11549652,92.93667771,1304.01477916,1314602.39746721,124.34056863,157.04566536,0.709,158.28781067,128.92154503,87.47698729,3998.25412606,425.36139099,899.97185929,1495.68838447,0.30651879,0.82989312,477.67255886,21370.88781395,89138.04611903,311.84338739,183.03669441,16.75488531,6.3607254,9.34472491,17.51690888,4156.89080014,53.31882526,2099.80120371,3571.067968,8.06972047,40.10720334,46.49776878,15.45964494,1728.69640672,17.74859083,3.93875883,63.79800171,16.75488531,1353.86243585,36.75840423,9.49988593,148.76838684,1.69959299,0.38469974,1.0,3.43925763,4.29256386,59.8264364,279.14136198,3.69062338,6495.44207838,3.64,4.40428589,101.55802396,86.14959075,1458.16845075,3.75,8.05504338,15.05252204,600.22184631,9.2947878,1.27871204,0.74551774,22.81972495,571.39719814,37.58382059,4564.44810473,21.41299274,110.62817319,16.75488531,32.62656272,9.50987491,3.49970751,2.91491252,2.39927005,44.31075869,6.78082702,31.9373355,2593.91437007,43.84427083,3774.85083967,40.28920644,12172.2954135,453.76642269,26306.89047388,119.25279122,2.7427476,567.14852132,2.70648771,567.14852132,103.17569774,238.59023504,16.75488531,19.54803692,25.30257322
2026-03-21,3.6725,63.95823385,83.12230058,377.44670833,1.79950784,917.85549195,1378.67382377,1.4241721,1.79,1.69999985,1.68729457,2.0,122.68405699,1.68729457,0.376,2971.93107613,1.0,1.2822493,6.90393648,5.31124829,1.0,94.1467959,13.63202032,3.01514123,2.01480096,1.37240348,2311.5,0.78819486,927.24236087,6.88630201,3697.95708577,467.2684847,23.99393744,95.1299304,21.1499746,178.08,6.45794842,59.01476378,132.08333314,52.23612795,15.0,157.14174918,0.86270001,2.21442872,0.74939493,0.74939493,2.71296225,10.89496278,0.74939493,74.08761799,8782.30220544,7.65882955,208.80517609,7.83299806,26.51242924,131.15185416,339.6902572,16962.69849493,3.10889805,94.1467959,1310.50063305,1312558.1141619,124.30004185,157.35578119,0.709,159.2421692,129.59170104,87.4458927,4009.34195724,424.42058419,900.04626167,1504.73688058,0.30651994,0.83219956,481.23594844,21520.76843266,89345.27246617,311.87697947,183.37460785,17.11777687,6.37997875,9.35661002,17.40869764,4172.54385286,53.1709195,2100.12043487,3567.59889966,8.067988,40.1185707,46.48934077,15.458426,1733.60939997,17.89859093,3.93999727,63.5903949,17.11777687,1355.94338802,36.71814568,9.5660482,150.70548354,1.71260015,0.38211102,1.0,3.47894336,4.30395926,60.14737898,279.2434429,3.69474905,6524.54182127,3.64,4.40149365,101.46697138,82.82246828,1458.58667016,3.75,8.04997603,14.81994851,600.25305393,9.34333138,1.2822493,0.74939493,22.82056815,571.47611875,37.4997958,4564.43375991,21.36833332,110.97980531,17.11777687,32.88999579,9.58000099,3.50001541,2.92677835,2.39689734,44.28674993,6.78470667,32.03647714,2586.94389741,43.79572013,3773.44787662,40.27924828,12171.08271907,454.65901125,26316.99388832,119.11226847,2.72784985,565.89411225,2.70247121,565.89411225,102.94749555,238.57261743,17.11777687,19.50200856,25.2865433
2026-03-22,3.6725,64.18576587,83.10452251,377.52847426,1.79361405,925.16625584,1391.4073449,1.42304457,1.79,1.70092377,1.68725578,2.0,122.83404385,1.68725578,0.376,2964.18576812,1.0,1.28220181,6.93130715,5.30591061,1.0,93.79576452,13.43359702,3.02228668,2.01193422,1.37188221,2290.322352,0.78804489,927.22769485,6.88465406,3709.51949464,466.58415118,23.91476279,95.1277436,21.15042897,178.29530445,6.45685557,59.30780197,131.9905,52.30815312,15.0,157.26647422,0.86268018,2.22634199,0.74961073,0.74961073,2.71832572,10.91031761,0.74961073,74.60015343,8773.44451673,7.65486752,209.33638978,7.83336623,26.54984147,131.85573962,339.59991553,16978.15611238,3.10553919,93.79576452,1310.50941337,1313471.3213348,124.30903766,157.28088394,0.709,159.24080792,129.59660914,87.4458927,4012.87123421,424.4108278,900.00970177,1502.12230024,0.30659137,0.82142869,481.84281671,21440.23389232,89915.09526027,311.81515018,183.18194645,16.99634029,6.39909444,9.34990432,17.48668113,4176.83319485,53.30372603,2099.64556369,3567.34173205,8.06836722,39.89427412,46.48053214,15.45921977,1733.25234607,17.90075349,3.93515562,63.86622512,16.99634029,1356.077709,36.71611581,9.56405489,150.14357005,1.71332818,0.38500794,1.0,3.47780291,4.2989347,59.8885906,279.16123147,3.69459624,6499.94189433,3.64,4.40725721,101.53401388,83.36251854,1460.3891032,3.75,8.05111149,14.89213452,600.22355365,9.34247771,1.28220181,0.74961073,22.82013438,571.47402325,37.59116797,4564.43375991,21.31875768,110.58602183,16.99634029,32.72275393,9.57999457,3.47844592,2.91495902,2.37915971,44.2831903,6.75689285,32.04323497,2587.46703326,43.7950742,3779.94597876,40.66505981,12189.34626018,454.60293964,26303.37023195,119.37766256,2.72779627,565.88110374,2.69999843,565.88110374,102.94512904,238.51748826,16.99634029,19.5054958,25.2865433
2026-03-23,3.6725,62.95701062,83.07568568,377.61737469,1.80455276,918.8396882,1398.24964591,1.43196238,1.79,1.69999978,1.69382148,2.0,122.81888482,1.69382148,0.376,2964.11329653,1.0,1.28333387,6.9174756,5.31820098,1.0,93.70902366,13.65655611,3.02307995,2.01445266,1.37099522,2311.44439195,0.7890996,913.63482373,6.91215882,3704.9881742,467.78067336,24.00266713,95.49791892,21.22515125,178.15492064,6.47056109,59.44134125,131.65497587,51.9730812,15.0,157.8318404,0.86603717,2.22332153,0.75069303,0.75069303,2.71441303,10.91668234,0.75069303,74.02432273,8768.61890601,7.6642919,209.51339598,7.83193636,26.48728359,131.39551106,340.77870033,16996.34404471,3.12967796,93.70902366,1312.1629278,1313988.65843449,124.54034953,157.33390276,0.709,159.5652334,129.71629468,87.45499539,4005.60151278,426.06235877,899.98365594,1508.88241338,0.3065863,0.82966004,481.28027236,21534.34481273,89780.44384073,312.42079463,183.92699128,17.12051338,6.41137558,9.36145597,17.43833561,4175.26525722,53.3430009,2099.50587153,3570.65829416,8.06689445,40.08838128,46.49252032,15.45929504,1736.64418048,17.96963349,3.93968243,63.85777137,17.12051338,1356.16917527,36.8244726,9.58735923,150.00471963,1.71956334,0.38464205,1.0,3.4669338,4.31981509,60.25758128,279.63446205,3.70455532,6534.30454846,3.64,4.40709478,101.61377412,84.12621662,1457.91315903,3.75,8.02247756,13.93999924,600.14167372,9.36721584,1.28333387,0.75069303,22.82003416,569.98566247,37.57582152,4564.43343788,21.36813633,110.56965934,17.12051338,33.01383624,9.61945186,3.49955624,2.93841833,2.38028466,44.32422965,6.78935236,32.12690929,2587.61675619,43.75690965,3775.62297758,40.35787621,12183.70386518,455.60967208,26315.69441693,119.52789047,2.71984128,568.08314503,2.70544882,568.08314503,103.34572454,238.57681975,17.12051338,19.50997401,25.30406174
2026-03-24,3.6725,63.07838321,82.90234603,376.80395307,1.79726363,917.8806639,1396.84915844,1.43289855,1.79,1.70000134,1.68745049,2.0,122.49492481,1.68745049,0.376,2962.65613963,1.0,1.27792622,6.89350622,5.23249376,1.0,93.53388531,13.64288841,2.97460692,2.0113638,1.37467889,2314.64386167,0.78794944,910.06896798,6.8935009,3713.74242894,465.74949364,23.94162846,95.13872133,21.10128826,177.91263011,6.44659107,59.24377518,132.51894656,52.33816311,15.0,155.80658439,0.86277973,2.22124921,0.74592623,0.74592623,2.71625047,10.90894978,0.74592623,73.81891237,8761.01604721,7.64966344,208.9991153,7.83420942,26.43973496,130.88501827,335.80679676,16920.19299681,3.11768395,93.53388531,1307.70537499,1312508.48739067,123.89622895,157.13559706,0.709,158.59998683,129.34117562,87.45523593,4000.50299786,424.45980477,900.00980783,1498.50289574,0.30649804,0.83119733,481.23829139,21495.70866021,89378.1992336,313.25257336,182.66090178,16.93486094,6.38645916,9.34771871,17.44509693,4153.57916404,53.19634354,2100.07585651,3568.40968,8.0692357,39.84361781,46.54638064,15.4591225,1730.60927667,17.84235079,3.94686134,63.77713185,16.93486094,1370.36628809,36.75557177,9.76043684,149.72436691,1.71214444,0.38473694,1.0,3.46429598,4.31021074,59.94588156,278.5893129,3.67873119,6516.73395855,3.64,4.3962624,101.33570269,81.92346228,1458.69414933,3.75,8.04693274,15.30063782,600.18608627,9.3673035,1.27792622,0.74592623,22.81517103,569.52279739,37.57449412,4571.36508687,21.28709163,110.67639128,16.93486094,32.60643905,9.53151023,3.49795592,2.92042677,2.40411138,44.34839014,6.77929029,32.04991148,2591.66840484,43.93142169,3779.77334022,40.6583784,12161.87605727,458.78200636,26340.52397594,119.54994711,2.74880027,565.94640636,2.70675228,565.94640636,102.9570089,238.64673748,16.93486094,19.57649732,25.31744048
2026-03-25,3.6725,62.89783393,82.64433262,376.86825729,1.79822619,916.40354776,1397.37211298,1.43261332,1.79,1.7,1.68511388,2.0,122.53335212,1.68511388,0.376,2967.02307012,1.0,1.27820699,6.91381104,5.2336621,1.0,93.89229849,13.58257701,2.95792927,2.01264025,1.37704768,2316.3248848,0.7889278,916.87422365,6.89016036,3704.11349493,466.24408489,23.95650348,95.00698312,21.05145796,178.30467625,6.43781484,59.83446909,132.44923436,52.58512733,15.0,156.43352733,0.86158505,2.22390808,0.74601943,0.74601943,2.70810263,10.91505829,0.74601943,74.02396219,8759.65370739,7.64854599,208.89758963,7.82554954,26.51015139,131.21099983,335.59854941,16901.04568843,3.12491478,93.89229849,1308.24649554,1312615.77458269,123.90112754,157.37311514,0.709,158.81338678,129.43603495,87.45158602,4009.22149887,423.87205695,899.98393687,1495.32994917,0.30668384,0.82912265,481.65866533,21498.27989477,89705.39713513,313.59450419,183.94447397,16.92816659,6.36449235,9.32242949,17.44607924,4168.09924974,53.10377126,2099.78481004,3569.91691324,8.06031602,40.0856053,46.48952748,15.45927278,1731.87222161,17.73919062,3.95392295,63.78418738,16.92816659,1375.78089779,36.75173519,9.71018543,150.2980968,1.71603537,0.38493309,1.0,3.45643136,4.31385332,59.97976553,279.01487051,3.6795373,6516.2481837,3.64,4.39031316,101.20625421,80.51947221,1460.20175509,3.75,8.02431832,14.53488129,600.22447193,9.32545566,1.27820699,0.74601943,22.81492101,571.45164427,37.5514267,4565.9552671,21.32072802,110.53143115,16.92816659,32.66233394,9.56819621,3.49097736,2.90664364,2.38424465,44.34584083,6.7789219,31.91717649,2564.80961865,43.93522571,3743.63114251,40.64887505,12180.56286946,460.50499069,26341.4324613,119.32777023,2.71985559,565.16274261,2.70618559,565.16274261,102.81444474,238.58855507,16.92816659,18.97296501,25.36365887
2026-03-26,3.6725,62.50894463,82.93576582,377.86982423,1.80814598,916.7942896,1376.81888602,1.44133546,1.79,1.70000589,1.69191451,2.0,123.00929973,1.69191451,0.376,2977.09566507,1.0,1.2824576,6.93143941,5.23342053,1.0,93.9746468,13.66472184,2.96851307,2.02252483,1.3827532,2317.30685541,0.79215393,917.64523315,6.90649632,3699.57499249,466.58303108,24.07317373,95.39040361,21.16606158,178.3420104,6.46416037,60.49658148,132.69560303,52.53038019,15.0,156.69806281,0.86506215,2.23224155,0.74885869,0.74885869,2.69849178,10.94588664,0.74885869,73.8214476,8779.06817705,7.66288299,209.91738584,7.8172971,26.56205012,131.61068824,335.18544744,16896.00497542,3.11837366,93.9746468,1315.01140835,1312478.94663571,123.88504871,158.05000897,0.709,159.49104529,129.91322143,87.45381058,4021.21063334,425.58268103,900.01046444,1507.77506436,0.30656198,0.83215235,482.54152653,21626.44313816,89951.50977931,315.60402605,184.11954094,17.00858838,6.39870897,9.33175158,17.54461103,4182.33633296,53.30612602,2099.91764721,3584.18995916,8.05181602,39.96185791,46.44339611,15.45961108,1738.01776733,17.78808221,3.98968073,63.81718539,17.00858838,1385.45718033,36.86108101,9.69987602,150.42991587,1.72449022,0.38491171,1.0,3.45806818,4.32799819,60.23012193,280.08208588,3.70088345,6529.72600115,3.64,4.40760043,101.59336984,80.9986066,1464.77828779,3.75,8.02038485,13.91227218,600.21674875,9.35843574,1.2824576,0.74885869,22.87016141,573.18808788,37.54766518,4574.14048969,21.33170166,110.54624978,17.00858838,32.76860298,9.60487299,3.49862018,2.91779739,2.38989768,44.37270776,6.81129718,31.95417611,2572.7478491,43.96028915,3705.3141341,40.62331808,12206.61162067,463.99606126,26315.32233997,120.0609281,2.72861667,567.44357471,2.70673748,567.44357471,103.22937387,238.64097096,17.00858838,18.71598995,25.2771977
2026-03-27,3.6725,63.32338239,83.1884763,376.9159542,1.79874617,917.84521275,1367.93359316,1.45048256,1.79,1.69999997,1.69494114,2.0,122.57688436,1.69494114,0.376,2965.61992815,1.0,1.2854008,6.91953776,5.23818426,1.0,94.1543065,13.72715734,2.99028248,2.01285341,1.38513718,2312.94578143,0.79503476,928.4566236,6.91330671,3687.11692457,463.74755417,23.94693438,95.56104541,21.24253849,177.95889132,6.47589276,59.48966616,133.07952166,52.70273802,15.0,157.09892945,0.86660964,2.2574067,0.74948649,0.74948649,2.69757166,10.92745179,0.74948649,74.06252137,8770.70511003,7.64793372,208.98588059,7.83030855,26.5399033,131.44574661,336.39761792,16933.27113585,3.1306217,94.1543065,1308.65240257,1313582.05500927,124.27552313,156.92383814,0.709,159.5115741,129.70283439,87.45572952,4004.56041289,426.34399653,900.00477445,1504.02843908,0.30732994,0.82905866,480.95511216,21662.25864245,89704.4871033,314.00665705,183.38597276,17.07912218,6.37696988,9.34551651,17.52305901,4167.41749027,53.39311917,2101.26626782,3569.57591503,8.06521781,40.05318966,46.58134923,15.45941185,1732.44683064,17.90249735,4.00944863,63.79221249,17.07912218,1385.16294245,36.77481815,9.6868428,150.71750613,1.73314306,0.38472275,1.0,3.47378876,4.31597936,60.31022915,278.81919156,3.70850249,6531.078582,3.64,4.41648288,101.77619233,81.3765157,1458.92740461,3.75,8.01640985,14.4550479,600.19591999,9.43176407,1.2854008,0.74948649,22.88016307,571.51441789,37.65914226,4570.79412852,21.39200775,110.70411174,17.07912218,32.85935802,9.55587467,3.50685717,2.92719226,2.38587853,44.4597361,6.78038672,31.95284904,2568.16241141,43.89495968,3715.46830635,40.49049734,12186.29720947,466.80330161,26343.89504378,119.57044488,2.74489304,568.45866204,2.70653584,568.45866204,103.41403863,238.63583402,17.07912218,18.89998645,25.36678985
2026-03-28,3.67314888,63.50397022,83.37501342,377.18027778,1.79008242,917.00006236,1383.99014374,1.45243271,1.79999931,1.70396918,1.69971921,2.01432189,122.71267526,1.70930871,0.37734844,2968.49901264,1.0,1.28786952,6.93601745,5.25530229,1.00011692,94.79416956,13.78791456,2.97698589,2.01134076,1.38995025,2282.50316128,0.7985226,925.26008838,6.91184795,3680.28877633,464.42693808,26.49999134,96.12500823,21.30929693,177.72033421,6.49270221,59.7250207,133.27572068,52.64213716,14.9999948,156.62498831,0.86610381,2.26039065,0.74906288,0.75374936,2.6803895,10.97038618,0.74906288,73.50382645,8779.99743547,7.65389885,209.35480549,7.82604825,26.51037939,131.09920007,338.02027549,16990.79435058,3.13761957,94.8641724,1309.99956435,1313249.56367682,124.76034388,157.42264394,0.70903935,160.29898597,129.90375768,87.45035493,4011.99901611,428.00020786,900.08800221,1507.99984843,0.3079103,0.83344564,483.48996446,21899.99306684,89549.97057152,315.0378522,183.62497791,17.16037558,6.37503681,9.34450059,17.56666314,4174.99895808,53.38441758,2102.53779504,3579.98796722,8.06950656,40.12036505,46.77036297,15.45037312,1736.99976702,18.12109777,3.9240375,63.9503558,17.16037125,1383.45991672,36.72036453,9.7028571,151.66702899,1.74064435,0.38508102,1.00010826,3.45950272,4.3090371,60.55035441,279.20360802,3.72274891,6538.85378695,3.65324928,4.42730271,101.81800474,81.41948699,1460.99951412,3.75234974,8.04203462,14.42924105,601.00013944,9.47366698,1.29280372,0.75025897,24.55036307,571.50347221,37.60102581,,21.34999255,110.52624728,17.16036345,32.86035808,9.55606636,3.49999913,2.92603647,2.40775908,44.43338882,6.79519849,32.04439302,2576.48618131,43.83717422,3725.68662718,40.48110161,12204.99627575,467.92819913,26337.49124196,119.70714432,2.75483286,570.07003142,2.70254964,568.00014291,103.35367696,238.60350893,17.11998916,18.82658003,
2026-03-29,3.6725,64.27145648,83.3503815,377.15314329,1.7972788,931.85733202,1384.6559342,1.45399027,1.79,1.70098914,1.6951925,2.0,122.76647616,1.6951925,0.376,2968.67482942,1.0,1.2899062,6.92112332,5.24188205,1.0,94.83281633,13.55853769,2.97117097,2.0133439,1.38872384,2290.83810253,0.79860966,924.91948887,6.91077383,3671.51343339,464.60949431,23.86398036,95.57521722,21.30623275,178.71285527,6.49083672,59.7347683,133.1485,52.71988197,15.0,156.62080923,0.86673816,2.25858297,0.75388142,0.75388142,2.69669123,10.963754,0.75388142,74.24062988,8779.61437333,7.65129845,209.23200306,7.82818498,26.55181905,131.87373586,338.01463322,16925.61569462,3.14437831,94.83281633,1310.41111866,1315602.64251094,124.74610429,157.8978437,0.709,160.26209836,129.86779718,87.45718837,4012.98358648,426.40722381,900.00096987,1509.74818521,0.30733877,0.82015075,482.75459533,21820.71829366,89755.85799933,314.652712,183.64329885,17.09448132,6.38021326,9.33215331,17.55838115,4180.29818917,53.39609975,2099.3865286,3569.65718565,8.06303053,39.9533477,46.75970373,15.45984154,1734.48028257,18.1314855,4.01260879,63.87639579,17.09448132,1381.94059224,36.66158758,9.70560592,151.80363073,1.74041377,0.38500599,1.0,3.48153692,4.30273568,60.52885975,279.06678805,3.72185734,6535.11674781,3.64,4.42657995,101.92085266,81.4544552,1460.61309608,3.75,8.04184151,14.98213568,600.19264565,9.47264147,1.2899062,0.75388142,22.88010095,571.47612831,37.58206278,4574.80452876,21.36374881,110.52585801,17.09448132,32.89765429,9.5617492,3.49500346,2.92876859,2.38614353,44.43803409,6.77650803,32.03458663,2579.90091786,43.85722595,3730.35371849,40.46972289,12194.84799768,467.68291278,26338.25063464,119.56880583,2.77548274,568.54296508,2.70007187,568.54296508,103.42937504,238.58994962,17.09448132,18.85529222,25.37630244
2026-03-30,3.6725,63.60425484,83.38234621,377.10239229,1.80084036,918.79991227,1387.0868406,1.45656274,1.79,1.70001247,1.69822827,2.0,122.7314478,1.69822827,0.376,2971.33375793,1.0,1.2877399,6.93168445,5.24074728,1.0,93.33729063,13.78704289,2.97007894,2.01404135,1.38903566,2313.52544854,0.79838006,923.29361971,6.91316803,3680.90221585,465.12025938,23.97808076,95.74637454,21.29652149,178.24672573,6.48840761,59.55068682,133.37061762,52.88941348,15.0,155.48311936,0.86829033,2.2437757,0.75375471,0.75375471,2.68988251,10.96198966,0.75375471,74.13216552,8771.85158421,7.65665882,209.25207143,7.83264041,26.5572449,131.53826153,338.54079468,16979.270486,3.14673787,93.33729063,1310.17684591,1315647.45714952,124.68956852,157.42389095,0.709,159.77202601,129.87324904,87.45748366,4009.63293384,427.17083934,900.02224146,1511.381019,0.30740236,0.83097661,483.34903555,21805.48782005,89658.47137966,314.59413672,184.03436954,17.12742133,6.38316868,9.34180372,17.55327205,4168.13165725,53.53841005,2099.54323241,3572.49288824,8.06761962,40.1356978,46.75498811,15.45968209,1733.7569397,18.09254745,4.02200094,63.80848815,17.12742133,1381.92271969,36.78880455,9.74259353,149.40966797,1.74305149,0.38498603,1.0,3.48573936,4.32003488,60.70406261,279.07201562,3.71876217,6538.70453996,3.64,4.42672788,102.00321997,81.5138738,1460.11008377,3.75,8.00813595,15.04904259,600.18276241,9.4595739,1.2877399,0.75375471,22.88038709,571.41405545,37.5847242,4574.80754033,21.47036964,110.79266736,17.12742133,32.78917262,9.53143072,3.49950926,2.93016859,2.38584647,44.46703095,6.79289009,32.00289153,2580.49276474,43.88206072,3730.36897399,40.51503893,12193.78323148,471.03731161,26349.54218426,120.41967351,2.75142434,569.56111913,2.70876369,569.56111913,103.61459769,238.5941604,17.12742133,18.89978334,25.3749725
2026-03-31,3.6725,63.53581373,83.76031727,377.57797181,1.80394208,917.79501413,1397.10363841,1.45740604,1.79,1.70000128,1.70397807,2.0,123.11212799,1.70397807,0.376,2982.33389472,1.0,1.29059617,6.93212666,5.26354937,1.0,94.14112635,13.80210705,2.97032254,2.0142472,1.39245548,2318.11021683,0.79837841,931.24297567,6.90614005,3673.94842818,465.1303607,24.02600747,96.07054887,21.38137079,178.12937546,6.50914254,59.69996434,133.35988587,54.44778167,15.0,155.49493516,0.87123015,2.24403097,0.7569411,0.7569411,2.68982008,10.97509,0.7569411,73.88433096,8771.20819224,7.65513958,209.35720009,7.83776942,26.56880589,131.47095174,336.33469617,16998.89507927,3.16863071,94.14112635,1311.80793709,1317320.6726968,124.94527658,158.19191843,0.709,159.62935428,130.00598183,87.45401508,4010.31720889,428.61713766,899.99132792,1525.53625755,0.30832548,0.83175523,481.56828035,21913.05011593,89715.39294133,315.72103053,183.7731265,17.1217621,6.40494235,9.37636409,17.64377547,4187.38482478,53.68182958,2100.59986083,3571.67809863,8.07290251,39.97098608,46.8837936,15.45674553,1735.60565141,18.07725103,4.02643789,63.9700966,17.1217621,1383.06618413,36.819392,9.74350446,150.696408,1.74670301,0.38482756,1.0,3.4928381,4.36865204,60.625919,279.40912388,3.73311603,6533.21837395,3.64,4.4419984,102.32825772,81.29822289,1463.80160105,3.75,8.01456413,14.93975656,523.60185419,9.53845497,1.29059617,0.7569411,22.89014578,571.44392194,37.49576961,4570.04609119,21.50965466,110.73408428,17.1217621,32.80052712,9.57532834,3.49886068,2.93156305,2.39418914,44.4765037,6.79754395,32.07068294,2586.61814406,43.88795239,3754.01313162,40.67987048,12223.05185028,470.14051503,26337.23987391,120.58959156,2.75262305,571.48951688,2.70742742,571.48951688,103.96541194,238.58970035,17.1217621,19.05077134,25.35351422
2026-04-01,3.6725,63.54326448,82.96601446,377.17506835,1.8009072,917.96813828,1382.52711213,1.44712942,1.79,1.6999997,1.69090953,2.0,122.66416952,1.69090953,0.376,2969.01365836,1.0,1.28534802,6.90449083,5.19174166,1.0,93.59562608,13.7868576,2.970153,2.01360942,1.39018402,2314.83572932,0.7976248,926.34586033,6.88245124,3679.75219221,465.01135764,23.98573998,95.33374242,21.22037251,177.9010925,6.46045381,60.09606495,133.25503204,54.53289544,15.0,156.99771001,0.86454831,2.2573156,0.75540895,0.75540895,2.68606942,10.98538861,0.75540895,73.95042096,8775.16318095,7.64866211,209.27152673,7.83853966,26.58191077,131.26871518,332.26493168,17011.27255114,3.14331971,93.59562608,1310.23830361,1313556.38693394,123.97663612,158.1069079,0.709,158.61456864,129.98546569,87.45779339,4003.05542274,425.32988807,900.04577765,1509.04660771,0.30855325,0.83167083,478.2114781,21924.2696639,89614.910896,315.33937105,183.6914986,16.87826503,6.40017835,9.33123515,17.69475824,4180.6705342,53.29219123,2099.52693738,3573.15652343,8.07369585,39.970765,47.09404641,15.45959509,1735.80867115,17.90099226,4.03239167,63.80851657,16.87826503,1383.07653552,36.76701904,9.67404447,149.82319845,1.7436121,0.38486311,1.0,3.48736554,4.33631932,60.32015637,279.15894522,3.7069285,6512.27529456,3.64,4.40801036,101.6033218,81.3027102,1460.61237163,3.75,8.02325508,14.85659732,565.31893943,9.45486042,1.28534802,0.75540895,22.89566762,571.40624421,37.41801865,4575.80051908,21.38561505,110.54582047,16.87826503,32.74671388,9.58870051,3.49840087,2.92590776,2.39369259,44.52533145,6.7881335,31.91570955,2590.20552118,43.86996917,3761.84281932,40.64446298,12212.74822169,472.63458815,26341.58714156,120.15807825,2.74795803,567.10651742,2.70701376,567.10651742,103.16805638,238.62163907,16.87826503,19.20051953,25.36755057
2026-04-02,3.6725,63.55600497,83.0079302,377.03745978,1.80168358,917.44359239,1391.62143569,1.45190728,1.79,1.7000103,1.69364165,2.0,123.00360556,1.69364165,0.376,2971.15506259,1.0,1.28698256,6.91102737,5.15596988,1.0,92.97081253,13.70509196,2.97004495,2.01396063,1.39000623,2313.49696172,0.79734527,913.04423349,6.8843194,3666.57678806,465.27847486,24.0021958,95.48778002,21.24467166,177.89088137,6.47130989,60.4001439,132.98525256,53.5418945,15.0,156.24441879,0.86594523,2.25387178,0.75495537,0.75495537,2.68552411,10.99732869,0.75495537,73.74717598,8771.18578988,7.65036051,209.30100182,7.83685586,26.64803356,131.405073,333.39008188,17018.87543126,3.13846273,92.97081253,1304.90969291,1315887.03532587,125.03535133,158.1386366,0.709,159.42060329,130.15103415,87.45074249,4000.93698305,426.01712424,899.96125837,1521.25709146,0.30870194,0.83141072,475.19850618,21936.13733474,89643.42075507,315.31905967,183.57945536,16.9632656,6.38018831,9.34352201,17.61399712,4176.3088316,53.30815951,2099.88103895,3572.74038126,8.07196154,39.9340267,46.78206193,15.45918516,1734.01134854,17.90355475,4.02625985,63.80788225,16.9632656,1381.46614798,36.80432521,9.75463569,148.82302816,1.74844993,0.38491317,1.0,3.46923222,4.32428561,60.5499979,279.09160514,3.71550231,6491.47910857,3.64,4.41256129,101.66478359,80.3236003,1462.59892538,3.75,8.04064996,14.54612982,565.09368506,9.47786986,1.28698256,0.75495537,22.97996386,571.41728616,37.41799473,4578.43492974,21.39231139,110.55392821,16.9632656,32.75475326,9.56615768,3.50002124,2.92907696,2.39526236,44.51945032,6.78507391,31.97597204,2589.17265281,43.88679613,3732.05599842,40.65029383,12149.65831458,473.0288581,26340.65200582,119.60387778,2.74527656,568.02283232,2.70601676,568.02283232,103.33475245,238.46739984,16.9632656,19.23031403,25.34964058
2026-04-03,3.6725,63.63395321,83.01329813,376.30753698,1.79774918,917.62454996,1389.34438908,1.44785178,1.79,1.69999647,1.69552283,2.0,122.52968016,1.69552283,0.376,2966.27905915,1.0,1.28583292,6.89374365,5.15802432,1.0,92.71033343,13.67350172,2.95990086,2.01128206,1.39241196,2314.17769121,0.79880212,917.54159472,6.88036767,3662.87074623,464.63994167,23.94416407,95.59384121,21.25063228,178.28762697,6.47813518,60.61735614,133.08793037,54.29680275,15.0,155.80892109,0.86690706,2.25383106,0.75612147,0.75612147,2.68409784,10.98281821,0.75612147,74.0171091,8773.56615461,7.64280124,208.8478422,7.8380625,26.56054293,131.1078288,333.14479334,17000.45231959,3.13290734,92.71033343,1307.88259006,1316062.76125157,125.1823554,157.30570432,0.709,159.65143248,129.94389306,87.45872085,3994.96029089,426.49031446,899.98998478,1510.26448552,0.30836519,0.83114906,472.56338886,21947.22315473,89679.69622815,314.80115532,183.17584103,16.93555186,6.38111391,9.3633147,17.55442946,4171.27931252,53.40095511,2099.74047857,3573.80496894,8.07320437,39.85535842,46.92875023,15.45924032,1731.3228268,17.86131245,4.03406809,63.79763212,16.93555186,1378.66051273,36.76091411,9.73302614,148.40606623,1.75149584,0.38480928,1.0,3.45174425,4.31561917,60.35344115,278.42562583,3.70870736,6451.25655291,3.64,4.41860339,101.77366193,80.23371893,1461.94902984,3.75,8.0613223,14.34827671,565.96426707,9.43513342,1.28583292,0.75612147,22.90998456,571.45829565,37.29941876,4570.4660807,21.42607196,110.56422322,16.93555186,32.67789324,9.56013177,3.49865663,2.93249362,2.4051512,44.55616058,6.77721483,31.97149866,2598.93627268,43.78515658,3753.23459333,40.42032084,12131.81180229,472.58200982,26382.06755777,119.50315856,2.77391312,568.65375261,2.7072253,568.65375261,103.44952951,238.63377886,16.93555186,19.24925406,25.35822982
2026-04-04,3.6725,64.98458889,83.15905855,377.14948841,1.79719609,915.5667921,1392.29270041,1.45123056,1.79,1.70000009,1.69856093,2.0,122.94928018,1.69856093,0.376,2968.41245496,1.0,1.28744384,6.91927444,5.15905082,1.0,92.73899088,13.68712833,2.95000194,2.0145124,1.39458623,2312.364,0.8000488,919.38937311,6.88504972,3665.83780795,464.62349657,23.99002307,95.76513003,21.28850325,178.335946,6.48775292,60.79172285,133.09472993,54.33476269,15.0,156.8134063,0.86846042,2.2537457,0.75798812,0.75798812,2.69144434,11.00499893,0.75798812,74.09685333,8789.15228006,7.64104202,208.46412732,7.83734888,26.56612244,130.94987405,333.93897087,16988.98088324,3.12992343,92.73899088,1310.26941735,1315857.31685164,125.37836607,157.65580648,0.709,159.67178748,129.79843093,87.45887481,4003.8887732,427.25451662,899.98700368,1511.40306867,0.30933414,0.83139962,471.06695564,21955.87507842,89041.25282849,314.78361084,183.0773684,16.97301399,6.38054835,9.40071542,17.55278596,4172.6910511,53.41850512,2099.65052863,3573.52920031,8.07246935,39.879405,46.91675589,15.45746453,1730.04547041,17.88142081,4.03099778,63.59003553,16.97301399,1379.02305416,36.70980408,9.7725527,148.45193966,1.75853371,0.38452213,1.0,3.45289817,4.31585341,60.409376,279.12227314,3.71405342,6469.61713635,3.64,4.42599751,101.76000674,80.3253153,1460.5636343,3.75,8.06252253,14.69406959,523.64245252,9.48342587,1.28744384,0.75798812,22.91009699,570.18119776,37.36968319,4570.10687493,21.44810054,111.62720357,16.97301399,32.68994669,9.55499825,3.49999316,2.94141666,2.39717439,44.58595808,6.78455192,31.99528446,2599.66159484,43.69719502,3745.15085333,40.34610558,12183.15842294,473.4384173,26366.49585929,119.20923946,2.7662769,569.67268883,2.70248469,569.67268883,103.63489446,238.64840981,16.97301399,19.24970224,25.35711628
2026-04-05,3.6725,64.89548111,83.15919399,377.15471945,1.79700945,925.53894083,1387.81031206,1.45124203,1.79,1.70036725,1.6978781,2.0,122.88907458,1.6978781,0.376,2970.61789646,1.0,1.2870165,6.91222118,5.1628704,1.0,92.87865411,13.47895552,2.95000041,2.01409809,1.39453708,2304.03123707,0.79995376,919.82239557,6.88489482,3670.85245537,465.27143546,23.88467109,95.72663188,21.29079847,178.75095894,6.48933297,60.69162905,133.04869386,54.34633719,15.0,156.45210698,0.86811129,2.25376329,0.75756635,0.75756635,2.69184939,10.99971247,0.75756635,74.76540752,8778.1892104,7.64231547,208.95015488,7.83741261,26.564338,131.50796463,333.95763242,17001.26228058,3.14141511,92.87865411,1310.27723537,1316188.56175368,125.31613758,157.68384513,0.709,159.65108595,130.02280194,87.45887481,3997.80875017,427.08275778,899.99825566,1511.67604751,0.30730582,0.82040539,470.08555224,21963.59908409,90054.72707912,315.3396399,183.61788551,16.98377512,6.38124506,9.40231186,17.59411259,4175.44197316,53.42100008,2100.04772539,3571.97518228,8.07253499,39.87668941,46.95081534,15.45958676,1731.54290809,17.88474487,4.03160257,63.87542147,16.98377512,1379.08668135,36.70090144,9.77282717,148.67550557,1.75894323,0.38493371,1.0,3.4522128,4.30348767,60.35654518,278.84463597,3.71434433,6455.64726014,3.64,4.42488661,101.87254061,79.99374665,1461.39506867,3.75,8.06252253,14.83732879,523.62593111,9.48312677,1.2870165,0.75756635,22.91001885,570.66040489,37.4346434,4570.10687493,21.37002194,110.58307565,16.98377512,32.67715182,9.56609736,3.49999955,2.93368238,2.37770539,44.64303254,6.74513391,32.00067545,2595.49769518,43.69927111,3756.59762214,40.35128759,12170.62016128,473.11597597,26341.79229573,119.30352366,2.76627462,569.44367705,2.70073954,569.44367705,103.59323262,238.56957097,16.98377512,19.24962158,25.35711628
2026-04-06,3.6725,63.53230291,83.15351015,376.97764765,1.79800509,918.8712131,1388.6509088,1.4486932,1.79,1.69999869,1.69782484,2.0,122.49056747,1.69782484,0.376,2970.72658696,1.0,1.28685844,6.89370325,5.15824976,1.0,92.99776218,13.68787615,2.95004645,2.01121012,1.39409472,2314.94910076,0.80080885,919.83899109,6.88274422,3669.63306106,464.72885189,23.94460666,95.72362862,21.29184628,178.0691312,6.48696095,60.79245544,133.16794092,54.37072651,15.0,155.80125039,0.86808405,2.25373467,0.75712703,0.75712703,2.69077867,11.00065787,0.75712703,74.14628429,8778.76310554,7.64735018,208.81984479,7.83782953,26.56786058,131.01408397,334.05690704,17049.84910131,3.14205602,92.99776218,1308.67449293,1316351.93818986,125.3593108,157.28647245,0.709,159.57495256,129.79401243,87.45274761,3995.29160149,427.06935878,900.01050331,1507.94356162,0.30842692,0.83129951,470.30882319,21962.64407786,89474.2063511,314.80225422,183.13089357,16.97306026,6.38070343,9.40157933,17.5531639,4171.68511401,53.54328348,2099.58321813,3573.20678157,8.07296442,39.7543398,46.9309916,15.4598645,1730.15743826,17.85179315,4.03157817,63.81375296,16.97306026,1378.17907681,36.78419652,9.77732569,148.86616782,1.75479199,0.38503704,1.0,3.45260359,4.31595487,60.56200997,278.99533113,3.71286329,6455.25343493,3.64,4.42479344,101.93814382,80.18805518,1459.95566841,3.75,8.06266155,14.55901203,600.2265474,9.46546447,1.28685844,0.75712703,22.91023673,571.45175199,37.56426387,4570.10131153,21.46861994,110.5831469,16.97306026,32.6142731,9.56004892,3.49943958,2.93228575,2.4062577,44.60153263,6.78197926,32.02468725,2599.3493483,43.71881527,3755.08072113,40.40579537,12132.70787361,473.36741075,26342.88041228,119.32261352,2.76629778,569.4258117,2.70895209,569.4258117,103.58998256,238.64214244,16.97306026,19.24936986,25.35710427
2026-04-07,3.6725,63.87481183,83.17174605,376.60519948,1.79752911,917.94540872,1388.81392317,1.44764647,1.79,1.69999825,1.69622268,2.0,122.62990448,1.69622268,0.376,2970.55123968,1.0,1.28662078,6.90266451,5.14082362,1.0,92.98331935,13.68747055,2.94992,2.01220447,1.39262404,2312.14310127,0.79965019,917.96709378,6.87909693,3675.74678616,465.15513956,23.93468359,95.63329901,21.26295472,178.6123636,6.48095869,60.63930864,133.1200091,54.31734786,15.0,156.65274203,0.86726489,2.24433879,0.75650171,0.75650171,2.68810549,11.00355614,0.75650171,74.12479401,8780.44007115,7.6425562,208.86914582,7.8373286,26.5474223,131.45382501,331.37980679,17075.74841339,3.15059838,92.98331935,1310.24571382,1315205.21168231,125.22765167,157.19960139,0.709,159.88287044,130.07978092,87.45380544,4006.11716965,426.66635475,899.97395592,1509.99611783,0.30861504,0.82915125,463.76465016,21935.03278839,89894.64772053,315.05231906,183.30738,16.91450343,6.38135067,9.38824651,17.53641399,4166.48639649,53.4076229,2099.89508224,3572.9889278,8.07244846,39.84898235,46.99683264,15.45598207,1735.45277604,17.79065342,4.03590955,63.7522957,16.91450343,1379.25125645,36.75974162,9.71666786,148.84304844,1.75538457,0.3848699,1.0,3.42546333,4.31089293,60.19247878,279.00327335,3.70348831,6451.05780562,3.64,4.42117619,101.77252921,79.83332107,1461.06472885,3.75,8.07861672,14.79607399,600.19615068,9.47191072,1.28662078,0.75650171,22.90944201,569.65970332,37.56230961,4570.09862001,21.35685293,110.63213644,16.91450343,32.66489907,9.54996128,3.49951311,2.93032707,2.39842962,44.61211979,6.76678229,31.9886935,2596.18988256,43.61993161,3752.83861986,40.45007543,12162.29041065,473.64983095,26336.55047343,119.81755808,2.76591078,568.888473,2.70611432,568.888473,103.49222986,238.58730788,16.91450343,19.2499788,25.43228958
2026-04-08,3.6725,64.9451786,82.66365484,374.6680582,1.79263645,917.7305372,1392.90057345,1.41767959,1.79,1.69999994,1.67582721,2.0,122.74815657,1.67582721,0.376,2949.14733016,1.0,1.27560214,6.88028824,5.15289564,1.0,92.44759579,13.57053801,2.93982894,1.99968709,1.3841369,2319.17048355,0.79056149,916.82724375,6.83149171,3682.53680138,461.66895642,23.86843806,94.48339895,20.92677067,178.03684397,6.40291441,60.67600036,132.54279744,54.69258659,15.0,157.51847271,0.85683685,2.21532953,0.74635158,0.74635158,2.68794862,10.98760782,0.74635158,74.11572903,8777.72860014,7.64965498,207.54311751,7.83209141,26.55877154,130.8027345,322.67175412,17009.24099258,3.10691042,92.44759579,1302.92026954,1316312.24074976,123.21788964,156.57073029,0.709,158.52133855,130.06379305,87.45753474,3991.53786254,421.53609497,899.99547034,1478.12880901,0.3087096,0.83090941,462.42727669,21925.71978175,89013.28901776,312.90251944,184.59728711,16.50205531,6.38185763,9.37247344,17.3662762,4163.61649136,52.84094578,2100.51563421,3573.87085153,8.06705415,40.10501019,46.99879993,15.45928292,1727.26336984,17.53782645,3.99289022,63.76761,16.50205531,1381.69466592,36.7812591,9.57857859,147.98548896,1.72364782,0.38478341,1.0,3.41239904,4.38981563,59.59111978,278.42346387,3.65003335,6452.41984489,3.64,4.36566915,100.55622445,78.44005471,1458.6792469,3.75,8.08810933,13.97350763,600.21423378,9.33302852,1.27560214,0.74635158,22.96480057,571.44894968,37.51170415,4566.16570145,21.23307783,110.62362375,16.50205531,32.10484145,9.43610281,3.50979459,2.90706855,2.4044137,44.54176057,6.77555581,31.80070992,2597.77914107,43.47463172,3753.32650771,40.26148598,12192.17211724,472.68835027,26328.3847813,120.13667671,2.77086851,562.04812662,2.70911688,562.04812662,102.24783358,238.58935803,16.50205531,19.45120081,25.34175888
2026-04-09,3.6724978,64.00025554,82.45970515,376.31992516,,917.00018608,1387.00013034,1.42221182,1.79999983,1.68894932,1.67198157,2.01282249,122.81534343,,0.37750246,2970.50006003,1.0,1.27399469,6.90536584,5.10102782,0.99931656,92.26067741,13.40810305,2.91694665,2.00990778,1.38540536,2301.000325,0.79151467,897.23985168,6.83624976,3649.78007364,464.86579817,26.50000086,94.8498706,20.9220506,177.72008414,6.40800272,60.6497641,132.46698892,53.24420274,15.0,155.62501865,0.85751968,2.21490129,0.74407754,0.74674957,2.68502188,11.0149783,0.74407754,73.00013978,8780.00028898,7.64522353,209.07937288,7.83324501,26.61953996,131.01329155,323.0935048,17060.90034421,3.08836054,92.52085145,1310.00002658,1315000.02604802,123.31964217,157.31566929,0.70898698,158.83022997,129.37699824,87.44988741,4014.0003996,424.50707539,899.95414757,1481.2250749,0.30923017,0.83278109,477.79721203,21962.53325719,89531.24510313,315.007487,184.20902471,16.61498138,6.34502904,9.30495801,17.208704,4137.50249538,52.89196024,2099.78016626,3575.25050894,8.06259122,40.09938053,46.52025719,15.46002243,1737.0002221,17.45769941,3.98204868,63.9597566,16.60982769,1378.97992975,36.72987873,9.58105533,147.61943706,1.7168693,0.38449896,0.99930798,3.40375028,4.31037239,59.70349799,278.99977619,3.64661528,6482.58187855,3.64597386,4.36830127,100.63298587,78.5503647,1460.50002916,3.75244522,8.04850989,14.2075009,601.00048536,9.32501025,1.27524495,,24.65040895,571.49754235,37.55396371,,21.44000021,110.55382908,16.61499253,32.111505,9.4987626,3.5,2.89202026,,44.48619994,6.77808163,31.79849831,2587.50191913,43.30778696,3697.19747049,40.59841925,12230.000319,474.4169072,26328.0005308,119.53471411,2.76929205,560.73568328,2.70254958,563.99982078,102.32931671,238.57497295,16.44179671,19.11250572,
2026-04-10,3.6724993,64.00039346,81.91983403,376.05982233,,917.00024634,1382.01220242,1.41438716,1.80125001,1.70165134,1.67363435,2.01158743,122.69437317,,0.37725043,2970.00064237,1.0,1.2739344,6.90148078,5.09709763,0.99873408,92.49038244,13.45308234,2.90090941,2.00870319,1.38240391,2300.00005047,0.79068045,891.05970942,6.83185187,3654.48078969,464.3223361,26.50000599,94.49741086,20.84780415,177.72010295,6.39144068,60.37497947,132.3327209,53.08860742,15.00000342,156.55029458,0.85535004,2.20996192,0.74407756,0.74486533,2.68969269,11.01502166,0.74407756,73.99976307,8775.00173379,7.64083338,208.95271454,7.83425198,26.63020053,130.98750505,322.26657155,17108.6536987,3.06739987,92.47006959,1310.00028312,1316000.28456726,122.65973577,157.90963398,0.70900906,159.15353448,129.25029937,87.4485199,4012.5038448,420.99990591,899.95432431,1480.07035425,0.30903027,0.83229237,476.26189108,21965.0049003,89501.83675473,315.13467572,184.25022581,16.32977337,6.35499593,9.29793211,17.24850912,4150.00064493,52.74010959,2099.78057791,3575.25120946,8.05952723,40.00989469,46.58041916,15.44989787,1737.00006415,17.37444402,3.971989,63.9500544,16.32973317,1361.75027029,36.71962481,9.49510483,147.9830538,1.7101501,0.38450294,0.99872553,3.37249725,4.31125162,59.71098321,279.02502498,3.63307964,6452.27680582,3.64610063,4.35460503,100.39199324,77.62337141,1461.50031562,3.75266784,8.04858474,15.17810868,600.99969036,9.29284705,1.27380183,,24.59855514,571.49730479,37.57550688,,21.31000452,110.55385027,16.33003254,32.17971247,9.50315966,3.50500038,2.88375023,,44.63670632,6.77489069,31.74980412,2595.00071678,43.38189156,3680.50465054,40.53603932,12220.00240353,475.06345329,26335.00569407,119.53473748,2.76929242,561.32840053,2.70255031,561.49863914,102.0704107,238.55014319,16.41215384,19.05133127,
2026-04-11,3.67315006,64.50397786,81.8250243,375.73032471,,917.00017566,1371.22063288,1.41522759,1.8,1.70396934,1.66918413,2.01338148,122.81193274,,0.37730699,2969.99937838,1.0,1.27377935,6.90702628,5.00920323,0.99964954,92.72430547,13.41895049,2.86913979,2.01024012,1.38435032,2299.99988062,0.78922353,894.9902084,6.82803946,3648.51923615,462.65704504,26.49999403,94.52502089,20.78839982,177.7203566,6.37290277,60.37502771,132.19901257,53.10855177,14.99999659,156.50384058,0.85270392,2.21150383,0.74394239,0.74321759,2.69039003,11.02038815,0.74394239,73.50383546,8777.50201068,7.64694135,209.1137507,7.83204888,26.60503436,131.07336068,320.20376384,17089.29642205,3.03420963,93.10623071,1309.99972543,1316124.72481624,122.19036018,158.05102069,0.70903951,159.25500622,129.15035728,87.45036581,4014.9995097,420.00026263,900.01320412,1484.57007265,0.30869076,0.83295615,472.33851067,21959.99575183,89549.98160121,315.47902007,184.20373399,16.44037809,6.35503777,9.28250166,17.22148388,4144.999479,52.55103092,2100.49903218,3595.33572147,8.06331668,39.99503044,46.50373143,15.46037485,1736.50337244,17.30180006,3.96503829,63.96036376,16.44037383,1359.50343981,36.73036905,9.52490237,148.3585475,1.7137959,0.38482699,0.99953016,3.38803742,4.31150298,59.87649181,278.95031635,3.62828675,6464.90890564,3.64603748,4.34230264,100.13601736,77.10454065,1460.49969388,3.75319252,8.05814673,14.03300476,601.00021318,9.2719486,1.27410338,,24.62503283,571.50354213,37.44903048,,21.24999574,110.54810359,16.43503419,32.10363934,9.50044596,3.5049994,2.88703719,,44.66502805,6.78410048,31.74179699,2604.99978938,43.43181268,3698.86669253,40.33420366,12159.99778809,475.83770401,26335.99448642,119.21045671,2.74495711,559.76179801,2.70254958,560.50347562,101.75464468,237.1503138,16.41823678,19.016082,
2026-04-12,3.67250371,64.50397786,81.62480686,375.51673687,,917.00017566,1371.22063288,1.41602913,1.8,1.70396934,1.66727749,2.01108174,122.67164248,,0.37730699,2967.98880826,1.0,1.27232379,6.89995992,5.00920323,0.99850777,92.62945069,13.40522281,2.865862,2.0081834,1.38414994,2299.99988062,0.78922353,892.84325511,6.82803946,3636.50237137,462.12854256,26.49999403,93.99853079,20.78839982,177.80994509,6.37290277,60.12530143,132.24667957,53.10855177,14.99999659,156.67981906,0.85270392,2.21150383,0.74303085,0.74321759,2.69039003,10.98844671,0.74303085,73.50383546,8760.92054761,7.63820625,208.89983287,7.83194911,26.51889848,130.92363354,320.20376384,17089.29642205,3.03420963,93.09048468,1308.04286116,1316124.72481624,122.19036018,157.87047513,0.70903951,159.2750064,129.21015144,87.45036581,3997.27123148,420.00026263,899.98082951,1484.57007265,0.30869076,0.8321043,471.85532087,22019.51714958,89419.69910892,315.11864181,183.72614561,16.38233283,6.34755445,9.28084742,17.20386701,4143.89751693,52.5467691,2100.29603663,3579.27180023,8.05506847,39.91048144,46.52036854,15.46037485,1731.38363661,17.30140014,3.96503829,63.96036376,16.38233283,1359.50343981,36.74181916,9.52490237,148.2067807,1.7137959,0.38450381,0.99850777,3.36993195,4.32206542,59.87649181,278.50588792,3.62750226,6457.523903,3.64025359,4.34230264,100.05538994,77.10454065,1458.16430837,3.75358136,8.05814673,15.18519791,601.00021318,9.2719486,1.27380323,,24.62503283,570.64904327,37.44903048,,20.88572062,110.53311732,16.38633968,32.20803077,9.4907277,3.5049994,2.91769275,,44.66502805,6.77635111,31.74179699,2591.1081058,43.38219981,3694.64139878,40.28812951,12141.84989426,475.83770401,26335.99448642,119.53666883,2.73449614,559.18917578,2.70254958,559.18917578,101.75464468,237.1503138,16.41805686,18.99662841,
2026-04-13,3.67250099,64.50073624,81.62479284,375.51667005,1.79039215,916.9995183,1385.02966444,1.4214531,1.79999966,1.70458506,1.66727671,2.01108171,122.67162058,1.67343873,0.37662489,2967.98828173,1.0,1.27232405,6.89995919,5.00279866,0.99850784,92.62943446,13.40522069,2.86586104,2.00818294,1.38624866,2299.99940194,0.7919596,894.93960589,6.8280128,3645.77859088,462.12846036,26.49999016,93.99851468,20.85184206,177.80991347,6.39346734,60.12529122,132.24665611,53.30438503,14.99999401,156.67979069,0.85559814,2.21149616,0.74293297,0.74614489,2.6901323,10.98844429,0.74293297,73.51181196,8760.91899454,7.63820519,208.89979577,7.83284693,26.51889375,130.92360963,314.58289334,17125.49337895,3.03420852,93.31731397,1308.04262932,1316124.49146412,122.5197271,157.8704479,0.70897514,159.72943934,129.20991758,87.44982901,3997.27052302,419.99998289,899.9978302,1488.37911981,0.30868954,0.83210427,471.85523707,22019.5132468,89419.68325928,315.1185859,183.72611277,16.38233002,6.34755337,9.28084581,17.20386337,4143.89678235,52.55102146,2100.76251419,3574.00476996,8.05506715,39.91047449,46.51947042,15.46002945,1731.38332935,17.39939492,3.97697585,63.96002474,16.38233002,1358.02941803,36.741813,9.52819752,148.20675443,1.71754994,0.38462986,0.99850784,3.36993154,4.32206511,60.41647865,278.50583817,3.64106546,6457.52275848,3.64025264,4.35460436,100.0553726,77.32222596,1458.16404982,3.74826164,8.05814559,15.18519507,601.00009583,9.33509159,1.27620077,0.74660092,24.62501957,570.6489421,37.44897512,,20.8857169,110.53048967,16.38633678,32.28200857,9.49072574,3.50499883,2.91769231,2.40775839,44.70188394,6.77634921,31.78748482,2598.0529658,43.38219226,3694.64074375,40.28812182,12141.84774203,475.83761004,26339.98981667,117.92145524,2.73448822,559.18907692,2.70254874,559.18907692,102.100016,237.14988625,16.54939154,18.99662552,
2026-04-14,3.67249877,64.00016069,81.85023096,375.1899853,1.78988447,917.00006121,1354.77896957,1.41121382,1.80124997,1.7155615,1.67083152,2.01213153,122.85626824,1.66810237,0.37738429,2990.00038939,1.0,1.27426413,6.90267992,4.99629822,0.99905628,93.18173324,13.46695392,2.85039505,2.00921874,1.37884918,2310.00053903,0.78366014,895.38978278,6.83039829,3599.66046841,461.60161147,26.50000383,94.49984314,20.71150604,177.72018915,6.3536662,59.65032295,132.17289539,53.13320711,15.0000017,157.03439152,0.85020205,2.20710327,0.74322198,0.74029473,2.68974597,11.01990493,0.74322198,73.00013433,8775.0012498,7.64249684,209.00255571,7.83299056,26.61503191,130.82668631,308.73303826,17131.70222948,3.04540504,93.30751128,1310.00017089,1316200.1710581,121.93999274,157.71107414,0.70898264,159.14302439,129.49877188,87.45025935,4013.00085615,418.99987502,899.99973474,1483.12515994,0.30871942,0.83253995,474.7910722,21972.50778913,89550.01170218,315.25039811,184.29691181,16.41021059,6.35032661,9.25725074,17.06940199,4135.00088591,52.41005245,2100.29845493,3573.37515931,8.05818018,40.00024486,46.55016915,15.44965061,1737.00034858,17.30788282,3.95897775,63.94967994,16.38979128,1358.19858169,36.72008968,9.4496166,149.09569704,1.70553507,0.38449793,0.99900951,3.37205267,4.31225031,59.90219361,279.0002219,3.6105505,6404.92862129,3.64570295,4.32709653,99.80702539,76.17466721,1460.50019002,3.75301375,8.04858395,13.78699293,600.99960211,9.19029902,1.27351,0.74660068,24.60933981,571.50207577,37.43202337,,21.20000238,110.52854766,16.39008375,32.06450653,9.47058258,3.50500046,2.88404519,2.4077603,44.71038377,6.78419406,31.66280136,2602.22236695,43.40249755,3731.54777923,40.31404338,12153.001907,476.55242218,26335.00342716,119.30938853,2.73448955,560.40998528,2.70255001,560.0000051,101.45609174,238.6250796,16.41190164,19.00640967,
2026-04-15,3.67249976,63.99998387,81.12289811,374.18997272,1.78988393,917.00005093,1366.00553091,1.4029595,1.79499977,1.70190628,1.658765,2.01512173,123.03762395,1.66810202,0.37707303,3016.51659189,1.0,1.27235325,6.91392201,4.9840999,1.00052118,93.11919301,13.40626905,2.84283333,2.01225526,1.37803474,2309.99910959,0.78188041,886.77978722,6.81764884,3594.23929256,460.61522223,26.49999491,93.51780909,20.6630456,178.16354131,6.34316352,59.63147883,132.19899143,52.4247903,14.99999745,156.22132898,0.84882006,2.19979781,0.74308594,0.73753465,2.68502155,11.05522763,0.74308594,73.51162289,8778.87672077,7.64918267,209.32595284,7.83758338,26.57421573,131.06882063,308.64974204,17133.79662866,3.00949405,93.20583122,1310.69376355,1316124.74096049,122.07023137,157.98822262,0.70900157,159.04697031,129.4196074,87.4502549,4014.16285546,418.00032849,899.97384361,1473.82473054,0.30887968,0.83379254,475.36608506,21983.42329128,89595.93511535,315.71486606,184.44037464,16.38375664,6.3379645,9.25474957,17.1338394,4137.14058922,52.32399207,2099.87622591,3575.5651775,8.07292043,39.76065312,46.28973284,15.46020477,1734.91898097,17.26804719,3.94750048,63.95499217,16.38375664,1352.24989178,36.81776937,9.45450325,148.99134119,1.69584486,0.38443824,1.00053815,3.37443829,4.40173635,59.98295145,279.06692522,3.5989147,6401.57284234,3.64750371,4.32069865,99.66896272,75.37563598,1465.21608921,3.7521369,8.04850837,14.11225391,600.99977931,9.1946633,1.27170221,0.7466009,24.65004507,571.80405583,37.42994349,,20.77890869,110.63117835,16.37893789,32.02969173,9.47487832,3.50499955,2.90514606,2.40775957,44.73849127,6.79857755,31.62029393,2606.22146225,43.53513521,3712.24705841,40.26019475,12151.09974909,477.02875633,26332.9948188,119.33408199,2.75933829,556.33176047,2.70254969,556.32704273,101.29117584,238.52490523,16.36004655,19.13432492,
2026-04-16,3.67250021,64.00018789,81.01229563,372.57402345,1.7898842,917.99998815,1358.51734066,1.39104301,1.79737516,1.70170487,1.65646799,2.00896951,122.66400464,1.66810178,0.37719435,2965.67649493,1.0,1.26902023,6.89249279,4.99079774,0.99745506,93.15790422,13.38398284,2.84685813,2.00608942,1.37209007,2305.0002319,0.78051522,884.99975202,6.81825014,3618.2500986,457.79286671,26.50000085,93.38912182,20.59179998,177.62269647,6.32487021,59.44107949,132.07597088,51.96056139,15.0,155.74977276,0.84634017,2.21539781,0.73728332,0.73624993,2.69006769,11.01206543,0.73728332,74.00021751,8750.92661638,7.62595234,208.68041264,7.83137011,26.49354496,130.51856278,307.29503842,17132.05046896,2.99789938,93.31165292,1306.67697904,1316125.03551836,121.68545683,157.4132933,0.70903163,158.57550539,128.8704304,87.44957759,3995.15544391,418.00002962,900.00205153,1471.26008795,0.30883037,0.8311983,473.20881582,22007.19122125,89530.30612124,314.69334895,183.53441896,16.36640859,6.31063646,9.22474309,17.05675896,4138.34587638,52.17314173,2100.23051852,3576.38336925,8.05010588,39.82925002,46.25002158,15.4499466,1729.61852486,17.23098993,3.95201928,63.9550221,16.36640859,1344.1992928,36.70781629,9.37515044,149.05752659,1.68957512,0.38449911,0.99745506,3.37984509,4.32295071,59.9839974,278.16996796,3.58525523,6375.00493839,3.63689468,4.30890062,99.33498906,75.49363298,1460.78078351,3.75153992,8.04858331,14.37925096,601.00040878,9.13470519,1.26942054,0.74660067,24.65010097,570.10004333,37.42503373,,20.75084253,110.58438604,16.35575994,31.89700463,9.42597909,3.50500018,2.89606604,2.40775992,44.76210478,6.77053094,31.51901303,2595.00004993,43.44060469,3685.93350475,40.12009906,12158.83763726,477.98288277,26327.00072024,119.01004267,2.73070556,555.58032107,2.70255036,555.56385213,100.99524695,238.60262806,16.33520403,19.12586179,
2026-04-17,3.67250252,64.50240997,81.17151152,372.98942006,1.78988558,917.00000085,1356.27367218,1.39625902,1.80000102,1.69695637,1.66020214,2.01409215,122.94050472,1.66810291,0.37708453,2973.38722544,1.0,1.2720409,6.90972702,4.99170521,1.0,93.30479294,13.41681343,2.84682398,2.01120663,1.37005586,2306.00107506,0.7835957,886.620193,6.82155322,3615.45152963,457.91436694,26.50001104,93.5996318,20.65431137,178.07308047,6.34560626,59.87523246,132.12295623,51.76671994,15.00000594,156.14693115,0.84918046,2.21830137,0.73697824,0.73971515,2.69503807,11.02415494,0.73697824,73.00030146,8773.72076314,7.64738631,209.21871237,7.82874323,26.56650357,130.8969528,309.70311972,17177.20726881,2.99713147,92.98938949,1310.00055451,1321000.55917174,122.27970646,157.91178119,0.70899775,159.39156305,129.24031552,87.44983976,4009.5097401,419.00043563,900.0101528,1480.62560143,0.3084699,0.83332626,471.65250602,22061.89125905,89529.14492963,315.83562414,183.9905707,16.41003697,6.31972324,9.23550661,17.089265,4151.95421898,52.35046272,2100.36736905,3591.24144408,8.06078179,39.91023313,46.20973144,15.45008942,1737.00093665,17.24745713,3.95701109,63.95500023,16.40960814,1340.88068675,36.80123827,9.36250834,149.29417564,1.69953533,0.38452589,0.99995839,3.44034762,4.3338018,60.11804627,278.89538182,3.5993711,6374.3660248,3.64650486,4.32750173,99.65822355,76.37442234,1460.0006182,3.75141261,8.03557811,13.75790884,601.00053329,9.18929931,1.27279073,0.74660116,24.67504496,571.47732179,37.50199897,,21.10000883,110.52721369,16.40998942,32.06551257,9.48449142,3.50500167,2.88549651,2.40776117,44.85542023,6.79258343,31.56651631,2611.22115716,43.69288794,3695.09090647,39.91343285,12164.17474945,479.65807834,26334.0111438,118.46836463,2.71595169,556.83979446,2.70255162,556.83979446,101.33418308,238.64972665,16.41755647,19.12479556,
2026-04-18,3.67250377,64.50398795,80.80398472,374.13522173,1.78988462,918.00031938,1368.81278625,1.39370388,1.80124964,1.70396994,1.65809023,2.01395486,122.93670666,1.66810216,0.37847916,2973.29361265,1.0,1.27257291,6.90959028,4.97950388,0.99998301,92.7943992,13.41647385,2.84018633,2.01110596,1.3778506,2310.00024038,0.7816471,876.69034975,6.81775017,3606.22981051,456.04067117,26.4999983,93.48293717,20.63450313,178.06394908,6.35230392,60.37503737,132.26203351,51.88415403,14.99999915,157.00034911,0.84940406,2.215504,0.73871227,0.73942577,2.70386122,11.0503892,0.73871227,73.50384695,8774.99989467,7.64717794,209.20373296,7.83904982,26.62038689,130.94586408,307.31037139,17139.99910133,2.95979006,92.60244577,1309.9999312,1321499.93104538,122.07037907,158.0982013,0.70903919,158.6450315,129.10379463,87.45037951,4010.00014015,418.00032787,899.98115172,1467.04030677,0.30836,0.83331889,468.87661811,21864.99920241,89472.8754986,316.08306917,184.20376269,16.25038053,6.32037992,9.22450344,17.18948591,4139.00012996,52.3730795,2100.22549045,3575.56852397,8.06578719,39.96862896,46.29037642,15.460377,1736.00025397,17.31110273,3.95250387,63.9550351,16.33503809,1342.48030657,36.72037449,9.36870337,148.47137848,1.70039141,0.38594202,0.99998301,3.43650365,4.32103821,59.56403572,278.87502378,3.5943501,6370.38762045,3.64603804,4.33040374,99.37603288,76.23151357,1460.99992355,3.75095643,8.03564694,14.21613936,601.00030748,9.164403,1.2701037,0.74660068,24.62503652,571.5036329,37.7060357,,21.04999932,110.5314993,16.33503724,32.12036735,9.42918858,3.50499959,2.86750401,2.40775982,44.84440192,6.79186033,31.48036603,2594.93490167,44.02171841,3703.2011083,39.77889078,12134.99969761,479.65701234,26334.99861887,118.22755025,2.716649,556.12195234,2.70255059,556.5035641,101.36086592,238.60357633,16.31620255,19.02383937,
2026-04-19,3.67250377,64.50398795,81.27733212,374.79296541,1.78988462,918.00031938,1368.81278625,1.39370388,1.80124964,1.70396994,1.66104701,2.01749518,123.15596587,1.66810216,0.37793554,2978.47026746,1.0,1.27478901,6.92173761,4.97950388,1.00174128,92.95595925,13.4400601,2.84513156,2.01460805,1.3778506,2310.00024038,0.7816471,876.69034975,6.81775017,3606.22981051,456.83466095,26.4999983,93.64728412,20.63450313,178.37699185,6.35230392,60.05350226,132.66040316,51.88415403,14.99999915,156.40705821,0.84940406,2.21830364,0.73775074,0.73942577,2.70386122,11.06883486,0.73775074,73.50384695,8788.48312659,7.66062231,209.57152067,7.83904982,26.61514182,131.17329117,307.31037139,17139.99910133,2.95979006,92.60244577,1312.24248957,1321499.93104538,122.07037907,158.3761433,0.70903919,158.63037673,129.10379463,87.45037951,4006.96399206,418.00032787,900.01597389,1467.04030677,0.30836,0.83476968,469.69295572,22100.30033993,89702.06332392,316.63338617,184.31354901,16.41819135,6.33402645,9.24209035,17.21941381,4154.74095979,52.3504157,2100.01171838,3575.5080498,8.0801727,40.03821639,46.29037642,15.460377,1736.97387828,17.31110273,3.95250387,63.9550351,16.41819135,1342.48030657,36.85931236,9.36870337,148.72987422,1.70039141,0.38450398,1.00174128,3.44626075,4.3424347,59.56403572,279.29855448,3.5943501,6381.58699426,3.65195924,4.33040374,99.66452447,76.23151357,1463.67141653,3.75145588,8.03564694,15.05881274,601.00030748,9.164403,1.2701037,0.74660068,24.62503652,572.50835644,37.7060357,,20.80767623,110.59704271,16.41343468,32.12036735,9.44600593,3.50499959,2.9072145,2.40775982,44.84440192,6.80368573,31.48036603,2594.93490167,44.09911016,3709.71147018,39.84882392,12155.92955043,479.65701234,26334.99861887,117.47587183,2.71525258,557.0996351,2.70255059,557.0996351,101.36086592,238.60357633,16.31620255,19.05728381,
2026-04-20,3.6725038,64.50663344,81.41147635,375.40355808,1.78988462,917.99966486,1360.7322715,1.39782926,1.80125039,1.70296988,1.66376724,2.02080833,123.35765522,1.66810192,0.37856052,2983.42415205,1.0,1.27690907,6.93307276,5.01520285,1.00339391,93.10739813,13.46224296,2.84979096,2.01792393,1.36994986,2310.00009101,0.78269531,890.82018484,6.81775041,3606.16017812,457.5925368,26.50000128,93.80024753,20.65440209,178.66987373,6.35703513,60.15287313,132.88274422,51.99081518,15.00000085,156.66320074,0.85060414,2.2182999,0.73944804,0.74068312,2.68660341,11.08691473,0.73944804,73.49712794,8803.21274035,7.67310262,209.91383635,7.833655,26.65872826,131.39146249,307.82399639,17170.20084975,2.95978939,92.60375457,1314.39150757,1321500.06575,122.16026828,158.63618555,0.70899897,158.9215071,129.23004504,87.4496974,4013.62849949,418.00023307,899.99220336,1475.39507075,0.30836016,0.83613707,470.46215705,22134.13965644,89848.96554713,317.15192641,184.61382317,16.44332977,6.34442663,9.25722609,17.24577951,4161.59815079,52.43614812,2099.42725251,3574.52345924,8.09340569,40.1044678,46.29014192,15.46030358,1739.84066568,17.34169789,3.95350002,63.95505238,16.44507862,1346.62985876,36.92108945,9.38502511,148.97344499,1.70135544,0.38627976,1.00338115,3.45190472,4.34971228,59.98898468,279.75714231,3.60365079,6392.06510439,3.65790913,4.33479694,99.8277416,76.26120607,1466.07466093,3.75119744,8.03564797,15.0840516,600.99993791,9.17634045,1.27239832,0.74660077,24.62499926,573.44837471,37.70602951,,20.84255062,110.54748455,16.44052448,32.11025106,9.46139491,3.50500028,2.91195056,2.40776006,44.87059844,6.81482773,31.50103051,2605.84912069,44.17189349,3715.77094251,39.91374364,12175.83693068,479.65704066,26335.00130313,116.9904307,2.71518626,558.01435309,2.70255054,558.01435309,101.50407397,238.60030622,16.3874017,19.08873673,
2026-04-21,3.6725039,64.00026573,81.0503609,372.84992504,1.78988503,917.99990237,1376.75613593,1.39410034,1.80000051,1.70043077,1.65992641,2.01200104,122.58064196,1.66810199,0.37735695,2975.45198905,1.0,1.26971605,6.92810243,4.95539936,0.99899906,93.10430105,13.39325392,2.83353737,2.00911539,1.36463089,2311.00031242,0.77889512,881.72016762,6.81775077,3580.06070644,455.15892463,26.50000509,93.58412019,20.61796862,177.89493318,6.34450436,60.10508125,132.21019307,52.00081331,15.00000255,155.40536702,0.84896994,2.19449986,0.73963875,0.73955045,2.68497782,11.03930221,0.73963875,72.99963409,8764.50916718,7.64366524,209.00580865,7.83028666,26.54293241,130.81172224,307.28038336,17135.00338315,2.9889931,93.1201683,1308.68749756,1323000.26091139,121.56992201,158.24764623,0.7089782,158.93968069,128.96985902,87.45032847,4000.61182972,418.00003566,899.99886238,1471.12531985,0.30830938,0.83248465,465.94197375,22040.60590645,89457.44713634,316.12186709,184.25002504,16.35859387,6.33126383,9.22643641,17.11223468,4133.14404218,52.32462913,2099.75965576,3574.17615362,8.05733943,39.86862869,46.40978336,15.45027838,1732.18624023,17.31045388,3.95497658,63.95500459,16.35859387,1345.47010862,36.76561808,9.32567166,148.84580498,1.69160572,0.38450019,0.99902878,3.42993281,4.39205177,59.90350777,278.53699047,3.59332132,6369.4550377,3.64200466,4.32900132,99.65798227,74.94873665,1463.48944306,3.75094533,8.03871643,15.01098312,600.99992869,9.1348419,1.27091989,0.74660115,24.64982452,570.9170429,37.44904822,,20.7932894,110.5466076,16.35434987,32.0802803,9.46798619,3.50500043,2.88750299,2.40776026,44.88830951,6.77937478,31.45804985,2602.92552156,44.12466529,3701.26829403,39.74281389,12085.4150215,480.63120491,26327.00519824,116.93730357,2.71518756,556.70734393,2.70255065,556.70734393,101.30906241,238.65031522,16.37310361,18.90552662,
2026-04-22,3.67250145,63.0001405,81.34646409,372.58936489,1.7898838,917.99933327,1374.79637651,1.39710642,1.80249967,1.69870222,1.66509082,2.0167031,122.85984419,1.66810173,0.37713355,2977.46333978,1.0,1.27321008,6.90927228,5.01140078,1.00127215,93.44177886,13.42419616,2.84013869,2.01380798,1.3659499,2313.99884451,0.7807148,893.45972175,6.82164744,3587.10862973,455.47790731,26.49999021,94.37498265,20.72634203,178.2981685,6.36457217,60.25930161,132.16351255,51.74618122,14.99999404,156.34324455,0.85150371,2.19644957,0.73854068,0.74034501,2.68988831,11.06497229,0.73854068,73.49787422,8787.74385661,7.64211214,209.1910323,7.83031745,26.60427983,131.11804226,309.82037955,17175.99343831,3.0049004,93.56721387,1311.69123794,1320999.49499358,122.47020205,158.61766376,0.70901478,159.34444092,129.26018122,87.44846827,4003.09742395,419.99993784,899.985051,1479.57442951,0.30809022,0.83441829,464.92801047,22091.10420362,89517.13496334,316.9530285,184.27491649,16.38315709,6.33914967,9.25449573,17.2221735,4145.25699489,52.47475164,2099.93396674,3577.13520006,8.07634667,39.72193039,46.36999795,15.46006916,1736.25736615,17.31584316,3.95401539,63.96222219,16.38315709,1348.76966058,36.84688601,9.33491174,149.71686565,1.69329432,0.38447181,0.99987653,3.43924138,4.3427907,60.13147813,279.1797882,3.60690246,6367.24442925,3.64549601,4.34069941,99.99497953,75.12530643,1463.14205636,3.75048131,8.03876896,14.72002473,599.9999421,9.17376125,1.2737593,0.74660101,24.59745332,572.19700645,37.47248068,,20.85833448,110.54194209,16.38862119,32.18301625,9.39880347,3.50499875,2.86649699,2.40775958,44.91428849,6.78960024,31.48403303,2609.99917489,44.17393241,3704.15885738,39.75360718,12075.69839738,481.04659088,26324.98994289,118.0606492,2.71596561,558.45355175,2.70254847,558.44879695,101.61142139,238.62490325,16.49379382,19.04919307,
2026-04-23,3.67250417,63.49985725,81.52950635,375.11108518,1.78988503,918.00031628,1378.48850451,1.39999231,1.8,1.69911271,1.67001838,2.0210745,123.12095739,1.66810275,0.37716459,2983.85818096,1.0,1.27722272,6.93359405,4.98639826,1.00340727,94.06768987,13.49147669,2.8233047,2.01817156,1.36734026,2311.00088644,0.78556482,890.23021071,6.82480147,3571.47076805,457.17125529,26.50000598,94.15348036,20.82760696,178.68521776,6.38802667,60.38690943,132.53834765,52.00560157,15.00000342,157.95079027,0.85481045,2.21789717,0.74053255,0.7415455,2.69001581,11.10817199,0.74053255,73.00004701,8806.99352054,7.66958328,209.95291106,7.83210668,26.65921528,131.35123905,312.5510621,17285.75371629,2.99945036,94.13051844,1314.46848399,1319500.28359277,122.93020473,158.95965808,0.70903535,159.51603539,129.58984143,87.4274189,4016.61722272,421.0000453,899.95021328,1483.53536265,0.30833953,0.83620806,464.96526136,22138.64127794,89858.95656452,318.85723127,184.6344728,16.49481216,6.34526392,9.26539984,17.18882421,4161.84665726,52.67229559,2099.76147882,3579.09772535,8.09464632,40.05756037,46.53991708,15.45014147,1739.62457836,17.37085438,3.96498867,63.90976621,16.49481216,1351.59046203,36.93030987,9.31267171,150.50958926,1.69878531,0.3844963,1.00348848,3.44836518,4.41398812,60.52551011,279.73672009,3.62909091,6311.9618045,3.65846476,4.35220242,100.31931615,75.0997504,1466.29525666,3.75058341,8.0483968,13.69506176,600.49529598,9.24241228,1.27660555,0.74660085,24.65007138,573.47070479,37.45800573,,20.92140018,110.63246485,16.48863359,32.37998632,9.44732829,3.50500064,2.91772022,2.40776082,44.92470659,6.80289097,31.53860409,2605.00046587,44.02651451,3717.80939266,39.8932735,12170.35163995,482.15525409,26325.00565885,118.03250075,2.72539984,560.11334616,2.70255075,560.11573706,102.00601958,238.64978672,16.53650297,19.0904398,
2026-04-24,3.67250186,62.99970195,81.60231763,371.82976353,1.78988412,917.99958204,1392.79156111,1.40473119,1.8012496,1.70430552,1.67432103,2.01427923,122.71049102,1.66810127,0.37766986,2964.99927456,1.0,1.27735639,6.9111625,5.0323972,1.00007708,94.04248996,13.51750131,2.82386495,2.0114537,1.37114948,2312.99936021,0.78711512,894.9694665,6.82649606,3567.15912708,455.35083978,26.49999315,94.55009378,20.86797109,177.71995084,6.40040854,59.65976687,132.58538246,52.62396773,14.99999657,156.59958546,0.8564797,2.2061007,0.74053205,0.7430501,2.68498934,11.08976849,0.74053205,73.50265423,8774.99782625,7.64564951,209.25339808,7.83465317,26.61998424,131.01446594,314.20696489,17292.29576728,2.98640424,94.1605771,1309.99967968,1318049.67743604,123.1597446,157.87825227,0.70898362,159.81595536,129.30344134,87.41528045,4009.99909556,421.99993319,899.94979916,1483.59825535,0.30777941,0.83347979,464.60510291,21929.99462987,89498.07005747,317.18615843,184.27494626,16.65026679,6.34992591,9.25988249,17.35188297,4144.99866218,52.7924784,2099.76051372,3579.09607989,8.06875905,40.00997285,46.73992994,15.4603133,1736.99997174,17.44819497,3.97201795,63.89517288,16.64948997,1351.31929221,36.71015785,9.35114811,150.46716856,1.71090984,0.384496,1.00007708,3.46596949,4.26274913,60.80400661,278.80010106,3.63478421,6332.42291169,3.64549791,4.35980113,100.54078899,75.87822315,1460.99964199,3.75065221,8.04858124,13.74211396,600.50277071,9.27304744,1.27894944,0.74660106,24.60149199,571.4964773,37.39899621,,21.19499473,110.63241433,16.64984969,32.50349358,9.40099609,3.50499927,2.88249612,2.40775971,45.00219088,6.78018192,31.53501289,2599.99912125,43.93359199,3720.52318148,39.55089031,12049.99722586,482.73360655,26340.99355328,118.03244688,2.72539805,561.55159348,2.70254974,558.99958632,102.20521425,238.62493812,16.67824542,18.72682751,
2026-04-25,3.67250345,62.0003506,81.3989958,371.77822667,1.78988431,918.00010151,1390.46255325,1.40154127,1.79999966,1.70396954,1.67080931,2.01083361,122.67314664,1.66810176,0.37722281,2969.67284381,1.0,1.27532462,6.9084799,4.98060272,0.99833657,94.04134599,13.52270878,2.82814998,2.00793327,1.36795026,2314.9996912,0.78715117,896.60882572,6.83630248,3564.13896704,454.33981274,26.49999232,94.37501344,20.77749817,177.78625718,6.37510215,59.47535056,132.36251213,52.57238812,14.99999573,154.33870549,0.85303998,2.20464941,0.74102901,0.74098721,2.68038981,11.1038525,0.74102901,73.5038293,8763.48647761,7.64315205,209.16707215,7.83544774,26.52931642,130.70586926,311.52029723,17252.69500153,2.98604938,94.25047642,1307.82644987,1316999.61880885,122.65035,157.55167119,0.70903915,159.36499363,129.33034741,87.40317911,3999.99919132,420.00022861,900.02568077,1476.63995571,0.30776062,0.83198951,463.75759675,21876.72644117,89402.91715788,318.23407246,183.19465775,16.60131726,6.33482416,9.25037747,17.3614791,4148.43129957,52.5783594,2099.86257697,3580.43573623,8.05672631,39.84643745,46.87036522,15.45037355,1731.20018119,17.37959853,3.9650373,63.91035915,16.60131726,1356.99995052,36.74129857,9.31703572,150.46615393,1.70633928,0.38415035,0.9997475,3.4870372,4.33354546,60.69502115,278.31717221,3.61994936,6330.5590534,3.64550303,4.34050285,100.16631806,75.1858177,1459.2446186,3.75102152,8.04530495,14.7980334,600.50350173,9.2203479,1.27610345,0.74660106,24.62503092,570.52659949,37.4634933,,20.89997253,110.56235637,16.59457825,32.33502889,9.3845999,3.50499881,2.88103675,2.40775908,45.01502459,6.78012212,31.48349453,2598.25047386,43.99265106,3719.47491551,39.60394889,12052.5001254,483.1645207,26359.99236359,117.82980232,2.71226791,559.57074858,2.70254922,559.57074858,101.79474664,238.6502937,16.53435533,18.89357559,
2026-04-26,3.67250345,62.0003506,81.3989958,371.25175854,1.78988431,918.00010151,1390.46255325,1.40154127,1.79999966,1.70396954,1.66841483,2.01083361,122.49943102,1.66810176,0.37739342,2969.67284381,1.0,1.27532462,6.89869724,4.98060272,0.99833657,94.04134599,13.52270878,2.82814998,2.00793327,1.36784961,2314.9996912,0.78715117,896.60882572,6.83630248,3554.18962908,454.33981274,26.49999232,94.06267285,20.77749817,177.78625718,6.37510215,59.47535056,132.36251213,52.57238812,14.99999573,154.33870549,0.85303998,2.20464941,0.73993541,0.74098721,2.68038981,11.08381032,0.73993541,73.5038293,8763.48647761,7.63232868,208.87176677,7.83544774,26.52931642,130.70586926,311.52029723,17252.69500153,2.98604938,94.25047642,1307.82644987,1316999.61880885,122.65035,157.55167119,0.70903915,159.37499296,129.08505576,87.40317911,3999.99919132,420.00022861,899.98325397,1476.63995571,0.30776062,0.83198951,463.75759675,21876.72644117,89402.91715788,318.23407246,183.19465775,16.60131726,6.33482416,9.23693441,17.3614791,4148.43129957,52.5826246,2100.35236608,3592.54241059,8.05672631,39.84643745,46.83036447,15.45037355,1731.20018119,17.38009926,3.9650373,63.91035915,16.60131726,1356.99995052,36.74129857,9.31703572,150.46615393,1.70633928,0.38415035,0.99833657,3.46146221,4.33354546,60.69502115,278.31717221,3.61994936,6330.5590534,3.63941062,4.34050285,100.16631806,75.27402374,1459.2446186,3.75042183,8.04530495,14.7980334,600.50350173,9.2203479,1.27610345,0.74660106,24.62503092,570.52659949,37.4634933,,20.89997253,110.52769309,16.59457825,32.33502889,9.3845999,3.50499881,2.91533322,2.40775908,45.01502459,6.78012212,31.48349453,2598.25047386,43.99265106,3714.22370547,39.54786663,11994.87816286,483.1645207,26359.99236359,118.14769705,2.72851064,559.57074858,2.70254922,559.57074858,101.79474664,238.6502937,16.53435533,18.89357559,
2026-04-27,3.67250041,62.00019103,81.39904213,371.25197019,1.78988541,918.0006993,1389.95935453,1.39425364,1.80000051,1.70038709,1.66841548,2.01083402,122.49950154,1.6681025,0.37739371,2969.67453605,1.0,1.27532592,6.89870144,4.98670309,0.99833703,94.04139935,13.52271655,2.82815156,2.00793363,1.36643519,2315.0007462,0.78481976,896.61061672,6.83629754,3554.88099553,454.34007162,26.50000725,94.06272626,20.76370263,177.78635821,6.37231697,59.47538425,132.36258734,52.55311559,15.00000426,154.33879327,0.85280355,2.20465068,0.73897901,0.73860548,2.67983537,11.08381609,0.73897901,73.50565878,8763.49147154,7.63233336,208.87188588,7.83631715,26.52933175,130.70594396,310.83358818,17225.00482431,2.98605069,94.18177678,1307.82719471,1317000.36859534,122.61980312,157.55176049,0.70900723,159.29754657,129.08985991,87.40322769,4000.00102251,420.00051339,900.00021405,1470.31540342,0.30775974,0.83199003,463.75786093,21876.73890567,89402.96809662,318.23425405,183.19476242,16.60132713,6.33482773,9.23694038,17.36148893,4148.4336634,52.582655,2100.20968648,3577.13130446,8.05673105,39.8464604,46.83029465,15.4502564,1731.20116698,17.37140277,3.95249884,63.90997976,16.60132713,1352.81002351,36.74131995,9.29857249,150.46623964,1.69711573,0.38415048,0.99833703,3.46146394,4.33354767,60.66398602,278.31733076,3.61825102,6330.56266017,3.63941249,4.33630052,100.16637515,75.24486122,1459.24545051,3.75080142,8.04530945,14.79804247,600.49920135,9.21304227,1.27508031,0.74660136,24.62503166,570.52692429,37.46350555,,20.89998491,110.52501912,16.59458743,32.3320041,9.38460502,3.50500127,2.91533452,2.40776119,45.02921023,6.78012592,31.43008162,2598.25170411,43.99267612,3714.22582153,39.54788876,11994.88499688,483.16479491,26359.00738187,117.55867075,2.72850743,559.5710671,2.7025515,559.5710671,101.76653309,238.64989088,16.50210515,18.89358632,
2026-04-28,3.67250428,62.00031415,81.49960134,371.39288952,1.78988429,918.00017756,1416.50624794,1.39199232,1.80250054,1.70563826,1.66903501,2.01895382,123.32152693,1.66810195,0.37731961,2979.19035432,1.0,1.27624707,6.92692155,5.00219647,1.0024022,94.36679568,13.49644707,2.81516886,2.01813516,1.36341519,2325.00045927,0.78648502,894.95979942,6.82315144,3623.6003751,455.44930964,26.50000256,94.09843046,20.79165223,178.50546087,6.37881608,59.59157813,132.47299104,52.55120255,15.00000171,156.51903151,0.85366041,2.19545067,0.74086797,0.73894467,2.6849737,11.12130514,0.74086797,72.99981561,8797.53974984,7.66342475,209.71921573,7.83565074,26.64032811,131.24310627,311.08753348,17234.40178296,2.97545043,94.40920724,1313.18230686,1315000.1362664,122.43032168,158.24509444,0.70902814,159.11851794,129.46011869,87.43070838,4011.76005057,420.00007683,900.00008793,1472.97977935,0.30773007,0.83537415,459.24685383,21966.3018381,89320.79553638,319.02341164,183.93925779,16.52012675,6.35867567,9.26280533,17.35201285,4166.27595853,52.63720201,2099.92321495,3576.49109205,8.09184191,40.02611774,46.70978363,15.45970894,1738.19559067,17.38126181,3.94749647,63.89797648,16.51991504,1360.1896142,36.89180708,9.30697628,150.9865318,1.69490518,0.38450743,1.00238513,3.49534755,4.35311407,60.92993668,279.40060149,3.62817028,6315.09843046,3.66426219,4.34350014,100.20198374,74.87537241,1469.03470556,3.75071067,8.04858352,14.17386843,600.49245023,9.23929809,1.27450048,0.74660115,24.60155913,572.8842795,37.36497824,,20.90791736,110.52499262,16.50644258,32.42650069,9.41517433,3.50500074,2.91627043,2.40776029,45.03470471,6.80659384,31.53550459,2601.37328777,44.20903497,3729.28981515,39.87028886,12102.64587861,483.93451998,26348.50272574,118.18955871,2.72850697,559.79063466,2.70255057,559.7930232,101.86878386,238.59579606,16.54820108,18.96676956,
2026-04-29,3.67249771,63.00009821,81.54992028,371.43009795,1.78988434,918.00013835,1404.67798059,1.39619973,1.80124979,1.70061499,1.67223125,2.0137055,122.94958994,1.66810201,0.37727439,2974.99991716,1.0,1.27660628,6.90846234,4.99620127,0.9997566,94.47196855,13.52189011,2.82082932,2.01080691,1.3687503,2322.50098086,0.78892953,891.62038727,6.83745048,3614.62989947,454.77668187,26.49999957,94.39907952,20.80640045,177.72009203,6.38295968,59.25037983,132.5120158,52.83759566,15.0,157.37498644,0.8540315,2.20030113,0.73796435,0.73999523,2.69502364,11.13982716,0.73796435,73.48962394,8777.498862,7.63860632,209.16999155,7.837465,26.61976297,130.96952816,310.91196729,17334.74951683,2.95600286,94.77189587,1309.99996328,1315999.96358495,122.3024322,157.52730296,0.70901097,159.61949224,129.09598545,87.42959578,4009.99966351,421.00040566,899.99578792,1475.88939865,0.3075803,0.83320167,458.27364877,21944.99941584,89541.39622194,318.68567883,183.74973973,16.53500803,6.34497663,9.25624959,17.29160308,4148.9999573,52.64169023,2100.03928716,3596.35487485,8.07024751,40.00010932,46.79005173,15.44976971,1740.99999317,17.39549601,3.95050204,63.90988003,16.55011073,1374.96005353,36.71502421,9.3292095,151.15532015,1.70678964,0.38450804,0.99976087,3.51599473,4.34475031,61.54349625,278.72497538,3.62895491,6267.180064,3.64325055,4.35159623,100.26601031,75.3227812,1460.49995943,3.75064586,8.02593523,13.66507361,600.50719991,9.27089879,1.27668998,0.74660117,24.62498025,571.50099879,37.46497233,,21.24999979,110.5492678,16.5501893,32.59149538,9.37810707,3.50499993,2.88375009,2.4077599,45.07189835,6.7981377,31.57350179,2607.62290068,44.06075495,3719.26784136,39.45843898,12069.99990947,484.6185511,26348.99926553,118.22560011,2.72781248,560.84592503,2.70255022,559.49705231,101.91306643,238.65016564,16.55351489,18.96920192,
2026-04-30,3.67249856,62.999982,81.84982419,371.19006238,1.78988378,917.99970862,1390.99971719,1.40274103,1.8024997,1.68331049,1.67082398,2.01476185,122.73609751,1.66810129,0.37757861,2975.99930326,1.0,1.27733171,6.91207507,5.0196999,1.00029052,94.82723962,13.52081785,2.81668565,2.01185747,1.36778908,2319.99940438,0.79147952,904.97015406,6.83824867,3635.60914901,454.91036363,26.49999357,94.87495233,20.90100689,177.72000302,6.40398883,59.37500246,132.70481095,53.01588881,14.99999657,156.99958178,0.85700157,2.20659823,0.74012113,0.74210509,2.68968573,11.18999468,0.74012113,72.99986888,8774.9979192,7.64246151,209.28350212,7.83583792,26.60968977,131.01418509,313.56742417,17379.99593181,2.97244997,94.94882758,1309.99969319,1315499.69199363,123.23020691,156.85651051,0.70900854,160.39246301,129.13010741,87.42928066,4009.99907872,422.00007799,899.9664561,1485.24957343,0.30799008,0.833614,463.32513783,21974.99500454,89532.54202521,319.59909124,183.8749729,16.87023196,6.34979119,9.26374738,17.22073961,4149.99912329,52.82281921,2099.97909602,3578.88533319,8.07502192,39.9798099,46.8302657,15.45502584,1741.49775166,17.55024557,3.96750079,63.90498852,16.87024139,1375.06973508,36.7096033,9.31971301,151.72327762,1.71366035,0.38450147,1.00029052,3.52405132,4.33957573,61.51895987,278.8749369,3.64986858,6223.51549245,3.64349506,4.37289938,100.61294809,74.74714511,1460.99965806,3.75059369,8.0388376,13.77290572,600.49349921,9.31521803,1.28071944,0.74660092,24.59661107,571.49747827,37.46097858,,21.19999503,110.73507339,16.84961936,32.78017224,9.37794798,3.50499932,2.89224919,2.40775964,45.18368458,6.80187066,31.66078678,2594.9989656,44.08999802,3726.42066951,39.80999589,12049.99734844,485.58764169,26355.9938313,118.37214094,2.71587484,560.37626826,2.70254932,559.00001714,102.26749076,238.62492126,16.83241591,18.88070195,
2026-05-01,3.67314879,63.49859856,81.44995326,370.77938067,1.78988404,918.00004431,1392.15011935,1.38885987,1.79999966,1.69569886,1.66969738,2.01453939,122.72513301,1.66810206,0.37762531,2974.9994009,1.0,1.27589645,6.91132941,4.97109848,1.00022583,94.88179129,13.59299253,2.82252758,2.01162827,1.35734976,2319.99978269,0.78140465,900.96949634,6.82814869,3656.62926388,454.73552815,26.49999446,94.50552865,20.7807459,177.71985448,6.36825878,59.40410914,132.41898344,53.61028708,14.99999659,156.99994887,0.85220034,2.1921047,0.74129584,0.73481486,2.6850242,11.19496298,0.74129584,73.4976475,8777.50114664,7.64150488,209.2523476,7.8332278,26.61961356,131.02462262,310.4439674,17299.89651646,2.95246938,94.89488364,1309.99973582,1314999.73491968,122.56003027,156.72511426,0.70901875,157.27698642,129.18042956,87.42048246,4012.49439465,419.99982445,899.85050616,1474.36467272,0.30728981,0.83354312,463.28803093,21977.48429778,89549.98172882,319.67105237,183.84996672,16.66017574,6.35499939,9.2340483,17.23350034,4154.99896969,52.53379017,2099.68207899,3578.09903676,8.07084512,39.98966366,47.04017102,15.45497953,1741.50152842,17.46598996,3.96992755,63.90499074,16.65957494,1374.68941388,36.7196704,9.26669354,151.80356697,1.69309454,0.38449916,1.00020027,3.50770006,4.34016514,61.26448804,278.75020389,3.62654451,6151.62503611,3.64374873,4.4325019,100.07699545,74.9291242,1461.99970599,3.75022945,8.04858138,14.62498413,600.5022954,9.23624783,1.2729146,0.74660079,24.62500884,571.49751711,37.4580253,,21.19999608,110.64405637,16.65984338,32.50749382,9.38182069,3.50499943,2.88201116,2.40775997,45.1484908,6.78938465,31.54697712,2604.99943073,43.94932646,3760.98657614,39.88951052,11937.49617149,485.5876569,26355.9946925,118.50629563,2.71218808,560.04138114,2.7025497,560.50124038,101.69455095,238.65011722,16.67149211,18.67894631,
2026-05-02,3.67310256,64.00034455,81.45037308,370.78026403,1.78988417,918.00002217,1392.91552776,1.38811758,1.79999898,1.70396976,1.66969713,2.01453939,122.72511106,1.66810144,0.37765055,2975.99888021,1.0,1.27589615,6.91132832,4.99280195,1.00022601,94.88177536,13.59299008,2.82252701,2.01162776,1.35975008,2319.99948829,0.78266309,899.00002303,6.82824793,3657.39862384,454.73544846,26.49999019,94.45035858,20.78669622,177.72032657,6.37510138,59.50386128,132.54034279,53.63971518,14.99999403,157.0002985,0.8528501,2.22424926,0.73638148,0.73648552,2.68038931,11.20385164,0.73638148,73.00032835,8774.99705255,7.64150361,209.25231058,7.8350477,26.62037851,131.02459961,309.94338781,17334.343476,2.94382959,94.89161469,1309.99950705,1313999.50583051,122.68033984,156.72508718,0.7090391,157.07298009,129.15033615,87.4204713,4012.50228606,420.00019189,900.00049892,1471.31982987,0.30715055,0.83354328,463.28794948,21979.99207702,89549.96664674,319.67099602,183.87496962,16.66037548,6.35037811,9.25124708,17.23349756,4149.99878469,52.51677343,2099.99817661,3580.36839969,8.0708437,39.97036346,47.04036113,15.45503305,1741.50308092,17.45719759,3.97037625,63.90370555,16.66037036,1375.97985909,36.71036273,9.29710057,151.80354086,1.69577728,0.38439574,1.00020042,3.50750295,4.33874865,61.2894812,278.77493371,3.62094907,6151.62395963,3.64350269,4.44220192,100.01572314,74.97255784,1461.49945034,3.74997847,8.04210691,14.65036643,600.50345021,9.21360057,1.2726033,0.74660033,24.60365753,571.00012281,37.458024,,21.20999216,110.5283594,16.66036268,32.50363442,9.38181843,3.50499898,2.88174892,2.40775957,45.16728655,6.7893827,31.62949207,2604.99935439,43.94931938,3760.98591859,39.88950304,11949.99583639,488.94257078,26355.99008135,118.80627425,2.73599002,560.04128306,2.70254977,560.0001211,101.77208775,238.6034989,16.66551901,18.67894288,
2026-05-03,3.672503,64.00034455,81.45037308,370.78026403,1.78988417,918.00002217,1392.91552776,1.38888856,1.79999898,1.70396976,1.66969713,2.01453939,122.72511106,1.66810144,0.37765055,2975.99888021,1.0,1.27589615,6.91132832,4.9539026,1.00022601,94.88177536,13.59299008,2.82252701,2.01162776,1.35975008,2319.99948829,0.78125333,899.00002303,6.82824793,3657.39862384,454.73544846,26.49999019,94.45035858,20.78669622,177.72032657,6.37510138,59.50386128,132.50389369,53.63971518,14.99999403,157.0002985,0.8528501,2.19210363,0.73425191,0.73515849,2.68038931,11.20385164,0.73425191,73.00032835,8774.99705255,7.64150361,209.25231058,7.8350477,26.62037851,131.02459961,309.94338781,17334.343476,2.94382959,94.91046865,1309.99950705,1313999.50583051,122.68033984,156.72508718,0.7090391,157.07298009,129.15033615,87.4204713,4012.50228606,420.00019189,900.04866789,1471.31982987,0.30729042,0.83354328,463.28794948,21979.99207702,89549.96664674,319.67099602,183.87496962,16.66037548,6.35037811,9.25124708,17.23349756,4149.99878469,52.56446566,2099.59893871,3579.16272039,8.0708437,39.97036346,47.03036061,15.45503305,1741.50308092,17.45719759,3.97037625,63.90370555,16.66037036,1375.97985909,36.71036273,9.29640038,151.80354086,1.69448436,0.38474541,1.00020042,3.50750295,4.33874865,61.27501516,278.77493371,3.62094907,6151.62395963,3.64350269,4.43810227,100.10654912,74.97255784,1461.49945034,3.74997847,8.04210691,13.74631718,600.50345021,9.21370035,1.2726033,0.74660033,24.60365753,571.00012281,37.458024,,21.20999216,110.52505119,16.66036268,32.51302601,9.38181843,3.50499898,2.88174892,2.40775957,45.14248652,6.7893827,31.62949207,2604.99935439,43.94931938,3760.98591859,39.88950304,11949.99583639,488.94257078,26355.99008135,118.89085139,2.7151873,560.04128306,2.70254977,560.0001211,101.77208775,238.6034989,16.66551901,18.67894288,
2026-05-04,3.67250131,64.00014668,81.44973196,370.77981381,1.78988465,917.99966655,1393.094366,1.38759792,1.79999983,1.7025134,1.66969727,2.01454041,122.72516319,1.66810166,0.37764989,2976.00014157,1.0,1.275896,6.91133163,4.96094641,1.00022599,94.88181502,13.59299638,2.82252851,2.01162892,1.35930083,2320.00008528,0.78121498,899.75014285,6.82825087,3657.2501744,454.73564166,26.50000085,94.450033,20.77785065,177.72030131,6.37239914,59.49783813,132.50395022,53.58349864,15.00000085,157.00005799,0.85281009,2.19209718,0.73661813,0.73611497,2.679647,11.19802933,0.73661813,73.00010575,8775.00041276,7.64150678,209.25239938,7.83329524,26.61983687,131.02465559,308.86199998,17372.00082808,2.94383052,95.04905449,1310.00006226,1314000.0623515,122.6398583,156.7251538,0.70897856,157.23550777,129.15039647,87.4205036,4012.5143997,420.00006055,900.00001876,1472.17971267,0.30728965,0.83354341,463.28814577,21980.00064643,89550.00396983,319.6711317,183.87499765,16.66009207,6.34998644,9.25125065,17.23350452,4150.00074536,52.56448779,2099.49023021,3577.85070621,8.0708472,39.96970904,47.0298475,15.45498527,1741.49898345,17.44149979,3.95594895,63.90051032,16.65980382,1375.65052269,36.710494,9.27319686,151.80360466,1.69120514,0.38474527,1.00020041,3.50750132,4.33874981,61.45898154,278.77503467,3.62118517,6151.6265681,3.64350235,4.42349782,100.10659188,74.98217968,1461.50006993,3.74997996,8.04211006,13.74632311,600.50098158,9.21772071,1.27370343,0.74660113,24.59792648,571.00055603,37.45799228,,21.21000107,110.52498648,16.65987546,32.50549892,9.38182269,3.50500003,2.88175021,2.40776006,45.19060391,6.78938576,31.62496312,2604.99980044,43.94933796,3760.98751315,39.88952016,11950.00020212,488.94277815,26345.00125534,117.65139426,2.71518872,560.04151991,2.70255007,560.00001706,101.76731418,238.60745407,16.5997856,18.67895026,
2026-05-05,3.67249286,63.49439313,81.98991225,370.90356828,1.78988384,917.99986995,1401.98245895,1.39693979,1.80249909,1.75344986,1.67145928,2.01435387,122.73949984,1.66810097,0.37739745,2974.99882951,1.0,1.27585682,6.93692203,4.98590196,1.00012749,95.07010517,13.57643761,2.82895142,2.0118529,1.36215886,2315.99870374,0.78404509,913.06983822,6.83024768,3728.44853364,454.73950583,26.49998973,94.65025275,20.87694226,177.71967856,6.39345229,59.60273935,132.56492269,53.52977555,14.99999401,157.07490862,0.85561937,2.19979482,0.73622111,0.73935438,2.68501913,11.194964,0.73622111,73.49720555,8777.50177541,7.64386384,209.25285435,7.83550204,26.62996944,130.89241699,312.56385658,17426.59314529,2.94399372,95.29341242,1309.99948492,1314999.48286366,122.70176788,157.5656474,0.70900129,157.22943604,129.18050146,87.4204659,4011.9984616,420.50463232,899.99964406,1474.81548911,0.30804008,0.83359316,463.97985359,21962.49036573,89401.19393811,319.60675392,183.62494267,16.82972233,6.33500065,9.24695571,17.22052306,4154.99850694,52.7319567,2099.74892449,3576.67412111,8.07074175,39.94968701,46.75999021,15.45496105,1741.49956107,17.51875261,3.96401265,63.91019676,16.82982159,1370.92967322,36.72010295,9.28298156,152.11038944,1.70466415,0.38450422,1.00032856,3.50602613,4.33250053,61.67899985,278.74967914,3.64294319,6218.18978322,3.64299966,4.44289939,100.42493395,75.00202354,1460.49942588,3.75219381,8.02586537,13.84965655,600.50269606,9.30178123,1.2770196,0.74660062,24.64988997,571.49758459,37.45594844,,21.14999179,110.52494045,16.8294511,32.74964663,9.36317876,3.50499853,2.88550273,2.4077591,45.21617822,6.7942013,31.61548466,2594.9989185,44.07547932,3753.57651291,40.28662222,11997.99508703,488.94255714,26333.48964187,118.77873512,2.71518741,560.59168732,2.70254906,558.49869775,102.1025494,238.62493412,16.80374316,18.73148525,
2026-05-06,3.67250305,63.49802145,81.61176958,369.64974336,1.78988492,918.00012627,1392.77418623,1.38180248,1.80000034,1.69374236,1.66961927,2.00991151,122.44274243,1.6681023,0.37732665,2969.59717236,1.0,1.27428178,6.8951404,4.92890198,0.99795576,95.03372574,13.56149622,2.82509436,2.00700896,1.35989939,2315.00125504,0.78149551,905.32059037,6.83035172,3715.2110425,453.98680968,26.50000768,94.13057901,20.80625593,177.70270342,6.37549144,59.4587841,132.42859483,53.62011975,15.00000427,157.04956095,0.85318991,2.18729822,0.73885819,0.73695046,2.69005914,11.1865696,0.73885819,73.00039247,8757.86160918,7.61575739,208.77499164,7.83620716,26.52638575,130.6038844,308.25506198,17404.80488315,2.9396061,95.0059237,1310.00036772,1316000.36897989,122.17005013,157.03369162,0.70898716,157.85454136,128.8797608,87.42052365,4002.88654707,420.52853494,900.00344603,1457.88544731,0.30798023,0.83157263,463.70366326,21914.04880758,89549.20894877,319.33728986,183.11505522,16.70043479,6.33091482,9.22302981,17.22391287,4160.00097605,52.61227809,2099.70723044,3578.60805138,8.05501369,39.84651881,46.95012593,15.45504116,1730.40115795,17.31805469,3.95303872,63.89842348,16.70043479,1365.90685896,36.71009631,9.22501263,152.05314179,1.68525056,0.3844943,0.99794723,3.49853507,4.33923513,61.33701343,278.09218973,3.6222314,6046.63839935,3.64665311,4.46987557,100.1670179,75.49843184,1459.10293992,3.75182412,8.03225996,13.82199814,600.49325212,9.2257276,1.27359497,0.74660089,24.62499147,570.34090482,37.4769852,,20.91506068,110.53075579,16.69676266,32.48551284,9.33050188,3.5050014,2.88949911,2.40776079,45.23041759,6.76458613,31.52098932,2597.1836952,43.85461388,3767.27198414,40.17412497,12025.00363288,493.49409849,26327.50738692,118.52456248,2.71593127,559.97471742,2.7025507,559.50335986,101.81263779,238.59820642,16.54375414,18.83566709,
2026-05-07,3.67250118,63.99981967,81.37517894,369.999351,1.78988421,917.99973206,1387.74361096,1.38084901,1.80124901,1.70329189,1.65948963,2.02110072,122.9635741,1.66810105,0.37921162,2989.43124509,1.0,1.27042301,6.91182217,4.93959837,1.00348574,94.64258149,13.42775595,2.824802,2.018207,1.36374439,2315.99891039,0.77871504,896.68992308,6.81124776,3726.80869938,457.86306009,26.49999107,93.95032863,20.69894279,178.69342328,6.35713781,59.78862533,132.1882036,52.6968801,14.9999949,156.68678523,0.85059546,2.18394977,0.73662162,0.73515009,2.67999238,11.25015162,0.73662162,73.4975388,8807.41602964,7.63558619,209.23831984,7.83168757,26.67772299,131.33238804,304.80690803,17362.99394036,2.90360372,94.58767045,1309.99954323,1312999.54204706,122.33024624,158.11129106,0.70900704,156.33044358,129.17980312,87.4204689,4021.94266391,419.00022541,900.00318123,1451.06896203,0.30793002,0.83355888,463.20069375,21969.99244841,89527.95847988,320.22117523,183.57493278,16.5349633,6.3516906,9.19849581,17.1947064,4181.11796058,52.44328017,2099.54851329,3579.64827623,8.07315461,40.05088772,46.77993224,15.45499967,1740.03284489,17.23988408,3.91149724,63.91004443,16.53495565,1360.52918861,36.92526413,9.30009518,151.91261322,1.67791948,0.38443427,1.00028835,3.46250107,4.36329442,60.75548102,279.60918116,3.5997489,6141.44260735,3.64396626,4.47978773,99.85894235,74.75031536,1467.39194843,3.75822164,8.0194293,13.94273451,600.50723304,9.2390522,1.26727921,0.74660081,24.64979029,573.45667109,37.41095924,,20.85460602,111.20365807,16.3532608,32.31448811,9.34767494,3.50499852,2.87249574,2.4077593,45.23387888,6.77860872,31.34599246,2592.18207931,43.99647768,3761.36849411,40.19327315,12074.99601666,493.49626291,26310.99081782,118.25038468,2.72258425,558.35374479,2.70254932,558.35374479,101.5030379,238.62493844,16.37539074,18.99123036,
2026-05-08,3.67250277,64.50011511,81.38055848,369.18473888,1.78988504,918.00025837,1395.51257378,1.38678056,1.80000051,1.69642416,1.66751282,2.02064194,123.09821975,1.66810288,0.37887527,2985.8952691,1.0,1.27008385,6.93242169,4.94620032,1.00325302,94.56541162,13.43269455,2.83520812,2.01774279,1.36603545,2316.0003965,0.78060521,890.97042015,6.80185256,3738.90144088,460.20930917,26.50001023,94.01261215,20.72740412,178.65203648,6.37165212,59.66181429,132.26032566,52.71961905,15.00000597,156.64346609,0.85269084,2.18919845,0.73547228,0.73762532,2.67977196,11.28670365,0.73547228,73.00028054,8804.56297292,7.66079617,209.901307,7.82949765,26.67076925,131.39917187,304.38614019,17370.20669311,2.90135646,94.45843729,1314.28110488,1312900.5060848,122.60976519,158.02066837,0.70901669,156.89508577,129.52033582,87.42053262,4024.09495736,418.9999514,900.01125381,1464.5055783,0.30796038,0.83605825,464.61520962,22016.47202066,89533.75831501,323.0554701,184.10716022,16.3686498,6.34583861,9.19519969,17.26071619,4165.56705987,52.57391977,2099.84225561,3580.44663861,8.09218611,40.13847102,46.71996269,15.45498475,1739.54626018,17.2895073,3.91750728,63.90328439,16.36878964,1361.540988,36.91705706,9.31489873,151.29274497,1.68437052,0.38449876,1.00325302,3.47502213,4.36595359,60.45981609,279.53433274,3.60795663,6140.36446138,3.65697527,4.4881024,100.09804325,74.65005739,1470.81825151,3.78017545,8.03226156,13.85021974,600.49433557,9.28260477,1.26906574,0.7466016,24.60363093,573.37271713,37.4309994,,20.88769209,110.54834757,16.3639293,32.24798552,9.37579791,3.51000121,2.91016476,2.40776102,45.32721755,6.7866866,31.40798784,2600.8950312,43.92865877,3752.28747534,40.11648524,12157.20679714,496.20925118,26313.51013935,118.09374654,2.71151337,559.23718193,2.70255159,559.26817468,101.7530829,238.59386762,16.45635587,19.11169227,
2026-05-09,3.67310499,64.00038755,80.95042695,369.01051146,1.78988525,918.00063773,1398.65617047,1.37873996,1.8025007,1.70397027,1.66246632,2.01385444,122.68925422,1.6681024,0.3774043,2975.00087518,1.0,1.26797316,6.90980242,4.91509673,0.99987279,94.42100461,13.42519562,2.82588711,2.01096516,1.36705057,2265.00102867,0.77695518,891.29065824,6.80075204,3750.48110354,459.64910884,26.50000806,94.05042194,20.63671048,177.720446,6.34040599,59.35041032,132.26043153,52.7447059,15.00000424,157.3039199,0.84804048,2.18304106,0.73482114,0.73346088,2.67504107,11.29039365,0.73482114,73.50387258,8780.00293931,7.63486854,209.22361216,7.83175301,26.62039588,130.91988562,300.19047583,17377.45511449,2.90130505,94.42553145,1310.00038586,1311500.3863189,122.01042157,157.6019739,0.70903986,156.66208555,129.18042231,87.4205297,4010.00153071,418.00047321,899.9512046,1461.92081337,0.3076606,0.83335835,462.12244263,21955.00680977,89550.02670225,321.91586506,183.50382593,16.3903861,6.32504119,9.12038274,17.09982708,4165.00157227,52.25299337,2099.6074039,3578.90362868,8.06268291,39.94505037,46.82039181,15.40374359,1742.00085737,17.17760936,3.9210398,63.91039604,16.39038186,1365.00074543,36.71504907,9.20930657,151.08743043,1.67588487,0.38494168,0.99996184,3.43450456,4.3503764,60.51505653,278.65045637,3.59545162,6107.68952814,3.64037487,4.42630486,99.47306751,74.24002853,1460.50042953,3.78203749,8.01943454,13.95844602,600.50385222,9.21570673,1.26730405,0.74660127,24.65037835,571.50383017,37.39904884,,21.15000649,110.54397726,16.37037405,32.20304718,9.32972068,3.50000127,2.86603844,2.40776076,45.34905092,6.77659476,31.31604688,2598.3948027,43.92105337,3746.54821068,39.8793196,12135.00390523,499.23611737,26308.00774261,118.02617901,2.70409239,557.57574146,2.7025515,557.50375724,101.1981472,238.6251076,16.38070827,19.0378701,
2026-05-10,3.67250543,64.00038755,80.87832485,368.27614572,1.78988525,918.00063773,1398.65617047,1.37836004,1.8025007,1.70397027,1.65809043,2.00873312,122.37721349,1.6681024,0.37658425,2968.50581205,1.0,1.26463527,6.89161364,4.91509673,0.99732952,94.18085905,13.38985608,2.81844895,2.00585063,1.36715064,2265.00102867,0.77695518,890.87390062,6.80075204,3727.01563617,458.48006384,26.50000806,93.48059217,20.63671048,177.60167963,6.34040599,59.31077122,132.32677374,52.7447059,15.00000424,155.7266367,0.84804048,2.18304106,0.73395698,0.73346088,2.67504107,11.23479612,0.73395698,73.50387258,8750.79737006,7.61477083,208.67286075,7.83165294,26.51350886,130.57525808,300.19047583,17377.45511449,2.90130505,94.42553145,1306.51558062,1311500.3863189,122.01042157,157.18710911,0.70903986,156.67855026,128.80339538,87.4205297,4001.52718351,418.00047321,899.98408652,1461.92081337,0.3076606,0.83116447,460.94710687,21871.9067376,89311.79772199,321.09712268,183.01052418,16.36192247,6.3066438,9.12144703,17.05481394,4165.9967325,52.25723188,2099.83356782,3581.38083802,8.041459,39.86351891,46.82039181,15.40374359,1729.04972231,17.17760936,3.9210398,63.91039604,16.36192247,1365.00074543,36.70044751,9.20930657,150.68971386,1.67588487,0.38468049,0.99732952,3.44826487,4.40422358,60.51505653,277.95879456,3.59545162,6092.15558066,3.64545887,4.42630486,99.5040778,74.24002853,1462.08342768,3.76748765,8.01943454,14.87440605,600.50385222,9.21570673,1.26740412,0.74660127,24.65037835,569.96328918,37.39904884,,20.77063897,110.56361279,16.35115575,32.20304718,9.30516143,3.50000127,2.8968681,2.40776076,45.34751681,6.75935919,31.31604688,2598.11021304,43.80934693,3737.01945405,39.77789311,12097.83747983,499.23611737,26308.00774261,118.45865506,2.70706647,556.10800135,2.7025515,556.10800135,101.1981472,238.6251076,16.38071505,18.98775514,
2026-05-11,3.67249782,63.99989878,80.87831889,368.27611815,1.78988446,918.00020498,1403.17651162,1.38303014,1.80250082,1.69810563,1.65809019,2.0087327,122.37720465,1.66810213,0.37658459,2968.50559158,1.0,1.26463474,6.89161314,4.89650386,0.99733009,94.18085202,13.38985503,2.81844797,2.00585015,1.36862505,2265.00040061,0.77891479,892.6796808,6.80075121,3750.43082566,458.4800297,26.50000595,93.48058512,20.6821032,177.60166659,6.35642122,59.31076741,132.32676389,52.91680928,15.0000034,155.72662491,0.85056001,2.18300309,0.733443,0.73581351,2.67501718,11.23479539,0.733443,73.50193332,8750.79672126,7.61477031,208.67284485,7.82935129,26.51350689,130.57524819,302.3590469,17416.00383518,2.90129676,94.8721166,1306.51548444,1311500.28851591,122.31025112,157.18709769,0.70902002,157.15853758,128.84973752,87.42052112,4001.52688705,417.99971081,900.0001548,1474.86023683,0.30766031,0.83116469,460.94707305,21871.90511663,89311.79110416,321.09709908,183.01051037,16.36192094,6.30664389,9.12144636,17.05481264,4165.99642425,52.25298972,2099.52689811,3576.70807845,8.041458,39.86351574,46.8199407,15.39364342,1729.04959445,17.21695404,3.92898504,63.90994526,16.36192094,1357.95987653,36.70044467,9.19610256,150.68970295,1.68156054,0.38468107,0.99733009,3.44826469,4.40422269,61.06351387,277.95877421,3.6065505,6092.15512854,3.64545852,4.43639682,99.50406993,74.48218247,1462.08332001,3.76748751,8.0194336,14.87440461,600.49607296,9.26471724,1.26946507,0.74660116,24.64985677,569.9632473,37.3989909,,20.77063714,110.54795968,16.35115455,32.3970159,9.30516052,3.50000085,2.8968679,2.40776102,45.38021138,6.75935871,31.40198912,2592.47350761,43.80934357,3737.01917758,39.77788986,12097.83658361,499.23608059,26326.50579657,118.57781433,2.7070969,556.10795988,2.70255066,556.10795988,101.49880751,238.62505018,16.44400678,18.98775364,
2026-05-12,3.6725,63.86563304,81.07362353,368.95242027,1.80180279,916.44368354,1393.17615757,1.38284569,1.79,1.7000007,1.66339909,2.0,122.91742969,1.66339909,0.376,2977.11841499,1.0,1.27081372,6.91037115,4.90288863,1.0,95.55276339,13.44782529,2.79011583,2.01438066,1.36925076,2272.95659438,0.77980023,897.7784402,6.79333129,3758.78032443,458.2462051,23.99510253,93.78269962,20.69500812,178.10303065,6.35410936,59.18760044,132.24696093,52.82279396,15.0,156.65738575,0.85048245,2.18632633,0.73608903,0.73608903,2.67742714,11.28697478,0.73608903,73.52243211,8777.01409486,7.63040847,209.1672596,7.82868175,26.59452342,131.12896068,302.92283366,17506.95861132,2.90311822,95.55276339,1310.4161931,1311161.66974173,122.12216257,157.76151906,0.709,157.60439973,129.17930796,87.47707019,4011.90372312,418.40993673,900.00989856,1485.70343623,0.30768309,0.8312444,463.60272246,21928.53890295,89943.58969572,322.19088835,183.29479828,16.47461353,6.32565676,9.10052095,17.1399152,4160.99100262,52.40934305,2099.33371441,3579.42511575,8.0635422,39.95656212,46.7128945,15.44179373,1733.94585322,17.21531751,3.93264206,63.81874378,16.47461353,1365.79461943,36.80340396,9.19980626,152.95608599,1.67922421,0.38484017,1.0,3.43207927,4.34908804,61.42674841,278.647736,3.60607819,6144.33581431,3.64,4.42833877,99.8327739,73.64651457,1463.05603135,3.75,8.01453085,14.64421029,600.27374788,9.24780884,1.27081372,0.73608903,22.86024319,571.03540385,37.54710598,4685.8865488,20.95550143,110.85323073,16.47461353,32.33713009,9.35188327,3.50944845,2.87172562,2.39861804,45.39783716,6.78111828,31.42660797,2606.68735447,43.92189829,3758.48913626,39.81500364,12158.50022726,501.89148101,26326.28425627,117.92801807,2.70222516,557.87991564,2.70672591,557.87991564,101.48955236,238.5882667,16.47461353,19.0009403,25.8426139
2026-05-13,3.6725,63.96325993,81.34897172,368.31290585,1.80228717,917.11330862,1384.86763283,1.38173729,1.79,1.69999432,1.66652039,2.0,122.91217803,1.66652039,0.376,2974.30587298,1.0,1.2718395,6.9111465,4.90850584,1.0,95.55922465,13.45171603,2.79041075,2.01383986,1.36892517,2279.99996943,0.78051121,904.82128879,6.79227647,3785.83929237,456.44540881,23.97902856,93.95867924,20.73912816,178.12077083,6.3665069,58.99787255,132.39798179,52.92031045,15.0,156.55491384,0.85207835,2.18605367,0.73862841,0.73862841,2.67737235,11.30098106,0.73862841,73.82163093,8779.94439966,7.6289722,209.2121357,7.82833893,26.59860479,130.95186862,304.78631293,17512.41174445,2.91211886,95.55922465,1310.28915893,1312423.0590007,122.36523317,158.03111075,0.709,157.66435704,129.16715923,87.49386312,4011.86472706,419.19506684,899.98337003,1495.0934717,0.30808123,0.82949321,465.11370071,21937.94623562,89275.58570263,322.60299159,183.66982686,16.49390344,6.32769884,9.13543126,17.11561031,4178.01527967,52.51471529,2099.76514863,3579.5717278,8.0631891,39.89529464,46.70695048,15.44001963,1733.89657134,17.21805076,3.92713545,63.86064483,16.49390344,1371.96206227,36.80375114,9.18048613,152.96642885,1.68146459,0.38493487,1.0,3.43047202,4.35654547,61.48108027,278.62311472,3.62370915,6101.99311804,3.64,4.4317062,100.01745618,73.81139267,1462.99452867,3.75,8.0138238,14.64136195,600.15179153,9.28700445,1.2718395,0.73862841,22.87496207,571.43015081,37.21459782,4702.76732148,21.13234986,110.52591049,16.49390344,32.32647893,9.34087236,3.49940313,2.88859632,2.40832499,45.42250108,6.78535347,31.53406643,2599.69329486,43.94684439,3756.70115463,39.77147773,12164.83164609,505.35624717,26339.13565087,118.06921999,2.69319795,558.92675579,2.70616961,558.92675579,101.67999359,238.61456702,16.49390344,18.99934826,25.7730848
2026-05-14,3.6725,64.00020343,81.54573173,368.63952252,1.80183502,918.97425751,1392.13161594,1.37873047,1.79,1.69999903,1.66961884,2.0,122.73940566,1.66961884,0.376,2977.0185809,1.0,1.27270403,6.90796197,5.01949723,1.0,95.71093106,13.47037804,2.79497466,2.01296334,1.37081369,2279.99968198,0.78178807,887.19540476,6.7865906,3785.86389176,455.36703975,23.99589872,94.13337034,20.76760614,177.93340653,6.37926585,59.00726496,132.46481479,52.92078319,15.0,157.46666992,0.85366256,2.19017656,0.73921691,0.73921691,2.67541072,11.32589647,0.73921691,73.67904246,8769.84725599,7.62793289,209.21561333,7.83128075,26.59973968,130.5955038,306.00767806,17530.83917622,2.90352676,95.71093106,1310.1721305,1313534.62565124,122.59115012,158.13698566,0.709,157.96333254,129.18151841,87.49097022,4010.20769211,419.97444824,899.98926833,1493.11340543,0.30776174,0.83161676,469.52750884,21973.3286029,89879.84734128,324.29463314,183.14394173,16.42156389,6.31969523,9.16275444,17.14800395,4165.40390023,52.6142808,2099.41679567,3578.50516948,8.06621918,39.99864885,46.79850746,15.44456509,1740.07632939,17.17322082,3.92812819,63.85981037,16.42156389,1371.67997673,36.75510829,9.17257275,153.2092729,1.6866839,0.38484247,1.0,3.41815281,4.2922775,61.50577495,278.60766133,3.62611998,6112.57739705,3.64,4.44656669,100.22356044,73.63723449,1461.7156297,3.75,7.98869537,14.29084302,600.23054843,9.32187794,1.27270403,0.73921691,22.85981096,572.73231365,37.17393984,4699.511544,21.07109704,110.52567272,16.42156389,32.35326564,9.33761181,3.50832626,2.88986351,2.37324756,45.44261163,6.78694895,31.52936272,2597.48863285,43.93641183,3753.97018909,39.82614331,12079.90363386,508.8754236,26305.69400991,118.19790224,2.67757297,559.96593098,2.70730453,559.96593098,101.86904041,238.61192126,16.42156389,19.00023442,25.77139684
2026-05-15,3.67250206,62.4953308,81.93628416,368.78030774,1.79045975,918.0002712,1391.74426638,1.39024055,1.80250071,1.69091452,1.67068175,2.02335415,122.77639164,1.6699205,0.37888016,2990.94017795,1.0,1.27917188,6.91139807,5.00610201,1.00459925,95.83536062,14.14966671,2.80668201,2.02043703,1.37393504,2245.00061793,0.7851104,893.98042206,6.78510353,3789.72064875,456.52666649,26.50000472,94.69825153,20.8690058,178.88706982,6.41350631,59.54322603,132.4480595,52.88570781,15.00000257,156.85659151,0.85822987,2.19644967,0.73969116,0.74770531,2.6801609,11.41035145,0.73969116,72.50275878,8808.79399909,7.63073973,209.24683807,7.83125141,26.71637648,131.54995713,308.3798225,17570.70300698,2.90260121,95.89722268,1310.000224,1315000.22513172,123.2400529,158.83627463,0.70903862,158.50052652,129.24977579,87.44962577,4030.66393006,422.00039221,899.97081418,1497.09484384,0.30853964,0.83354374,473.44893318,21955.00382513,89538.03314484,325.32081491,183.24968825,16.49022519,6.37644451,9.2087524,17.26839337,4207.49252611,52.89669144,2099.86542012,3580.13083114,8.069363,40.14363163,46.91006953,15.4017786,1741.59646804,17.26693266,3.94449742,63.91020684,16.48983641,1369.1702462,36.96999457,9.28920287,154.01361668,1.69945562,0.38447411,1.00018366,3.44703134,4.21297832,61.64502068,279.79996893,3.64490568,6121.62707509,3.64550215,4.46389727,100.74046271,73.25155661,1469.36209233,3.7541489,8.01613815,13.67699661,600.5149877,9.42020651,1.27717048,0.74660077,24.65009625,574.1545672,37.20698616,,21.02030314,110.52875199,16.47820139,32.49250637,9.34657553,3.50000043,2.88800873,2.40776046,45.54098176,6.79086826,31.53080831,2595.00072091,44.16382836,3740.52972951,39.83121708,12045.00247771,510.14890202,26361.00451171,118.07767924,2.70852197,562.79244998,2.7025504,562.79244998,102.41406501,238.65031939,16.54370064,18.91140922,
2026-05-16,3.6725,62.45974491,82.03289449,368.71473685,1.79918158,920.55086574,1394.61836281,1.39904457,1.79,1.69999511,1.68246455,2.0,122.76820653,1.68246455,0.376,2976.28308447,1.0,1.28035531,6.91015837,5.06572795,1.0,95.98990392,14.1506935,2.78,2.01456283,1.3749571,2247.20899987,0.78710158,909.89567578,6.80859036,3798.15249926,453.74125849,24.00831204,94.85761315,20.91652389,178.53660038,6.42874772,59.59056348,132.659583,52.87966072,15.0,157.5662335,0.86023046,2.20409673,0.7503645,0.7503645,2.67109367,11.42914441,0.7503645,72.48442172,8780.10734034,7.62987761,208.97200544,7.83073482,26.61283976,131.01430484,311.19146084,17605.35312717,2.91996271,95.98990392,1310.45073854,1319263.82884722,123.54295524,157.86591566,0.709,158.76387572,129.37974939,87.47608376,4010.95750651,423.20564532,899.99917673,1497.96104368,0.30780639,0.83226604,469.27824349,22014.17333864,88468.78159567,328.61633333,183.37789289,16.69312419,6.32021729,9.23116547,17.30257005,4184.42741681,53.01864469,2099.88347365,3577.50216558,8.06565687,40.01111401,47.16195899,15.4098106,1741.69683606,17.34271766,3.95070288,63.86258897,16.69312419,1372.47470536,36.71713044,9.30975703,153.65583871,1.7116753,0.38476378,1.0,3.43208648,4.36968935,61.64689726,278.62900079,3.65216772,6093.48776798,3.64,4.43049868,100.97207948,72.82798426,1462.57110043,3.75,8.01601427,13.60311902,600.17834493,9.4477202,1.28035531,0.7503645,23.9898178,571.4335106,37.35334582,4708.06225073,21.27220702,110.52510937,16.69312419,32.66842956,9.33015845,3.51013805,2.90677747,2.36355924,45.43163399,6.78889792,31.5779432,2605.34365753,44.07893129,3752.66808209,39.80818168,11985.11232119,514.80615096,26350.75408236,116.78452703,2.70637998,564.27419376,2.70218607,564.27419376,102.65279987,238.5976427,16.69312419,18.91037047,25.77077443
2026-05-17,3.6725,63.65835634,82.04931699,368.2626137,1.79487898,927.89051679,1394.90486353,1.39907879,1.79,1.70189101,1.68244259,2.0,122.76805405,1.68244259,0.376,2977.60971598,1.0,1.28040943,6.92779673,5.05410106,1.0,96.09271314,14.15029624,2.78157651,2.01241107,1.37500325,2240.41347493,0.78756477,909.78595881,6.81023948,3793.37172404,452.90695502,23.94240875,94.85637552,20.91892401,178.53763657,6.42879985,59.29414635,132.63319894,52.89641686,15.0,157.67442538,0.86021924,2.20386747,0.75036482,0.75036482,2.67270879,11.42009737,0.75036482,74.38743495,8775.30831625,7.62395207,209.1750908,7.8322861,26.65528577,131.85967894,311.42640848,17520.10228602,2.91951833,96.09271314,1310.26933105,1318130.42649007,123.53706768,157.78473321,0.709,158.76499938,129.33193098,87.47608376,4004.7396897,423.20012368,899.99996379,1497.99066626,0.30745534,0.82070502,469.57869904,21845.01333888,89850.85731702,326.7039017,183.23841259,16.68538548,6.33896623,9.24767927,17.21334896,4195.42086947,52.84355103,2099.51433521,3577.87832159,8.06725469,40.06013803,47.16833881,15.44386083,1734.45455432,17.33815298,3.9555973,63.81157595,16.68538548,1371.43797851,36.66947716,9.30900376,153.82041055,1.71175796,0.38504301,1.0,3.43402595,4.36571034,61.64288621,278.48795985,3.65242989,6093.49825362,3.64,4.4360943,100.97878412,72.87104768,1463.22857046,3.75,8.01601559,14.81618432,600.22334758,9.44800115,1.28040943,0.75036482,22.92052843,571.46574915,37.16424242,4708.06225073,21.17757061,110.52498218,16.68538548,32.58904156,9.34383382,3.5035881,2.90929838,2.3635045,45.49053616,6.76397064,31.58718298,2599.9077548,44.03058533,3754.73106271,40.22080832,11985.33793904,514.46502854,26355.25089163,118.20420465,2.70637997,564.26683157,2.69999986,564.26683157,102.65146054,238.5991714,16.68538548,18.90988753,25.77077443
2026-05-18,3.67250161,62.50213345,82.18297523,369.50085114,1.79046031,918.0002272,1394.21233065,1.40315465,1.80125064,1.68004141,1.68219208,2.01806335,122.98632834,1.66992063,0.37793016,2983.2721164,1.0,1.28086708,6.92384028,5.0659021,1.00193551,96.1029049,14.17280024,2.7882864,2.015139,1.37553595,2247.48326801,0.78694988,898.23046716,6.80990322,3799.05145245,454.47916548,26.50001033,94.83941182,20.93685788,178.42005704,6.43163741,59.86326622,132.82557579,52.8679927,15.00000602,156.44748555,0.86061038,2.20415055,0.75035414,0.75124487,2.68059995,11.45745056,0.75035414,72.49799822,8785.96645943,7.64374775,209.62464478,7.82991757,26.64689414,131.18312326,311.46215552,17673.00675493,2.9194417,96.14963863,1312.60532666,1319000.50421871,123.5899312,158.31941726,0.70902935,158.92855815,129.21988251,87.44985223,4020.1279719,424.00064804,900.00012823,1504.28554106,0.30863984,0.83498915,470.3824957,21973.94724544,89725.2310429,329.14475208,183.35705606,16.59709062,6.36219218,9.2360594,17.3336836,4170.6462418,53.05764368,2099.72320619,3578.5805583,8.08128293,40.21848144,47.15969658,15.41005503,1737.41089068,17.35610939,3.97750106,63.90005646,16.59709062,1372.74008104,36.87267528,9.31170017,153.76430464,1.7138109,0.38428233,1.00193551,3.43499896,4.36502961,61.74452523,279.07007606,3.65750633,6105.8811454,3.65243303,4.47279869,100.96765568,72.80727147,1465.70391044,3.78865733,8.01632492,13.58899916,600.500568,9.46304883,1.28150221,0.74660102,24.59976023,572.65751063,37.45303993,,21.07255806,110.52504118,16.60001497,32.7100225,9.34830279,3.51000115,2.93252556,2.40776064,45.58003246,6.80084529,31.6404103,2604.53600019,44.24144854,3762.09665171,40.13247117,11998.4563989,510.14901038,26360.51007517,117.46058663,2.70638125,564.19150302,2.70255068,564.19150302,102.69813575,238.59494942,16.74905634,18.86208977,
2026-05-19,3.6725,62.5087411,82.07046696,368.03271751,1.8016384,918.57475461,1396.09248883,1.40113618,1.79,1.7000066,1.68008749,2.0,122.88377022,1.68008749,0.376,2979.07389803,1.0,1.28004703,6.93084638,5.0097949,1.0,96.38911845,13.59505327,2.74998964,2.01273517,1.37478317,2294.95015336,0.78581939,901.02622367,6.80167137,3799.13957791,452.71623082,23.99504539,94.7235942,20.88324995,177.93885984,6.41921962,59.1958512,132.75802636,53.32246348,15.0,157.46532329,0.85901509,2.20508662,0.74554832,0.74554832,2.67148492,11.43991774,0.74554832,73.87338189,8771.78574401,7.62338007,209.14662133,7.83128663,26.6022455,130.88764412,309.75573671,17725.11936413,2.90232781,96.38911845,1310.26060521,1318160.68425748,123.18200472,158.12684264,0.709,158.93394764,129.31842274,87.47677717,4010.69500656,422.60772205,899.98040619,1505.17583424,0.30784124,0.83175304,469.23029993,21934.50019039,89647.91997253,333.03837769,183.27878655,16.64929688,6.34988165,9.2029778,17.30508954,4184.3447725,52.93612317,2099.2453789,3578.97961291,8.06622523,39.98241856,47.28303558,15.44458208,1740.45726428,17.30475162,3.97433034,63.87041018,16.64929688,1371.06316523,36.75761121,9.27361847,154.29488135,1.70803222,0.38466824,1.0,3.42222822,4.4181211,61.71112489,278.60603558,3.6442579,6086.44293121,3.64,4.47499864,100.82218279,72.4749585,1462.11393379,3.75,8.00616448,14.68060317,600.23092835,9.40906686,1.28004703,0.74554832,22.90487101,571.43596355,37.2248039,4714.62882246,21.27274789,110.53565747,16.64929688,32.6203116,9.30831209,3.50722169,2.90410875,2.37892261,45.58347957,6.78304508,31.63777121,2602.02075416,44.1415574,3768.69696518,40.08363018,12032.0268619,517.30305038,26330.40762119,118.73393461,2.69505477,563.47696274,2.70734919,563.47696274,102.50776755,238.61992913,16.64929688,18.89999756,25.9102217
2026-05-20,3.6725,63.01490265,82.24302028,368.2149084,1.80228964,916.97526234,1398.53990441,1.40685662,1.79,1.7,1.68516457,2.0,122.78027372,1.68516457,0.376,2974.38618851,1.0,1.28121535,6.91544887,5.05736229,1.0,96.80629003,13.58478313,2.72006561,2.01277954,1.37536466,2294.96808982,0.78930515,905.57745953,6.81026435,3794.34586643,452.49501398,23.97591274,95.00984083,20.95746576,178.01815241,6.43875222,58.83835671,132.92687098,53.09217055,15.0,156.42053479,0.86161096,2.20855875,0.74595246,0.74595246,2.67002244,11.4558132,0.74595246,73.67816637,8768.61229903,7.62259787,209.23236634,7.83307857,26.59868038,130.92331588,311.56574979,17691.32427732,2.92718492,96.80629003,1310.91835258,1322760.27766239,123.55933651,158.20478318,0.709,158.84323796,129.39002168,87.47217555,4013.37134586,423.88480659,900.04261502,1508.22836478,0.30864513,0.829465,471.53838595,21941.98125427,89159.63092212,330.79735967,183.27107276,16.69285261,6.35989379,9.23449753,17.30284735,4193.40896265,53.13773584,2100.26325181,3577.44607464,8.06807093,39.98989125,47.2417689,15.44442323,1739.43533809,17.4077003,3.97781413,63.83091691,16.69285261,1371.7910239,36.76904357,9.27811817,154.96266876,1.71301664,0.38460504,1.0,3.42346927,4.39440351,61.6978263,278.70259343,3.6646223,6116.65946217,3.64,4.50469289,101.16716478,71.44616943,1462.77063562,3.75,8.03356424,14.6932081,600.22018883,9.40267134,1.28121535,0.74595246,22.87039925,571.3265721,37.22489958,4703.43218514,21.25312625,110.5408504,16.69285261,32.69924161,9.29648783,3.49686352,2.91168787,2.4076847,45.58344871,6.7800109,31.65173396,2611.53677511,44.18319377,3771.24202233,40.31882216,12032.52445867,518.62604098,26357.35501806,118.97882677,2.71595647,565.17974212,2.70664933,565.17974212,102.81753729,238.64370262,16.69285261,18.91029313,26.08100338
2026-05-21,3.6725,62.8542208,82.09538625,367.86696857,1.80252551,919.02017436,1397.1609019,1.40409277,1.79,1.69999782,1.68308275,2.0,122.91868936,1.68308275,0.376,2977.21853891,1.0,1.27943912,6.90858217,5.01191802,1.0,96.37777609,13.56467209,2.73998123,2.01378351,1.37634334,2294.99992153,0.78709944,898.20537059,6.80160955,3725.71835467,452.25526733,24.00400699,94.89246752,20.91356828,178.27112605,6.43061121,58.8913965,132.70248375,53.42234669,15.0,157.85523548,0.86054655,2.20656453,0.74471558,0.74471558,2.6685102,11.54779128,0.74471558,73.56603441,8775.45802255,7.62379483,209.17858618,7.83241004,26.60096077,130.93227834,309.63035819,17662.54467572,2.90615498,96.37777609,1310.23692996,1320606.31083888,123.40511562,158.24566381,0.709,158.96839183,129.43900277,87.46947673,4017.26344546,423.36114751,899.98348263,1505.44949147,0.30901894,0.83183949,471.5827595,21935.32684569,89271.64104567,343.50470516,183.19762857,16.50304253,6.35994312,9.22582942,17.38248554,4197.61936064,53.04475251,2099.77273276,3578.31898118,8.06738234,39.97469514,47.38422837,15.44475303,1736.51950257,17.32649555,3.96876106,63.86798105,16.50304253,1371.33648029,36.81861753,9.26949015,154.27672508,1.70643459,0.38488381,1.0,3.41258969,4.3586754,61.58730175,278.6209334,3.65566066,6168.1287257,3.64,4.50794001,101.04208949,71.32717484,1462.72037534,3.75,8.01389473,14.37369912,600.16502095,9.34564757,1.27943912,0.74471558,22.84988888,571.45946508,37.25463523,4709.26253711,21.21518092,110.54693487,16.50304253,32.65830197,9.29751967,3.5098801,2.90632251,2.38166134,45.60702552,6.78072752,31.58355439,2612.01127674,44.22977276,3771.61599123,40.32612099,12086.53479859,521.48079935,26338.36468776,118.74110158,2.69493154,564.48153002,2.7069103,564.48153002,102.6905185,238.61658303,16.50304253,19.00026475,26.22533446
2026-05-22,3.6725,62.96350626,82.13484551,367.84369019,1.80183455,918.54988483,1389.60381542,1.40042201,1.79,1.70002642,1.68399898,2.0,122.87419206,1.68399898,0.376,2975.25047409,1.0,1.2787025,6.90745388,5.01606478,1.0,96.24431678,13.55207357,2.72994674,2.01338997,1.37907757,2297.48565855,0.78658481,899.05846231,6.79943088,3689.90333008,452.29854875,23.99360365,94.94412449,20.90846551,178.03900577,6.43382965,58.92152686,132.66959798,52.9181149,15.0,159.86089461,0.861015,2.20608595,0.74466585,0.74466585,2.66674412,11.59165863,0.74466585,73.65717544,8768.21875977,7.623759,209.17290798,7.83588635,26.6157121,130.88511308,309.05853671,17705.03568941,2.90597789,96.24431678,1310.10014764,1322659.81201696,123.82428516,157.62145577,0.709,159.02041321,129.49299297,87.46486859,4014.99780626,423.59161421,899.98033951,1513.69601511,0.30884883,0.83173692,470.85442103,21920.99014067,89602.59353377,345.29040208,183.29773582,16.45757217,6.35998321,9.22383576,17.34924887,4189.5571619,53.08210111,2099.48752834,3579.99050087,8.07096294,39.98917228,47.32802444,15.44173757,1735.86353661,17.30277417,3.9636549,63.82896088,16.45757217,1369.94183843,36.75962952,9.24726816,154.06309009,1.70237192,0.38560737,1.0,3.40969953,4.35720102,61.64711994,279.67757088,3.65422445,6169.55691784,3.64,4.51558484,101.08590986,71.15055131,1462.77110177,3.75,8.01199875,14.1228619,600.22263974,9.34074105,1.2787025,0.74466585,22.85618522,570.92798697,37.15576184,4715.7410642,21.23948284,110.53454685,16.45757217,32.66286817,9.28475306,3.4984889,2.90852705,2.37847023,45.69728167,6.78368934,31.52289916,2609.03069845,44.24297128,3779.0530867,40.3080307,12070.53739533,522.42053412,26347.51995048,118.82912857,2.69742673,564.78881895,2.70728338,564.78881895,102.74642052,238.63782903,16.45757217,18.87910066,26.35309124
2026-05-23,3.6725,62.77859607,82.24336136,367.89032963,1.79655696,916.95329346,1406.03838172,1.40279584,1.79,1.69999961,1.68566373,2.0,122.92692902,1.68566373,0.376,2978.85078251,1.0,1.27980965,6.9292597,5.02234527,1.0,95.70110713,13.53694002,2.744998,2.01457362,1.38199846,2262.54431329,0.78487258,901.39357806,6.79569617,3686.11395418,453.64827783,23.99315642,95.03798352,20.93101342,178.37577177,6.43939022,58.99385955,132.7976874,53.09364623,15.0,159.81285641,0.86186618,2.21372524,0.74451447,0.74451447,2.66289781,11.62498318,0.74451447,72.7395779,8766.72991264,7.62571412,208.86418775,7.83561115,26.60757244,130.95136359,309.28257415,17699.97631868,2.89069604,95.70110713,1310.40857008,1320894.80839868,123.75657548,157.63051102,0.709,159.20982633,129.59418109,87.47003816,4019.28318062,424.01036473,900.00318125,1520.82097261,0.30951418,0.83313994,471.46606318,22013.26720498,88879.6720924,334.58022425,183.27265507,16.45751756,6.37442996,9.2181485,17.35132806,4201.13091761,53.12366897,2101.49566772,3580.30880654,8.07067948,39.96664086,47.35821912,15.39843619,1734.46428668,17.3271644,3.9679005,63.82499048,16.45751756,1372.3015466,36.80919907,9.27040392,153.19354724,1.70966247,0.3855826,1.0,3.42096386,4.34127083,61.62035232,278.554331,3.65456673,6120.78831362,3.64,4.53109122,100.930463,71.52767348,1462.46526103,3.75,8.03684569,13.76042752,600.2002719,9.36732036,1.27980965,0.74451447,22.87008738,571.6889339,37.19561295,4718.99193447,21.13546385,110.52602607,16.45751756,32.68504923,9.27519015,3.49616159,2.92074948,2.35919655,45.70187164,6.76218522,31.46254787,2629.08798743,44.15971894,3773.4007238,40.30761447,12000.73510588,526.12542831,26199.87688945,117.37716086,2.7247975,565.34715298,2.70248795,565.34715298,102.84799268,238.64785178,16.45751756,18.88964873,26.34731954
2026-05-24,3.6725,63.6988739,82.24348402,367.89660289,1.79609818,916.95659157,1400.8892839,1.40290814,1.79,1.70212673,1.68550601,2.0,122.7609015,1.68550601,0.376,2978.09074434,1.0,1.2800278,6.9231328,5.02151335,1.0,95.72874727,13.53751651,2.74425342,2.01418438,1.38211111,2247.96009189,0.78474546,901.3817126,6.79524775,3671.69073113,452.58979232,23.94370193,95.02909139,20.92889347,178.41849588,6.4394,59.00570704,133.076,52.92788166,15.0,159.81138333,0.86178554,2.21366949,0.74436649,0.74436649,2.66719881,11.60380422,0.74436649,74.40182834,8774.79356945,7.62151486,209.27209057,7.83551378,26.66654713,131.908087,309.15346384,17699.80367655,2.89875933,95.72874727,1310.20934222,1322851.38602337,123.76215875,157.32740095,0.709,159.20991897,129.75211131,87.47003816,4018.90089586,423.97069264,900.00021861,1520.71357059,0.30871906,0.82052321,471.65643597,21856.76185518,89836.08525756,330.61994893,183.13119736,16.47600626,6.36132163,9.22703703,17.35137135,4201.97887958,53.09648845,2099.75965502,3577.48991196,8.07057919,39.94650658,47.36010471,15.43760012,1733.66804023,17.32786971,3.96805734,63.76363905,16.47600626,1370.84051959,36.66339063,9.27031688,153.23779219,1.70938857,0.38509646,1.0,3.42113445,4.34069182,61.62476334,278.38044027,3.65302854,6097.70128193,3.64,4.52041212,101.23857183,71.51767633,1464.52874137,3.75,8.03684569,14.89884217,600.17966985,9.36732034,1.2800278,0.74436649,22.87010251,571.61744564,37.3122195,4718.99193447,21.20951495,110.52501016,16.47600626,32.64154207,9.27907499,3.49962647,2.91409072,2.35851514,45.7024,6.74189018,31.47012723,2620.81355515,44.19243652,3784.18647903,39.93381802,11981.28716899,525.8966716,26357.36341169,118.68136035,2.72479781,565.29425685,2.70038145,565.29425685,102.83836982,238.58031349,16.47600626,18.88543599,26.34731954
2026-05-25,3.6725,63.04032553,82.22631978,366.93094626,1.79557376,919.72370537,1401.60566011,1.3963754,1.79,1.69999987,1.68072061,2.0,122.61517128,1.68072061,0.376,2969.344666,1.0,1.27723017,6.88313787,5.02537402,1.0,95.38197353,13.4752439,2.74499911,2.01069925,1.38104021,2298.2975873,0.78236941,898.83092628,6.78274362,3686.63347447,452.09593539,23.9108733,94.75928962,20.86565105,177.97133624,6.42147455,58.77404384,132.63767817,52.42697259,15.0,160.72515461,0.8593388,2.20247746,0.74210909,0.74210909,2.6676514,11.60356628,0.74210909,73.53234526,8765.3674042,7.61990584,209.21633636,7.83488399,26.58564112,130.58968203,307.09278622,17732.87476748,2.88564832,95.38197353,1305.48492129,1321679.1617421,123.52852566,157.28495841,0.709,158.91470815,129.64641063,87.45431176,3999.94169404,422.76697657,899.98510354,1510.61166872,0.30911964,0.82864533,472.26777504,21870.20547528,89391.66808546,332.80908226,182.36176036,16.34105409,6.34990908,9.22533557,17.28023792,4187.15023688,52.95262628,2099.36221853,3579.68101917,8.06993051,39.82257116,47.36947468,15.44849478,1728.41092907,17.27325959,3.9557163,63.81288782,16.34105409,1368.40648184,36.74135344,9.25119203,152.68269413,1.70359695,0.38492787,1.0,3.40300496,4.35637139,61.4562855,277.9156068,3.64183391,6126.3949294,3.64,4.50775454,101.18018556,71.31384602,1461.1482617,3.75,8.00564162,14.34131172,600.17070908,9.30115309,1.27723017,0.74210909,22.87010547,570.7345417,37.31687004,4718.99193447,21.22251674,110.52497792,16.34105409,32.46009316,9.25695243,3.49940484,2.90950181,2.36067655,45.73882906,6.78207954,31.39218198,2619.15917423,44.1443135,3781.17844023,40.04106072,11977.03489916,527.74009303,26330.53520887,118.95935374,2.70005071,563.6893021,2.70703178,563.6893021,102.54639634,238.636903,16.34105409,18.88965445,26.32699378
2026-05-26,3.6725,63.13013648,82.0572816,368.01025148,1.80013814,918.91486356,1400.96520897,1.39505031,1.79,1.69997063,1.68108162,2.0,122.73712039,1.68108162,0.376,2970.83027012,1.0,1.27720966,6.9034563,5.01284751,1.0,95.3803173,13.43571503,2.76000137,2.01160579,1.38085238,2299.2352204,0.78313468,896.05236134,6.78550453,3634.37815726,453.93101815,23.95775644,94.77964334,20.85198947,178.00506302,6.42202519,58.81583665,133.09978112,52.22313579,15.0,160.72075758,0.85952338,2.20306472,0.74149308,0.74149308,2.6654774,11.62153015,0.74149308,73.47879928,8767.94667778,7.62128449,209.16810649,7.835035,26.593832,130.92331815,306.73914559,17786.47128846,2.88252938,95.3803173,1309.34523934,1322249.18642873,123.44240219,157.49411195,0.709,158.94441979,129.48504257,87.45446322,4014.39352356,422.85778436,899.97640092,1507.39563547,0.30916984,0.82873904,472.64916469,21922.26868371,89265.78917932,327.10492033,182.85030448,16.33343341,6.36833011,9.20535082,17.33648177,4197.69222171,52.97476808,2099.48298272,3578.72930804,8.07008605,39.95730893,47.27740241,15.44540796,1732.97463031,17.2808688,3.96487405,63.80383658,16.33343341,1370.72847448,36.75532935,9.251844,152.68004292,1.70817573,0.3849662,1.0,3.40556796,4.35978521,61.60214773,278.23179213,3.63740862,6109.03926767,3.64,4.50207145,100.89499401,71.60366503,1463.43299761,3.75,7.99920249,14.25293048,600.15198504,9.30162439,1.27720966,0.74149308,22.85989357,570.13739976,37.0915425,4712.74852168,21.19632464,110.55180639,16.33343341,32.59228358,9.24601939,3.4999497,2.89636255,2.36549286,45.90153521,6.78304116,31.49362268,2618.45748075,44.25422905,3768.75356116,39.93804237,12007.32889463,532.299243,26348.58565108,118.51500513,2.69877171,563.81037915,2.70602857,563.81037915,102.56842268,238.63590002,16.33343341,18.88955742,26.32162547
2026-05-27,3.6725,62.72916434,81.95391713,367.97179236,1.80122365,918.81697365,1410.46182825,1.39641228,1.79,1.69999936,1.68026963,2.0,122.79353489,1.68026963,0.376,2972.5816392,1.0,1.27685599,6.92440457,5.04369212,1.0,95.7200995,13.41125012,2.74997401,2.01354889,1.38112417,2284.99994657,0.78529829,894.27846242,6.78154801,3668.7311955,452.78759213,23.96670203,94.73386358,20.84436578,178.0894367,6.41944693,58.87247978,133.08465315,52.21819002,15.0,160.7254903,0.85910822,2.20224226,0.7432109,0.7432109,2.66577022,11.64840845,0.7432109,73.64504173,8768.84748674,7.6250939,209.22039231,7.83571086,26.61691782,131.01001293,305.53028679,17795.8313525,2.83831965,95.7200995,1310.45721339,1320260.49473101,123.03383515,157.45399492,0.709,159.21352873,129.59015616,87.46643338,4018.06606468,422.65353872,899.96702151,1498.71873102,0.30906861,0.83054849,479.9507728,21936.87242628,89982.21647026,325.2347033,183.03634324,16.35529977,6.35586389,9.19397731,17.31450203,4205.33326997,52.96357374,2099.78261881,3579.5391651,8.07078218,39.94742142,47.32666134,15.44135984,1734.26869397,17.29553028,3.96749652,63.81678723,16.35529977,1372.70485173,36.73736585,9.27347715,153.22394927,1.70310246,0.38475492,1.0,3.40650867,4.36252563,61.55989869,278.53035296,3.63940522,6140.66279516,3.64,4.50076831,100.86141247,71.90580307,1467.00884888,3.75,8.02091577,14.70120014,600.17595653,9.29880119,1.27685599,0.7432109,22.84490778,570.70972478,37.15488667,4683.12962965,21.16949336,110.54815982,16.35529977,32.60851074,9.27781533,3.50955841,2.90195872,2.38279311,45.89983002,6.78912399,31.42538559,2621.16157794,44.27620005,3774.78350695,39.99124658,12031.31800732,536.88100637,26333.61498758,118.63515107,2.69823638,563.53805162,2.70642617,563.53805162,102.51888084,238.64775689,16.35529977,18.84552178,26.42293115
2026-05-28,3.6725,62.5762939,82.23099004,368.03926335,1.80272629,918.38214496,1411.86399895,1.40823461,1.79,1.69994964,1.68761431,2.0,122.85100427,1.68761431,0.376,2978.77052792,1.0,1.28059082,6.91697613,5.07621532,1.0,96.33547298,13.46491715,2.74501058,2.01394602,1.38674016,2284.42002338,0.78981505,894.81923199,6.78589983,3636.8143869,453.59797587,24.01071236,95.14795787,20.96462098,178.16999848,6.44829707,59.18612095,133.18370643,52.23051639,15.0,159.49440155,0.8628635,2.22060682,0.74784196,0.74784196,2.66399572,11.66689705,0.74784196,73.60039272,8768.81098642,7.62284364,209.44317993,7.83124983,26.59552603,131.05613575,307.03526029,17884.32230733,2.83316194,96.33547298,1312.10395664,1341937.29192345,123.52851302,157.59309786,0.709,159.57973522,129.70494945,87.4730051,4032.43817005,424.50101343,899.99090831,1508.32106009,0.30961555,0.83209888,479.58457858,21949.86803092,89936.97839722,330.19429541,182.38135531,16.47304575,6.36099914,9.19298496,17.32918848,4194.63054341,53.10227345,2099.00682045,3579.33322254,8.06618732,40.05581548,47.30754637,15.43728629,1735.42885514,17.43097919,3.97920055,63.81044323,16.47304575,1373.67209055,36.68857469,9.31228086,154.20900837,1.70338895,0.38471472,1.0,3.41154934,4.36136309,61.68283284,278.5872879,3.65707513,6140.25738637,3.64,4.52629152,101.30712895,70.94018864,1468.57628258,3.75,8.03935991,14.35915329,600.17360185,9.34993837,1.28059082,0.74784196,22.84483275,570.95927986,37.34707797,4680.5853862,21.25272621,110.63551899,16.47304575,32.73044564,9.22220909,3.49664765,2.90412601,2.39892103,45.9014189,6.79147591,31.46298009,2619.39296781,44.29895998,3776.21832791,40.02571894,12003.48198447,543.65555316,26325.08007059,118.33556248,2.72181305,566.00135124,2.70695251,566.00135124,102.96700448,238.61970057,16.47304575,18.7400957,26.467614
2026-05-29,3.6725,62.96790481,81.97284749,367.19591457,1.79752608,916.25155104,1409.44987019,1.39725161,1.79,1.69998593,1.6804042,2.0,122.46309154,1.6804042,0.376,2967.01495085,1.0,1.27716725,6.89425563,5.04971311,1.0,95.58121671,13.4438255,2.73384372,2.01145659,1.37880795,2303.61594124,0.78428678,891.42923532,6.77142415,3648.58207576,452.29937294,26.50473482,94.7414504,20.86010728,177.90958911,6.42072612,58.93969442,132.95339065,52.23388305,15.0,160.23958787,0.85917702,2.22170355,0.74434316,0.74434316,2.66231748,11.65823391,0.74434316,73.63281884,8756.77868119,7.61778593,208.36849452,7.83475943,26.55841746,130.62521583,304.50048852,17876.22738168,2.82424209,95.58121671,1305.13906762,1342364.80321155,123.04221714,157.03694202,0.709,159.35807209,129.12847507,87.46625108,4015.92136721,422.68738718,900.01602989,1503.11969405,0.30944566,0.82891216,483.26158189,21842.11542444,89184.87717835,327.77318651,181.79397337,16.23984499,6.32628869,9.19172526,17.29269892,4189.79202484,52.94179511,2099.86693149,3578.93704329,8.06980221,39.92640999,47.41921312,15.44314787,1728.97577964,17.32349283,3.96507,63.81503391,16.23984499,1373.4014166,36.70889833,9.25455588,153.00163264,1.67934628,0.38464889,1.0,3.39846576,4.35395937,61.53742789,277.9453993,3.63218126,6137.83241037,3.64,4.50685897,100.8775656,70.86388216,1464.02809385,3.75,8.03905113,14.24442255,600.16417232,9.24957637,1.27716725,0.74434316,22.87494921,568.7260859,37.26685478,4680.36245049,21.20228382,110.55184727,16.23984499,32.60185713,9.20840813,3.50819315,2.89801066,2.40685558,45.89837301,6.78180682,31.4061286,2617.86453465,44.2688476,3775.59771546,39.92466803,12010.21163535,544.08124501,26317.36077548,118.18718464,2.72258378,563.5831829,2.70621542,563.5831829,102.52709113,238.63880089,16.23984499,18.60059156,26.89111568
2026-05-30,3.6725,62.00357967,81.86380059,368.09225653,1.79628408,928.46904784,1408.98763594,1.39185554,1.79,1.69999935,1.67739882,2.0,122.88870044,1.67739882,0.376,2977.87266881,1.0,1.27685419,6.91925252,5.03624503,1.0,94.96708456,13.43576065,2.74009417,2.01460819,1.37961836,2293.068,0.7810005,890.18349652,6.76650914,3670.17636169,453.92619216,26.49803162,94.57200654,20.82472102,178.2654,6.40899372,58.66828438,132.70195143,52.26393906,15.0,158.50282812,0.8576404,2.21352283,0.74309747,0.74309747,2.65771628,11.73199981,0.74309747,72.74860536,8795.49501781,7.62805396,208.79148618,7.83640686,26.58572625,130.88336288,303.49283264,17822.26926835,2.80471758,94.96708456,1310.48185104,1350949.6509749,122.95040071,157.29326816,0.709,159.28506573,129.46227767,87.45952629,4025.05298746,421.93141624,899.78841176,1507.88191267,0.30942476,0.83245114,488.27491718,21967.98899871,89077.90574017,329.70431526,181.97926983,16.23514494,6.3499887,9.1765426,17.30828688,4192.16668886,52.84971596,2100.29927315,3577.65999963,8.07149906,39.96999633,47.34939139,15.39926153,1736.97290386,17.35223458,3.9687867,63.8223165,16.23514494,1374.78404699,36.75113132,9.24359328,152.01856062,1.670183,0.38501589,1.0,3.39932949,4.35490492,61.52399807,278.5699662,3.6289726,6037.41804748,3.64,4.50389063,100.78016051,71.14155392,1467.60483973,3.75,8.03249187,14.52350615,600.14074194,9.24313859,1.27685419,0.74309747,22.86686728,571.48715685,37.17302817,4680.34875993,21.21743641,110.52388806,16.23514494,32.55542377,9.23740194,3.5000036,2.90435059,2.38187059,45.84753798,6.7707277,31.44495926,2623.56348768,44.27259075,3769.5088374,40.12172532,12020.84520738,550.6745233,26312.36932507,117.53626926,2.71518834,562.57522165,2.69995702,562.57522165,102.34372275,238.59496076,16.23514494,18.42808468,26.90822928
2026-05-31,3.6725,63.89252984,81.7913727,368.07775386,1.79527917,928.54267632,1409.69394586,1.39189785,1.79,1.7022428,1.67742956,2.0,122.79754767,1.67742956,0.376,2977.42561426,1.0,1.27681922,6.91314642,5.04113311,1.0,94.98766845,13.43628185,2.74014439,2.01122846,1.37974093,2273.49422607,0.780998,890.09635504,6.76732222,3673.8764702,456.34801571,26.49851722,94.57373965,20.81245665,178.56155001,6.40923099,58.08877261,132.51,52.27738407,15.0,158.26605451,0.85765611,2.21916143,0.74310255,0.74310255,2.66284549,11.73122449,0.74310255,73.91821986,8775.42453317,7.6227871,209.27543548,7.836837,26.67743003,131.37330749,303.44573525,17800.15370564,2.81002255,94.98766845,1310.07611013,1350974.40829247,122.94906557,157.20954898,0.709,159.28500052,129.4536173,87.45952629,4026.93750335,421.9391485,899.80490116,1507.8437418,0.30859269,0.82048594,486.87657853,21909.26507533,89339.39484138,329.6966828,182.90976772,16.23929448,6.34910357,9.18799733,17.32070935,4194.9814504,52.8632116,2099.53332379,3576.3928052,8.07194211,39.9569093,47.35487255,15.41459789,1735.82137115,17.344222,3.96478041,63.89528881,16.23929448,1375.2541313,36.66172098,9.24365021,152.05151027,1.669984,0.38509562,1.0,3.39929202,4.35459579,61.5253386,278.4170107,3.62869485,6068.00427895,3.64,4.50556984,100.73884105,71.14285765,1464.74645479,3.75,8.03213908,14.77386545,600.19663551,9.24320501,1.27681922,0.74310255,22.86512077,571.48153019,37.17327856,4680.34875993,21.15467252,110.52591351,16.23929448,32.56698774,9.24562802,3.49999947,2.90431849,2.3731351,45.84060617,6.76949795,31.43918253,2616.75810569,44.26752632,3771.6695964,40.08101908,12002.28551683,548.47237868,26309.57843984,118.28722236,2.7151889,562.58553134,2.70073398,562.58553134,102.34559829,238.58254052,16.23929448,18.42981181,26.90822928
2026-06-01,3.6725,63.00581426,81.85334095,368.18151185,1.80126744,918.07917234,1412.0590183,1.3919467,1.79,1.70000649,1.67921625,2.0,122.73932897,1.67921625,0.376,2971.09971136,1.0,1.27766616,6.90932495,5.03842643,1.0,94.83532563,13.43642448,2.74048816,2.01272046,1.38095196,2306.64239987,0.78308352,889.42936963,6.76844581,3686.83392447,453.07137966,26.50183895,94.67447358,20.8472565,177.93479479,6.41720393,58.73761636,132.72972053,52.37768934,15.0,159.69573671,0.85856963,2.21944509,0.74315661,0.74315661,2.65846917,11.73087469,0.74315661,73.66788781,8765.52849215,7.6251507,209.20186392,7.83741362,26.61393401,130.9473417,304.02579379,17817.15103883,2.80691424,94.83532563,1310.29023452,1351143.76797984,123.11161027,157.39613628,0.709,159.47035442,129.44905615,87.45394561,4015.27290448,422.38857123,899.91770235,1514.37268301,0.30940444,0.83164308,485.49112657,21981.61322612,89640.36341118,329.8292012,181.84419952,16.23173682,6.35021636,9.17990833,17.30885421,4189.72114615,52.94367656,2099.3912736,3577.48649829,8.07253602,40.01187462,47.34647252,15.44455897,1735.51424258,17.34137621,3.96547883,63.80144581,16.23173682,1372.75895425,36.80145418,9.24828468,151.80764751,1.67521069,0.38499855,1.0,3.39985543,4.36700618,61.72368401,278.90130467,3.63304754,6133.13705752,3.64,4.50907076,100.70054466,71.24340767,1465.81456957,3.75,8.00326351,14.25342601,600.22703888,9.24921515,1.27766616,0.74315661,22.86501531,571.14594164,37.17518061,4680.34741309,21.19208364,110.53976893,16.23173682,32.58399734,9.23820108,3.50823622,2.86187264,2.3739899,45.9093413,6.78984728,31.35773706,2625.11634198,44.27944106,3771.6401394,40.11742146,12016.35357461,550.86180506,26315.65228935,117.85653451,2.69335836,563.18476164,2.70731111,563.18476164,102.4546103,238.64257858,16.23173682,18.42986752,26.90822928
2026-06-02,3.6725,62.42647011,82.03058783,368.53696399,1.80376991,918.4068078,1427.19476184,1.39679141,1.79,1.69999999,1.68068802,2.0,122.85385389,1.68068802,0.376,2981.70597512,1.0,1.27857062,6.91422699,5.03738971,1.0,95.14311545,13.44378314,2.76604196,2.01411261,1.38450993,2295.71640908,0.78642946,892.45639787,6.76222174,3564.55956414,455.08229639,26.49768454,94.75745228,20.86124524,178.13757223,6.4218787,58.46718907,132.78483275,52.00970334,15.0,158.09835026,0.85932214,2.19683683,0.74280992,0.74280992,2.65811123,11.76798091,0.74280992,73.6126851,8771.7311991,7.62903776,209.44094869,7.83782568,26.6332373,131.04944501,305.71119925,17860.67433289,2.82131732,95.14311545,1310.18684231,1351131.92695691,123.41158398,157.6693419,0.709,159.71802867,129.68288364,87.45879149,4020.98360914,422.75877929,899.77661931,1518.82954994,0.30905827,0.83194181,487.78091877,21923.89903965,89798.62153578,330.87238928,182.74597994,16.28486962,6.34986521,9.19740314,17.26614838,4194.83682818,52.96420325,2099.3282754,3579.27215956,8.07296045,39.98136748,47.34632402,15.44159474,1736.26536253,17.34873186,3.96500451,63.82505195,16.28486962,1370.25833353,36.76571398,9.28655529,152.30034206,1.68567024,0.38467837,1.0,3.40462676,4.36397151,61.71072797,278.88645218,3.64047214,6025.60092544,3.64,4.50932473,100.88549857,71.99341674,1465.50569995,3.75,8.03055377,13.99834653,600.17168704,9.30204146,1.27857062,0.74280992,24.64314174,571.19677485,37.26433916,4687.64058585,21.17546015,110.52243961,16.28486962,32.56775215,9.23545557,3.50946385,2.90766629,2.40193239,45.93123645,6.78938807,31.45904959,2614.3714751,44.31096755,3771.72994191,40.19869483,11957.25396692,557.25579521,26324.45455946,118.51630624,2.69841745,563.67837238,2.70696267,563.67837238,102.544408,238.61605351,16.28486962,18.30087404,26.85319208
2026-06-03,3.6725,62.40478826,82.01438889,368.55006678,1.80220565,918.37709728,1427.00661381,1.39487771,1.79,1.69999965,1.68233651,2.0,122.75355747,1.68233651,0.376,2977.44116265,1.0,1.28010888,6.90908355,5.01514032,1.0,95.74500565,13.41000843,2.76218506,2.0131961,1.38496386,2295.74997451,0.78838535,889.6267179,6.76713247,3586.28789426,455.90196013,26.498882,94.8503942,20.81764267,177.8725745,6.42820569,57.99477453,133.30716468,51.87045053,15.0,159.5562558,0.860165,2.197257,0.74294276,0.74294276,2.65824991,11.77232101,0.74294276,73.68020892,8772.02597456,7.62532626,209.16019301,7.83672485,26.59834346,130.9231103,305.45393241,17926.25432199,2.85393816,95.74500565,1310.16014435,1375941.96120855,123.34255796,157.40119662,0.709,159.88362692,129.43350534,87.46249321,4012.77477053,423.17343813,899.81729323,1519.36365614,0.30900274,0.83109596,490.40098428,21949.30109188,89367.49308488,332.10987464,182.64926622,16.26739011,6.33998166,9.19156424,17.28115324,4202.62871414,53.00227111,2099.58015398,3579.42867629,8.0718266,39.98939901,47.38254188,15.44285195,1735.76957263,17.28605121,3.98175716,63.82355543,16.26739011,1365.77829472,36.71763238,9.29641975,153.26381779,1.69075075,0.38492838,1.0,3.40443344,4.36119306,61.69396065,278.74715724,3.64448388,6038.88948864,3.64,4.52018079,100.98290856,73.20035778,1463.00983192,3.75,8.02955978,14.62584813,600.26577928,9.33023142,1.28010888,0.74294276,24.5959892,571.4610502,37.17653543,4699.89471706,21.30507682,110.52743544,16.26739011,32.70709147,9.21949028,3.49926058,2.90757549,2.39403405,45.94390381,6.78356125,31.42903712,2608.60293068,44.33133031,3768.12153778,40.17899002,11934.27287729,558.00441915,26346.09152512,118.53723658,2.69781544,564.23125085,2.70730272,564.23125085,102.64498769,238.59215923,16.26739011,17.95005594,26.89061851
2026-06-04,3.6725,62.43906326,82.18346668,368.51627183,1.80202632,918.69708552,1439.02702313,1.40215883,1.79,1.70000009,1.68452094,2.0,122.7476749,1.68452094,0.376,2979.48699084,1.0,1.28325692,6.92430659,5.07606121,1.0,95.68314862,13.4428877,2.82004444,2.01348555,1.39030938,2316.23333154,0.79070301,895.5352597,6.77612671,3574.43552583,458.05835718,26.48867251,94.97355279,20.84907939,178.23355659,6.43710877,58.1966405,133.40107592,51.94081418,15.0,161.132683,0.86128188,2.20370603,0.7446083,0.7446083,2.65905684,11.78625352,0.7446083,73.5998368,8765.99644302,7.62395165,209.13569636,7.83570336,26.62686947,130.88057479,306.59261527,18037.60522727,2.87357949,95.68314862,1310.20123483,1375411.81639797,123.69318725,157.65045485,0.709,159.81997474,129.38441706,87.45838449,4018.82118252,423.72290808,899.4705972,1528.04445093,0.30868733,0.82955643,487.53196606,21959.35106947,89817.4504853,333.45480824,182.64650528,16.33599508,6.37657591,9.21158229,17.32690426,4197.00136518,53.10764695,2099.78082328,3579.47991792,8.07077446,40.031426,47.46992979,15.43997359,1735.33580807,17.322839,4.01577274,63.86450661,16.33599508,1366.87993308,36.81607389,9.31783402,153.16480015,1.70235465,0.38492689,1.0,3.40457678,4.37452633,61.5736444,278.92485123,3.65463277,6040.16530567,3.64,4.52783978,101.1045873,73.71685419,1464.30777224,3.75,8.02952946,14.24341503,600.15651506,9.39055738,1.28325692,0.7446083,22.83001102,571.41448719,37.22510464,4705.73587944,21.23154496,110.48485013,16.33599508,32.65827424,9.26301682,3.49957722,2.91039922,2.40770653,45.97404519,6.77921187,31.49577963,2624.14868097,44.38298598,3765.43423441,40.3241367,11942.0401732,558.66470255,26333.88668938,118.68675945,2.70769941,564.96387744,2.70675443,564.96387744,102.77826717,238.60238702,16.33599508,17.79990577,26.85210015
2026-06-05,3.6725,63.42204697,82.00108049,368.83420985,1.8036241,918.5413579,1436.99773464,1.40361962,1.79,1.70000014,1.68389278,2.0,122.86098681,1.68389278,0.376,2984.41507972,1.0,1.28522423,6.92701794,5.06419653,1.0,95.68277727,13.46998407,2.83374024,2.01390875,1.39040462,2321.99893092,0.78920167,895.96851115,6.77513818,3571.45664845,458.92826263,26.50201838,94.93813696,20.83209298,177.8528938,6.43513558,58.30443605,133.38195611,51.81817224,15.0,160.90932276,0.86096071,2.20706759,0.74471236,0.74471236,2.660287,11.82006043,0.74471236,73.27530739,8772.81236091,7.62611648,209.49428462,7.83319072,26.63625294,130.9072963,304.93715266,18038.75432565,2.90023562,95.68277727,1312.17046387,1375104.74048607,123.63401785,158.14534321,0.709,159.9580443,129.39805152,87.45856089,4031.20334954,423.56490096,899.9237953,1544.73024811,0.30889607,0.83201793,485.6159593,21974.29187783,89754.57011841,335.0478153,182.77124891,16.33077343,6.38225639,9.21027576,17.3284236,4203.77004287,53.06682754,2099.02832141,3578.91857506,8.06818644,39.69892552,47.5681321,15.45216831,1736.16504069,17.27947375,4.03625144,63.86424523,16.33077343,1361.86459337,36.75122029,9.34662453,153.16420571,1.70568751,0.38483698,1.0,3.40946825,4.36507273,61.4958832,278.46311821,3.64869561,6090.64333843,3.64,4.52595671,101.04927114,73.40587822,1464.48900385,3.75,8.02010107,13.99103434,600.16243243,9.38398115,1.28522423,0.74471236,22.84992825,571.78864755,37.42503675,4701.56286004,21.22029936,110.54051766,16.33077343,32.6883031,9.30858058,3.51001189,2.90956927,2.38475594,46.05942397,6.77907802,31.5321869,2611.12876668,44.3529642,3771.73567626,40.34344029,11979.26127728,562.19968942,26334.35342754,118.71237055,2.69857492,564.75320128,2.70692991,564.75320128,102.73994095,238.63555027,16.33077343,17.5596956,26.8852176
2026-06-06,3.6725,63.87089511,82.48410607,368.53472814,1.79969791,918.57613144,1449.69175785,1.42006589,1.79,1.70187759,1.69755222,2.0,122.91038444,1.69755222,0.376,2982.76574413,1.0,1.28792875,6.91235328,5.17111047,1.0,95.04155869,13.6832907,2.80645308,2.01068598,1.39398858,2313.25,0.79595016,913.85358815,6.76911368,3595.45197016,460.63314833,26.50429267,95.70825858,21.00119692,178.08,6.48663375,58.28045348,133.26338546,52.09441399,15.0,158.79943686,0.86794467,2.22009278,0.74959098,0.74959098,2.6575433,11.81548932,0.74959098,72.92748885,8757.41927505,7.62148807,209.40142003,7.83447,26.69767141,130.69984094,308.49969225,18101.06033974,2.96320888,95.04155869,1309.94496824,1375347.74108908,124.62999404,157.72493931,0.709,160.33002248,129.35730154,87.45367842,4011.34278135,427.0007856,900.00100599,1543.20966354,0.30903962,0.83269757,485.89436993,21909.26551415,89816.27134779,336.59578886,183.21227412,16.56430058,6.3554197,9.25036079,17.29363116,4201.03279951,53.48133374,2098.92111041,3578.09776105,8.0695041,40.02868298,47.55908606,15.43895297,1736.84138425,17.46828371,4.02790549,63.86024603,16.56430058,1360.62464923,36.80652706,9.44975862,152.13777508,1.72525759,0.38694221,1.0,3.47121177,4.36793322,61.72917205,278.4762551,3.68360493,6098.51138368,3.64,4.53959756,101.73464403,73.68593235,1464.76900431,3.75,8.04117889,13.53008706,600.21736414,9.46725911,1.28792875,0.74959098,22.81441008,571.47771078,37.28687713,4707.59521534,21.34390495,110.5500013,16.56430058,32.81349593,9.33288997,3.49979987,2.92940618,2.38026013,46.05534295,6.74568804,31.59887547,2624.92463688,44.37220862,3765.34755758,40.32509411,12044.72108034,566.35531312,26338.85681557,118.77909607,2.72701039,569.3343808,2.70246549,569.3343808,103.57334944,238.57447699,16.56430058,17.5975828,26.79167238
2026-06-07,3.6725,63.86881881,82.6319668,368.39057158,1.79376915,934.35950272,1440.72280918,1.42004997,1.79,1.70191801,1.69739525,2.0,122.91007697,1.69739525,0.376,2981.74752753,1.0,1.29066808,6.91910121,5.17200656,1.0,95.02970654,13.43909669,2.80619357,2.01233453,1.39349367,2283.551296,0.79622799,914.32967358,6.76696149,3595.70207378,460.13414199,26.50184182,95.69940842,20.99761642,178.35298801,6.48662582,58.27875464,133.7325,51.79551239,15.0,158.80568104,0.86786441,2.22018149,0.74954538,0.74954538,2.65817363,11.82494896,0.74954538,74.24059855,8773.76632725,7.62008463,209.28187876,7.83433819,26.69496098,131.27975272,308.38313293,18037.97105485,2.93614836,95.02970654,1310.1091819,1375220.5625939,124.63249746,157.73988241,0.709,160.32999982,129.3376519,87.45367842,4026.5076949,426.96130078,899.91778284,1549.32856102,0.30864525,0.82040608,486.89688745,21920.93355172,89870.71227069,335.9011652,183.00793055,16.57278608,6.35651901,9.2585813,17.28666707,4203.92549191,53.17862459,2099.09871784,3577.0689305,8.06936834,39.97330213,47.55994441,15.44994323,1734.31885478,17.48237448,4.0303504,63.85416622,16.57278608,1362.54432851,36.65774814,9.50997544,152.11880274,1.72520438,0.38501991,1.0,3.47117879,4.37280246,61.61221161,278.40624918,3.68135241,6110.93901594,3.64,4.54818788,101.80090751,73.67911861,1464.86647674,3.75,8.04710101,14.60588588,600.17235769,9.46059478,1.29066808,0.74954538,22.79639908,571.37772025,37.37523414,4707.59521534,21.30463419,110.53977874,16.57278608,32.75182763,9.32544881,3.49986779,2.92788533,2.36205238,46.0576,6.73275509,31.59717266,2617.50700474,44.36917241,3769.54543142,40.40178351,12008.49300522,566.28290223,26339.98599407,118.81275889,2.72701227,569.28173438,2.70001046,569.28173438,103.563772,238.57677394,16.57278608,17.59957165,26.79167238
2026-06-08,3.6725,62.43075459,82.63254164,368.5412061,1.80203349,918.87210041,1447.51881832,1.41839197,1.79,1.70000189,1.6959683,2.0,122.83553664,1.6959683,0.376,2981.92166439,1.0,1.29037113,6.91517067,5.17246559,1.0,95.33454887,13.43917205,2.80611332,2.0134296,1.39452392,2313.24970533,0.79672501,915.32324988,6.78151407,3602.01306105,460.05034844,26.50108307,95.6189568,20.98244666,178.05383286,6.48093771,58.20235728,133.52049142,51.8887004,15.0,158.83467085,0.86713482,2.21843893,0.74952714,0.74952714,2.65771846,11.81278506,0.74952714,73.67206722,8775.56425944,7.62424842,209.16206426,7.83495534,26.63895077,131.06158041,308.59363565,18185.29462585,2.9736426,95.33454887,1310.1590218,1375181.19396182,124.52014547,157.9533558,0.709,160.33197125,129.3504526,87.44332025,4015.52592975,426.60236722,899.89202073,1548.5758774,0.30913107,0.83099868,486.15085305,21986.33497194,90292.81886421,336.18732413,182.51922513,16.55312741,6.36001629,9.24431098,17.32243482,4200.00498903,53.48093116,2099.21093463,3579.89328263,8.070004,40.03008662,47.63477786,15.4526112,1736.07782187,17.45142468,4.06987921,63.86368562,16.55312741,1360.10893568,36.71165944,9.43836939,152.6067791,1.72264272,0.3847374,1.0,3.47139536,4.39761459,61.72586969,278.50367865,3.68066506,6099.29507719,3.64,4.55062551,101.81509326,73.62558132,1463.11645154,3.75,8.03968204,14.20700084,600.19554576,9.46280661,1.29037113,0.74952714,22.79509896,570.80109056,37.33539895,4707.63921228,21.46336673,110.53661445,16.55312741,32.85332658,9.3318974,3.49971077,2.89396675,2.39843108,46.09376823,6.77660114,31.63327175,2625.12252578,44.38230461,3770.94443915,40.38475652,12020.78347194,565.63099894,26341.85677643,119.32465324,2.72523546,568.8031563,2.70675665,568.8031563,103.47670904,238.62572969,16.55312741,17.59946408,26.78647833
2026-06-09,3.6725,62.71101441,82.5344399,368.54528732,1.80011283,918.09457226,1446.30648592,1.41949937,1.79,1.70003307,1.69514582,2.0,122.6885804,1.69514582,0.376,2982.46801616,1.0,1.28742933,6.9251753,5.20445938,1.0,95.63790217,13.47106533,2.8036916,2.01307013,1.39492279,2311.73852295,0.79760391,923.26377619,6.77904114,3591.75850982,461.11840837,26.50331443,95.57258506,20.97510567,177.82693801,6.47800391,58.1098894,133.70876949,52.15686457,15.0,158.72353347,0.86671429,2.21928755,0.74914805,0.74914805,2.65438629,11.81705197,0.74914805,73.48812313,8756.21492801,7.62003135,209.03684788,7.83603854,26.70652206,130.75943226,308.4464846,18186.32595006,2.93500465,95.63790217,1310.25047164,1375221.97059703,124.29068266,157.7186385,0.709,160.25721198,129.35404316,87.44293712,4018.32295118,426.39548048,899.96778865,1519.19554213,0.30922999,0.83160919,485.66024173,22034.34702269,90126.99416749,336.73709492,182.4913945,16.49088738,6.36568743,9.25315124,17.40234666,4199.92333837,53.42039126,2099.57869075,3579.59569526,8.0711197,40.20026645,47.85250986,15.45568999,1736.08734291,17.44793932,4.06407441,63.8508423,16.49088738,1361.52464058,36.70718217,9.4694341,153.0923719,1.71862321,0.38484749,1.0,3.47142063,4.38181956,61.58107697,278.44338994,3.67450946,6122.40178964,3.64,4.54458078,101.73559281,72.98631827,1466.28203908,3.75,8.03143945,13.86441511,600.22158029,9.42424553,1.28742933,0.74914805,22.80997842,570.7900155,37.45252493,4714.43210174,21.45133834,110.54592124,16.49088738,32.8846728,9.34235429,3.49960447,2.9234698,2.38188661,46.11579652,6.77432443,31.53792247,2623.54451855,44.63150885,3773.70056657,40.2608247,12025.89942869,564.72797272,26328.25695856,119.30840394,2.72185165,568.52730731,2.70690988,568.52730731,103.42652658,238.61659033,16.49088738,17.7204496,26.80333503
2026-06-10,3.6725,62.43805917,82.4108318,368.4574783,1.80094292,918.62028927,1441.97641011,1.42390936,1.79,1.6999996,1.69359527,2.0,122.84418935,1.69359527,0.376,2989.18399938,1.0,1.28736943,6.911051,5.19076162,1.0,95.42235379,13.54877476,2.76841341,2.01402025,1.39476502,2306.24982008,0.799008,916.84666293,6.77428484,3575.78318235,461.52605136,26.50679606,95.48516483,20.91908091,178.18864432,6.47192037,58.35998335,133.69294098,51.71513211,15.0,161.08743987,0.86592151,2.21999816,0.7471151,0.7471151,2.65393911,11.68390305,0.7471151,73.64813304,8768.19082035,7.62112709,209.13913813,7.83676074,26.73952844,130.89774153,308.13619563,17952.41699384,2.96100883,95.42235379,1310.15281439,1375527.67013244,124.17946337,158.07755561,0.709,160.36119555,129.38319587,87.45682665,4024.68032084,426.00545661,900.08602075,1524.73052135,0.30921493,0.83171428,487.97111293,21978.07102161,89660.56990616,334.78802534,183.12622151,16.54505254,6.38617645,9.25563192,17.38681613,4203.89668869,53.38925199,2099.46520021,3579.47500992,8.07186356,40.22565519,47.86792102,15.45964229,1736.90567008,17.44212592,4.06329115,63.865895,16.54505254,1359.38576702,36.79505056,9.51331212,152.74733282,1.71834041,0.3847514,1.0,3.41424273,4.39485093,61.46375777,278.79527175,3.67583878,6137.5327935,3.64,4.5357586,101.63423408,71.99532504,1467.14896074,3.75,8.05963853,13.85255003,600.15653004,9.47318581,1.28736943,0.7471151,22.83514989,571.5381582,37.54510121,4718.84748473,21.43462708,110.5604444,16.54505254,32.92066811,9.34934817,3.49885415,2.91774843,2.40633227,46.12307454,6.78244361,31.62593104,2611.81683495,44.90153994,3769.77114682,40.46901223,12051.40963311,564.86006226,26318.48758873,119.52832864,2.73802381,568.00727548,2.70734106,568.00727548,103.33192235,238.63530635,16.54505254,17.81945723,26.77150696
2026-06-11,3.6725,62.5613331,82.28110742,368.42917734,1.80189921,916.71530954,1433.25956636,1.42750707,1.79,1.69999996,1.69373268,2.0,122.77390647,1.69373268,0.376,2988.42826767,1.0,1.28702652,6.913263,5.19143698,1.0,95.64189642,13.57605767,2.75339311,2.01360418,1.3938278,2309.39193784,0.79859471,915.82740391,6.77487549,3557.03516447,458.67892758,26.4966211,95.49291227,20.94192148,177.94035602,6.47296274,58.36523119,133.6185104,51.82034393,15.0,160.73853904,0.86599177,2.2238599,0.74731505,0.74731505,2.65254002,11.52111136,0.74731505,73.64855037,8764.51031095,7.62299174,209.17529777,7.8362901,26.73814168,130.86475192,308.784391,17970.29998975,2.97212798,95.64189642,1310.52652043,1374999.66037356,124.1902573,157.94748226,0.709,160.51080253,129.46901511,87.45604625,4026.03427168,426.04002169,899.74051429,1526.24936307,0.30926853,0.8316579,488.00949307,22008.96920849,89684.40572733,332.4160895,182.47559917,16.53456511,6.38620846,9.26456881,17.40220502,4196.4840528,53.39153405,2099.04966795,3579.33200408,8.0713788,40.07455505,47.86515557,15.4595629,1734.48909834,17.39137755,4.06744884,63.81992988,16.53456511,1360.40461245,36.74780433,9.45345739,153.0987657,1.72525342,0.38479512,1.0,3.40199813,4.40740085,61.23079727,278.34995606,3.68105782,6129.47308955,3.64,4.53364411,101.63606679,72.24271678,1466.94041752,3.75,8.0328337,14.0725317,600.22776052,9.49673414,1.28702652,0.74731505,22.82492621,571.51423105,37.3743638,4722.87208038,21.41748537,110.51800454,16.53456511,32.93057176,9.32646519,3.49955862,2.92533926,2.38472953,46.1519825,6.79044195,31.70126062,2619.90386736,45.03721854,3764.33996118,40.40971979,12064.98177035,565.15627598,26321.49023865,119.60983313,2.72286428,568.05336225,2.70731246,568.05336225,103.34030646,238.63911084,16.53456511,17.5501329,26.78117496
2026-06-12,3.6725,62.55434558,82.23677634,367.76412025,1.7981244,918.363152,1432.5945369,1.41983083,1.79,1.69999712,1.68999888,2.0,122.7188302,1.68999888,0.376,2972.86158934,1.0,1.28449301,6.89626049,5.11224207,1.0,95.27869837,13.53622467,2.75081075,2.01066863,1.39727605,2319.38573599,0.79580687,905.71080877,6.76429047,3498.17998313,457.66203116,26.49943866,95.28239982,20.87671172,177.85380875,6.45828238,58.40563701,133.28594371,51.9825667,15.0,159.37594609,0.8640827,2.21849763,0.7453915,0.7453915,2.65273184,11.10486023,0.7453915,73.48629394,8760.26228846,7.6178016,208.47986409,7.83568051,26.72652829,130.50973259,305.09628063,17915.52272289,2.94433718,95.27869837,1309.65384343,1375970.84741485,124.26446437,157.80619875,0.709,160.25487686,129.55237363,87.45754192,4017.26582435,425.10082392,899.83618368,1521.23938264,0.30852658,0.83143458,487.44271723,21904.88029519,89408.3753489,333.35557122,182.47273231,16.28580004,6.36659782,9.25341385,17.36864342,4204.81960597,53.2705961,2099.86876553,3577.68118114,8.07075092,39.95876562,47.85922591,15.45663887,1729.55031168,17.24239826,4.05940691,63.81971912,16.28580004,1360.32957883,36.72053,9.49458449,152.51737642,1.71676593,0.38477371,1.0,3.39736913,4.3749766,60.84952999,277.86787567,3.67154757,6140.91307789,3.64,4.52573455,101.41058061,71.97410586,1463.94710174,3.75,8.03036948,14.04842408,600.14068599,9.44628409,1.28449301,0.7453915,22.85052922,571.5135231,37.35552732,4713.34342083,21.31846545,110.52975609,16.28580004,32.80947865,9.30850955,3.4975986,2.92054653,2.37921202,46.23250406,6.78547378,31.61183757,2618.80286955,44.93126428,3763.44617892,40.37249018,11995.62900125,581.93405576,26334.25920749,119.57485168,2.71838721,566.80109856,2.70801228,566.80109856,103.11249456,238.59589523,16.28580004,17.39997317,26.7807837
2026-06-13,3.6725,64.41453459,82.03318377,368.24526864,1.79601038,926.77035846,1429.19348452,1.4195956,1.79,1.69999985,1.69088589,2.0,122.88523571,1.69088589,0.376,2967.21854296,1.0,1.28464718,6.91926274,5.06331782,1.0,95.16020995,13.49987482,2.76856662,2.01459432,1.39886439,2300.4,0.797025,899.37831193,6.76244599,3490.936462,454.77461064,26.51939036,95.33241008,20.87011703,178.14409911,6.46066766,58.66737009,133.19951935,51.8994007,15.0,159.18572646,0.86453623,2.22819913,0.74599876,0.74599876,2.65196277,11.10456684,0.74599876,73.46630936,8772.5953748,7.62174162,209.19338117,7.83566714,26.73231654,130.69771925,304.16587371,17775.36030873,2.91909635,95.16020995,1309.91663808,1376884.24725413,124.64119918,158.00396727,0.709,160.22157824,129.4964088,87.46257955,4028.34641655,425.32394388,900.65888967,1518.35621624,0.30837613,0.83259933,489.5875813,22128.933201,88641.00875922,335.25461916,182.14566564,16.28811919,6.37459723,9.2643912,17.38124928,4201.95508149,53.25912061,2099.1834523,3579.9473511,8.07073715,39.94994627,47.25814003,15.45929166,1734.48561706,17.22561657,4.05798022,63.83722053,16.28811919,1361.45458644,36.73619483,9.50691183,152.32770607,1.71483546,0.38502307,1.0,3.4008116,4.34249997,60.75602172,278.47772369,3.67036572,6150.313095,3.64,4.52470173,101.43185569,72.51191896,1464.07646773,3.75,8.04934969,13.82735019,600.18707558,9.44136696,1.28464718,0.74599876,22.8199307,571.45623824,37.37275505,4707.81085019,21.31654227,110.61297556,16.28811919,32.74756238,9.32300709,3.50000111,2.92195404,2.37944263,46.29313748,6.78872128,31.61529084,2615.42783981,44.8706064,3750.11154979,40.38290723,12013.72365415,581.58990526,26384.20890571,118.69469042,2.74347825,567.09859184,2.6999601,567.09859184,103.16661456,238.57718717,16.28811919,17.57956284,26.79021788
2026-06-14,3.6725,64.35167855,82.03197714,368.25226322,1.7945593,925.43823882,1429.05663192,1.41951786,1.79,1.70209172,1.68978984,2.0,122.81571302,1.68978984,0.376,2978.07000779,1.0,1.28441617,6.91558432,5.07572951,1.0,95.20524104,13.51401133,2.76667609,2.01327829,1.39896164,2275.0177536,0.79697523,899.33336364,6.76408282,3485.31684409,455.53423418,26.50220013,95.27061431,20.87326398,178.23109299,6.46059998,58.73429518,133.2015,51.88714033,15.0,159.15746375,0.86397583,2.23168383,0.7458887,0.7458887,2.65428414,11.09777772,0.7458887,73.82153874,8772.94848377,7.61562907,209.35420577,7.83600753,26.70750407,131.07406224,304.23462898,17932.75449514,2.92606384,95.20524104,1310.07549018,1375991.73206703,124.64233189,158.02048155,0.709,160.22150677,129.48893605,87.46257955,4027.78632659,425.04824306,900.07507026,1517.97391848,0.30807992,0.82134956,489.40568669,21980.06418146,89633.25459222,335.23901037,182.90046332,16.28589217,6.3722691,9.26719399,17.4138036,4200.92194709,53.24245714,2099.04118595,3576.8468578,8.07108775,39.96016714,47.25709726,15.45951472,1734.66445797,17.22451577,4.05794447,63.87909015,16.28589217,1361.46724523,36.71583973,9.50784318,152.3997896,1.71460596,0.38484698,1.0,3.40079204,4.31321299,60.757145,278.32509211,3.67004849,6136.37003672,3.64,4.52588759,101.4386395,72.46491575,1465.31133099,3.75,8.04531304,14.55952578,600.20539571,9.44110289,1.28441617,0.7458887,22.82005135,571.47039552,37.41508469,4707.81085019,21.26219717,110.54127472,16.28589217,32.77277634,9.31862441,3.50055911,2.92180568,2.36981289,46.26407977,6.77838914,31.61936091,2619.44713677,44.90393316,3748.59585796,40.32809777,11982.71851467,581.51850496,26318.29773746,119.40488946,2.74349293,566.73099075,2.70073405,566.73099075,103.09974055,238.57723162,16.28589217,17.57805789,26.79021788
2026-06-15,3.6725,62.6216531,82.05883507,368.24868211,1.80123679,918.63707802,1423.82234462,1.41187862,1.79,1.69999997,1.68401831,2.0,122.85159072,1.68401831,0.376,2979.27730144,1.0,1.28137778,6.90758677,5.0640248,1.0,94.56919248,13.4940629,2.76495154,2.01247174,1.39599023,2308.99994719,0.79336511,899.51546468,6.75915776,3485.97567317,457.46596496,26.48568274,94.94521475,20.76313156,178.05455897,6.43562756,58.70600435,133.10265068,51.40639638,15.0,158.24719431,0.86102489,2.21577631,0.74337337,0.74337337,2.65345073,11.09922392,0.74337337,73.66449638,8758.79929468,7.62118472,209.18573382,7.83536309,26.73946195,130.71391053,302.34433449,17693.8066878,2.91113082,94.56919248,1309.73912789,1375134.16435239,124.16526291,158.27211871,0.709,160.04708682,129.49821925,87.44193331,4015.7813535,423.5964784,899.51411075,1511.85705413,0.30823657,0.83018012,489.34071646,22019.41550131,89549.05513345,333.41883127,182.47938092,16.15082151,6.37262229,9.26436604,17.42421045,4180.72751087,53.14620838,2099.03537465,3578.44336652,8.07042399,39.96473137,47.13325748,15.45959628,1734.23732105,17.16726306,4.04679018,63.84609361,16.15082151,1360.70886703,36.77863295,9.48767881,151.38163486,1.70736153,0.38461578,1.0,3.39739938,4.37873361,60.58940181,278.26854712,3.65191021,6132.13273838,3.64,4.50674191,101.25780553,72.21854799,1466.62602758,3.75,8.06242347,14.34862398,600.21968783,9.35400137,1.28137778,0.74337337,22.82002818,571.46745122,37.48616318,4707.62082984,21.27763897,110.47238142,16.15082151,32.57510372,9.30053371,3.4993849,2.89667403,2.40846689,46.27359596,6.78761466,31.51621998,2621.52653409,44.87940153,3751.15755645,40.38853362,11992.11740322,585.29877997,26293.91883932,118.99557857,2.74348839,564.79530453,2.70716216,564.79530453,102.74760038,238.59370652,16.15082151,17.58044732,26.77360777
2026-06-16,3.6725,63.08617214,81.84296394,368.55324331,1.80398015,916.02314685,1428.85659094,1.4179521,1.79,1.69999984,1.68887377,2.0,122.84664761,1.68887377,0.376,2989.94639022,1.0,1.28319061,6.92055693,5.06661004,1.0,94.59782232,13.34341111,2.77201606,2.01517861,1.40105427,2314.89231654,0.79556541,890.44555079,6.76074664,3490.20229222,455.95909196,26.49224438,95.21896607,20.86317997,177.66944951,6.4542374,58.59902787,133.11013034,50.38239248,15.0,159.5818151,0.86350745,2.21970923,0.74633171,0.74633171,2.65039612,11.14150173,0.74633171,73.60492184,8766.76431201,7.62430027,209.36323247,7.83249403,26.72540024,131.32519463,302.70457856,17721.48512493,2.91343576,94.59782232,1310.21910338,1375349.87702555,124.68768828,158.45672373,0.709,160.27046287,129.43103272,87.45728571,4012.41328913,424.81781533,899.73695869,1512.63293058,0.30833606,0.82960126,489.58994177,21987.65435126,89749.73141077,332.85058378,182.20389309,16.21125364,6.3798715,9.27425607,17.38997868,4203.28956316,53.2095567,2099.66185829,3582.35891139,8.06746885,40.02079863,47.24423578,15.45941446,1735.48511775,17.22650769,4.06274515,63.76236685,16.21125364,1358.30955824,36.76982197,9.56421653,151.42746408,1.72124064,0.38484418,1.0,3.40650999,4.36739367,60.37324437,278.2647371,3.67239136,6131.71873194,3.64,4.52083057,101.31728184,72.42726127,1482.21836279,3.75,8.06100635,14.2864329,600.20937766,9.41620581,1.28319061,0.74633171,24.74236551,571.36168253,37.63407261,4700.66560098,21.32012417,110.49975013,16.21125364,32.55547164,9.28938487,3.49978009,2.91691049,2.40004228,46.29729753,6.79183249,31.58094864,2625.86461579,44.87012771,3709.56903112,40.61997553,12003.81185194,591.46324611,26293.82158138,119.23923908,2.73861341,566.42375377,2.70693019,566.42375377,103.04384797,238.59167218,16.21125364,17.64943643,26.68901962
2026-06-17,3.6725,63.11085446,81.7298249,368.21019057,1.80292151,918.63117346,1436.72158273,1.41615087,1.79,1.70000004,1.68431673,2.0,122.79639011,1.68431673,0.376,2988.70177954,1.0,1.2817371,6.92853369,5.10064102,1.0,94.32136464,13.39739782,2.76986366,2.0135123,1.39985954,2318.49989915,0.79224791,885.74758102,6.75612091,3431.09140624,455.33788283,26.4989802,94.96203967,20.80284343,177.61654584,6.4371812,58.5967576,132.93678314,50.2201622,15.0,158.75720436,0.86117747,2.23365755,0.74458499,0.74458499,2.64864232,11.27253529,0.74458499,73.48476697,8764.19089976,7.62322709,209.29265225,7.83348511,26.75016113,130.71343598,300.96267945,17740.47113281,2.91648299,94.32136464,1310.217877,1374947.06707894,124.35116237,158.36379855,0.709,160.27013407,129.45442205,87.45776787,4012.9970533,423.67154249,899.96570294,1514.12129056,0.30816527,0.8319125,487.94043122,22028.77987807,89783.82182359,334.54108531,182.10085671,16.18507979,6.38001085,9.24019763,17.44018372,4177.66477341,53.08444707,2099.38783284,3579.09520398,8.06848966,39.89705807,47.2583261,15.459091,1735.53838089,17.20467284,4.06885907,63.8672083,16.18507979,1358.39175632,36.756866,9.47235576,150.98492445,1.71670758,0.38470957,1.0,3.40929624,4.38377329,60.30932251,278.29487132,3.65036806,6110.44079037,3.64,4.50431944,101.07620264,72.49661667,1474.93121967,3.75,8.0455376,14.45076574,600.20437077,9.35437918,1.2817371,0.74458499,22.82001847,570.57170908,37.35504315,4697.76991203,21.24935097,110.52784226,16.18507979,32.53135125,9.27157401,3.50791436,2.91072256,2.39731758,46.31644143,6.79275819,31.56137822,2620.28973022,44.84312737,3693.41794302,40.39451803,12009.7329083,591.67474642,26315.6783275,118.91862202,2.71168474,564.89538999,2.70690331,564.89538999,102.76580793,238.61649416,16.18507979,17.73993815,26.70086591
2026-06-18,3.6725,63.10959027,81.95955226,368.05781704,1.80247195,916.189621,1441.49398876,1.42132546,1.79,1.70000554,1.6971748,2.0,122.78525782,1.6971748,0.376,2988.69002571,1.0,1.28690426,6.9240582,5.11671763,1.0,94.43559576,13.42579998,2.76964995,2.01372864,1.41009551,2324.61649116,0.79858314,887.05847111,6.76117442,3459.27264693,454.15629926,26.49693254,95.68697952,20.95103379,177.618262,6.48616541,58.55593264,133.38358013,49.9136278,15.0,160.94819799,0.8677517,2.24050214,0.75103075,0.75103075,2.64709465,11.19753794,0.75103075,73.58082845,8764.7061205,7.62205191,209.26087939,7.83679671,26.71391848,130.77525656,303.91535898,17795.17343143,2.93533194,94.43559576,1310.45607921,1374840.83922387,125.30008534,158.43553073,0.709,160.60854679,129.52539807,87.45452953,4013.95611,426.90584943,899.89617178,1520.26000676,0.30784188,0.83160174,488.27725447,21989.94783565,90281.21928373,333.38218701,182.70510066,16.31886928,6.36234079,9.27270481,17.42070561,4186.2161941,53.48407561,2099.65241958,3579.04228626,8.07190062,40.02974179,47.28906974,15.45923177,1734.44307526,17.2663737,4.09167342,63.83236469,16.31886928,1359.3559959,36.80560098,9.60453022,151.16777991,1.72554145,0.38488694,1.0,3.39764936,4.38124485,60.42599754,278.26913992,3.68442352,6119.73056953,3.64,4.54206555,101.84583415,72.96309991,1478.79483419,3.75,8.02711922,14.63600184,600.17390288,9.48127433,1.28690426,0.75103075,22.83000444,571.44831024,37.50221352,4697.50172155,21.42564363,110.51930306,16.31886928,32.63426759,9.27217315,3.50760776,2.93070939,2.38393392,46.44136288,6.79132959,31.57392529,2626.03892703,44.88480902,3648.27267274,40.34622017,12069.21730701,598.45004011,26378.09589648,118.79149857,2.72602571,569.20779924,2.70723231,569.20779924,103.55032172,238.61764132,16.31886928,17.85037569,26.77434971
2026-06-19,3.6725,63.44581288,82.560413,368.18916276,1.80286219,918.51588347,1451.04952814,1.43027776,1.79,1.69999992,1.71139374,2.0,122.83525684,1.71139374,0.376,2981.59051041,1.0,1.29306285,6.91513266,5.18207095,1.0,94.33056713,13.43796281,2.77411813,2.01384281,1.41577101,2307.68541586,0.80849324,900.73184478,6.76947259,3440.43292452,453.70247757,26.53968024,96.48864584,21.20088092,178.10677396,6.54027075,58.457138,133.65986518,49.92233411,15.0,158.75907362,0.87502173,2.22586684,0.75935299,0.75935299,2.650279,11.20989219,0.75935299,73.43701826,8769.49841864,7.62649733,209.29884556,7.83769665,26.71639815,130.77109448,309.324344,17845.44559278,2.95315621,94.33056713,1310.24194689,1377058.88014555,126.15011409,158.2082206,0.709,161.37542028,129.46148348,87.45611351,4012.29354176,430.48247025,901.34798156,1538.88693016,0.30813923,0.83136403,487.70213595,22086.27986556,89818.43911687,333.54464996,181.99922124,16.5289851,6.37991155,9.31841627,17.47546595,4200.29308432,53.89536462,2099.50060696,3578.68420771,8.07282755,39.88920555,47.54311224,15.45230595,1736.45307638,17.39223267,4.13795543,63.85915218,16.5289851,1359.81934144,36.71369601,9.77347403,150.99965533,1.74552108,0.3845795,1.0,3.38302712,4.38093323,60.78752984,278.3628755,3.73030478,6101.75557398,3.64,4.58194041,102.70256764,73.08081186,1475.64985656,3.75,8.05986395,14.61496766,600.19373171,9.62286997,1.29306285,0.75935299,24.74060637,570.98983236,37.46572644,4712.31709807,21.51382013,110.69760477,16.5289851,32.93277612,9.28141551,3.49975516,2.94767737,2.40787711,46.44456029,6.7868224,31.69151655,2627.60462061,44.91893866,3671.33479795,40.20407863,12070.79297573,606.4267605,26338.33061737,118.85989328,2.75175434,573.976627,2.70673702,573.976627,104.41786719,237.88209407,16.5289851,17.99925978,26.75179722
2026-06-20,3.6725,64.24606635,82.338332,368.05374022,1.796374,934.81824655,1463.57329357,1.42607838,1.79,1.69999972,1.70449862,2.0,122.91443631,1.70449862,0.376,2984.68241241,1.0,1.29135409,6.90958212,5.15086354,1.0,94.38288904,14.04948631,2.77866138,2.01455888,1.41672496,2292.7524,0.80724017,903.62168425,6.77060835,3445.84627806,453.58100117,26.50888783,96.09989738,21.09196177,178.0854,6.51461801,58.3913054,133.38060733,49.90025599,15.0,159.5532165,0.8714963,2.23611242,0.75576034,0.75576034,2.64862266,11.20771286,0.75576034,72.60135285,8768.65025287,7.62524811,208.84333327,7.83683575,26.71418233,130.64427682,306.74429518,17794.86733169,2.95751513,94.38288904,1310.46921448,1375461.17359037,125.56544848,157.89176362,0.709,161.28903763,129.41839334,87.46189014,4024.23035882,428.74807554,900.30220886,1527.06428904,0.3079312,0.83351106,487.71293406,22070.3043767,89837.13553311,333.71036727,182.5942729,16.44190765,6.37994984,9.30808561,17.47421275,4200.93793381,53.7322942,2100.10890116,3578.87987198,8.07194082,39.94490444,47.7539456,15.44826993,1736.80634451,17.31833756,4.13806019,63.86602238,16.44190765,1362.83423793,36.79717161,9.69359707,151.08340964,1.74330553,0.38500265,1.0,3.38284598,4.37200879,60.71586387,278.28071749,3.71291233,6129.82110027,3.64,4.56779343,102.35119402,73.12776552,1463.95587404,3.75,8.05818719,13.99109801,600.19712571,9.58889723,1.29135409,0.75576034,22.84511305,571.47346531,37.45443442,4712.44460101,21.54616919,110.5691701,16.44190765,32.90207569,9.27140213,3.49999937,2.93903838,2.37531051,46.45598287,6.78003483,31.68608519,2628.8697759,44.87334945,3642.02373971,40.04308246,12056.11666696,606.52367694,26341.67228143,118.30433028,2.75179861,571.66410072,2.69995911,571.66410072,103.99717225,237.44571008,16.44190765,17.89936914,26.78061556
2026-06-21,3.6725,64.56205996,82.34010625,368.05171823,1.79358913,935.1937754,1463.54701424,1.42682036,1.79,1.70218157,1.70421118,2.0,122.83968477,1.70421118,0.376,2984.43787194,1.0,1.29144754,6.92846275,5.15197228,1.0,94.45321749,13.82783421,2.77603448,2.01151321,1.41599686,2268.9528534,0.80698301,903.64765821,6.774142,3453.23248745,453.22662762,26.48382937,96.08369195,21.08997775,178.09438866,6.5143355,58.45991227,133.61259556,49.92120804,15.0,159.32209341,0.87134934,2.23631414,0.75573648,0.75573648,2.64755717,11.16367254,0.75573648,74.65839492,8768.27958434,7.61681313,209.31003748,7.83608203,26.72759675,131.3186221,306.76073919,17821.43136035,2.9577555,94.45321749,1310.12519285,1374160.93571749,125.56259859,157.79418292,0.709,161.2929006,129.45016619,87.46189014,4021.3884568,428.67577528,899.45114347,1527.04509277,0.30791949,0.82179197,488.08406979,22044.5237269,89955.83853208,333.67454312,182.4718811,16.4473175,6.35692402,9.312434,17.57127328,4218.23216324,53.72938679,2099.6655436,3577.35867249,8.07116449,39.99366058,47.89452899,15.45606809,1733.87112305,17.34668125,4.13844031,63.71217657,16.4473175,1361.87812957,36.66355808,9.69501029,151.1959879,1.74262389,0.38502352,1.0,3.38283628,4.37610823,60.71644291,278.18270475,3.7131116,6101.13745772,3.64,4.56623458,102.35126143,73.05863761,1465.52094545,3.75,8.05818719,14.67707111,600.20689076,9.58560131,1.29144754,0.75573648,22.84508024,571.47321361,37.50170412,4712.44460101,21.45868064,110.46464801,16.4473175,32.86587263,9.31057177,3.49999996,2.94582255,2.37251771,46.43907082,6.73994593,31.69604904,2628.60546815,44.90576701,3642.65334676,40.0377253,12058.42389512,606.42133981,26358.96524098,118.6133913,2.75179551,571.56770037,2.70003139,571.56770037,103.97963509,238.57201209,16.4473175,17.89956972,26.78061556
2026-06-22,3.6725,63.54594355,82.35467354,368.14929362,1.80125217,917.93803987,1454.17468144,1.42753245,1.79,1.70000068,1.70731224,2.0,122.78766747,1.70731224,0.376,2981.29233308,1.0,1.29281023,6.9057485,5.15196641,1.0,94.41544046,13.58913884,2.77914622,2.01385859,1.41879028,2307.73578506,0.80858277,901.60949046,6.77851275,3448.03493749,453.57395105,26.51351434,96.25853022,21.1154681,178.05340601,6.52475122,58.44672615,133.48345761,49.94840032,15.0,158.27892703,0.87293489,2.24584014,0.75704614,0.75704614,2.64864796,11.25900274,0.75704614,73.4829821,8759.45862988,7.62365439,209.0828046,7.83900584,26.74922999,130.87729049,307.26436528,17830.07176733,2.96045912,94.41544046,1309.15964158,1375701.19324551,125.7011537,157.94624013,0.709,161.6766525,129.38434986,87.44310585,4011.9062435,429.4558133,900.45931267,1537.7346143,0.30798476,0.83100637,487.87988594,22091.68923624,89912.93695202,334.02993836,181.98244727,16.43907839,6.37800371,9.30746765,17.55692314,4209.66294383,53.73299844,2099.67912195,3577.84736903,8.07417601,39.90762308,47.80853773,15.45609352,1733.74507226,17.34189839,4.15243139,63.86198636,16.43907839,1362.89627272,36.7912467,9.69889475,151.13551631,1.74607957,0.38494325,1.0,3.38378397,4.39964673,60.99871287,278.23872616,3.71856707,6142.66048528,3.64,4.57218189,102.3634301,73.14052659,1464.95499927,3.75,8.06309113,14.37432298,600.23346229,9.59582154,1.29281023,0.75704614,22.84506524,570.92592033,37.40565551,4712.45366081,21.53953761,110.58846438,16.43907839,32.9303227,9.29451866,3.4998392,2.91969219,2.40121054,46.45577463,6.7805821,31.67493577,2626.86617937,44.8960125,3643.54682409,39.96975017,12053.87756472,606.65813082,26316.2894838,118.71427788,2.75156461,572.60775107,2.7065576,572.60775107,104.16884119,237.55496545,16.43907839,17.89931191,26.77277967
2026-06-23,3.6725,63.5909195,82.46470759,368.06756196,1.80483081,917.642781,1461.48379253,1.43318701,1.79,1.70000002,1.71118724,2.0,122.90513647,1.71118724,0.376,2987.42216848,1.0,1.293563,6.90974253,5.15569439,1.0,94.6889705,13.57443561,2.80426285,2.02117151,1.41656008,2296.91163469,0.80853253,906.29811373,6.7777454,3436.66691481,454.35035208,26.49292105,96.47700321,21.17010449,178.20473233,6.53966811,58.5914561,133.60182799,49.80895832,15.0,159.2948392,0.87491614,2.24403067,0.75477598,0.75477598,2.64616417,11.22580747,0.75477598,73.51973363,8772.3446426,7.62773142,209.26459794,7.8393721,26.7283454,130.86392177,308.37301498,17859.71663808,2.98125377,94.6889705,1310.13535799,1374632.68703701,125.98736357,158.16270127,0.709,161.55860649,129.39436848,87.44660956,4018.87332101,430.43052684,899.75992696,1534.60778774,0.30873174,0.82853488,487.54186183,22092.91624951,89705.58945055,334.56108684,182.19944736,16.41514682,6.42739956,9.35028754,17.62503546,4228.67584872,53.95655482,2099.61074971,3577.76870651,8.07455326,40.06426664,47.79840827,15.4596383,1737.13066743,17.37626055,4.13957606,63.86752,16.41514682,1367.80348149,36.75996551,9.71132498,151.57336952,1.75358355,0.3848128,1.0,3.38492677,4.37985181,61.28577629,278.19980239,3.7416987,6111.06167003,3.64,4.58264126,102.69725951,74.22758382,1464.64777502,3.75,8.04173379,14.23146411,600.18203255,9.63042023,1.293563,0.75477598,22.82645277,571.67828952,37.47561542,4712.67444844,21.58006051,110.50257044,16.41514682,33.02224367,9.27631753,3.50634741,2.94070085,2.38387462,46.4758601,6.79102223,31.63349898,2628.48381769,44.95727213,3646.22700114,40.00220981,12013.12952752,616.86371381,26317.72137916,118.77071365,2.73527843,573.90736912,2.70584932,573.90736912,104.40526779,238.64140266,16.41514682,17.87984529,26.76952637
2026-06-24,3.6725,63.49985838,82.83750195,367.89600161,1.80445715,915.4618446,1470.9920658,1.44837232,1.79,1.69999984,1.72101757,2.0,122.99995879,1.72101757,0.376,2985.2608726,1.0,1.29751591,6.92868316,5.19763812,1.0,94.86205872,13.61150492,2.81463187,2.01469277,1.42167811,2299.21732344,0.81046367,914.04961747,6.79911576,3428.30307938,454.62899787,26.50520781,97.03123851,21.30927797,177.87571572,6.57781152,58.79130694,133.54666623,49.72203808,15.0,160.97115545,0.87994231,2.24974747,0.7578422,0.7578422,2.64242201,11.22360895,0.7578422,73.35450013,8765.81794808,7.63148747,209.60931688,7.84133743,26.70993239,130.90502754,312.99670785,17948.69210036,2.99414392,94.86205872,1313.19493312,1375320.23179118,126.71364625,157.80600422,0.709,161.56328453,129.41243674,87.51325479,4009.99956481,432.90323832,900.17722215,1537.86520462,0.30888788,0.83196149,486.86740508,22182.35957301,89949.51574232,335.10916374,182.33860085,16.58234462,6.42956189,9.38237596,17.63054531,4214.17116327,54.21860427,2099.38209976,3584.69884173,8.07657755,39.95138123,47.93976048,15.45943528,1736.39717825,17.57295043,4.14030989,63.84020865,16.58234462,1370.17813747,36.82341723,9.81931945,151.85044049,1.7693166,0.38478795,1.0,3.39171114,4.38748616,61.44699055,278.53898278,3.76816211,6109.29391139,3.64,4.61544475,103.28711379,74.51302819,1468.30038118,3.75,8.05569096,14.6462694,600.24422919,9.75462182,1.29751591,0.7578422,22.83510938,571.39572013,37.54590435,4704.22218411,21.62771369,110.55381972,16.58234462,33.39473192,9.28122927,3.50750055,2.94498405,2.39552375,46.49202378,6.78721614,31.74359346,2625.56976166,44.85903126,3662.51177454,40.18992111,12021.6125079,618.45264204,26329.20169505,119.83404351,2.75036059,577.20431776,2.70689061,577.20431776,105.00504891,238.64640962,16.58234462,18.09978141,26.80925101
2026-06-25,3.6725,63.50439602,83.01884705,366.96582263,1.80029199,918.18617667,1479.25046721,1.44961566,1.79,1.69994763,1.72018186,2.0,122.84998491,1.72018186,0.376,2979.04049678,1.0,1.29673459,6.90389263,5.20629397,1.0,94.31533423,13.65061889,2.81267321,2.01279395,1.42294629,2299.13716888,0.81082986,919.09631348,6.80187662,3439.13311777,454.50533385,26.49895206,96.98412144,21.31359059,177.90227605,6.5749841,58.51608741,133.41722036,49.62011227,15.0,160.64109629,0.87951502,2.25652986,0.75862143,0.75862143,2.64409117,11.21203889,0.75862143,73.36425841,8760.73750735,7.62397335,208.76968503,7.83977552,26.76921569,130.67661108,312.52291137,17935.14918813,2.98289208,94.31533423,1307.52603772,1374995.64492507,126.83038354,157.4331962,0.709,161.73835379,129.49191614,87.47293679,4011.92311378,432.69302629,899.96477313,1547.0378495,0.30916761,0.83134439,486.26974947,22106.11867547,89541.34464658,336.48194916,181.77952956,16.55072237,6.41872779,9.41403834,17.65639301,4210.7902067,54.2536248,2099.06926685,3580.14766969,8.07496879,39.90798077,48.19430576,15.45911504,1730.99084132,17.60609776,4.11162295,63.82395938,16.55072237,1370.65782609,36.7629351,9.85234616,150.97527127,1.77198744,0.38476322,1.0,3.39925988,4.38165076,61.29747064,277.58981421,3.77204722,6090.11427148,3.64,4.60550236,103.24507723,74.89802693,1466.14593608,3.75,8.06303276,14.61097242,600.14249726,9.74033683,1.29673459,0.75862143,22.84979569,569.33176087,37.53586351,4699.45589965,21.63489315,110.52772839,16.55072237,33.39841729,9.26523554,3.49768492,2.9593375,2.3974615,46.51405004,6.78382184,31.81999181,2622.3517634,44.86919606,3698.79107773,39.8446395,12043.82415595,620.66332586,26301.36126242,120.11560434,2.75740555,576.92403505,2.70680264,576.92403505,104.95405986,238.61270829,16.55072237,18.04030985,26.84149922
2026-06-26,3.6725,63.97648362,82.82312176,366.96845723,1.80016525,917.38079945,1477.2829057,1.45088302,1.79,1.699996,1.71984658,2.0,122.81389984,1.71984658,0.376,2978.70529535,1.0,1.29626772,6.90115811,5.19049458,1.0,94.66640072,13.62591108,2.84053129,2.01269261,1.41927478,2302.99984308,0.80943087,920.65706542,6.80243235,3444.52030862,454.27896104,26.49617623,96.96521789,21.34001114,177.92138309,6.57304097,58.99936707,133.44339397,49.51818005,15.0,158.06569282,0.87934359,2.26604812,0.75763204,0.75763204,2.64387264,11.23994124,0.75763204,73.37312538,8759.07259272,7.62339188,208.71099499,7.84145446,26.73427321,130.57778072,311.71871423,17931.96229312,2.99178822,94.66640072,1308.11508146,1374851.58824132,126.62991193,157.45463337,0.709,161.61879919,129.53905681,87.47243169,4015.37401191,432.60868844,899.87048495,1545.69192611,0.30925099,0.83092586,485.26007365,22192.67667821,89692.88739199,336.30119451,182.26839913,16.52180386,6.41091888,9.40767211,17.69255477,4257.51391932,54.27645543,2099.83344912,3584.94857477,8.07669809,39.76001994,48.19378187,15.45581673,1731.86641614,17.5286523,4.10053159,63.86753636,16.52180386,1376.25509136,36.76192606,9.88461703,151.53724095,1.77230202,0.38476871,1.0,3.42208855,4.3836464,61.28161686,278.1065786,3.76704015,6104.59887769,3.64,4.60139632,103.22856636,75.19446353,1466.59134151,3.75,8.06345787,14.06980579,600.20831333,9.7417109,1.29626772,0.75763204,22.8499091,569.77016005,37.28488121,4695.08473842,21.69003957,110.51614886,16.52180386,33.4239369,9.26554261,3.49695087,2.9551074,2.39619123,46.59747081,6.78935192,31.84187459,2620.08638675,44.90085405,3698.59449127,40.0203102,12021.81818134,621.02731311,26324.36487398,119.68786442,2.75108086,576.81158459,2.70672686,576.81158459,104.93360287,238.62183294,16.52180386,18.07995678,26.77579364
2026-06-27,3.6725,64.64753848,82.62475245,368.01447964,1.79587893,936.84323602,1477.29796814,1.45064028,1.79,1.70000006,1.71769804,2.0,123.06275101,1.71769804,0.376,2982.87020024,1.0,1.29435311,6.91437082,5.17294789,1.0,94.40636044,13.61041211,2.9046805,2.01458649,1.41948024,2304.39992631,0.8094401,922.57866437,6.80079904,3452.29458687,453.53655887,26.51633328,96.84408317,21.30847413,177.96399861,6.56440942,58.97096984,133.36262978,49.52438948,15.0,158.93180917,0.87824506,2.25701666,0.7578716,0.7578716,2.63959451,11.27775104,0.7578716,72.63826416,8756.4865474,7.62934743,208.85825531,7.84194544,26.75142271,130.66870586,310.85295551,17838.96833701,3.0019504,94.40636044,1310.11336512,1376097.61691241,126.47895336,157.54533369,0.709,161.75161849,129.50400034,87.4735863,4022.02407892,432.06824791,900.55505269,1535.70124851,0.30958964,0.83493441,485.6168313,22234.42919877,89426.23139701,336.21040819,182.19851185,16.47468425,6.399902,9.38426185,17.70679808,4249.44661079,54.13627795,2100.54384901,3578.60680611,8.0772038,39.94975759,47.7232041,15.44794844,1736.83184771,17.50414224,4.08789708,63.86631412,16.47468425,1378.87573207,36.727608,9.93226218,151.12098147,1.772022,0.38500512,1.0,3.42118531,4.39877393,61.29977126,278.30308087,3.76710701,6108.04834772,3.64,4.60279475,103.09224244,77.80473665,1465.76699117,3.75,8.08911736,14.84282267,600.24777997,9.73582507,1.29435311,0.7578716,22.82030287,571.52266465,37.45136318,4689.28204957,21.66646262,110.60022266,16.47468425,33.37938619,9.25489764,3.49999492,2.9617395,2.39845172,46.63427479,6.79743698,31.86003062,2629.6936841,44.8243703,3670.49619171,40.1122866,12053.40274108,621.10913849,26346.79749805,119.26992006,2.780863,576.09099721,2.69997182,576.09099721,104.80251356,238.62759697,16.47468425,18.10445269,26.8347074
2026-06-28,3.6725,64.64642929,82.55549144,368.08511766,1.79204591,934.15622091,1477.37042041,1.45064249,1.79,1.70191705,1.71729275,2.0,123.05228176,1.71729275,0.376,2984.28718181,1.0,1.2943966,6.91649011,5.17471806,1.0,94.52385196,13.61071725,2.90399514,2.01156368,1.41918782,2278.58288785,0.80962968,922.56216081,6.798959,3439.62517861,453.27657139,26.51007673,96.82123272,21.30796392,177.57608261,6.5644,59.51828092,133.34482,49.52473412,15.0,158.69829052,0.87803784,2.2589182,0.75771599,0.75771599,2.63931518,11.27542872,0.75771599,74.22686646,8770.20653209,7.62388083,209.27863622,7.84224231,26.75562084,131.00628729,310.82869766,17897.325323,3.00246151,94.52385196,1310.0253939,1375772.92561855,126.48234014,157.42358966,0.709,161.75100052,129.49446803,87.4735863,4021.55566675,431.96630104,900.34256603,1535.70584627,0.30918537,0.82573786,485.99033655,22385.60775268,89650.73505082,336.1942694,182.04070383,16.47445223,6.41028418,9.39089602,17.7063026,4243.27443474,54.09522911,2099.6364419,3579.23865923,8.07750958,39.97240455,47.24916453,15.45287457,1735.04480702,17.50415587,4.08698406,63.88032234,16.47445223,1378.79574892,36.74219732,9.93162383,151.30905602,1.77369963,0.38501777,1.0,3.41820426,4.38495117,61.30025774,278.32634652,3.76715938,6100.47415371,3.64,4.59617439,103.09008533,78.94097111,1466.20237342,3.75,8.08911736,14.89187068,600.17925233,9.7358,1.2943966,0.75771599,22.82007404,571.51169376,37.51724008,4689.28204957,21.65729943,110.57412645,16.47445223,33.38187713,9.2641227,3.49999978,2.96064197,2.39602048,46.63405505,6.77515424,31.85978438,2628.99860223,44.86221561,3671.67303863,40.04415109,12008.77723908,621.00968528,26299.27024845,119.2861099,2.78088239,575.95506805,2.70008537,575.95506805,104.77778532,238.57594321,16.47445223,18.14267479,26.8347074
2026-06-29,3.6725,63.78835687,82.62558129,367.56384109,1.80462271,918.68094079,1479.33571504,1.45126145,1.79,1.69996961,1.71791725,2.0,123.06132494,1.71791725,0.376,2973.57764426,1.0,1.29420921,6.91675189,5.17259584,1.0,94.36041238,13.60888997,2.90441701,2.01437133,1.41905698,2313.9996486,0.80993078,922.4997856,6.79824749,3454.56886265,454.43479953,26.49880268,96.85644219,21.30850628,177.86791239,6.56487542,58.83372461,133.33327725,49.47533736,15.0,161.45316735,0.87835714,2.25422779,0.75756449,0.75756449,2.63837769,11.28263545,0.75756449,73.60163017,8773.2568842,7.63158683,209.58625029,7.8427723,26.77509009,130.87296032,310.609684,17854.51280762,3.00378117,94.36041238,1311.32137014,1375187.87223405,126.48995406,157.70687846,0.709,161.80827592,129.48184237,87.47005824,4020.23943831,432.12338748,899.95969165,1544.27153314,0.30948041,0.83024476,486.07559714,22043.85643257,89877.75731435,336.55207608,182.39977482,16.47072708,6.42848964,9.38577206,17.7530992,4236.9606642,54.12204507,2099.86758392,3583.51555631,8.07805547,39.80537545,47.24060482,15.45668528,1736.41747767,17.50264246,4.06579401,63.85831235,16.47072708,1379.47804687,36.82305482,9.93933887,151.04743012,1.77116474,0.38489729,1.0,3.41482039,4.39147206,61.2457338,278.58074307,3.76681448,6112.3124961,3.64,4.60257097,103.07114986,77.83595466,1466.4973208,3.75,8.07196419,14.52266986,600.13633047,9.73579296,1.29420921,0.75756449,22.82006376,571.73909014,37.48378614,4689.2104814,21.65864746,110.52710406,16.47072708,33.35516975,9.27444193,3.49760615,2.9283581,2.39322746,46.63458433,6.80137133,31.88768078,2627.77360226,44.88644591,3673.14493288,40.19845146,12022.85632787,621.83710286,26264.22981611,120.34015004,2.74968156,576.16451664,2.70641476,576.16451664,104.81588822,238.6174046,16.47072708,18.14938856,26.82877442
2026-06-30,3.6725,63.9456548,82.48127932,367.85400007,1.79960544,917.91881775,1481.38236486,1.45545098,1.79,1.69999855,1.71578023,2.0,123.12539935,1.71578023,0.376,2977.73301184,1.0,1.2941873,6.91422732,5.18747733,1.0,94.56443618,13.57336275,2.89775028,2.01386008,1.42319257,2313.48764564,0.8091457,922.13015743,6.79231047,3445.68773805,455.2148538,26.5067882,96.73595673,21.27587658,177.96200101,6.55725602,59.69386173,133.20047083,49.20146556,15.0,160.22637676,0.8772645,2.25029749,0.75560016,0.75560016,2.63757871,11.29023052,0.75560016,73.88104002,8765.45462669,7.62523395,208.94817086,7.84288522,26.74640513,130.55817935,310.967199,17899.4871949,2.9873519,94.56443618,1309.1266198,1376352.48577484,126.33073635,157.28105937,0.709,162.17946627,129.47906101,87.47559125,4021.4672786,431.58584363,900.23089984,1548.6198209,0.30971002,0.83151888,485.21332788,22416.51665083,89742.91343883,335.82849779,182.61405671,16.45707773,6.4175068,9.38560057,17.65288148,4250.80615305,54.0764295,2099.7337881,3581.64138906,8.07817178,39.86647869,47.23147195,15.45899151,1732.47876909,17.49032114,4.0701404,63.86578621,16.45707773,1379.74028634,36.78279854,9.94704292,151.37402121,1.77026088,0.38481518,1.0,3.41135184,4.38791488,61.31009563,277.7810722,3.76256036,6072.01629196,3.64,4.59886975,102.9692009,77.01842204,1466.19521553,3.75,8.09964861,14.45139218,600.21298639,9.72900008,1.2941873,0.75560016,22.82005533,570.08850891,37.534929,4683.04935806,21.6106905,110.56041274,16.45707773,33.26981197,9.24664498,3.50969486,2.94893105,2.40779605,46.64801827,6.78792711,31.86369671,2625.84138242,44.84803072,3664.26673169,40.19529077,12056.69272296,622.35582148,26305.38042925,120.54804451,2.75742752,575.44779151,2.70690113,575.44779151,104.68550154,238.59188207,16.45707773,18.16901198,26.83661468
2026-07-01,3.6725,63.88582256,82.36997579,367.86974193,1.80037568,916.42738631,1483.95520061,1.45222042,1.79,1.70000788,1.71498558,2.0,123.13466634,1.71498558,0.376,2974.92142013,1.0,1.29659402,6.91803212,5.17113191,1.0,94.71663814,13.54268503,2.9296911,2.01249722,1.42184624,2313.46983802,0.80949025,922.3467301,6.79407503,3427.94976085,455.3108796,26.50024633,96.69115383,21.28226075,178.00676767,6.55421663,59.57026962,133.23823932,49.22598776,15.0,159.67523089,0.8768582,2.25047432,0.75564998,0.75564998,2.63664213,11.32183137,0.75564998,73.88884204,8768.68944425,7.62529781,209.03215109,7.84389935,26.74682357,130.66860767,312.41238931,17946.24110835,2.98292885,94.71663814,1309.34146144,1376012.78614439,126.0893548,157.44753593,0.709,162.78888732,129.48102398,87.46656117,4024.0757255,431.38595622,900.00871309,1556.46204874,0.30954287,0.83168968,478.39817276,22432.73894136,89769.30394644,335.76187003,181.32890931,16.42712626,6.42016558,9.39964636,17.65625434,4238.65568227,54.05004079,2099.38626398,3582.61347118,8.07921633,39.9223001,47.18907685,15.45938347,1733.0731034,17.53185557,4.09301511,63.86750374,16.42712626,1379.79676656,36.78857936,9.93314339,151.6176585,1.76443375,0.3849083,1.0,3.41549791,4.38903821,61.56224613,277.96706591,3.77144721,6073.68466492,3.64,4.59458671,102.90818467,78.69972464,1465.84248004,3.75,8.07582511,14.05238156,600.17720636,9.73026869,1.29659402,0.75564998,22.82002223,570.33156767,37.5453608,4703.09620654,21.62008197,110.53312515,16.42712626,33.3143066,9.24577784,3.50926218,2.94876286,2.39661953,46.67147951,6.78501055,31.88387274,2625.29316967,44.63330299,3664.4352383,40.11550189,12037.21341094,626.65316542,26311.61163074,120.16768271,2.7481221,575.18127496,2.70622912,575.18127496,104.63701683,238.5950368,16.42712626,18.06009208,26.82832821
2026-07-02,3.67249628,63.49517835,82.64961686,368.05012754,1.79040275,916.99997188,1489.49246681,1.45139913,1.80000035,1.69954934,1.71645738,2.01472634,123.24258565,1.69088048,0.37702498,2984.99993762,1.0,1.29675414,6.93749654,5.22269894,1.00029874,95.33550743,14.28044798,2.91427532,2.01183027,1.42194997,2274.99980933,0.80897498,925.56025804,6.79444986,3388.98992968,455.30338012,26.49999956,97.12501395,21.2880352,177.71996675,6.56759485,59.449807,133.40538021,49.09069965,15.0,159.14959182,0.87865973,2.26665038,0.75431532,0.75282511,2.64028462,11.36499701,0.75431532,73.4996604,8769.99984975,7.62905183,209.24823631,7.84381033,26.2502089,130.79002053,312.51801911,17983.79962516,2.98549684,94.94600285,1310.49997232,1375999.97094448,126.34977335,157.31411558,0.70894836,162.5234958,129.27974065,87.45002667,4012.50227002,432.9996213,900.00033125,1553.34004834,0.30928032,0.83364072,479.43761823,22499.99943942,89730.68313421,336.0363607,181.87495003,16.40169072,6.41500944,9.40750305,17.69083567,4287.50007952,54.16435945,2099.61155332,3582.98380806,8.08189812,40.12950302,47.15973507,15.44976922,1736.0000246,17.53170512,4.08502439,63.89755531,16.39981039,1374.96007282,36.60500643,9.91610205,152.53716335,1.76287522,0.3844971,1.00029874,3.41797052,4.37797833,61.59702029,278.24999099,3.77069793,6080.0728901,3.64549946,4.59199084,103.12696194,77.50108558,1465.99996925,3.75420109,8.0491039,13.25792529,600.51324887,9.72265018,1.29522967,0.74660069,24.37501197,571.49781609,37.50450181,,21.89999974,110.53209524,16.40121712,33.3096555,9.25297932,3.49999956,2.93875039,2.4077605,46.68810216,6.7909361,31.88840319,2624.99793339,44.84358802,3665.77142897,40.21202938,11932.50366006,632.57267702,26295.99945172,120.09836859,2.78088335,575.67355243,2.70254996,574.49894253,104.85199592,238.6033361,16.3846992,18.21125792,
2026-07-03,3.6725,63.89174391,82.24595961,367.68523859,1.79730449,916.98943659,1488.69152257,1.4421181,1.79,1.69998885,1.7096448,2.0,123.08025643,1.7096448,0.376,2979.76506833,1.0,1.29175433,6.91076889,5.21730186,1.0,95.20407691,13.47311305,2.89434893,2.01318826,1.41727573,2287.94528638,0.80298377,924.56786637,6.78255253,3364.5001038,455.12733445,26.50205205,96.39003991,21.14494112,178.25320506,6.53370093,59.22843493,133.47029607,49.09741355,15.0,159.94759166,0.8741275,2.2619016,0.74851951,0.74851951,2.63559769,11.3580937,0.74851951,73.86430517,8768.49313368,7.62275372,208.72980735,7.84280924,26.67506557,130.94081398,309.49003098,17959.85501877,2.99694598,95.20407691,1307.7843453,1376056.55207398,125.66508572,156.88415136,0.709,161.18758688,129.27576913,87.46539966,4014.26131375,430.04254156,900.07004492,1544.03801792,0.30882624,0.82813299,473.85924515,22221.48180068,89753.14184625,334.88094365,181.84024718,16.22554748,6.40784206,9.37910557,17.65597321,4263.75476529,53.86475842,2099.50385741,3583.73223265,8.07809351,40.04345785,47.26151218,15.45971318,1731.51986943,17.44542092,4.06900991,63.78365443,16.22554748,1369.62305009,36.68669677,9.82394866,152.39792611,1.75197931,0.38482912,1.0,3.40898938,4.3916592,61.43348503,277.69922182,3.74787151,6061.44738912,3.64,4.57690096,102.62520015,77.50566291,1464.18576846,3.75,8.08761086,14.38399882,600.16332591,9.65681572,1.29175433,0.74851951,22.83979787,571.52722994,37.76227143,4734.52347037,21.65503857,110.54065721,16.22554748,33.1768532,9.25390411,3.50953158,2.93948069,2.40483758,46.77856756,6.76057275,31.94866878,2621.13617991,44.82078026,3662.16291297,40.09341177,11917.30208102,644.99229547,26293.07267722,119.67996629,2.77842375,573.39005542,2.70553105,573.39005542,104.31115805,237.19785172,16.22554748,18.2963352,26.87462875
2026-07-04,3.6725,63.44863342,82.03912278,367.99806835,1.79966264,927.24855533,1492.73219978,1.44184672,1.79,1.69999968,1.71011871,2.0,123.36410343,1.71011871,0.376,2978.30552076,1.0,1.29127807,6.9269327,5.16884952,1.0,95.49333272,13.49983963,2.90583691,2.01442979,1.4203273,2283.3388,0.80302512,920.84866789,6.78015154,3351.00126801,455.81605679,26.51412171,96.41675902,21.14449867,178.29026251,6.53699631,59.28377302,133.10530041,49.28368399,15.0,159.77607909,0.87436981,2.25574786,0.74905622,0.74905622,2.63127658,11.37496692,0.74905622,72.9529451,8763.88790954,7.63508629,208.9985694,7.84280168,26.76657749,130.90821979,308.91203839,18000.15130488,2.99859858,95.49333272,1311.40232171,1376683.25126103,125.89604262,157.92694651,0.709,161.38249448,129.29597271,87.4713467,4007.71434399,430.16174843,900.47996481,1527.11150433,0.31033487,0.83269933,472.4928356,22628.51458102,89446.64977482,335.27719771,181.67463302,16.22568896,6.41590465,9.36635241,17.6036001,4240.03222497,53.89401283,2100.71593449,3579.83213352,8.07808573,40.122672,47.02954347,15.45741141,1735.65688643,17.47065216,4.07099927,63.87054919,16.22568896,1370.24039036,36.59469195,9.84137201,152.86095234,1.75176286,0.3859261,1.0,3.40163753,4.39953994,61.44475777,278.28785428,3.75227703,6091.34016239,3.64,4.56699644,102.60473467,77.18700172,1465.49711816,3.75,8.09795602,13.15687524,600.1743705,9.65398337,1.29127807,0.74905622,22.84008226,572.0386058,37.55958553,4746.39617384,21.80872405,110.59100102,16.22568896,33.23992371,9.27099113,3.42953634,2.94848498,2.40064877,46.92734237,6.77850677,31.94044019,2625.87732828,44.52825565,3650.19484821,40.25209908,12004.84091778,645.18700809,26282.5267844,119.33271135,2.77319474,573.5489979,2.70247066,573.5489979,104.34007287,236.98779045,16.22568896,18.34945234,26.85703412
2026-07-05,3.6725,65.67764836,82.04012602,367.99991903,1.79715198,924.38307746,1488.26470251,1.44190458,1.79,1.70034568,1.70943028,2.0,123.01341834,1.70943028,0.376,2981.06439567,1.0,1.29136713,6.93145623,5.17106531,1.0,95.39725499,13.50047933,2.90263679,2.01326314,1.41992681,2251.97342687,0.80308193,920.88357059,6.78153588,3346.75649816,453.41378343,26.50344819,96.37794551,21.14456397,178.47426302,6.537,58.98894099,133.108,49.12205278,15.0,159.77604173,0.87401782,2.2557935,0.74890583,0.74890583,2.63485013,11.3602483,0.74890583,73.97646916,8777.14971787,7.62156955,209.11002156,7.843881,26.76512502,131.41340252,309.00319116,17994.43474455,2.99562776,95.39725499,1310.27173916,1376129.05382616,125.8933989,157.87341992,0.709,161.35712171,129.29470822,87.4713467,4018.67273647,429.98858258,900.11746771,1527.34477868,0.309907,0.82005429,472.61597607,22532.67792883,89586.11362068,335.27748395,181.78284117,16.22715205,6.41247613,9.35963373,17.62722702,4260.20180623,53.84829499,2099.58809396,3582.07110779,8.07919743,39.92559877,47.04085037,15.45939431,1734.65871639,17.46947731,4.07091094,63.7134669,16.22715205,1370.08371251,36.66746377,9.84139907,152.70715592,1.75172772,0.384987,1.0,3.40241137,4.40079279,61.44583449,278.063627,3.75163077,6076.27703397,3.64,4.56679065,102.61195261,76.99695423,1467.27241171,3.75,8.09795602,14.4539907,600.20072734,9.65400004,1.29136713,0.74890583,22.83996439,571.8400984,37.61604079,4746.39617384,21.51693132,110.54648152,16.22715205,33.17492399,9.28124437,3.49396279,2.94805604,2.39557717,46.86128187,6.71534589,31.94114536,2628.62908496,44.63766064,3650.54982149,40.16805345,11975.49485018,646.69070868,26297.44825624,119.46777017,2.77318327,573.3181101,2.70002857,573.3181101,104.29806975,238.03486499,16.22715205,18.3684968,26.85703412
2026-07-06,3.6725,63.57893964,81.97151955,367.97021426,1.80334122,918.39429187,1492.56415736,1.44356131,1.79,1.69999977,1.71073928,2.0,123.27349528,1.71073928,0.376,2977.00682704,1.0,1.29250717,6.92715894,5.16808424,1.0,95.27484128,13.49673104,2.9039227,2.01406497,1.42097969,2307.24292405,0.80444009,921.19973071,6.78868464,3342.53039615,455.68673543,26.50256009,96.45174714,21.15539862,178.09288113,6.53821206,59.26630648,132.99395726,49.12197133,15.0,159.95552678,0.87468711,2.24550735,0.74947536,0.74947536,2.62654576,11.36097724,0.74947536,73.74432863,8767.53863828,7.63304723,209.3152981,7.84303986,26.77222744,130.89464617,309.29204665,17992.49698023,3.00366405,95.27484128,1311.19388081,1376082.91820546,125.95629342,158.4225805,0.709,161.84974295,129.29083372,87.46422908,4009.83135989,430.31784733,900.08729151,1532.85982512,0.31029936,0.83192087,472.74303559,22609.04641984,89803.41255234,334.89513875,181.62396747,16.25378918,6.41436657,9.36364456,17.60112537,4243.52722615,53.88225065,2099.32661001,3584.13852501,8.07833105,39.93703213,47.00667631,15.45938752,1734.6363066,17.47931921,4.07725879,63.86650412,16.25378918,1370.27923101,36.81086807,9.83642652,152.51120219,1.75765161,0.38487948,1.0,3.40528296,4.39928855,61.51290272,278.20973931,3.75473539,6082.62742782,3.64,4.5711232,102.59377706,77.05767032,1465.87091634,3.75,8.09206026,14.28979467,600.24521535,9.65283351,1.29250717,0.74947536,22.83995034,571.04073447,37.64461772,4749.18593621,21.5888537,110.54277536,16.25378918,33.24027685,9.26928347,3.50919032,2.94793833,2.40830765,46.81544667,6.77598635,32.09023974,2627.60896632,44.56559083,3654.51552074,40.24906489,11967.79739182,644.38115649,26300.21072166,120.19192823,2.76581247,573.75712978,2.70687391,573.75712978,104.37793624,236.99343792,16.25378918,18.34930949,26.82357811
2026-07-07,3.6725,63.61862693,82.1984608,367.34854146,1.79912467,917.49035885,1485.72767009,1.439963,1.79,1.69999983,1.71007887,2.0,123.09552715,1.71007887,0.376,2974.69008091,1.0,1.29192916,6.92136679,5.13877197,1.0,95.34206195,13.48537536,2.89211713,2.01186773,1.42182807,2307.24993582,0.80559959,926.96063439,6.7934007,3355.75363501,455.33028472,26.50742739,96.41451321,21.13358145,177.94219476,6.5356721,59.05258429,133.19040637,48.84998373,15.0,160.57425177,0.87434944,2.23803544,0.74680126,0.74680126,2.63303752,11.39519037,0.74680126,73.92694151,8767.65686636,7.62517158,208.8256354,7.84310641,26.74698227,130.46030087,309.35748389,17987.73063232,2.99283249,95.34206195,1308.05566215,1376085.56148868,125.91135689,157.88610366,0.709,161.8731257,129.30737635,87.46731067,4007.04436947,430.15172875,900.25258946,1522.76400061,0.31022203,0.83160935,472.27174847,22560.07052432,89503.03593784,334.36658922,181.17904936,16.23178926,6.40545127,9.36268297,17.59913055,4240.84713531,53.88902751,2099.79832494,3582.47339517,8.07839961,39.8410574,47.06653669,15.45954439,1730.80384239,17.39436313,4.0759628,63.86871709,16.23178926,1367.90138691,36.76956842,9.7993398,152.61880566,1.75474167,0.38485297,1.0,3.39985805,4.38881579,61.40603944,277.58991344,3.75054666,6050.34587782,3.64,4.57271477,102.60548261,77.11992314,1465.42797187,3.75,8.09214457,14.60825583,600.18421099,9.63493576,1.29192916,0.74680126,22.96660994,570.03433459,37.78566834,4752.09130282,21.5600786,110.56307591,16.23178926,33.32188127,9.23932168,3.50002967,2.94791971,2.40845158,46.83491907,6.77688445,32.08048104,2626.10342719,44.60214697,3648.98627261,40.16243636,12030.80193439,669.32224482,26301.74232215,120.33508194,2.76779386,573.53563834,2.70784513,573.53563834,104.3376425,237.08388743,16.23178926,18.34932995,26.89580886
2026-07-08,3.6725,63.98412599,82.24890132,367.24999476,1.80572831,918.23566811,1492.08859414,1.43961949,1.79,1.699999,1.71317654,2.0,123.43661336,1.71317654,0.376,2983.54358549,1.0,1.29203415,9.90116293,5.16894046,1.0,95.17362146,13.53605084,2.86163189,2.01512359,1.41926946,2304.49651116,0.80828517,927.38702135,6.79664946,3336.88737836,455.51234612,26.48892321,96.58915987,21.23212855,177.88789491,6.54786194,59.18509673,133.1226046,48.80649366,15.0,160.17444222,0.87593325,2.23856535,0.74857747,0.74857747,2.63114661,11.40873226,0.74857747,73.88912809,8781.69307086,7.63563595,209.65260289,7.84190986,26.79636889,131.11427677,311.41246787,17996.32565329,3.04470953,95.17362146,1313.09679978,1374425.26672334,125.7892156,157.84075922,0.709,162.29657882,129.2485213,87.46303803,4028.45658911,430.93091188,899.62416122,1508.80626809,0.3097736,0.83160089,470.47904538,22614.25662025,89950.82578256,335.55131907,181.37063359,16.25793583,6.42858043,9.36438072,17.63295172,4246.69255604,53.99605622,2099.40133957,3583.9412722,8.07716716,40.14791314,47.06750003,15.45938806,1737.34327326,17.49128082,4.07685462,63.8205852,16.25793583,1372.35500266,36.78837009,9.78420595,152.34917455,1.75265337,0.3847506,1.0,3.40605755,4.40271485,61.51361489,278.48722853,3.76752998,6100.83834411,3.64,4.58453427,102.79276855,76.46807607,1468.27233564,3.75,8.09195653,14.61539406,600.18305252,9.68143503,1.29203415,0.74857747,22.89003879,571.4437239,37.61493546,4762.03825466,21.6813198,110.48589699,16.25793583,33.35955268,9.2732442,3.49684304,2.95002735,2.40838115,46.85338553,6.79649402,31.99371121,2625.91999027,44.48368868,3665.02729891,40.3406472,12049.4491588,677.94421126,26295.26361152,120.38960881,2.76844731,574.57454918,2.70671076,574.57454918,104.52664123,236.98576837,16.25793583,18.50076218,26.80028928
2026-07-09,3.6725,64.04911114,82.18337728,366.33019211,1.79876828,917.63683206,1487.58243533,1.44176394,1.79,1.69997391,1.71160144,2.0,123.08052948,1.71160144,0.376,2980.85393888,1.0,1.2930166,9.90831871,5.15791347,1.0,95.49838486,13.55021627,2.87018067,2.01102518,1.41655901,2309.82158312,0.8072239,935.28554119,6.79867767,3344.57711282,454.63984734,26.50782865,96.50035592,21.23498604,177.9704005,6.54212948,58.80124269,133.20129219,49.62115397,15.0,160.69887449,0.87512792,2.23962272,0.74640714,0.74640714,2.63046202,11.41467074,0.74640714,73.93430245,8776.6238307,7.62534213,208.86077979,7.83874246,26.75001408,130.69198145,315.39546988,18087.98850208,3.04019531,95.49838486,1308.0751702,1375156.11528001,125.32056962,158.16210162,0.709,162.45073008,129.24977222,87.46298536,4022.22819203,430.53471458,900.26621968,1506.00524806,0.30987695,0.83157071,468.76979615,22481.46373919,89583.31655448,335.02027452,181.24192459,16.38661984,6.40635968,9.3626908,17.56060878,4237.8028256,53.92030646,2099.62489964,3585.77317885,8.07390473,39.85857836,47.17156073,15.4561053,1731.88914063,17.55712401,4.08069857,63.82118907,16.38661984,1375.0394779,36.77103297,9.75247696,152.86903956,1.74716985,0.38469298,1.0,3.40170206,4.45636552,61.56917117,277.71447498,3.7710343,6060.42049666,3.64,4.58056265,102.68406648,76.82270466,1467.83272189,3.75,8.07140279,14.5926633,600.15121082,9.67951998,1.2930166,0.74640714,22.88499861,569.55713202,37.65576969,4762.2548026,21.58451586,110.56475027,16.38661984,33.49490406,9.26192719,3.49818769,2.94540864,2.39349299,46.87127596,6.78383567,32.1129805,2628.39888959,44.52414206,3686.79320151,40.20560141,12002.61498302,691.82403093,26298.08609037,120.42817606,2.74395247,574.0462861,2.70732106,574.0462861,104.43053958,237.04714892,16.38661984,18.30083193,26.79849095
2026-07-10,3.6725,63.99894947,82.01710763,366.45563299,1.79939562,917.50444573,1487.49226467,1.43640796,1.79,1.70000009,1.70779072,2.0,123.1072471,1.70779072,0.376,2974.50994114,1.0,1.2904446,9.91044903,5.13464766,1.0,95.33717847,13.5577028,2.85489104,2.01205072,1.4145067,2298.80897964,0.80370023,927.24474083,6.7803155,3295.4601719,454.68245511,26.5068054,96.28550685,21.17236253,177.90865994,6.52729222,58.71137777,133.09179292,49.6154119,15.0,160.96131553,0.87317953,2.23103553,0.74393525,0.74393525,2.62941331,11.41833454,0.74393525,73.7225987,8775.2071532,7.62401217,208.89259496,7.83768598,26.75487765,130.70823739,311.10294668,18063.56134786,3.00961102,95.33717847,1308.33053596,1375353.0943221,125.22815408,158.81929934,0.709,161.46645362,129.2502354,87.46133523,4032.41961308,429.57616907,900.23146645,1509.03797929,0.30952997,0.83170301,466.82623911,22556.96387065,89708.49552273,334.94974113,181.22972743,16.28395798,6.38845205,9.35416432,17.5380797,4271.80634529,53.80331054,2099.8701476,3585.03604779,8.07281656,39.8672937,47.12349537,15.45924741,1732.10997496,17.50425049,4.06658156,63.8229686,16.28395798,1375.38348987,36.77913794,9.68736821,152.61098843,1.72836415,0.38491217,1.0,3.39740306,4.45792085,61.51616451,277.70697764,3.78147609,6070.88756472,3.64,4.57157713,102.47603829,76.01558708,1468.46751886,3.75,8.06471725,14.61581077,600.16472478,9.63326911,1.2904446,0.74393525,22.88501427,569.7679281,37.7075034,4762.26717307,21.55423556,110.56048158,16.28395798,33.3201903,9.24265443,3.49990584,2.94476262,2.39322706,46.95025534,6.7863695,32.09407385,2630.58978874,44.51918978,3681.78031738,40.15105515,12004.74396467,696.39327703,26286.63481744,120.25547204,2.73600494,572.76822542,2.70690225,572.76822542,104.19803469,237.08574696,16.28395798,18.19919568,26.75973059
2026-07-11,3.6725,63.65265456,82.11386475,367.39317721,1.80197471,939.94076992,1487.79950553,1.43878251,1.79,1.69999981,1.71422289,2.0,123.27694815,1.71422289,0.376,2984.16517971,1.0,1.2919552,9.92523771,5.10934789,1.0,95.5311662,13.5265478,2.86158555,2.01439024,1.41610007,2299.0,0.8082999,924.67942549,6.78097774,3252.88937333,455.19903023,26.52009551,96.64815333,21.24885031,178.08,6.54940094,58.70354502,133.21601618,49.63225147,15.0,159.35773291,0.87646824,2.24667608,0.74642493,0.74642493,2.6389987,11.45537079,0.74642493,73.46039832,8774.09688729,7.63185295,208.88300612,7.83981286,26.78645484,130.90550328,311.79729727,18075.28643987,3.01051541,95.5311662,1310.70320858,1375792.50418336,125.61181198,158.2755449,0.709,161.73629882,129.19987724,87.45909929,4032.17407609,431.19411023,900.68284035,1499.45163006,0.3095766,0.83269969,475.28143887,22494.54853818,89441.72835202,335.58588809,181.49890815,16.32079363,6.39989957,9.33547029,17.57534506,4295.89234355,53.99677841,2100.23520482,3586.36088911,8.07500724,39.82598856,47.0604583,15.45744857,1737.40877029,17.47367951,4.07008383,63.82329178,16.32079363,1377.61070199,36.65817648,9.78334131,152.92151429,1.73509293,0.38483556,1.0,3.39242789,4.40787768,61.49917465,278.16106627,3.78721271,6088.47989322,3.64,4.58649646,102.79974733,77.08323126,1470.64532015,3.75,8.08902608,14.23764582,600.08457676,9.66341937,1.2919552,0.74642493,22.88489046,552.75968619,37.61439695,4776.51003954,21.42248254,110.61591677,16.32079363,33.29091852,9.25788548,3.42390215,2.95418434,2.40842128,46.98805092,6.79774125,32.07313604,2630.7293129,44.54360965,3680.28386152,40.32695938,12037.6848464,708.32450711,26242.60876655,120.04667301,2.76089244,574.92548031,2.70247133,574.92548031,104.59048265,237.06334856,16.32079363,18.14970167,26.72297503
2026-07-12,3.6725,65.52867019,82.12451596,367.38026186,1.79707656,934.49844366,1487.38601108,1.43822601,1.79,1.70032759,1.71311774,2.0,123.23620188,1.71311774,0.376,2984.74505424,1.0,1.29191828,10.07373139,5.11124553,1.0,95.4861692,13.52744571,2.8618569,2.01226675,1.41572846,2254.46415993,0.80831936,924.56987612,6.77692993,3244.98940831,451.98225548,26.50299827,96.58584524,21.24954149,178.24154853,6.54888154,58.58027646,133.215,49.69791405,15.0,159.37055595,0.87590319,2.24474243,0.74615157,0.74615157,2.63092776,11.46607308,0.74615157,74.40202624,8779.20814438,7.62602422,209.23139188,7.83946287,26.78106972,131.615743,311.7459328,18086.63558673,3.02075283,95.4861692,1310.17375656,1374905.54453364,125.61240843,158.53914084,0.709,161.73009322,129.19983258,87.45909929,4034.36285797,430.91612373,900.10217914,1498.7531937,0.30872928,0.82087334,471.27453373,22480.21888023,90018.32890614,335.58686189,181.58941303,16.33175733,6.39979891,9.34144877,17.55888598,4295.31663284,53.89732896,2099.48741592,3584.09792958,8.07464676,39.89515131,47.08124424,15.45978146,1734.97519274,17.47076894,4.06990076,63.875463,16.33175733,1376.87191947,36.70093201,9.78236001,152.84948535,1.73531079,0.38498011,1.0,3.39746828,4.39740689,61.50220401,277.98438254,3.79157682,6085.06966011,3.64,4.58518408,102.80200205,76.64483954,1467.79489986,3.75,8.04944235,14.79083756,600.17193107,9.68210724,1.29191828,0.74615157,22.88493521,569.44963003,37.66072985,4776.51003954,21.48426408,110.54460379,16.33175733,33.30985277,9.25491945,3.49588006,2.95417582,2.38601439,46.99867309,6.76926732,32.07846696,2633.0101529,44.51953816,3684.1484261,40.18088717,12075.14534363,708.21295879,26267.91687443,119.99479702,2.76090264,574.55483165,2.7003023,574.55483165,104.52305422,237.71169919,16.33175733,18.06614328,26.72297503
2026-07-13,3.6725,64.66943206,82.22557033,367.43956673,1.80736012,919.52034038,1491.38016962,1.44325766,1.79,1.7000003,1.71622038,2.0,123.58099531,1.71622038,0.376,2984.60519077,1.0,1.29432831,9.96991418,5.10874015,1.0,95.64851676,13.56931558,2.86778677,2.02126298,1.41657284,2297.45451548,0.81007373,927.1857804,6.78388619,3245.51549841,455.81417606,26.49757554,96.76077233,21.29535071,178.27483379,6.55917162,58.90080948,133.23370876,49.80210962,15.0,160.95299281,0.87748955,2.23623183,0.7475378,0.7475378,2.62833585,11.49404533,0.7475378,73.93589335,8778.92629264,7.64007141,209.75000531,7.83858628,26.81158488,131.43939646,313.57076661,18129.14125652,3.02214578,95.64851676,1314.1588649,1374624.23352933,125.8399411,158.5278252,0.709,162.08674846,129.28691592,87.45701558,4042.09562432,431.69655802,899.91773308,1508.23113005,0.30953838,0.8319889,474.66190397,22616.86159761,89981.02719029,336.64527204,182.12954794,16.39320157,6.42515134,9.32566548,17.62195991,4301.99426704,54.08581141,2099.86999007,3586.42180159,8.07374387,39.99792274,47.08610828,15.45999669,1739.27963176,17.52181815,4.08176429,63.79427749,16.39320157,1379.01965553,36.8493021,9.79214885,153.1093632,1.7359954,0.3850412,1.0,3.40604268,4.44742544,61.59820744,278.53565524,3.80377348,6102.57184026,3.64,4.59553253,102.99230849,76.80905032,1472.36343613,3.75,8.06183376,14.63704485,600.14802406,9.69934997,1.29432831,0.7475378,22.88472804,572.66382883,37.63127813,4777.06709731,21.63912153,110.52198548,16.39320157,33.38158608,9.26964338,3.49930432,2.95577749,2.39077254,47.00068115,6.8063124,32.06470628,2628.99356532,44.57562604,3686.29277834,40.44514002,12091.58829472,714.00747368,26267.90555843,120.11389315,2.74062039,575.59541069,2.70727512,575.59541069,104.71235643,237.06140959,16.39320157,18.14933897,26.71775468
2026-07-14,3.6725,66.15101454,82.24699089,367.28521307,1.80529771,917.72230416,1482.74720423,1.44405364,1.79,1.70116253,1.71685398,2.0,123.51385445,1.71685398,0.376,2992.11214479,1.0,1.29394655,10.33534775,5.14439832,1.0,95.83496527,13.53357357,2.86500595,2.01945186,1.41325925,2290.65353963,0.81363605,931.72627511,6.78327054,3236.62916332,455.38283627,26.5004259,96.79649476,21.33014693,178.37571423,6.56200675,58.8274843,133.35683204,50.2411642,15.0,160.87380994,0.8778135,2.2357613,0.74859933,0.74859933,2.62770998,11.49124032,0.74859933,74.0019691,8777.92892573,7.63668553,209.6053513,7.83900003,26.8159912,131.97817296,315.57014156,18098.5363802,3.03088885,95.83496527,1313.91410086,1375022.09149605,125.70472849,159.05487126,0.709,162.32190181,129.21871439,87.46598935,4049.50543394,431.85593301,900.01452804,1492.18987397,0.30889429,0.83019651,475.19786221,22600.18006333,89872.71228768,337.4234933,181.92407658,16.47540223,6.43041885,9.32575908,17.58130148,4282.19369203,54.02055616,2099.79852303,3586.31313392,8.07417003,40.07170482,47.24194163,15.45955922,1734.76470618,17.50923212,4.07973635,63.70152152,16.47540223,1381.65447448,36.76495026,9.77002906,153.40782066,1.72772283,0.38496938,1.0,3.42389284,4.38910257,61.66145305,278.63773729,3.80387145,6086.17890158,3.64,4.59526023,103.0135707,76.65360505,1470.38212106,3.75,8.06201438,14.30282438,600.18072432,9.70670114,1.29394655,0.74859933,22.87197569,571.53982936,37.79464174,4798.58002277,21.61903486,110.53387401,16.47540223,33.50170028,9.291242,3.50664174,2.95277072,2.38679375,47.02943328,6.78987006,32.18768445,2627.26561186,44.72951368,3689.14476367,40.34424474,12126.45714077,722.75665213,26252.39032276,119.76350077,2.74757234,575.80791068,2.70690893,575.80791068,104.75101444,237.06912131,16.47540223,18.0998685,26.81635844
2026-07-15,3.6725,66.38191321,81.97797685,365.46527613,1.79525989,917.86201076,1470.39244473,1.4304414,1.79,1.69999988,1.7094728,2.0,122.89727895,1.7094728,0.376,2986.70842566,1.0,1.28996958,10.38590956,5.08534452,1.0,96.23940108,13.57401302,2.86106887,2.00839726,1.40408448,2303.92135494,0.80866638,925.99760012,6.76761262,3257.16002145,453.96564582,26.48787911,96.38034271,21.18204735,178.16483968,6.53407062,58.44391285,133.13963868,50.7173764,15.0,160.54186736,0.87403956,2.22655991,0.74586441,0.74586441,2.62767024,11.47284813,0.74586441,73.89617764,8764.58450887,7.61780182,208.42157237,7.8375911,26.73572884,130.23166297,313.26473206,18052.24809189,2.99663372,96.23940108,1305.27274976,1374496.01058518,125.3568509,158.02667928,0.709,162.07847301,129.28364065,87.46671003,4042.92162653,429.99927766,899.58840375,1489.78533791,0.30960881,0.83108914,468.7567461,22486.21146613,89360.48126261,334.89783592,181.79753446,16.34671904,6.39769404,9.32484648,17.56832305,4271.38687934,53.89871895,2099.16439454,3587.46725186,8.07271883,39.90877561,47.30311972,15.45919495,1728.53401171,17.4110432,4.06964835,63.82176805,16.34671904,1379.449644,36.73973582,9.66452736,154.05522128,1.71822471,0.38484153,1.0,3.40489307,4.38971359,61.63795777,277.26184944,3.7811324,6047.16647148,3.64,4.58353368,102.57594183,77.46289085,1467.6016015,3.75,8.05129848,13.78523362,600.21567911,9.6388148,1.28996958,0.74586441,22.84506632,571.41413664,37.70636142,4802.61256477,21.59423247,110.4815394,16.34671904,33.48653273,9.2141388,3.49635396,2.94600704,2.38880213,47.03396278,6.77770286,32.18578388,2637.74012586,44.83034015,3701.22209916,40.08439702,12068.45004272,723.30665419,26246.43066026,120.09414606,2.72444754,573.33237022,2.70737226,573.33237022,104.30066395,237.12504262,16.34671904,18.16627442,26.79394224
2026-07-16,3.6725,66.48074805,81.78981244,365.50207828,1.79375059,917.701137,1475.62294613,1.42915604,1.79,1.69996822,1.70577241,2.0,122.8906463,1.70577241,0.376,2973.99676932,1.0,1.2886537,10.38203528,5.08890973,1.0,96.3482128,13.51141852,2.86849253,2.00390452,1.40494085,2307.78540582,0.80595675,924.58099873,6.767994,3230.14214039,453.37440663,26.49293237,96.17171408,21.10552502,177.67445679,6.51964883,58.11926233,133.01570914,50.54365545,15.0,160.56304522,0.87214758,2.24009415,0.7388582,0.7388582,2.62612886,11.50253298,0.7388582,73.9167602,8756.2350615,7.6154775,208.30121024,7.83818211,26.71119857,130.07746548,313.72684493,18063.98805975,2.98841373,96.3482128,1305.20257193,1374633.27871352,124.89050874,157.70941394,0.709,162.11996878,129.28573416,87.45897153,4025.40800562,429.06848454,899.76003282,1484.02537025,0.3093553,0.83094772,469.229794,22472.53738391,89449.12547439,334.75670372,180.71817507,16.34764777,6.37427214,9.3401917,17.49089147,4230.83022663,53.77408063,2099.24006474,3586.84855022,8.07332757,39.77273224,47.16959625,15.4586079,1726.82101379,17.39484183,4.07439394,63.81539947,16.34764777,1377.3026339,36.70737535,9.66647593,154.22940165,1.71058126,0.38480711,1.0,3.38839321,4.46141305,61.66312095,277.09941074,3.77428926,6033.95214325,3.64,4.56833467,102.35904196,77.47903596,1466.04045023,3.75,8.04516925,14.05908235,600.16525872,9.59892116,1.2886537,0.7388582,22.84999509,567.32276077,37.75512732,4824.4685625,21.53239431,110.50261816,16.34764777,33.60324554,9.20710171,3.5098241,2.94279862,2.38821482,47.04371547,6.77504139,32.16591223,2631.72623148,44.69322057,3693.59613124,40.0629403,12035.63185598,724.53714739,26260.08660613,119.40609408,2.7164257,572.09131272,2.70740274,572.09131272,104.07489069,236.98219658,16.34764777,18.31903432,26.63876606
2026-07-17,3.6725,66.4987361,81.80285401,366.48007575,1.8038989,918.28860598,1475.4239298,1.43185315,1.79,1.69999404,1.70987089,2.0,123.37996203,1.70987089,0.376,2976.60302781,1.0,1.29082097,10.55217719,5.11167286,1.0,96.3794926,13.56804689,2.9002543,2.0140015,1.40389711,2307.9996292,0.80895644,924.83393417,6.77525584,3235.56221516,454.2587194,26.49835052,96.40278735,21.18535398,178.12579332,6.53578183,58.62098506,133.08151226,50.47347713,15.0,161.31761983,0.87424311,2.24184071,0.74262165,0.74262165,2.62534574,11.52638953,0.74262165,73.9569538,8781.42879358,7.6314852,209.44634336,7.84030942,26.79172566,130.84149602,316.99282986,17961.94482382,3.02919124,96.3794926,1311.36440401,1374914.43602809,125.19148063,158.79040443,0.709,162.3727528,129.28114621,87.4618493,4039.80319923,430.09941403,899.9440624,1480.4255037,0.30907649,0.83169305,471.18264612,22611.70808657,89783.60138404,336.31664461,181.19914265,16.46392481,6.4051208,9.31679524,17.57365763,4260.30121839,53.89443508,2099.0814697,3585.30311698,8.0755187,39.96157045,47.02212349,15.45912975,1735.33808417,17.43877982,4.08042121,63.82498382,16.46392481,1379.6783397,36.82034461,9.68322134,154.27947278,1.71306166,0.38490404,1.0,3.39481625,4.46730998,61.60182905,278.12483719,3.78784072,6068.09839755,3.64,4.58328843,102.60502545,78.09449574,1472.46902573,3.75,8.04331419,14.00795592,600.17322829,9.66202594,1.29082097,0.74262165,22.85485075,569.34565474,37.70413121,4856.45648193,21.56663024,110.52521956,16.46392481,33.62087962,9.232961,3.50759296,2.94605742,2.38577729,47.13926747,6.79470527,32.29578453,2632.04633406,44.68208469,3692.51321016,40.21112595,12087.71218192,724.49776907,26226.06056868,119.05021282,2.7137128,573.46588537,2.70731773,573.46588537,104.32495304,237.85785759,16.46392481,18.26072453,26.61560139
2026-07-18,3.6725,66.21865374,81.97816192,366.83593554,1.7996362,935.55902593,1476.9688454,1.4323363,1.79,1.70091208,1.70999274,2.0,123.24644383,1.70999274,0.376,2970.11355106,1.0,1.29146021,10.69824271,5.11054827,1.0,96.64950355,13.61175302,2.89341756,2.01066242,1.40208369,2297.464,0.80783655,932.93376887,6.77609831,3270.92786014,453.70584151,26.50610276,96.40965701,21.16995479,178.131,6.5363955,58.5804006,133.06778997,50.49920305,15.0,161.34609188,0.87430541,2.24179163,0.74337074,0.74337074,2.62376046,11.53002125,0.74337074,73.46248962,8777.34519455,7.62477862,208.77868264,7.8399457,26.79324668,130.66010033,317.25044917,17936.94610291,3.03704353,96.64950355,1310.13876311,1375316.65682006,125.35528564,158.25636994,0.709,162.40836734,129.25053151,87.46065732,4040.87180408,430.1300629,900.20733387,1487.56487273,0.30899949,0.83219924,471.55622197,22594.99546838,89304.65028582,335.92561423,180.94107078,16.52412498,6.38231847,9.33299945,17.57641309,4253.75410664,53.87220383,2098.64941005,3588.3187294,8.07514407,39.84314153,47.14849208,15.45766927,1733.18587348,17.54447697,4.09589497,63.82255272,16.52412498,1379.75019332,36.78894171,9.64627532,154.71169281,1.71159433,0.38412012,1.0,3.39053968,4.43831428,61.6734274,277.97087764,3.79437415,6054.10975859,3.64,4.57379337,102.62101712,78.14246195,1472.06192127,3.75,8.06898353,13.44691804,600.20742956,9.64522232,1.29146021,0.74337074,22.88006811,571.4808557,37.62429756,4934.19534117,21.43411622,110.55755254,16.52412498,33.63790989,9.23738934,3.50560288,2.95113644,2.38852132,47.16013322,6.77373768,32.41232972,2625.65554192,44.62786995,3695.63741157,40.17964167,12027.15325432,733.32148565,26261.73233009,118.59715896,2.74271707,573.50675054,2.70248127,573.50675054,104.33238723,237.8576887,16.52412498,18.30081779,26.72360345
2026-07-19,3.6725,65.95861993,81.97567589,366.83773014,1.79685156,935.52991678,1478.08886284,1.43236325,1.79,1.70092853,1.70994695,2.0,123.18465178,1.70994695,0.376,2976.40015859,1.0,1.29148163,10.7077992,5.11153757,1.0,96.38893066,13.61268753,2.89067178,2.0135723,1.40212386,2260.97647193,0.80780156,932.91171484,6.77861721,3234.65557167,449.5559122,26.50539304,96.40707558,21.17306404,178.32260801,6.5364,58.45251497,133.21155273,50.54435367,15.0,161.34871241,0.87428199,2.24177831,0.74334722,0.74334722,2.62785,11.54742589,0.74334722,74.05940872,8778.15715391,7.62331594,209.14746493,7.84012872,26.78969244,131.29990243,316.95676734,17982.99839681,3.02226732,96.38893066,1310.25797106,1375279.83181557,125.35617056,158.13862726,0.709,162.40900745,129.25486701,87.46065732,4039.17741275,430.11854592,900.18323023,1487.63227526,0.30813534,0.82027857,470.53264434,22559.52109431,89916.46482115,336.0487679,181.16519086,16.50257463,6.38697375,9.33219632,17.53565015,4297.36161347,53.84482713,2099.438407,3584.21365454,8.07533258,39.87327947,47.14918076,15.45969178,1733.4699645,17.53561752,4.09631318,63.87345186,16.50257463,1378.16157666,36.68450596,9.64683115,154.29458075,1.71158142,0.38494752,1.0,3.39458526,4.40260941,61.59389738,277.75009899,3.79377965,6058.87248999,3.64,4.56389709,102.60635692,78.29922317,1470.02922276,3.75,8.06898353,14.59814455,600.21395972,9.6452003,1.29148163,0.74334722,22.88007417,571.4870269,37.66613638,4934.19534117,21.4336739,110.55459229,16.50257463,33.61694065,9.24913448,3.50566958,2.95050359,2.37491482,47.15899315,6.76147901,32.41968216,2633.85369279,44.65666824,3695.13136849,40.17632285,12031.70507393,732.13590658,26287.9247945,118.79415552,2.74271589,573.49139456,2.70037414,573.49139456,104.32959367,237.72137375,16.50257463,18.23136959,26.72360345
2026-07-20,3.6725,65.93584518,82.01340563,366.83801553,1.79977315,918.34908939,1474.15042803,1.43000213,1.79,1.69998534,1.70947327,2.0,123.15713217,1.70947327,0.376,2977.58705838,1.0,1.29055873,10.69126121,5.11149261,1.0,96.41228983,13.60850099,2.88987801,2.01184348,1.40085621,2307.50767103,0.80744645,933.71072319,6.77213585,3246.58386652,453.62045675,26.49811877,96.38036916,21.1616453,177.97895606,6.53416948,58.5645967,133.06299264,50.60752605,15.0,161.10904085,0.8740398,2.2307062,0.74295123,0.74295123,2.61715794,11.5455788,0.74295123,73.92570817,8771.49249552,7.62591542,209.14294386,7.84010771,26.77242882,130.68074252,316.74843917,17968.61101291,3.03774643,96.41228983,1309.48494785,1374902.39363148,125.34245261,158.29434768,0.709,162.37081235,129.24182292,87.44101013,4039.48132875,429.99939568,899.93618025,1481.92397929,0.30852903,0.83165613,471.21257156,22523.03141484,89768.15051639,335.82000809,180.82116302,16.51673976,6.38032563,9.3330285,17.56023668,4273.31173065,53.87176975,2099.35920357,3587.48584088,8.07531094,39.8568075,47.11293072,15.45946861,1733.21520402,17.51057704,4.08770228,63.8046443,16.51673976,1379.18018882,36.78966377,9.63153483,154.33197295,1.7074064,0.38471268,1.0,3.39212505,4.46820364,61.68914797,277.90832169,3.7914642,6055.52937966,3.64,4.58053013,102.60313751,78.27226161,1470.60867735,3.75,8.04865145,14.0082177,600.24190446,9.64777219,1.29055873,0.74295123,22.88013474,569.85467844,37.71543577,4936.25423835,21.56786289,110.52425171,16.51673976,33.61473031,9.21764406,3.50998541,2.95016355,2.38784333,47.17238181,6.78482924,32.40061288,2629.49303012,44.69794673,3697.30457997,40.18558121,12021.86140958,732.72890018,26256.65943922,119.61366594,2.721392,573.33252757,2.70698887,573.33252757,104.30069258,237.83930786,16.51673976,18.30114348,26.69497209
2026-07-21,3.6725,66.81219179,82.11019187,366.00537201,1.80339517,916.54391422,1481.51447537,1.42735767,1.79,1.70079457,1.71403631,2.0,123.48862703,1.71403631,0.376,2981.85936498,1.0,1.29091253,10.74638837,5.10377342,1.0,96.44496615,14.32851753,2.89597495,2.01447188,1.40786782,2304.58357513,0.81074291,934.31580121,6.76914267,3255.03480862,453.88185781,26.50886241,96.63763386,21.20339066,178.04894935,6.55168396,58.43783737,133.18469443,51.08611436,15.0,161.27442319,0.87637285,2.22272908,0.74444326,0.74444326,2.62166883,11.56797046,0.74444326,73.9978712,8779.80711509,7.63226202,209.33456827,7.84087286,26.79938888,131.04882784,317.12301076,17938.48466449,3.0520888,96.44496615,1311.86015239,1375709.91074075,125.32906332,158.69029201,0.709,162.50922681,129.27917762,87.44399002,4042.99950284,431.14717781,900.3010466,1476.2911188,0.30940712,0.83223809,470.82799879,22659.79598217,89833.03770302,336.59246557,181.20838699,16.50009628,6.41477086,9.37048012,17.60184831,4295.98611242,53.93932103,2099.56481159,3587.05704488,8.07609904,40.00076901,47.12074928,15.45968576,1735.74814794,17.41468309,4.09081663,63.79146439,16.50009628,1380.76428559,36.8314616,9.6694489,154.38427956,1.7057208,0.38484059,1.0,3.3972938,4.46949649,61.70411572,278.12562406,3.79669702,6068.88327865,3.64,4.59441592,102.85361388,78.52626546,1471.89769873,3.75,8.04728549,14.20192687,600.18632405,9.68362113,1.29091253,0.74444326,22.88974908,571.79121145,37.60349742,4882.85448617,21.6155594,110.56906221,16.50009628,33.65365582,9.24995074,3.5076101,2.94712928,2.3883564,47.1959731,6.79180327,32.28709083,2634.58597426,44.74260087,3705.77110276,40.29413607,11970.40548924,733.98204549,26286.14260615,119.78395213,2.72244262,574.86290374,2.70735934,574.86290374,104.57909871,237.79356323,16.50009628,18.30077449,26.79082755
2026-07-22,3.6725,66.63855418,82.13834827,366.32882502,1.80205128,916.88591096,1477.71601514,1.42816727,1.79,1.69999969,1.71463412,2.0,123.42443225,1.71463412,0.376,2983.56159048,1.0,1.2918558,10.82571877,5.08301008,1.0,96.34434662,14.30575769,2.89558845,2.01505359,1.41052591,2300.20107306,0.8127649,935.1560632,6.77051217,3224.37866605,453.40425016,26.49633667,96.6713389,21.20437009,178.23602713,6.55364441,58.4275453,133.19537858,51.01905472,15.0,161.03225064,0.87667851,2.23846867,0.74716562,0.74716562,2.62248776,11.58337699,0.74716562,74.08743344,8782.78081283,7.62809722,209.34442025,7.83984624,26.79570849,131.39478082,317.65432346,17908.35281615,3.04950054,96.34434662,1311.68663447,1374984.89740669,125.37738702,158.59029408,0.709,163.14296771,129.28858853,87.43998913,4042.16090033,431.29755228,899.87565288,1482.54993776,0.30987024,0.82936532,468.1947793,22599.86964592,89998.56098687,336.63006324,181.27686275,16.44939976,6.41656693,9.39080873,17.59125964,4299.46724493,53.97099305,2099.49039372,3589.54838335,8.07504163,40.05976152,47.25096592,15.45907769,1735.07766325,17.39724247,4.09411795,63.75036206,16.44939976,1379.28350961,36.80107283,9.62802232,154.22321286,1.71624212,0.38491554,1.0,3.40217096,4.47062563,61.74896372,278.08701661,3.79416071,6071.6758402,3.64,4.59274534,102.89945383,78.28953498,1471.57556713,3.75,8.07033776,14.40931036,600.21998287,9.70318919,1.2918558,0.74716562,22.9147905,571.20079891,37.76236343,4894.87577583,21.64718277,110.51681811,16.44939976,33.79327669,9.24526859,3.49673845,2.94523831,2.39059605,47.21284553,6.78095718,32.33706083,2633.89211535,44.78514605,3713.92850118,40.23968424,11987.48899742,736.19831037,26320.64539041,119.08088825,2.741121,575.06340304,2.70603053,575.06340304,104.61557356,237.85463658,16.44939976,18.41977439,26.80514042
2026-07-23,3.6725,66.92703978,82.08677282,365.80206883,1.80067153,918.45706051,1482.60851732,1.4252197,1.79,1.70000037,1.71144724,2.0,123.33215679,1.71144724,0.376,2983.35160867,1.0,1.28950378,10.83993225,5.06581525,1.0,96.52361032,14.05703368,2.87821493,2.01338618,1.406529,2306.0240222,0.81348052,936.03047694,6.76916805,3218.47363022,453.50143766,26.49241883,96.49166175,21.15856505,177.97756807,6.54165017,58.3215678,133.20504523,51.29908169,15.0,160.96275566,0.87504908,2.2441595,0.74688088,0.74688088,2.62100244,11.61109548,0.74688088,74.00706223,8772.05460199,7.62625805,209.03330947,7.84051521,26.76235116,130.65606647,318.331934,17892.43394985,3.05959791,96.52361032,1308.85998113,1374856.5627766,125.48213615,158.49200474,0.709,163.06673296,129.44743643,87.44149141,4036.61993714,430.49592569,,1467.9912499,0.30996724,0.83162088,467.31360601,22595.7599921,89601.6155638,335.9972029,181.59588608,16.363511,6.40931327,9.37905053,17.57597161,4264.81920142,53.92609346,2099.46705958,3589.5195744,8.07573067,40.13005856,47.27699333,15.45956895,1732.43207614,17.38545619,4.08656955,63.83166429,16.363511,1372.12580843,36.77564547,9.56742167,154.51016922,1.71922588,0.3848155,1.0,3.39779776,4.45308501,61.74784126,277.59442517,3.78947695,6052.49850082,3.64,4.58247794,102.72465594,78.47415974,1469.69849998,3.75,8.06875891,14.13597399,600.16399869,9.67875515,1.28950378,0.74688088,22.94443303,569.85662687,37.77636278,4895.42369925,21.71689863,,16.363511,33.76261238,9.23707205,3.50887487,2.9443955,2.40745807,47.23195258,6.78463607,32.28608451,2639.36227556,44.81244143,3735.15224552,40.08183707,12044.96898444,736.87540773,26308.86653871,119.12242853,2.7426799,573.99456759,2.7072842,573.99456759,104.42113094,238.57116129,16.363511,18.45961993,26.69951827
2026-07-24,3.6725,65.89785677,82.22137013,365.9500117,1.79700973,915.37196118,1488.6731839,1.43339653,1.79,1.70042502,1.71879621,2.0,123.53454021,1.71879621,0.376,2986.47737552,1.0,1.29220015,11.11467563,5.09746113,1.0,96.78548515,13.30890147,2.8922209,2.01585827,1.40783537,2304.23589703,0.81727537,946.16931177,6.77611618,3203.34871389,455.04350397,26.51223232,96.90599818,21.2597337,178.07999905,6.56944173,58.18813256,133.43029821,51.29857653,15.0,160.04341883,0.87880655,2.24605166,0.75116364,0.75116364,2.6284789,11.61835953,0.75116364,74.48575754,8779.04533665,7.62866083,208.98286628,7.8416929,26.78477373,132.9797928,320.02008329,17976.7210927,3.0747245,96.78548515,1310.29791997,1375909.83845956,125.84998102,158.29394702,0.709,163.8274051,129.49703655,87.48837033,4039.07261685,432.34448067,,1464.35334531,0.30995819,0.8309826,466.85547756,22620.50555612,90035.98547167,336.04870335,181.18304139,16.8327521,6.4016705,9.3801472,17.51479822,4311.17308687,53.84039773,2100.07792557,3593.10087571,8.07694368,40.16938785,47.15641185,15.45999999,1733.71995438,17.51883183,4.09388313,63.59653563,16.8327521,1369.17541941,36.8009478,9.62031946,154.92936535,1.73078784,0.38499919,1.0,3.40208398,4.41699166,61.83452119,277.82048696,3.80681034,6054.10504076,3.64,4.60002609,103.18679919,78.33825089,1467.93816967,3.75,8.07902308,14.55757549,600.25142928,9.75572173,1.29220015,0.75116364,23.64418551,571.68900117,37.82452129,4919.04365204,21.73416087,,16.8327521,33.81841717,9.24198316,3.50010955,2.9584103,2.37360727,47.32085025,6.79328542,32.35455463,2619.82685848,44.80358945,3726.26308862,40.18352476,12053.87616552,738.89860236,26318.93832789,118.48761854,2.74573128,576.45930756,2.70977139,576.45930756,104.86951661,238.11017571,16.8327521,18.60044737,26.67851718
2026-07-25,3.6725,65.89678555,82.30266018,365.87009989,1.79700383,913.29005457,1496.06219673,1.43194483,1.79,1.7,1.71947553,2.0,123.53444264,1.71947553,0.376,2986.5497312,1.0,1.29061175,11.23130821,5.08033746,1.0,96.49560455,13.40481571,2.86956529,2.01424717,1.40942045,2287.546,0.81807506,948.31933143,6.77267087,3217.84721554,453.3419002,26.50342641,96.94429799,21.2287649,178.33265152,6.57480368,58.14518262,133.65670153,51.35981152,15.0,160.00984638,0.87915388,2.24893558,0.75053179,0.75053179,2.62811002,11.60818344,0.75053179,74.8793235,8781.54077193,7.62715237,208.91461284,7.84259998,26.79156481,132.93015516,317.48974045,17939.17298757,3.0545645,96.49560455,1310.31079922,1375177.77392484,125.78205293,158.06768582,0.709,163.85387624,129.54025296,87.50510105,4043.989669,432.51535463,,1459.13623444,0.30932718,0.8246308,475.44181698,22648.09133962,90177.32976415,336.22305036,181.22177797,16.83377442,6.4019103,9.36127965,17.57151841,4312.90343134,53.84004826,2100.1342915,3593.33521453,8.07787798,40.13044246,47.42314965,15.4564,1733.58814961,17.48032304,4.09035249,63.71313576,16.83377442,1363.44087703,36.71430581,9.58089578,154.46533898,1.72735438,0.3850662,1.0,3.40244819,4.41172746,61.70923414,277.80217828,3.79522642,6053.00978034,3.64,4.59031026,103.16379331,78.18577413,1466.76776814,3.75,8.08075403,14.59299977,600.21314968,9.71621359,1.29061175,0.75053179,23.66788962,571.49430987,37.98480227,5040.24289061,21.61184904,,16.83377442,33.7450412,9.25255651,3.5,2.96119935,2.38491544,47.35219917,6.75434008,32.35574398,2634.09119177,44.87093602,3715.75859789,40.1780555,12008.07679536,738.55160807,26328.24124834,118.59867013,2.75632184,576.68713951,2.7046834,576.68713951,104.91096381,238.29411268,16.83377442,18.60907811,26.6565107
2026-07-26,3.6725,66.02642377,82.34631794,365.95016642,1.79356347,926.03910111,1496.53881581,1.43192243,1.79,1.70080827,1.71970085,2.0,123.44256718,1.71970085,0.376,2984.88574087,1.0,1.29076145,11.24063073,5.08462906,1.0,96.53517796,13.7691922,2.86994132,2.01366035,1.40944855,2255.33196575,0.81811501,948.51741819,6.77370076,3214.86785516,452.71007875,26.50689945,96.95700168,21.23400169,178.59360474,6.5748,58.10170276,133.4293213,51.34247364,15.0,160.09582507,0.87926908,2.24706482,0.75052216,0.75052216,2.62156923,11.63007259,0.75052216,74.81749073,8781.93842845,7.62629223,209.06396924,7.84236945,26.80951426,131.73223255,317.58653006,17920.20458962,3.05418571,96.53517796,1310.09741666,1375357.978747,125.76083524,157.97528139,0.709,163.85400003,129.4961724,87.50510105,4042.03063738,432.57203194,,1459.12029241,0.31010872,0.82247959,474.71262699,22637.00144348,89732.87915906,336.18629379,181.23184952,16.83475674,6.40370982,9.3740694,17.58904138,4312.45815319,53.88801084,2099.53991515,3591.29148324,8.07764053,40.11400925,47.42474326,15.45275567,1733.45164081,17.48456085,4.0903611,63.86224393,16.83475674,1365.63711057,36.69176333,9.58189862,154.52868612,1.72737899,0.38502662,1.0,3.40254391,4.41209491,61.75931692,277.97060642,3.79709756,6046.47413995,3.64,4.59449511,103.28167608,78.19601968,1469.67532524,3.75,8.0808034,14.50299976,600.17414192,9.71620009,1.29076145,0.75052216,24.2240491,571.4818566,37.98439118,5040.24289061,21.63067772,,16.83475674,33.74347229,9.26174047,3.50000032,2.96626292,2.38491363,47.36731505,6.75507271,32.34127392,2639.51722638,44.81692389,3774.69326686,40.07766829,12022.96121442,740.87586981,26309.4964759,119.21375339,2.75632109,576.76270925,2.69999986,576.76270925,104.92471146,238.30544818,16.83475674,18.63957431,26.6565107
2026-07-27,3.6725,66.47612293,82.3393002,364.85101191,1.7985571,919.31711108,1488.50845501,1.42959026,1.79,1.70000694,1.71526708,2.0,123.27577093,1.71526708,0.376,2982.59634132,1.0,1.29013388,10.94572874,5.08444129,1.0,96.19608438,13.69959422,2.86474764,2.01216646,1.40850183,2306.49970157,0.81521563,948.45398835,6.76985419,3218.20802679,454.87073875,26.51275323,96.70702525,21.16126807,177.92622073,6.55649971,58.12709723,133.16345106,51.28282229,15.0,161.12292236,0.87700213,2.23287239,0.74900991,0.74900991,2.62070268,11.6272569,0.74900991,73.98959762,8775.59750458,7.62371541,208.84337411,7.84190324,26.76869837,130.51187694,315.54341186,18002.19525324,3.04681582,96.19608438,1308.09544122,1375661.70534063,125.41421477,158.33402447,0.709,163.60328548,129.46337919,87.44185979,4036.77730033,431.45676633,,1466.70750028,0.31009571,0.83127098,474.60611497,22580.27721955,89760.14102614,335.51741702,180.67996227,16.72310502,6.38787333,9.36379418,17.64205915,4358.89819746,53.99924502,2099.50409174,3594.98273134,8.07716033,39.88632645,47.41773082,15.4591689,1730.85120109,17.44096795,4.08431407,63.83731173,16.72310502,1366.1069103,36.77279149,9.57298403,153.98588207,1.72738966,0.38484968,1.0,3.39849248,4.44737947,61.73704679,277.45895117,3.78378708,6027.66468928,3.64,4.57201422,103.07207686,78.01960157,1470.29352142,3.75,8.0726037,14.1038739,600.15612006,9.67963384,1.29013388,0.74900991,22.86498915,569.53663665,37.81534042,5043.15843249,21.64788504,,16.72310502,33.56419247,9.22602835,3.49745263,2.96513415,2.40836338,47.35775907,6.78692773,32.39506231,2639.72152397,44.83493556,3769.22284376,40.08747528,12052.20120419,741.3172753,26311.1866273,119.34434448,2.75624007,575.27568843,2.70698467,575.27568843,104.65419253,238.4951131,16.72310502,18.63959584,26.65233512
2026-07-28,3.6725,66.4784406,82.41653094,366.37778066,1.8053366,918.08099986,1497.04590727,1.42965709,1.79,1.7000002,1.71885945,2.0,123.62732104,1.71885945,0.376,2992.13777681,1.0,1.29165674,11.27396131,5.12491645,1.0,95.75062184,13.75406843,2.87240052,2.01485019,1.4116533,2306.4998131,0.81852497,940.47533542,6.76777506,3202.79666423,455.35004434,26.48619753,96.90956358,21.23780804,177.89651752,6.56951189,58.28922,133.42598757,50.72124196,15.0,160.25822485,0.87883888,2.23162245,0.75189453,0.75189453,2.62074976,11.64482546,0.75189453,74.16442492,8784.96008071,7.63304211,209.37271366,7.84184295,26.82889614,130.96203597,316.31221148,18084.30796655,3.05699265,95.75062184,1310.20963809,1374408.78696642,125.32869262,158.48067718,0.709,163.70254319,129.5466792,87.79668493,4044.90619482,432.36038765,,1463.79557545,0.31032978,0.83190063,474.94631838,22715.86127344,89838.79723955,336.87216632,181.31855638,16.78140377,6.40000016,9.36225138,17.604671,4309.48775507,54.08997044,2099.64917826,3595.93613289,8.07709824,39.88453553,47.33494444,15.4595691,1735.7137311,17.45914308,4.08494127,63.82126126,16.78140377,1366.52761508,36.77730393,9.66553353,153.27280792,1.73210852,0.38487847,1.0,3.4041741,4.40628613,61.65816413,277.84007855,3.79883877,6053.60258322,3.64,4.59676835,103.19110845,77.95764387,1470.26623937,3.75,8.04880264,14.02386816,600.18009581,9.71785622,1.29165674,0.75189453,24.23031039,570.59398091,37.77432357,5054.71303549,21.67104793,,16.78140377,33.63321226,9.24752438,3.49816876,2.96457021,2.38893873,47.37129071,6.8019703,32.41049676,2638.11581918,44.87949952,3765.00231333,40.23042921,12020.1405054,741.65443337,26346.10856746,119.33865632,2.72467065,576.48051687,2.70739705,576.48051687,104.873375,238.39146755,16.78140377,18.59045466,26.88871174
2026-07-29,3.6725,65.56743015,82.20385771,366.5372927,1.79714776,916.80596291,1499.70917701,1.43880024,1.79,1.70000021,1.71618024,2.0,123.25832055,1.71618024,0.376,2982.95606805,1.0,1.29210679,11.36481256,5.13301191,1.0,95.68622513,13.6915809,2.86024454,2.01222952,1.40950797,2312.49997843,0.81818978,933.67019942,6.77201,3206.52744107,454.64610488,26.49272205,96.75850938,21.21484368,177.86085648,6.5590919,58.06463281,133.27066583,50.50684863,15.0,160.10145216,0.87746902,2.23404266,0.75208176,0.75208176,2.61981971,11.63615105,0.75208176,74.10974513,8777.13661764,7.62738562,208.66728874,7.84258549,26.83072509,130.73597361,316.65842381,18091.40796228,3.06034172,95.68622513,1310.24113355,1374747.33845595,124.77101984,157.92082225,0.709,163.6997256,129.51878972,87.50480902,4039.98509137,431.68646188,,1452.08154925,0.31057038,0.83113544,476.75688907,22534.68909944,89861.61637873,335.1384022,181.48011706,16.72455868,6.39890453,9.37484899,17.6512695,4303.88754815,54.01029385,2099.62395872,3596.30056302,8.07786306,40.09935599,47.48857626,15.45960646,1736.23095022,17.44493923,4.08814735,63.82566841,16.72455868,1365.51683579,36.73705851,9.67376202,153.16972487,1.72980013,0.38494481,1.0,3.39558288,4.4702452,61.49240989,277.82814085,3.7963833,5994.48757199,3.64,4.58921841,103.0196563,78.7304783,1466.62817886,3.75,8.05231205,14.50827235,600.17435909,9.68514507,1.29210679,0.75208176,24.19531873,569.32865214,37.94430395,5001.1224232,21.63716732,,16.72455868,33.48122562,9.21461331,3.4981999,2.95253431,2.38844471,47.39278417,6.78805814,32.45519668,2644.0724717,44.96264865,3767.83758155,40.1701998,12040.09162421,742.66416037,26334.15630819,119.90191152,2.72303174,575.58194917,2.70725066,575.58194917,104.70990751,238.18872937,16.72455868,18.75049062,26.72342974
2026-07-30,3.6725,65.67459269,82.17115749,364.90932926,1.79264382,917.904832,1495.24403583,1.43711491,1.79,1.70109506,1.70743228,2.0,123.10714863,1.70743228,0.376,2979.47219341,1.0,1.28940373,11.30118289,5.12287745,1.0,95.65270413,13.64580724,2.89921011,2.007963,1.404883,2305.54615247,0.81512674,935.28160735,6.76101593,3196.45417484,453.83905256,26.49350636,96.26529782,21.09344685,177.9522017,6.52587037,58.02839965,133.066958,50.66926622,15.0,160.39671853,0.87299626,2.23089735,0.74897718,0.74897718,2.61983249,11.66018365,0.74897718,74.43562015,8776.26173909,7.61622151,208.28000056,7.84345559,26.7770061,130.90109045,317.18651075,18066.54739278,3.07511615,95.65270413,1305.46897183,1374913.02655154,124.49194593,157.37669114,0.709,163.47434601,129.36855573,87.47978235,4032.80604102,429.48600681,,1444.78892195,0.31055953,0.82877694,475.43604976,22637.51145958,89706.69479117,335.26379127,181.03524184,16.64398016,6.39599327,9.38601637,17.59205965,4316.53330936,53.99291741,2099.67378394,3589.71739438,8.07875926,40.08752723,47.37413196,15.45967123,1728.98566515,17.44044197,4.08595844,63.66706846,16.64398016,1360.44917817,36.75699754,9.60197154,153.11606614,1.72145065,0.38495474,1.0,3.38739265,4.47218207,61.38599705,277.32996506,3.77534272,5983.32718005,3.64,4.57302682,102.63954568,79.82867435,1468.96490331,3.75,8.05918061,14.43013591,600.23184748,9.65403744,1.28940373,0.74897718,22.88019651,569.13572674,37.77253064,5000.14324597,21.57195051,,16.64398016,33.48130795,9.17773451,3.50078613,2.94508117,2.38319236,47.41388132,6.7660622,32.4272612,2628.75773181,44.8914415,3735.79305841,40.08160293,12005.80451759,743.43840573,26310.84448145,119.85195313,2.73631649,572.64800908,2.70641204,572.64800908,104.17616492,238.3530681,16.64398016,18.8460334,26.69454337
2026-07-31,3.6725,65.37791718,81.38768335,365.23153452,1.79453663,917.56854074,1488.81512668,1.42378581,1.79,1.6999827,1.69932054,2.0,123.18511107,1.69932054,0.376,2962.72904687,1.0,1.28462056,11.74744073,5.07760945,1.0,95.48070972,13.57662334,2.91488344,2.01070303,1.40224903,2288.40999714,0.80707514,925.72582433,6.74865113,3121.35194822,453.72116516,26.50392749,95.8079565,21.04755853,177.80155568,6.49476117,57.9627954,132.68681904,51.08290057,15.0,160.66693067,0.86884879,2.21734011,0.7436852,0.7436852,2.6197756,11.66218703,0.7436852,74.22619319,8765.53550157,7.6165744,208.39099365,7.84337387,26.82118657,130.24788041,315.03494497,18069.18953042,3.05436729,95.48070972,1310.31058818,1375203.7962034,123.89504592,157.51359986,0.709,160.83998181,129.3615345,87.4793825,4041.50826679,427.4455862,,1437.69487804,0.31002689,0.83100435,474.22652228,22695.62953707,89647.19701862,334.89515327,180.40907193,16.51459364,6.37462615,9.38370639,17.53611613,4305.17949258,53.41157226,2099.6333451,3596.47599608,8.07867508,40.11288146,47.2077147,15.45955916,1735.22078401,17.34353539,4.09071522,63.81237376,16.51459364,1359.12970304,36.72357058,9.54676185,152.84074609,1.70382115,0.38479405,1.0,3.39039447,4.4720621,61.35335261,276.74446529,3.74309155,5953.26747556,3.64,4.55796729,102.00487512,79.73824964,1466.61652422,3.75,8.07582402,14.08268864,600.14299103,9.55059246,1.28462056,0.7436852,22.88048913,569.26294959,37.78602567,5000.13863428,21.44729027,,16.51459364,33.48173889,9.21125374,3.50767341,2.94094027,2.4044533,47.50079584,6.7747909,32.4136417,2646.89073469,44.61723643,3734.98214426,40.0678335,12003.86396042,743.66205909,26247.76432342,119.48181593,2.72162888,569.92744826,2.70689238,569.92744826,103.68124031,238.29384546,16.51459364,18.81044723,26.68135376
2026-08-01,3.6725,65.91758473,81.18405552,365.69280193,1.79702303,915.96126889,1486.03054636,1.42199701,1.79,1.69999927,1.69642381,2.0,123.36114197,1.69642381,0.376,2957.58901196,1.0,1.28208222,12.01449688,5.07691593,1.0,95.4199614,13.59371388,2.90215862,2.01469717,1.40208627,2272.77463372,0.80780519,931.00863827,6.75416055,3162.14731414,453.81398614,26.51723107,95.64463879,21.01277125,178.33716165,6.4831493,58.16331828,132.91296614,51.15295476,15.0,159.31960032,0.86736772,2.21391091,0.74188341,0.74188341,2.61590793,11.65786056,0.74188341,73.83310955,8755.39107757,7.62254491,208.19197728,7.84188485,26.77021609,130.3547822,316.5538242,18024.17529787,3.06124059,95.4199614,1306.34599815,1376019.14488032,123.23418971,158.26510306,0.709,157.65410642,129.03711147,87.48127413,4034.5071634,426.716947,,1443.03434425,0.30926359,0.83109929,473.8843649,22602.09753595,89136.98947314,334.68422716,179.95090926,16.54463648,6.37885337,9.32745733,17.41987768,4266.54131931,53.32944585,2100.42661484,3598.1034161,8.0771414,40.06788548,46.98168962,15.45852543,1728.1181799,17.34480518,4.08543314,63.82093626,16.54463648,1363.19985525,36.69009884,9.48624435,152.74350322,1.70117751,0.38463639,1.0,3.38954467,4.41776632,61.24461311,276.89015263,3.73729467,5942.44231053,3.64,4.54889397,102.0471191,79.31474744,1465.02999426,3.75,8.08066304,13.50362445,600.19468966,9.5220761,1.28208222,0.74188341,22.90003078,570.98105819,37.77783517,5000.13860719,21.24189217,,16.54463648,33.44254537,9.21829568,3.42947277,2.94856518,2.39232836,47.58324866,6.77940982,32.30078332,2642.70029505,44.52303243,3749.33263973,40.10944682,11945.2236868,746.53439356,26251.9096619,118.1502008,2.73449054,568.95592933,2.70246723,568.95592933,103.50450152,238.29262572,16.54463648,18.75055941,26.70485912
2026-08-02,3.6725,65.80732386,81.18469852,365.79507964,1.7970054,915.34180265,1485.87465227,1.42195224,1.79,1.70086365,1.69579449,2.0,123.29700251,1.69579449,0.376,2976.73007141,1.0,1.28221681,12.09702073,5.07698662,1.0,95.44982132,13.59350377,2.90108201,2.0171235,1.4020522,2269.59402687,0.80777799,930.99509244,6.7528031,3149.50170021,451.21586323,26.50739396,95.60915744,21.01308248,178.28525906,6.4832,58.15184636,133.10782835,51.14375211,15.0,159.32431227,0.86704595,2.21398405,0.74181799,0.74181799,2.62260136,11.68612824,0.74181799,75.03059835,8797.51815203,7.62541734,209.24285536,7.84205442,26.82354934,131.82800755,316.5391181,18053.21237088,3.05690907,95.44982132,1310.26939764,1375508.68211283,123.23746253,157.91998124,0.709,157.65548836,129.35119578,87.48127413,4045.23475721,426.55864755,,1441.94092325,0.30951148,0.82039582,474.15522301,22604.46965435,89902.22303659,335.55140973,181.12164494,16.54566026,6.39263284,9.32602052,17.49554968,4311.59382085,53.48335847,2099.70690942,3594.13799057,8.07731606,40.18297947,46.99853782,15.45963225,1732.2561421,17.34649194,4.08639872,63.80241272,16.54566026,1367.65530905,36.67688172,9.47065687,152.79130147,1.70112864,0.38499563,1.0,3.39754062,4.4151268,61.22028361,277.78376284,3.73747632,5952.43847908,3.64,4.55155637,102.04318901,79.285324,1469.99095236,3.75,8.08066304,14.73908625,600.21422923,9.52220003,1.28221681,0.74181799,22.90003173,570.80741745,37.81746345,5000.13860719,21.37316853,,16.54566026,33.41910477,9.24516832,3.48809035,2.93290435,2.39232227,47.55904008,6.74069231,32.29580809,2643.41928419,44.70248382,3749.79695432,40.22082076,11959.90463312,745.27629124,26292.65127209,118.70604624,2.7344909,568.7448634,2.70038579,568.7448634,103.4661044,238.28270701,16.54566026,18.75058523,26.70485912
2026-08-03,3.6725,65.5029032,81.08803715,364.48866781,1.79532937,919.24473904,1486.23160232,1.42249227,1.79,1.69999971,1.69641112,2.0,123.19398481,1.69641112,0.376,2957.47504521,1.0,1.28157146,11.75261656,5.07552915,1.0,95.16413258,13.58710415,2.89895023,2.01168556,1.403332,2289.91957237,0.80908161,926.30542059,6.75318184,3157.1806667,453.77036379,26.49973666,95.64392332,21.00475707,178.25136841,6.48365033,58.15424114,132.91440694,51.46634528,15.0,159.24750799,0.86736123,2.21409936,0.74250673,0.74250673,2.61587331,11.67965016,0.74250673,74.15261035,8784.67953581,7.61761417,208.8377228,7.84283893,26.80999731,131.17043254,316.08807672,17989.43780946,3.0522506,95.16413258,1306.02026521,1375111.31292312,123.17309369,157.81264571,0.709,156.54390766,129.12117744,87.45735085,4038.57675088,426.71375495,,1431.58566164,0.30953443,0.82898304,473.69083081,22566.33920378,89742.47300462,334.56360023,180.23437159,16.47857581,6.37609058,9.33997182,17.4160993,4262.15331529,53.36606835,2099.59024901,3597.40433548,8.0781241,40.05267931,47.01549358,15.45951508,1727.57597068,17.31954546,4.09121157,63.81882875,16.47857581,1361.64451296,36.72200896,9.49195304,152.33398523,1.69928957,0.38472773,1.0,3.38349675,4.43805369,60.99917377,277.05656833,3.73602685,5935.92375912,3.64,4.55180942,101.82393936,79.36497802,1466.09345701,3.75,8.04139008,14.3992823,600.23356899,9.51347355,1.28157146,0.74250673,22.90009139,569.482632,37.83507914,5000.13860236,21.3726501,,16.47857581,33.3446932,9.22309098,3.50702871,2.93378836,2.37858318,47.53878766,6.77363263,32.34168722,2640.30077074,44.67876367,3747.96474918,40.10072006,11921.37420928,746.5889067,26288.72734636,119.20968565,2.70704307,568.95167326,2.70681478,568.95167326,103.50372726,238.28783742,16.47857581,18.75043816,26.70485912
2026-08-04,3.6725,65.56384002,81.12715074,366.14853595,1.80357325,917.16296993,1493.68090791,1.42516476,1.79,1.70000023,1.69923182,2.0,123.60404248,1.69923182,0.376,2966.32734658,1.0,1.28285877,12.18617729,5.0972576,1.0,95.40656591,13.58377566,2.92787886,2.01504667,1.4045131,2287.65165681,0.81022661,925.11284942,6.75748987,3238.19286845,453.93268107,26.50163148,95.80295439,21.03198276,178.16479281,6.49476387,58.12047601,133.00748669,50.12898894,15.0,161.10999214,0.86880343,2.2178957,0.74469037,0.74469037,2.61744838,11.69745587,0.74469037,74.08151611,8788.77640964,7.63132714,209.71185046,7.84268,26.82124672,131.23083213,316.20197262,18035.76886289,3.0445999,95.40656591,1311.87356656,1375334.65166915,123.37110309,158.49061329,0.709,157.66314866,129.38224352,87.80631425,4049.18720103,427.42326937,,1428.45627642,0.30953014,0.83123978,474.85344728,22675.26516025,89834.44573388,335.86815908,180.63521506,16.51233424,6.38279573,9.33717702,17.47312862,4271.36549819,53.47716007,2099.85863872,3598.30388011,8.0779604,40.14370942,46.93124624,15.45962171,1735.80546522,17.31062272,4.09641631,63.79064613,16.51233424,1363.71070357,36.81931601,9.53581195,152.72206038,1.70472196,0.38489063,1.0,3.38480444,4.42055767,61.03745102,277.98446894,3.74730798,5972.47996582,3.64,4.55792283,101.96205968,80.40220332,1468.53253569,3.75,8.04171623,14.50458107,600.15730569,9.56422153,1.28285877,0.74469037,22.90009219,569.45557182,37.88380803,5068.39147633,21.44122175,,16.51233424,33.42842033,9.24152012,3.49787127,2.92618899,2.38352234,47.5499112,6.78836068,32.37207223,2647.10551172,44.77603339,3741.84362298,40.28664384,11993.97245821,749.3426394,26278.7401498,119.43650563,2.71706042,569.89769249,2.70709451,569.89769249,103.67582714,238.35252643,16.51233424,18.83977522,26.67310525
2026-08-05,3.6725,65.49175075,80.9097399,365.91422744,1.79907551,918.54641165,1496.50953626,1.41872982,1.79,1.69999993,1.6952242,2.0,123.64598472,1.6952242,0.376,2984.98512657,1.0,1.28102722,12.12569263,5.14127507,1.0,94.92325944,13.57700046,2.94085683,2.01274201,1.40715806,2289.85649514,0.80807565,915.219625,6.74778734,3204.46923206,453.20103994,26.48242293,95.57700418,20.9474594,177.93149776,6.47894239,58.23438118,132.91483634,50.21276487,15.0,160.17520673,0.86675437,2.21524533,0.74318937,0.74318937,2.61478924,11.70602209,0.74318937,74.22649487,8784.01011442,7.62130696,209.09100512,7.84320235,26.78332256,130.71095993,312.54066926,17937.34303189,3.0034026,94.92325944,1310.5651609,1374212.89569489,122.91053052,157.8779093,0.709,157.41902346,129.37983279,87.83006034,4043.29346969,426.41519631,,1423.98147467,0.30941353,0.83145845,471.01065769,22609.99248041,89696.30600349,335.23825126,180.38927179,16.35058235,6.36993811,9.31761126,17.47696817,4265.99697473,53.35393936,2099.31920394,3596.78214549,8.07849842,40.10237682,46.54676638,15.45931619,1731.89710463,17.2453422,4.0905039,63.83514025,16.35058235,1364.30408009,36.77186052,9.53786008,151.94840755,1.70174152,0.38488936,1.0,3.38500205,4.41001522,60.89124084,277.83549709,3.7214571,5954.88551295,3.64,4.55002518,101.71367068,80.57463972,1467.42182167,3.75,8.04145935,13.86018581,600.13194615,9.51230721,1.28102722,0.74318937,23.86357249,570.15500328,37.9870157,5071.09411285,21.40313939,,16.35058235,33.18226918,9.21557805,3.4964101,2.91975846,2.38590803,47.56831995,6.7808303,32.27342141,2653.40622846,44.80398673,3742.00413815,40.22776148,11908.4515447,754.08138989,26265.73067362,119.47287823,2.70636844,568.55359509,2.70691151,568.55359509,103.43130885,238.39845007,16.35058235,18.97923121,26.65648767
2026-08-06,3.6725,65.70479896,80.6377588,365.58354757,1.79891881,918.31642028,1496.21712208,1.41772763,1.79,1.69998736,1.69294131,2.0,123.6355438,1.69294131,0.376,2981.37528774,1.0,1.28057453,12.12156015,5.13115152,1.0,95.06799404,13.53988937,2.95354001,2.01327426,1.40086093,2287.77070268,0.8064957,913.87986058,6.74726156,3178.17045422,454.20044886,26.50269872,95.44829461,20.93716298,177.9447413,6.47084064,58.22508689,132.8882513,49.82157315,15.0,160.97243824,0.86558715,2.21269479,0.74263055,0.74263055,2.61409251,11.72218095,0.74263055,74.16198923,8788.76170251,7.62440137,208.89352676,7.84335586,26.81799393,130.85041805,313.5662235,17912.62026182,3.00579663,95.06799404,1308.68789937,1374940.01446267,122.74384288,158.58041088,0.709,157.72361471,129.36697762,87.82784005,4048.2604182,425.84096072,,1418.63761396,0.30911474,0.83085753,469.74258555,22606.13611429,89422.90526332,335.01930661,180.45486861,16.32625453,6.35577796,9.31354479,17.34410545,4290.27039086,53.23188306,2099.36359645,3598.23355633,8.07865653,40.07354037,46.94772549,15.4564522,1732.40041474,17.24154343,4.08782457,63.78576641,16.32625453,1361.48012873,36.77055147,9.53031905,152.18009146,1.69793778,0.38495458,1.0,3.38227424,4.44987921,60.61820666,277.37490798,3.72281154,5953.32888173,3.64,4.54085285,101.58156284,80.98012231,1469.09936742,3.75,8.03382041,14.20360264,600.22063975,9.48724464,1.28057453,0.74263055,22.90968429,570.03331523,37.66285727,5071.09411285,21.34850613,,16.32625453,33.07720889,9.22122514,3.49943721,2.91778201,2.37955832,47.59399469,6.76717534,32.23605603,2645.76504863,44.75411737,3731.00241919,40.16816389,11874.20565926,753.62602297,26256.69113984,119.22820331,2.7091621,567.78794762,2.70713222,567.78794762,103.29202221,237.66392255,16.32625453,19.09908568,26.63438388
2026-08-07,3.6725,65.50205294,80.86463151,366.31425332,1.80529327,916.60246847,1499.68507175,1.42307969,1.79,1.69999976,1.69729106,2.0,123.95311494,1.69729106,0.376,2993.32924047,1.0,1.28266352,12.11567868,5.12060065,1.0,95.38432102,13.5485542,2.96629043,2.0146631,1.40188196,2289.97573706,0.81248317,915.95667393,6.74737063,3157.90404626,455.08348523,26.50002426,95.69353454,21.0453774,178.18259853,6.48766673,58.37990254,132.96407747,49.69107608,15.0,161.40603665,0.86781114,2.22045224,0.74328627,0.74328627,2.61161698,11.75274963,0.74328627,73.97722225,8794.08547222,7.6364561,209.59489062,7.8447268,26.82495886,130.98875064,317.17007751,17940.9055965,3.01296598,95.38432102,1312.45549056,1374851.25316881,123.58216794,158.79867648,0.709,158.36203733,129.37238609,87.757911,4061.18305105,426.93509456,,1419.49273817,0.30929574,0.83191621,469.24502459,22617.69397411,89923.67738962,336.53273732,180.64018296,16.36066971,6.38645408,9.33009845,17.43005287,4307.33102695,53.40538667,2099.40073078,3597.83654616,8.08006861,40.16467687,46.92928374,15.45936567,1736.35626328,17.20362229,4.09209205,63.82524386,16.36066971,1364.51340159,36.83209846,9.54409259,152.68645188,1.70475584,0.38484977,1.0,3.38708421,4.42220643,61.00458756,278.01097987,3.73507815,5957.85908563,3.64,4.56093884,101.84136472,82.99869591,1471.14782698,3.75,8.03241444,14.49661255,600.26633519,9.51853622,1.28266352,0.74328627,22.87496422,571.43214134,37.92536446,5071.09411285,21.37632178,,16.36066971,33.13944799,9.24222353,3.4999816,2.92453784,2.38549532,47.69811986,6.77981225,32.20665022,2652.71668255,44.80448932,3727.88504173,40.35059651,11929.28581614,754.59552048,26232.60914685,119.45685783,2.70628829,569.24679274,2.70685187,569.24679274,103.55741542,236.79303915,16.36066971,19.09821446,26.63288116
2026-08-08,3.6725,65.81999994,80.65618069,366.1533986,1.80041852,917.82837032,1496.38329327,1.4150265,1.79,1.69999957,1.69209767,2.0,123.68677531,1.69209767,0.376,2989.8257557,1.0,1.27958476,11.87908114,5.08215022,1.0,95.12434377,13.49542717,2.97804968,2.00887946,1.39411438,2284.174,0.80784524,912.85559883,6.7481105,3156.46252034,454.30043774,26.50629219,95.40073022,20.98116853,178.131,6.46738598,58.19434956,132.92862441,49.69136621,15.0,160.18861533,0.8651558,2.20843397,0.74159013,0.74159013,2.60841033,11.75886215,0.74159013,73.47309653,8778.12765131,7.6286062,208.81840162,7.84498232,26.84808332,130.73753354,314.05162239,17796.26072601,3.00179807,95.12434377,1311.46178457,1375876.6260633,123.35779359,158.58743028,0.709,157.8235268,129.13260831,87.75850936,4053.4884976,425.62875299,,1407.69913784,0.30867306,0.83229946,467.9652195,22607.99846697,89130.57066984,335.39211941,180.37629378,16.14974279,6.35998316,9.31196599,17.38541228,4311.1733649,53.36868686,2099.51669112,3597.61231274,8.08033179,40.08729035,47.05249212,15.44900775,1737.38320871,17.13792521,4.09065828,63.82053913,16.14974279,1366.01692607,36.79341364,9.50721022,152.2702933,1.69655034,0.38420715,1.0,3.37213262,4.42957463,60.78462324,277.78140288,3.71862529,5943.71379684,3.64,4.53519857,101.50886104,81.91227992,1468.63532499,3.75,8.05879297,14.47249895,600.17860438,9.47988912,1.27958476,0.74159013,23.08030257,571.449071,37.82285793,5071.09411285,21.42650334,,16.14974279,32.99364882,9.22390705,3.42396055,2.93252703,2.39429066,47.87666682,6.78081079,32.22183177,2645.99449547,44.78521371,3726.47084238,40.16794627,11932.1527423,756.0296089,26212.43478295,119.30698236,2.73370339,567.50500399,2.70246882,567.50500399,103.24054909,237.26447444,16.14974279,18.75314893,26.65731291
2026-08-09,3.6725,65.77092699,80.6406315,366.21086746,1.79587561,916.78100479,1499.05300933,1.41506055,1.79,1.70083636,1.69184201,2.0,123.9158541,1.69184201,0.376,2989.21639479,1.0,1.27959105,11.87409656,5.08518303,1.0,95.22681577,13.49704785,2.9690749,2.0128324,1.39466249,2266.97900378,0.80792843,912.84139373,6.7476207,3156.44653926,450.8982967,26.50228733,95.38631603,20.98334976,178.30306751,6.46763744,58.18377407,132.929,49.78401857,15.0,160.20414387,0.86502508,2.21664307,0.74120218,0.74120218,2.61380664,11.75717219,0.74120218,74.01883516,8789.76863457,7.62399662,209.37847553,7.84356423,26.85787904,131.25434826,314.11346536,17891.82370494,3.01951179,95.22681577,1310.18739871,1375668.74341673,123.35741275,158.57445185,0.709,157.82344872,129.36155375,87.75850936,4053.44505235,425.56444433,,1407.76056354,0.30877204,0.82396102,468.95226075,22571.86274931,89578.88322852,335.38573712,181.5301519,16.14068836,6.36102251,9.31909676,17.37074915,4311.96278085,53.22196558,2099.54851081,3594.25979327,8.07887116,40.08272096,47.06900484,15.4526992,1736.14282825,17.13691149,4.0899636,63.87232785,16.14068836,1366.90075022,36.75178023,9.50858592,152.43432534,1.69652552,0.38499175,1.0,3.38340211,4.41021056,60.83432001,277.77363891,3.71913331,5945.43080895,3.64,4.5288417,101.50936034,81.60545262,1470.7100122,3.75,8.06401687,14.7117572,600.17214874,9.48105039,1.27959105,0.74120218,22.86121666,582.47166215,37.83398563,5071.09411285,21.29749678,,16.14068836,33.04805197,9.24961417,3.49605975,2.92143852,2.3708335,47.79599999,6.76068124,32.21148391,2645.22001385,44.76018203,3726.36490941,40.14122961,11951.9886842,755.51665497,26267.6843,119.29378646,2.73371654,567.41925911,2.70014932,567.41925911,103.22495037,237.47510511,16.14068836,18.78500792,26.65731291
2026-08-10,3.6725,65.51534419,80.65099458,365.16736053,1.79705382,918.22630708,1493.80383855,1.41550026,1.79,1.70001318,1.69284921,2.0,123.45187989,1.69284921,0.376,2987.56965392,1.0,1.27942145,12.10171296,5.08367358,1.0,95.1417097,13.46081932,2.97020803,2.01145972,1.39525318,2289.34281851,0.80882203,912.90392098,6.74557726,3156.85761017,453.7715308,26.50459877,95.44310203,21.00098958,177.84628787,6.47029164,58.22481379,132.8264147,49.89195147,15.0,160.84977413,0.86554006,2.21142579,0.74138201,0.74138201,2.61147779,11.71493197,0.74138201,73.98113672,8773.55823254,7.61926294,208.63555124,7.84500943,26.82958963,130.47320108,314.45472786,17817.06433013,3.0011791,95.1417097,1307.12433986,1375788.73017956,123.42516283,158.37525361,0.709,158.27911574,128.96552428,87.48417758,4052.19023805,425.81779414,,1416.0037789,0.30882719,0.83156366,468.48814854,22496.45157633,89596.82321091,334.50606046,180.30426136,16.16248091,6.34437796,9.32218559,17.34065444,4310.22318946,53.22787781,2098.99678369,3597.36194661,8.08035972,40.09301841,47.16223257,15.455649,1729.9756887,17.14348523,4.08804926,63.80899719,16.16248091,1361.93145325,36.7507465,9.50356487,152.29809181,1.69961729,0.38483272,1.0,3.37798293,4.41183156,60.79751202,277.26151543,3.72096968,5929.20771641,3.64,4.54146505,101.52107928,81.65777278,1467.90102206,3.75,8.03240093,14.52460093,600.18108939,9.49136772,1.27942145,0.74138201,22.84505319,569.37709391,37.84369141,5071.09411285,21.34049598,,16.16248091,33.00743798,9.2011704,3.5063284,2.91993706,2.38590818,47.71479488,6.77040329,32.23853014,2644.56790788,44.77746054,3718.47046586,40.14755309,11918.81827143,756.04503894,26193.34332644,119.07033869,2.70806158,567.75705886,2.70670143,567.75705886,103.28640293,237.24633054,16.16248091,18.75710971,26.62140234
2026-08-11,3.6725,65.4891326,80.57852843,365.95098689,1.80323852,915.97737272,1498.42068104,1.41684801,1.79,1.69999604,1.69400344,2.0,123.63974042,1.69400344,0.376,2989.25923313,1.0,1.28004741,11.99626632,5.10785465,1.0,95.40994843,13.48990759,2.97570465,2.01358338,1.39335168,2289.9646108,0.80990854,916.10124114,6.7450291,3139.04668916,453.83088097,26.50245745,95.50817774,21.0083067,178.10313786,6.47494982,58.34791613,132.8767175,49.89835723,15.0,161.58887814,0.86613021,2.21239578,0.74018925,0.74018925,2.61460202,11.76239329,0.74018925,74.09486539,8788.97283552,7.63116923,209.58656195,7.84584302,26.82460458,130.8656949,315.83708158,17797.24749763,2.99658408,95.40994843,1311.32330881,1374852.49240743,123.16666934,158.92477321,0.709,159.18589706,129.36953706,87.48536353,4057.45963317,426.10812831,,1415.46600983,0.30893713,0.83191861,466.73873032,22653.52159555,89884.75327219,335.41787974,180.54178695,16.18864289,6.37791481,9.31735519,17.39139882,4298.82233446,53.28421357,2099.76891428,3595.84976614,8.08121831,40.13970062,46.98982334,15.45546144,1735.05009418,17.13381528,4.093816,63.82494265,16.18864289,1364.32244598,36.8127543,9.4897177,152.72747496,1.69912746,0.38483213,1.0,3.37898086,4.48167088,60.9819156,277.84696761,3.72706465,5956.50683563,3.64,4.54198385,101.65666028,82.50767249,1470.69519962,3.75,8.03242876,14.14513838,600.20295419,9.4881664,1.28004741,0.74018925,22.87010715,571.35200938,37.7548525,5071.09411285,21.35216864,,16.18864289,32.99234949,9.24342429,3.50661741,2.92581888,2.38541507,47.73400681,6.77998397,32.20669293,2648.52109312,44.85355972,3728.60737893,40.31406558,11926.69338558,755.98595248,26141.23841806,118.89798016,2.70413437,568.14417108,2.70687344,568.14417108,103.35682641,237.25902571,16.18864289,18.76319413,26.60398265
2026-08-12,3.6725,65.41397928,80.62952779,365.67060648,1.8007683,918.48666074,1490.86757834,1.41710052,1.79,1.69999989,1.69536638,2.0,123.40012978,1.69536638,0.376,2988.73800688,1.0,1.28081094,11.95995819,5.16980673,1.0,95.45059858,13.49231819,2.96414116,2.01306617,1.39300443,2288.3921131,0.81170231,914.00543207,6.74608387,3132.4715825,453.82647104,26.50450748,95.58502071,21.0278278,178.04085402,6.48032096,58.29378587,132.9788367,50.1809659,15.0,161.49061892,0.86682707,2.21406909,0.74055252,0.74055252,2.61379248,11.72437936,0.74055252,74.14274755,8784.50142445,7.62674005,209.27902171,7.8467675,26.81559008,130.99467426,316.61237472,17869.97429075,3.00405439,95.45059858,1310.07459996,1374933.83960692,123.08655905,158.16163912,0.709,159.42310744,129.33628376,87.45906693,4047.28247547,426.45096193,,1415.79153507,0.30886898,0.83128355,466.05174491,22515.78584166,89861.69679448,334.28819566,181.0828949,16.19604433,6.37380567,9.30858402,17.35225768,4308.64899786,53.30106106,2099.53711707,3597.73624455,8.08217052,40.01190872,47.02594077,15.45611291,1733.30553321,17.06954764,4.09214903,63.81879336,16.19604433,1361.53879615,36.787339,9.49659629,152.79254568,1.70375771,0.38479047,1.0,3.38205998,4.48710051,61.37205035,277.47511034,3.72869151,5950.5720043,3.64,4.54079437,101.72597621,82.46225056,1471.93799686,3.75,8.01802736,14.20078787,600.14752923,9.53213261,1.28081094,0.74055252,22.83985653,570.63657535,38.03888582,5071.09411285,21.38711855,,16.19604433,33.15843959,9.21556474,3.5080152,2.92095119,2.38276994,47.75415159,6.77355402,32.20857152,2649.56508452,44.83538789,3721.9903887,40.25076699,11924.19240982,761.68984914,26139.33669511,118.39370594,2.71304184,568.60128257,2.70672284,568.60128257,103.43998416,237.19046495,16.19604433,18.82053893,26.60390049
2026-08-13,3.6725,65.44016288,80.56954352,366.12026825,1.80257382,917.82070567,1492.62244568,1.4174551,1.79,1.7000002,1.69727761,2.0,123.18828027,1.69727761,0.376,2989.86819104,1.0,1.280339,11.79468832,5.1892956,1.0,95.37913651,13.46698878,2.989111,2.0140736,1.39470323,2289.32740302,0.81375171,914.55033478,6.74392448,3139.52972574,452.93375212,26.50916396,95.69277612,21.02616117,177.88850571,6.48765896,58.42203329,133.01040371,50.21569465,15.0,161.52516876,0.86780426,2.21485518,0.74128702,0.74128702,2.6120168,11.31157148,0.74128702,74.26488692,8794.82531494,7.62923432,209.30004049,7.84718712,26.85555014,130.98604409,316.03948644,17884.49984616,2.98244497,95.37913651,1310.86553026,1375100.37114753,123.22561166,158.37117499,0.709,159.42407996,129.28350076,87.45982191,4048.45316274,426.9317109,900.3116696,1415.17038732,0.3090927,0.83167856,465.33865074,22558.40643952,89758.55352154,334.43117026,181.76697913,16.14587921,6.38096724,9.3052687,17.3372514,4306.69233358,53.30408712,2099.5465574,3598.20986864,8.08260273,40.02210878,47.17483569,15.45920321,1736.58030113,17.06162727,4.08730226,63.83861216,16.14587921,1362.06365143,36.80672078,9.5011315,152.67815276,1.70872108,0.38492749,1.0,3.37515314,4.42356758,61.25684354,277.88925897,3.73684826,5966.69044495,3.64,4.54348456,101.8170467,82.92686861,1470.97590488,3.75,8.01218905,14.1902775,600.18621811,9.58170613,1.280339,0.74128702,23.60763392,571.28310773,37.69708594,5469.08737461,21.38836182,13006.49623508,16.14587921,33.09151238,9.25438318,3.49634254,2.93548731,2.38251698,47.77448903,6.78203247,32.17135614,2647.22284918,44.75807632,3715.64159785,40.12525591,11943.6406751,765.42511167,26083.15173363,118.57332587,2.71166651,569.2422812,2.70731987,569.2422812,103.55659468,237.19459297,16.14587921,18.83934879,26.57367814
2026-08-14,3.6725,65.41065561,80.5706232,365.43483887,1.80007591,916.69382909,1491.81712369,1.41683431,1.79,1.70016845,1.69547329,2.0,122.72695896,1.69547329,0.376,2989.59499459,1.0,1.28021782,11.69738312,5.19615218,1.0,95.38605121,13.42991237,3.00736095,2.01394829,1.39259593,2287.50145658,0.81390754,914.43104959,6.74402615,3120.27818297,450.01332437,26.50311612,95.59104814,20.99585699,178.13199793,6.48034384,58.53487795,133.04171087,50.17866919,15.0,161.45325822,0.86688173,2.21311289,0.74118552,0.74118552,2.61104732,10.96184005,0.74118552,74.43135254,8799.05452374,7.6273639,209.06401323,7.84688552,26.81128701,131.49333107,314.96678423,17849.97709094,2.96412399,95.38605121,1310.19227799,1374749.14057802,123.27683993,158.08489017,0.709,159.42852697,129.26390948,87.46035917,4046.29035711,426.47785321,900.10612568,1414.65706625,0.30863019,0.82987774,465.6168374,22564.86670502,89930.08552498,333.29241931,181.72369521,16.19778196,6.36816002,9.3052105,17.29851062,4314.08470674,53.29916046,2100.09317768,3597.82712482,8.08229208,40.1332651,47.13878018,15.45927423,1733.56900469,17.03479887,4.0867873,63.73175385,16.19778196,1360.91346407,36.77127259,9.50841486,152.68922148,1.70658425,0.38489138,1.0,3.37924025,4.48753552,61.38015907,277.55153859,3.73704354,5962.79874113,3.64,4.54077214,101.69752108,83.08333181,1470.78539984,3.75,8.03979269,14.30220558,600.17329626,9.56032683,1.28021782,0.74118552,22.90491637,570.88424817,37.70121684,5655.48898082,21.3632056,13003.52882431,16.19778196,33.23127503,9.24330077,3.50741778,2.93346112,2.39545623,47.86190294,6.76511676,31.99225967,2643.24664244,44.76555602,3711.80042462,40.17579874,11948.1885265,767.27603668,26097.05019057,118.36700204,2.73365573,568.63713761,2.70659696,568.63713761,103.44650691,237.17259805,16.19778196,18.76052688,26.59532387
2026-08-15,3.6725,65.48793072,80.22386719,365.82452955,1.80089552,916.14406447,1478.17778099,1.41152316,1.79,1.69999951,1.69037017,2.0,122.71375435,1.69037017,0.376,2986.40750622,1.0,1.27914672,11.60655339,5.21894975,1.0,95.59160391,13.46447421,3.03939417,2.01464416,1.38732128,2292.5,0.81324602,915.01841241,6.74235441,3147.77433043,449.47153015,26.49290155,95.30333358,20.93240991,178.08,6.46055287,58.49311032,132.8232176,49.96081573,15.0,161.67974075,0.86427255,2.21315572,0.73889971,0.73889971,2.6063327,10.9526717,0.73889971,73.46958138,8781.53439707,7.62676782,208.69780521,7.84717017,26.79837075,130.73439354,313.83066783,17833.72391303,2.95530212,95.59160391,1309.866496,1374219.32081359,122.89210365,158.30755262,0.709,159.32049484,129.24704453,87.45982736,4041.43514742,425.19421954,899.75922868,1416.46751987,0.30864242,0.83249954,463.89117418,22540.1378947,89066.41197372,332.60843175,181.40830867,16.20372322,6.36438033,9.28503124,17.32854721,4301.4387343,53.21114409,2100.1418761,3596.36882447,8.08258528,40.13632926,47.09037574,15.45793045,1733.01997932,17.02343575,4.08589966,63.86702773,16.20372322,1359.94834002,36.78330367,9.4426671,153.01825996,1.69729819,0.38275925,1.0,3.37064973,4.49222858,61.45792218,277.62418794,3.72295507,5997.48347605,3.64,4.52519701,101.42540747,84.16043273,1470.37130721,3.75,8.03924712,13.70348942,600.17971931,9.52578589,1.27914672,0.73889971,22.9130331,553.6437123,37.89128793,5674.9180725,21.19031984,12998.5173231,16.20372322,33.09934495,9.23669165,3.50601685,2.92619518,2.40841823,47.97435224,6.77444933,32.01112122,2649.55430665,44.70116263,3711.0465111,40.04430878,11901.11819635,770.82122369,26219.35248553,118.77488701,2.73448321,566.92562605,2.70248803,566.92562605,103.13514861,237.18582297,16.20372322,18.95818575,26.58679859
2026-08-16,3.6725,65.35416182,80.22424701,365.82000404,1.79706519,916.16409356,1487.25429444,1.4120931,1.79,1.70085569,1.69058947,2.0,123.23453763,1.69058947,0.376,2988.33771091,1.0,1.27910094,11.6169675,5.21796935,1.0,95.55083338,13.455562,3.03756788,2.01676601,1.38740801,2264.61875226,0.8134798,915.0480555,6.7423263,3137.50442385,448.44063492,26.49633855,95.31569757,20.93358364,178.30186391,6.46073413,58.53697301,132.856,50.25675234,15.0,161.99865507,0.86438467,2.21312355,0.73900009,0.73900009,2.60964632,10.95699076,0.73900009,74.92786726,8801.38938365,7.62400205,208.91709522,7.84720013,26.84921169,131.72862376,313.86875034,17855.3405908,2.96382287,95.55083338,1310.29198349,1374397.60245623,122.8853288,157.93585791,0.709,159.32046905,129.27796512,87.45982736,4045.17002595,425.24938127,899.87595717,1415.30203954,0.30861729,0.82035553,463.53670249,22455.99567348,90077.41998113,332.85260122,181.54023725,16.17987504,6.36759202,9.27919659,17.29622458,4323.44349043,53.10992029,2099.64666041,3596.03607242,8.08261613,40.19034814,47.14640704,15.4597444,1733.24531952,17.02355719,4.08616159,63.74710336,16.17987504,1359.34552588,36.71387751,9.44264964,152.95299653,1.69731463,0.38500574,1.0,3.3816758,4.33586604,61.43577467,277.54297293,3.72296874,6013.390417,3.64,4.52658768,101.42107576,83.9851108,1471.19373238,3.75,8.04153136,14.66752004,600.21259712,9.52622116,1.27910094,0.73900009,22.91008305,565.60906504,38.10194737,5674.9180725,21.26060764,13000.2036602,16.17987504,33.15922772,9.25418871,3.50609738,2.91462269,2.37221284,47.95528512,6.73017047,32.00094557,2644.18412125,44.73079316,3710.6082912,40.27977098,11893.76400029,769.09150397,26142.7828198,118.22491471,2.73449081,566.99917503,2.70021702,566.99917503,103.14852865,237.15345129,16.17987504,18.9207115,26.58679859
2026-08-17,3.6725,65.46822596,80.18519381,365.10953492,1.79822374,919.40076668,1474.81576477,1.409998,1.79,1.6999794,1.68905974,2.0,122.59971149,1.68905974,0.376,2982.87662533,1.0,1.27802634,11.62977659,5.22021876,1.0,95.5786035,13.44460294,3.0351121,2.01123211,1.3871253,2292.49974172,0.81218113,914.30772232,6.74216332,3145.13944997,449.03334986,26.49997275,95.22945131,20.91524413,177.88878482,6.45581818,58.41246618,132.72588382,49.85261362,15.0,161.43029283,0.86360253,2.22327062,0.73795873,0.73795873,2.60647482,10.91970079,0.73795873,74.09394986,8783.2031508,7.62226699,208.73764333,7.84691393,26.77954196,130.53210153,313.52279143,17794.80234377,2.95560097,95.5786035,1307.41455478,1374586.10865181,122.81034786,158.03038172,0.709,159.09594895,129.27763522,87.83034894,4039.64712938,424.86459502,899.99938118,1412.06337161,0.30867749,0.83135763,463.33405329,22523.81007555,89755.51777484,332.07092952,181.35757682,16.17933273,6.35444476,9.334247,17.30158102,4297.37251904,53.13005825,2099.91791914,3597.97595284,8.08232135,40.07540459,47.10458362,15.4593758,1730.30391359,17.01140146,4.08348587,63.86936206,16.17933273,1358.70560252,36.76589035,9.43565935,152.99744955,1.69377525,0.38478791,1.0,3.36608709,4.47060521,61.53694775,277.3028708,3.71915636,5989.77324749,3.64,4.52666546,101.35440154,83.92264187,1468.79562007,3.75,8.02370651,14.21934989,600.22736419,9.51218576,1.27802634,0.73795873,22.91001617,569.47920175,37.99508938,5676.7956264,21.29135443,13001.98672175,16.17933273,33.09692005,9.21594408,3.50907082,2.92211755,2.40651063,47.89747446,6.76872021,31.9239326,2648.71124,44.72356408,3707.75719042,40.04575469,11904.26338099,770.74239808,26144.75260972,118.76518192,2.73432296,566.48612669,2.7068848,566.48612669,103.05519486,237.20565392,16.17933273,18.96737082,26.57528662
2026-08-18,3.6725,65.87064497,80.13518262,365.85375814,1.8028828,918.36765765,1487.86098046,1.40720831,1.79,1.69999987,1.68929252,2.0,122.76042713,1.68929252,0.376,2988.22800465,1.0,1.27790774,11.61046085,5.20445448,1.0,95.67394424,13.4613775,3.04491041,2.01344128,1.38722334,2292.21085812,0.81128748,915.17862512,6.7431516,3133.88214092,449.38418118,26.50741836,95.24257552,20.89630641,178.09454236,6.45703676,58.7932909,133.00706735,50.19410941,15.0,161.6753282,0.86372155,2.20669388,0.73828849,0.73828849,2.60669334,10.99916686,0.73828849,74.15878247,8785.07559882,7.62993312,209.32516087,7.8440809,26.81672672,131.01050926,314.30941521,17844.89234646,2.9684826,95.67394424,1310.20599811,1374934.77169465,122.81316982,158.5019914,0.709,159.53433835,129.35714201,87.83039389,4043.39365008,424.92314846,900.25222729,1411.19834262,0.30834687,0.83165979,462.08870061,22556.70058389,89765.33548088,332.0614082,181.54022619,16.24102591,6.35708547,9.2947052,17.22472486,4311.00047027,53.11463747,2099.53565271,3597.64551886,8.07940333,40.12827358,46.93212855,15.45927447,1735.515312,17.0440884,4.04942043,63.85694239,16.24102591,1352.91943,36.81012275,9.41778261,153.15006625,1.69612971,0.38474885,1.0,3.36826522,4.42410687,61.61604759,277.73437676,3.72777833,6027.74699339,3.64,4.52339974,101.3780791,85.0281984,1469.36401145,3.75,7.99833607,14.55265285,600.17424017,9.51827245,1.27790774,0.73828849,22.92716832,570.69917067,37.79477835,5584.14752524,21.32553145,13005.63950061,16.24102591,33.06076172,9.23622259,3.50997926,2.91703355,2.38052177,47.91054075,6.78068713,31.79847526,2640.76524079,44.77632112,3721.97250154,40.1040995,11884.25799217,771.78275453,26202.03331765,118.40009906,2.70266043,566.56419795,2.7072825,566.56419795,103.06939759,237.1159276,16.24102591,18.94631919,26.70773671
2026-08-19,3.6725,65.96354249,80.10600129,364.805104,1.80234645,917.69789583,1495.0159263,1.4135699,1.79,1.6999997,1.68961109,2.0,122.01329016,1.68961109,0.376,2989.50622364,1.0,1.27872121,11.57497744,5.21555744,1.0,95.74115112,13.50766177,3.04186754,2.01284138,1.3902849,2292.48401731,0.8123996,925.14518852,6.74309192,3102.97274818,449.00418777,26.49799635,95.26053653,20.89845327,178.05746054,6.45852672,58.71899066,133.00382519,50.52947674,15.0,161.56711211,0.86388443,2.21222214,0.73918192,0.73918192,2.60880706,11.03430137,0.73918192,74.38979731,8803.20561413,7.62961459,209.24160129,7.84342781,26.81359076,130.82976739,315.9210601,17865.2094058,2.99332235,95.74115112,1310.30362804,1374471.06875793,122.84897305,158.02408253,0.709,159.48559873,129.47132012,87.8281256,4045.3959338,425.0032812,899.93224505,1407.81593634,0.30879754,0.82925339,462.07641084,22540.97539397,89734.72470263,331.97719718,181.51254506,16.25921841,6.37284694,9.30148068,17.25086813,4306.8382498,53.15255593,2099.60327196,3597.0899786,8.07873065,40.11162837,47.0017347,15.45960922,1734.1097632,17.06462657,4.0660293,63.86764529,16.25921841,1350.65817885,36.79931722,9.41032101,153.25764765,1.70458227,0.38480893,1.0,3.37306098,4.46962127,61.88369434,277.56997215,3.74076973,6035.05795653,3.64,4.52852187,101.39589467,84.8950481,1472.72911491,3.75,7.99689321,14.33200728,600.2302247,9.53924228,1.27872121,0.73918192,22.89832635,570.51009064,38.06576482,5607.18121434,21.32647228,13001.01683095,16.25921841,33.14158632,9.24159058,3.49820075,2.91606795,2.37443316,47.93347417,6.7822253,31.94867945,2649.10615449,44.82100517,3728.10576021,40.15174225,11802.02529059,772.44223485,26182.26923957,118.50283687,2.7011908,566.6710416,2.70653273,566.6710416,103.08883459,237.09748616,16.25921841,18.72850979,26.71676839
2026-08-20,3.6725,65.45076117,79.34431571,362.99461247,1.7912174,918.38437981,1497.0800579,1.40681252,1.79,1.69995954,1.67431361,2.0,121.67713796,1.67431361,0.376,2974.32664264,1.0,1.27153305,11.48592831,5.17846622,1.0,95.62136696,13.45079668,3.02350564,2.00866355,1.38025985,2292.40863421,0.79868718,921.58016049,6.725761,3052.78658253,450.21052685,26.49607303,94.39806215,20.69068878,177.61132343,6.3997389,58.40254451,132.71402877,50.65153671,15.0,162.51581523,0.85606296,2.20035994,0.73493777,0.73493777,2.6054057,11.06530547,0.73493777,74.10400845,8775.68997519,7.61152695,208.00528777,7.84206152,26.73421532,130.0623557,311.5317122,17801.93999955,2.97840183,95.62136696,1302.44241708,1374396.31477959,121.74136375,157.09323585,0.709,158.35607009,129.44209197,87.54423574,4027.38754083,421.15536628,899.86693375,1393.60519056,0.308244,0.83069402,461.27255411,22419.19745664,89383.42526936,329.04281953,181.06150254,16.10072164,6.3277497,9.25464982,17.14198921,4283.17664569,52.79724202,2099.45445875,3597.41731532,8.07732337,39.82817067,46.96997254,15.45870571,1726.05254495,16.94760423,4.04277655,63.81432703,16.10072164,1346.70035119,36.69209459,9.32802347,153.06590316,1.68231263,0.38489416,1.0,3.3507566,4.48949227,61.61871384,276.44722083,3.69721633,5983.61105975,3.64,4.49123218,100.45698285,83.99046392,1466.3672926,3.75,8.00036567,14.5056597,600.16249642,9.43734307,1.27153305,0.73493777,22.91243196,567.12990694,37.80549612,5668.96323629,21.11036719,13000.07329887,16.10072164,32.83390936,9.17246743,3.49926909,2.89807341,2.38213416,47.954513,6.75976967,31.83683345,2646.74681032,44.66280853,3715.5294417,40.01042633,11745.32828402,774.53120171,26122.54542949,118.27924153,2.6931606,561.54048838,2.70693971,561.54048838,102.155484,237.07100524,16.10072164,18.73295131,26.67031293
2026-08-21,3.6725,65.99437341,79.25505488,364.62918212,1.80403112,917.9360489,1497.22660136,1.40270525,1.79,1.70000002,1.67299037,2.0,122.320161,1.67299037,0.376,2976.3977054,1.0,1.27042227,11.54764669,5.19505344,1.0,95.735318,13.44092443,3.04493948,2.01405666,1.37730892,2292.49760299,0.79927885,922.74797884,6.72244605,3070.82348746,454.50691853,26.49772267,94.32345788,20.63720165,178.11796662,6.39473773,58.5062523,132.86323387,50.87824975,15.0,162.97648832,0.8553864,2.19701504,0.73281431,0.73281431,2.60051966,11.09116501,0.73281431,74.16442144,8791.42799772,7.63288518,209.37220587,7.84291544,26.82789166,130.98408891,311.91444247,17744.3234972,3.00171566,95.735318,1311.89466468,1374456.87173302,121.46803094,158.39104376,0.709,158.95638875,129.43131196,87.54824033,4025.23352156,420.8225206,899.92294923,1381.58800483,0.30828406,0.83181074,457.03567552,22534.98162422,89762.68979846,330.33283071,181.57015376,16.10314205,6.34054245,9.25084686,17.1885834,4277.50593354,52.74407409,2099.71678032,3599.19070415,8.0782029,39.92846346,46.64764291,15.45957581,1735.77252344,16.93964187,4.04447235,63.8224924,16.10314205,1350.25682585,36.82098433,9.33259696,153.24831029,1.67633267,0.38479361,1.0,3.35296927,4.48467389,61.67956993,277.79328244,3.69310906,6029.13442377,3.64,4.4918393,100.364604,82.79359431,1471.65123716,3.75,8.01432487,14.0426035,600.13702718,9.47041569,1.27042227,0.73281431,22.9000323,571.82139004,37.81639896,5619.88821364,21.13224343,13000.88254061,16.10314205,32.83722059,9.25070456,3.49646891,2.89863741,2.40825054,48.05128069,6.78341213,31.8476481,2645.63950097,44.66525812,3719.22329681,40.12480959,11844.28901179,775.08286255,26039.36967638,118.57676213,2.71653758,561.09669413,2.70737257,561.09669413,102.07474892,237.07669706,16.10314205,18.97371377,26.63051472
2026-08-22,3.6725,65.45408839,79.21957217,365.14058286,1.80109261,918.56467399,1499.41408917,1.39460643,1.79,1.69999799,1.67506707,2.0,122.17282118,1.67506707,0.376,2982.73948814,1.0,1.26953302,11.54420316,5.13889475,1.0,95.69995483,13.39449629,2.993647,2.0143668,1.37670384,2292.5,0.80106048,915.21209319,6.7217911,3040.92543589,454.19322917,26.52614381,94.44054221,20.64336324,178.08,6.40264347,58.80048982,132.93655932,50.87230866,15.0,161.19773986,0.85644819,2.19149053,0.73285989,0.73285989,2.60499712,11.11570557,0.73285989,73.46723173,8770.25307978,7.62897649,208.79191983,7.84012629,26.87773777,130.78698665,310.50168403,17665.97358799,2.98694339,95.69995483,1311.44848881,1375956.10220223,121.22878616,158.1520906,0.709,158.98651301,129.4497832,87.64558796,4046.20779142,421.34489038,900.88818299,1385.95698153,0.30836723,0.83219836,459.05452555,22503.96190551,88529.27435663,329.12358661,181.61458636,16.01601945,6.35996206,9.24761853,17.2072159,4321.18057866,52.74294897,2099.81157377,3598.62663545,8.07533007,40.12833597,46.60866967,15.45789216,1730.15031323,16.92093558,4.03866175,63.81979772,16.01601945,1350.12852881,36.69767218,9.29502351,153.19170269,1.67246291,0.38485451,1.0,3.35386749,4.42897189,61.75341985,277.69031728,3.69252582,6019.08702772,3.64,4.49895024,100.44539687,82.75889719,1470.83961847,3.75,8.01795236,13.60915768,600.21623224,9.4750507,1.26953302,0.73285989,23.21996788,571.43211108,37.77909305,5612.85536586,21.34682566,13014.82693639,16.01601945,32.64991815,9.22238689,3.50815622,2.89786039,2.40877722,47.99850253,6.78547906,31.83482876,2647.78176191,44.69835919,3723.79776926,40.20587471,11889.07547119,777.8859986,26056.11918265,118.60781985,2.71590766,561.79318717,2.70246061,561.79318717,102.20145498,237.0773839,16.01601945,18.96671744,26.64222735
2026-08-23,3.6725,64.98550215,79.22571274,365.15096847,1.79718215,918.37869973,1499.45193821,1.39473512,1.79,1.70159197,1.67376464,2.0,122.59465632,1.67376464,0.376,2983.76141477,1.0,1.26951281,11.5357154,5.14862646,1.0,95.68878374,13.39478912,2.99561878,2.01609213,1.37670039,2276.0089184,0.80113446,915.16454448,6.72251362,3043.28839221,449.69986548,26.50551878,94.36711128,20.64616868,178.28262797,6.40192853,58.65474944,132.946,50.87563586,15.0,161.1106605,0.85578227,2.20690611,0.73302784,0.73302784,2.61124285,11.12330132,0.73302784,74.12755183,8789.41746801,7.62494935,209.26574926,7.84086869,26.87343629,131.23038768,310.47533986,17666.50000013,2.98225128,95.68878374,1310.15766525,1374886.24664096,121.23265611,158.03121393,0.709,158.98649435,129.44403457,87.64558796,4045.2186244,421.01727951,900.1877099,1386.23439593,0.30833514,0.82164025,457.64498577,22496.64694387,89340.01728185,329.3710827,181.58636354,16.02533805,6.35075712,9.25617611,17.13556432,4320.70366134,52.7028308,2099.61777089,3594.91563884,8.07609475,40.02356514,46.60756015,15.45684231,1731.70381564,16.91810692,4.03887688,63.88188251,16.02533805,1351.78232221,36.69868514,9.29710741,153.17382056,1.6724584,0.38495325,1.0,3.3538055,4.33916987,61.72645245,277.67501565,3.69258735,6021.33043904,3.64,4.49911048,100.45467109,82.69454916,1471.28341935,3.75,8.03020785,14.17769246,600.18203083,9.46795708,1.26951281,0.73302784,24.48153328,571.48733939,37.78722843,5612.85536586,21.19692004,13004.70743843,16.02533805,32.70547011,9.24351408,3.49977962,2.8980656,2.36244089,47.97917964,6.74731583,31.8373157,2645.9438765,44.6673479,3722.89250811,40.14964575,11852.25924918,777.92031321,26103.10240619,118.61883567,2.71590763,561.35637268,2.70032562,561.35637268,102.12198966,237.07234798,16.02533805,18.98170005,26.64222735
2026-08-24,3.6725,65.48992792,79.25683838,364.64062699,1.80437597,919.43037034,1500.42659533,1.39526611,1.79,1.70000015,1.67482928,2.0,122.40613709,1.67482928,0.376,2980.30454319,1.0,1.26959689,11.56534764,5.13780028,1.0,95.70189216,13.41869902,2.9964538,2.02231452,1.37977069,2292.49960053,0.8006179,919.46813216,6.7222017,3048.22776104,453.69344522,26.51290895,94.42713563,20.65539284,178.16127404,6.40177418,58.66812612,132.98645514,50.91379535,15.0,161.96921935,0.85632661,2.19156196,0.73298523,0.73298523,2.59736415,11.15323696,0.73298523,74.24075554,8799.02327256,7.63351094,209.50662061,7.83724518,26.86994044,131.011896,310.45335017,17690.57706455,2.98735907,95.70189216,1312.30724009,1375269.60170195,121.26064248,158.92854338,0.709,158.91912683,129.44653216,87.54359998,4042.74542943,421.28507713,900.43870636,1383.97200585,0.30839794,0.83183305,459.23613454,22546.27884113,89838.17932201,329.68829996,181.59108923,16.01122346,6.36459995,9.23383444,17.23909407,4315.31563415,52.6484992,2099.30817523,3597.70228437,8.07236253,40.13946505,46.76004541,15.45991111,1736.49749638,16.92933272,4.04038708,63.82252735,16.01122346,1349.55557808,36.76121619,9.3100713,153.19480388,1.67334251,0.38486842,1.0,3.35766627,4.43639203,61.75324826,277.88084731,3.69554454,6033.67346152,3.64,4.49911441,100.43835136,82.75052711,1473.01227317,3.75,8.00770611,14.53176671,600.150921,9.4763417,1.26959689,0.73298523,22.87496385,569.39951544,37.78486793,5612.46287015,21.23977454,13008.33350644,16.01122346,32.64660713,9.23839873,3.49625268,2.89062004,2.40834485,48.07594028,6.7894983,31.80802425,2650.11809193,44.7224873,3722.58795658,40.1352706,11848.27938252,780.87644074,26062.35511481,118.35965969,2.71590785,561.71343617,2.707332,561.71343617,102.18694667,237.071535,16.01122346,18.98485637,26.63447696
2026-08-25,3.6725,65.41304931,79.33644863,365.04008979,1.80101142,918.13959848,1509.23054647,1.39785841,1.79,1.69999975,1.67666475,2.0,122.76267752,1.67666475,0.376,2980.87949952,1.0,1.27017521,11.49955653,5.15518323,1.0,95.74506573,13.39101852,2.99757736,2.01351231,1.38505171,2292.209533,0.80273508,912.9019764,6.7216634,3061.61767383,453.39277375,26.51068332,94.53062,20.65315947,178.34517819,6.40837,58.55688678,133.07029266,50.81642636,15.0,162.73384154,0.85726508,2.20011336,0.73336554,0.73336554,2.60350121,11.14367223,0.73336554,74.39420066,8788.77833067,7.62806793,209.12017946,7.83645046,26.81499416,130.83698846,311.05877046,17726.30008784,3.00255319,95.74506573,1309.97154617,1375129.14952871,120.88097793,158.14525621,0.709,159.19886493,129.41132209,87.54731779,4045.51174019,421.74677092,900.36312258,1382.88197903,0.30848656,0.83160906,457.27515091,22456.17643872,89782.35101871,328.81055281,181.47090748,16.01084112,6.33124682,9.25473881,17.26930383,4305.62123414,52.72263869,2099.08603655,3599.5433025,8.07154398,40.21027753,46.48273823,15.45916199,1733.33437012,16.94689672,4.04479658,63.81002374,16.01084112,1347.34780616,36.72670438,9.30212978,153.26391397,1.67809488,0.38491042,1.0,3.35662969,4.46855315,61.73974885,277.38253908,3.69180329,6009.28937371,3.64,4.50277039,100.55502067,83.88240533,1472.54771196,3.75,7.98124031,14.31635463,600.26398954,9.49423022,1.27017521,0.73336554,22.86495459,571.45040333,37.7950761,5661.16612334,21.1305192,13007.24156686,16.01084112,32.70936298,9.23668316,3.5065065,2.9018008,2.38047296,48.09825324,6.78983948,31.88182408,2648.05431515,44.69568559,3722.75171676,40.06961174,11805.53005221,783.41528439,26145.32933237,118.39648979,2.69075071,562.3290279,2.70691788,562.3290279,102.29893516,237.08579362,16.01084112,19.16243612,26.79954178
2026-08-26,3.6725,65.94542535,79.15151811,363.94531534,1.80050547,920.18192611,1511.50531407,1.39456225,1.79,1.70000011,1.67597573,2.0,122.90793415,1.67597573,0.376,2983.79303046,1.0,1.26938924,11.50383048,5.14863861,1.0,95.27653497,13.37478512,3.01493109,2.01268932,1.38468451,2292.46666922,0.80217436,913.30826026,6.72106248,3092.65972186,454.06062877,26.5066578,94.49177278,20.62548607,177.99732463,6.40619228,58.35633924,133.01553456,50.3791859,15.0,161.28616936,0.85691278,2.19342309,0.7328643,0.7328643,2.61049591,11.17190717,0.7328643,74.20798684,8785.13157954,7.62647731,209.04606096,7.84119092,26.81124954,130.73625853,309.0613549,17689.03418936,2.97860097,95.27653497,1309.24302927,1374945.34519907,120.99890341,158.55556521,0.709,159.09963684,129.42050818,87.54554012,4043.63709436,421.57345469,900.22640382,1382.97097877,0.30860258,0.83148809,457.62009823,22465.52056755,89627.56593588,328.18735777,181.43699604,15.93695769,6.32580474,9.2609073,17.26147789,4274.30261188,52.7090632,2099.70862743,3598.35570104,8.07642665,40.06692581,46.76792708,15.45941027,1733.174368,16.95104257,4.03545329,63.81660246,15.93695769,1346.90659134,36.787233,9.32678225,152.51391336,1.67553249,0.38489231,1.0,3.35360516,4.43054926,61.57974072,277.33341438,3.6868918,5994.2847308,3.64,4.50438799,100.53222271,83.67034051,1471.83852261,3.75,7.97840653,14.18789883,600.16908666,9.46066374,1.26938924,0.7328643,22.86532987,570.23529202,37.99768924,5594.90675631,21.15574066,13005.26644289,15.93695769,32.72042504,9.21303118,3.50705506,2.89991404,2.37883634,48.11484075,6.79081161,31.85978092,2647.44334992,44.60566348,3728.72655942,40.16299384,11772.09608521,784.15245087,26079.33457108,118.45104433,2.6824097,562.09793959,2.70747391,562.09793959,102.25689556,237.11320952,15.93695769,19.08545694,26.65024481
2026-08-27,3.6725,65.33535622,79.14590066,364.0145207,1.80297722,915.89288166,1514.52763512,1.39217444,1.79,1.69996864,1.67891912,2.0,123.04792659,1.67891912,0.376,2986.53889718,1.0,1.27126997,11.55371369,5.1471343,1.0,95.55304676,13.3664977,3.01796663,2.01447853,1.38843085,2294.9999808,0.80600663,919.99818111,6.72034171,3127.07014456,454.53410203,26.50660937,94.65772149,20.72716271,178.13403667,6.41704875,58.2201364,133.1669817,50.24031864,15.0,162.70429542,0.85841772,2.19335356,0.73627116,0.73627116,2.60376937,11.19638539,0.73627116,74.37548074,8807.38584924,7.63133608,209.25055323,7.83858426,26.83303415,131.19598839,312.48615171,17758.8859832,2.96941488,95.55304676,1310.91605541,1374917.85223549,120.7010936,158.4934448,0.709,159.3368868,129.40354407,87.54084169,4047.08002554,422.31383208,900.22477521,1380.1535105,0.30872361,0.82927009,461.85759262,22413.59012943,89870.85559019,328.60946401,181.51927598,15.97053299,6.33892279,9.25381568,17.28651252,4312.52798376,52.77987553,2099.82440481,3598.05000029,8.07374178,40.2135386,46.81800863,15.46897074,1734.49619274,16.97719506,4.02621947,63.96148362,15.97053299,1343.08476404,36.78957398,9.36345653,152.9565396,1.68250783,0.38487451,1.0,3.36298161,4.39360735,61.94960089,277.52023434,3.71291948,5985.7957787,3.64,4.51417748,100.73316981,85.31801743,1473.02466319,3.75,7.99873137,14.22648453,600.18085269,9.5411433,1.27126997,0.73627116,22.89489823,571.42743889,37.77274303,5621.41411068,21.19049701,13005.24291851,15.97053299,32.83613647,9.23239917,3.50987856,2.90265612,2.40832494,48.13164204,6.79123079,31.72375992,2646.87750463,44.5411624,3747.58500327,40.20824604,11827.93728834,787.18848775,26080.43897707,118.33667531,2.7063451,563.08510944,2.7064391,563.08510944,102.43648157,236.98941403,15.97053299,19.04980292,26.50904158
2026-08-28,3.6725,65.9590082,79.27074313,363.95716202,1.79997674,916.80238229,1512.18819924,1.38910385,1.79,1.70002613,1.67940516,2.0,123.15507247,1.67940516,0.376,2982.25545154,1.0,1.27092104,11.56051337,5.16335188,1.0,95.414345,13.35821602,3.01136391,2.01130658,1.38468773,2294.99954673,0.80338528,926.50509902,6.72116864,3156.9635146,453.4327399,26.49061886,94.68512423,20.73153451,178.21106481,6.41839918,58.78815076,133.13440888,50.23983998,15.0,163.18298933,0.85866622,2.19143721,0.73583767,0.73583767,2.60479657,11.22064197,0.73583767,75.0300171,8793.0835446,7.62827697,208.96803535,7.8398084,26.83981266,130.67656922,313.0444559,17696.09518994,2.97387052,95.414345,1310.58619456,1374113.39692909,120.73022218,158.57236176,0.709,159.67761091,129.43419607,87.54804578,4045.94336724,422.43608893,899.68169717,1375.02828885,0.30881219,0.83134575,463.388143,22409.43692353,89656.02152231,328.04370463,181.08391311,15.99320152,6.33991757,9.254532,17.10877113,4332.83634349,52.79588123,2099.6997104,3600.50591835,8.07500265,40.11974208,46.86245775,15.45966454,1736.79705177,16.95826643,4.02606011,63.864867,15.99320152,1342.52139937,36.76371178,9.31064017,152.73451275,1.68016719,0.38477766,1.0,3.35096158,4.4278916,62.26099578,277.55682248,3.72205327,5930.38740595,3.64,4.5146199,100.75360019,85.47088177,1470.16820712,3.75,7.9981201,14.01644078,600.12917155,9.51882955,1.27092104,0.73583767,22.91001497,570.48018705,37.76632482,5608.15737246,21.2925007,12997.39724649,15.99320152,32.95852464,9.2349787,3.49689802,2.90382642,2.40838111,48.24666086,6.78324487,31.62775493,2646.90712138,44.56133155,3766.10720443,40.15074954,11806.7112977,790.33674674,26053.67124056,118.29851307,2.71001309,563.24811857,2.70733761,563.24811857,102.4661362,236.68948633,15.99320152,19.01043198,26.56576781
2026-08-29,3.6725,65.50092535,79.57521049,364.87788565,1.79835316,917.01824942,1508.77086693,1.3964139,1.79,1.70162831,1.68867546,2.0,123.28207251,1.68867546,0.376,2992.18183768,1.0,1.27482736,11.72526924,5.18980223,1.0,95.50261775,13.40076771,3.01759725,2.01478119,1.39033968,2290.64,0.80806014,931.3802941,6.72854128,3205.52949086,452.33532057,26.5092709,95.20778553,20.83739607,178.1896,6.45342018,58.52465962,133.33432224,50.09725389,15.0,160.50118528,0.86340605,2.198767,0.73891926,0.73891926,2.6023969,11.2210057,0.73891926,73.97077618,8778.42647045,7.63281981,209.35322833,7.83983027,26.88558483,130.73939334,315.17973251,17755.60113861,2.99361417,95.50261775,1310.39289841,1375055.88581187,121.37968812,158.09939295,0.709,160.10349585,129.43666809,87.53811814,4044.06130932,424.76793351,900.31515229,1376.28221904,0.30889167,0.83239982,463.76597019,22463.5569332,88933.01752627,328.02361924,181.11807124,16.16067549,6.33835036,9.28732741,17.29086617,4330.17355999,52.80530904,2099.43982919,3596.99238839,8.07502518,40.10681573,46.86577987,15.46807921,1735.82722967,17.03450302,4.02941444,63.82180769,16.16067549,1342.904785,36.83342726,9.37448664,152.87581536,1.69109928,0.38385502,1.0,3.35187273,4.35241752,62.29685915,277.57832879,3.74890984,5924.61796339,3.64,4.53564385,101.22213727,86.17954991,1471.66001132,3.75,7.99973147,14.07275496,600.20760729,9.60652789,1.27482736,0.73891926,23.45769783,571.44465073,37.76105316,5634.02241085,21.30046164,13006.5485646,16.16067549,33.1506655,9.24469277,3.50565993,2.92108504,2.35836537,48.24967668,6.75886935,31.64956969,2646.10997366,44.60663625,3768.63917783,40.27523533,11825.10343343,790.71864287,26115.13116551,117.8939737,2.7078118,566.35724468,2.70248841,566.35724468,103.03174863,237.01163825,16.16067549,19.0692374,26.50590135
2026-08-30,3.6725,65.1487017,79.58095516,364.88155182,1.79706419,916.09025944,1506.76416651,1.3962938,1.79,1.7016239,1.68821378,2.0,123.20136968,1.68821378,0.376,2992.44133113,1.0,1.27352999,11.79010705,5.19686859,1.0,95.42146247,13.40216827,3.03264248,2.01668587,1.39059421,2276.85743309,0.80935245,931.41321504,6.72702233,3203.00878388,449.71434832,26.50202324,95.18175565,20.83839094,178.57012809,6.4534,58.69720159,133.396,50.03118649,15.0,160.49953105,0.86317,2.19672971,0.7387823,0.7387823,2.60239873,11.21902723,0.7387823,74.38271088,8788.12090284,7.62441375,209.25400092,7.84144226,26.88604775,131.07552145,315.25637005,17735.22646903,2.97947689,95.42146247,1310.20314085,1374679.94444185,121.37646675,158.01021792,0.709,160.08054834,129.43876917,87.53811814,4046.13896085,424.65180165,900.06900542,1375.31145537,0.30889896,0.82068485,464.40517267,22419.25336578,89949.21255843,327.89551436,180.70756927,16.16559058,6.33921884,9.28463249,17.28082443,4330.22264392,52.79200824,2099.7363834,3595.65873287,8.07668553,40.1459428,46.87074229,15.46778727,1735.37725951,17.03451621,4.02725863,63.88694794,16.16559058,1342.36324468,36.6860739,9.37440132,152.74590606,1.69110701,0.38333591,1.0,3.35162883,4.33137686,62.27539917,277.47493403,3.74789398,5925.19288163,3.64,4.53791097,101.25793634,86.01925532,1471.11907082,3.75,7.99998155,14.67933789,600.20377689,9.60456108,1.27352999,0.7387823,22.93359611,571.46627372,37.76995676,5634.02241085,21.30249108,13002.9925639,16.16559058,33.02015288,9.25670164,3.5099525,2.91617408,2.35321923,48.24205621,6.74760794,31.64767707,2642.97751989,44.57043771,3769.30088913,40.27920546,11824.19920857,790.41685213,26079.13878956,117.81099382,2.70781276,566.2024022,2.70090801,566.2024022,103.00357968,236.76806501,16.16559058,19.0378891,26.50590135
2026-08-31,3.6725,65.39739679,79.53160535,366.35982073,1.81048973,919.6357866,1508.05736126,1.39553639,1.79,1.71027718,1.68736067,2.0,123.68009298,1.68736067,0.376,3000.27253201,1.0,1.27289099,11.7856707,5.19467596,1.0,95.4356999,13.43014308,3.03081667,2.0231601,1.38901935,2273.19302491,0.80916621,931.57070265,6.7216463,3203.62275136,452.50503739,26.5019559,95.13365747,20.82586686,178.87975443,6.44924196,58.8559287,133.30278678,50.73733213,15.0,164.17393139,0.86273381,2.19799095,0.73830249,0.73830249,2.60118929,11.24022101,0.73830249,74.03547996,8803.83779136,7.66808791,210.19314329,7.83903855,26.85210564,131.52011698,315.20423818,17747.90480635,2.99035643,95.4356999,1316.72435237,1374676.44855507,121.30373514,159.27871358,0.709,159.77222315,129.77661389,87.54717735,4064.15322745,424.43721242,900.06671732,1374.82940603,0.30888692,0.83076936,464.3971872,22515.17946205,90106.04864874,328.61419801,180.71900276,16.17266498,6.36954576,9.27564329,17.37170698,4335.51442099,52.89359243,2099.75299014,3596.41444195,8.0742097,40.14114727,47.01064674,15.4676296,1742.50735552,17.02578363,4.03145675,63.8140728,16.17266498,1346.5818814,36.8245115,9.36450872,152.76869662,1.68931391,0.38479739,1.0,3.37262589,4.49664859,62.4526536,277.93512043,3.7477288,5951.62657782,3.64,4.53598264,101.24727967,85.97043224,1470.88042981,3.75,7.99507709,14.35424789,600.21252364,9.60933953,1.27289099,0.73830249,22.89488852,571.43709923,37.75584587,5635.53073984,21.39730867,13002.95949932,16.17266498,33.16188119,9.27154092,3.50993918,2.88192845,2.40531974,48.25912667,6.81705943,31.68907914,2652.1833309,44.68215161,3772.40493856,40.470347,11833.44583795,791.80407251,26087.81828106,118.29874459,2.70781043,565.91628323,2.70208365,565.91628323,102.9515289,236.63781486,16.17266498,19.04915383,26.50021023
2026-09-01,3.6725,65.99451282,79.63948384,364.16322589,1.80043,918.58625625,1508.67108367,1.39534506,1.79,1.69999656,1.68557413,2.0,122.82459022,1.68557413,0.376,2995.46545584,1.0,1.27192132,11.84328154,5.18360658,1.0,94.9086577,13.44913316,3.06495727,2.01165574,1.38703051,2294.99925798,0.80997697,934.64139364,6.7204688,3222.6562831,451.95656459,26.5052354,95.03293188,20.82283489,178.07910003,6.44199555,58.92209701,133.34753369,50.92040112,15.0,162.03567413,0.86182037,2.19830056,0.73861768,0.73861768,2.60665951,11.25631219,0.73861768,74.48392903,8798.81652984,7.63262677,209.01720013,7.83919263,26.86504203,130.65229392,314.7632912,17730.42601401,2.9893357,94.9086577,1310.18804699,1374871.56843626,121.33978517,158.17170022,0.709,159.84829647,129.51486363,87.54502574,4052.68521691,423.9878269,900.17809994,1372.93688041,0.30901635,0.83151437,461.61105507,22429.62623994,89548.83252476,327.91696845,180.61308767,16.11424738,6.3480922,9.30073826,17.13262622,4319.91993623,53.00082986,2099.92228476,3597.80404101,8.07436841,39.94730668,47.09126963,15.46235534,1732.72124718,17.00821939,4.03563711,63.82361409,16.11424738,1338.15261871,36.7992356,9.35289727,151.92503381,1.69318579,0.38486059,1.0,3.36352253,4.42514048,62.4123964,277.55251427,3.73013317,5912.74789233,3.64,4.53210593,101.13940494,86.31931694,1472.6287631,3.75,8.0025338,14.18299065,600.12256851,9.59628145,1.27192132,0.73861768,22.91997036,570.72727802,37.7941139,5628.0005657,21.25335709,13004.56860905,16.11424738,33.24005535,9.22606469,3.49628963,2.91153924,2.40833042,48.26822214,6.75466739,31.64448108,2645.51820874,44.48981113,3784.82646753,40.24392443,11811.68338586,796.11717286,26100.49437023,118.31500153,2.70708942,565.31710254,2.70731968,565.31710254,102.84252591,237.008958,16.11424738,19.1602983,26.68501717
2026-09-02,3.6725,65.87340507,79.70053755,364.01461338,1.80299356,917.63218951,1512.73057247,1.40076184,1.79,1.70000185,1.68912114,2.0,122.74511597,1.68912114,0.376,2994.35193409,1.0,1.27353589,11.93247878,5.15401062,1.0,94.94693722,13.4741286,3.09278794,2.01435391,1.3916458,2294.40375655,0.81289357,936.13887836,6.72238199,3166.13903835,453.78683775,26.50779323,95.2329127,20.92695152,178.10868758,6.45593809,58.8729816,133.4566447,50.91249392,15.0,162.16598786,0.86363392,2.20610793,0.74063627,0.74063627,2.60969315,11.27214077,0.74063627,74.56023501,8799.18400924,7.63075361,209.34690773,7.84120589,26.8609222,130.96199915,318.2181517,17769.72526569,3.03622642,94.94693722,1311.06785355,1374979.26066497,121.41467621,158.10336576,0.709,160.22985205,129.43994696,87.54445363,4051.73054682,424.88003799,900.26498272,1370.36658682,0.30927242,0.83156459,458.45771446,22453.87455173,89839.20622159,327.99387448,180.75654191,16.17532459,6.3499816,9.34091165,17.3067984,4331.33187887,53.10978674,2099.01146262,3597.69464767,8.07644207,40.07400073,47.07591802,15.45958372,1736.14569589,17.00846225,4.04364026,63.80654282,16.17532459,1332.89920765,36.75482232,9.33852842,151.98630975,1.71235878,0.38505748,1.0,3.36514176,4.42291684,62.66875866,277.48706876,3.74598887,5908.50968114,3.64,4.53872425,101.31218336,86.82478701,1474.26879856,3.75,8.00122132,14.4596421,600.25159766,9.63771589,1.27353589,0.74063627,22.91731486,570.90947772,38.04206032,5645.00397089,21.29644722,13005.82377972,16.17532459,33.33114395,9.23810739,3.50802013,2.91918018,2.40444086,48.29394191,6.77928967,31.79884005,2640.99829799,44.53412267,3776.60087722,40.329064,11815.23332029,799.87766534,26094.44869516,118.34691585,2.69978488,566.50671731,2.7072766,566.50671731,103.05894071,237.01302868,16.17532459,19.16036655,26.80013529
2026-09-03,3.6725,65.78299305,79.48764757,364.05222704,1.79887247,917.54310945,1510.75286746,1.39485603,1.79,1.70002233,1.68640721,2.0,122.6026064,1.68640721,0.376,2989.4203816,1.0,1.26975923,12.14888177,5.09338037,1.0,94.40280642,13.41462967,3.08700564,2.01312752,1.38298056,2293.56801043,0.81189622,937.8000487,6.71823671,3161.49802107,453.07690767,26.49926427,95.07990125,20.863367,177.97994929,6.44566578,58.66439963,133.39807523,51.05805876,15.0,162.69101852,0.86224632,2.20102966,0.7409966,0.7409966,2.60616476,11.29297284,0.7409966,74.58356233,8792.37489796,7.62786111,208.91811753,7.84185492,26.8126656,130.79581461,317.1843068,17676.54113605,3.03023547,94.40280642,1308.43959015,1374561.83101215,121.23833552,158.24647774,0.709,157.76650923,129.42851844,87.5432524,4045.94985205,424.19737994,899.97530277,1358.0647966,0.30902253,0.83108567,455.06547628,22342.94630001,88830.65513408,328.07176826,177.82789793,16.04428954,6.34763168,9.33092509,17.30754633,4316.83267901,53.07867735,2100.00378981,3595.96713933,8.07711057,39.96942383,47.23369544,15.45946564,1732.6114483,16.97473608,4.04323655,63.78564223,16.04428954,1327.89060886,36.77226508,9.30528359,151.11529238,1.70612117,0.38487441,1.0,3.36079551,4.45707012,62.52216683,277.03019041,3.73367649,5906.29365119,3.64,4.53145976,101.14654952,87.29727031,1472.21601258,3.75,8.00460081,14.35172742,600.17936095,9.61521049,1.26975923,0.7409966,22.92482577,570.34081457,37.79599013,5681.32142865,21.29301941,13001.63887495,16.04428954,33.0051701,9.22830419,3.49699263,2.91201636,2.39406071,48.31596819,6.76511331,31.70753179,2647.38898539,44.61112436,3779.41426484,40.21102897,11792.74527522,801.14108388,26116.29630689,118.28203831,2.70749971,565.59650659,2.70708865,565.59650659,102.89335511,237.02717717,16.04428954,19.14983517,26.71930714
2026-09-04,3.6725,65.88847165,79.25096153,363.65739268,1.79807942,917.76897728,1508.44894011,1.3873309,1.79,1.7,1.68264793,2.0,122.86799027,1.68264793,0.376,2989.70784967,1.0,1.26736011,12.13572164,5.10077495,1.0,94.4749206,13.39874158,3.08010957,2.01107748,1.37923004,2301.69322159,0.80828219,932.60156853,6.71644677,3146.41079914,453.03818962,26.50259664,94.86795243,20.79049931,178.27570677,6.43041102,59.18889653,133.27304814,50.95559555,15.0,161.40147257,0.86032423,2.19421981,0.73908668,0.73908668,2.61074861,11.36038272,0.73908668,73.92999211,8806.60939002,7.62683396,208.78268067,7.84065716,26.87157784,130.55032764,310.94939611,17636.79889058,3.00781327,94.4749206,1310.67117098,1374709.69592511,121.13492708,158.17561452,0.709,156.37984362,129.43615902,87.54510315,4045.95070767,423.25177384,900.08848592,1355.6508182,0.30893975,0.82914264,455.59106476,22447.03292491,89869.34467935,327.81957784,177.49094166,15.98608077,6.3598689,9.35456973,17.27030714,4305.99571879,52.91022769,2099.42326845,3599.16008489,8.07587687,39.97481738,46.90954851,15.45945004,1736.41371983,16.90275728,4.04509885,63.80939732,15.98608077,1323.59347778,36.78945472,9.29587372,151.23072914,1.69604006,0.38477339,1.0,3.35387116,4.49761094,62.42601318,277.49971885,3.71660395,5934.87017805,3.64,4.51935855,100.92145975,86.65852788,1471.56323932,3.75,7.99770396,14.30613126,600.13690748,9.53579524,1.26736011,0.73908668,24.57592747,569.28601266,37.78573568,5634.90372415,21.23970585,13003.27398336,15.98608077,32.97955935,9.22686691,3.49923209,2.90610661,2.4062805,48.41593837,6.76308548,31.71834188,2645.48958711,44.67816334,3778.0259614,40.17142103,11779.55888101,803.15172706,26085.13127086,118.25643888,2.72628934,564.33569846,2.70618768,564.33569846,102.66398881,236.99938052,15.98608077,19.20068077,26.65492837
2026-09-05,3.6725,65.74352264,79.33936278,364.4722123,1.79780283,918.38464559,1507.91100434,1.3880948,1.79,1.6999989,1.68405553,2.0,122.89470601,1.68405553,0.376,2990.93770532,1.0,1.2686375,12.37235803,5.12709311,1.0,94.43240678,13.38649162,3.08172011,2.0146242,1.38343574,2279.01519906,0.80967106,934.48873771,6.71296995,3133.48418252,451.37227329,26.51354341,94.94731321,20.8392922,178.57565448,6.43560082,59.18982925,133.22858544,50.9219232,15.0,161.44722716,0.86104392,2.20315336,0.73980273,0.73980273,2.60656099,11.38468779,0.73980273,73.68389689,8763.91124987,7.63369691,208.84645091,7.84081635,26.88655122,130.78906722,311.84760162,17635.510712,3.01246554,94.43240678,1311.4555906,1375302.50088413,121.21439392,158.09221326,0.709,156.2340721,129.43729934,87.55620424,4044.18004214,423.60584064,900.46024585,1345.50675009,0.30899335,0.83211965,455.8313979,22453.81668408,90141.35087116,328.22200262,178.71653621,15.95966516,6.35991006,9.36825883,17.2202413,4307.99102998,52.9188572,2100.23418111,3594.32587258,8.07604084,40.22093686,46.8241776,15.45833048,1736.01339374,16.88698238,4.0440141,63.81774448,15.95966516,1322.1189791,36.79691246,9.30705516,151.16267515,1.70064939,0.38428339,1.0,3.35274927,4.50810223,62.71803778,277.58011605,3.71263396,5980.97389471,3.64,4.52196979,101.02786313,85.82321308,1470.80344937,3.75,7.99998751,13.78317514,600.19258199,9.56922765,1.2686375,0.73980273,23.33722525,571.43029953,37.7677599,5647.30751241,21.04040033,13008.64468391,15.95966516,32.91919371,9.23333087,3.57464515,2.90707652,2.36041236,48.44005634,6.78071862,31.68625107,2650.63151449,44.53308617,3776.89273415,40.24620873,11793.46298443,806.26562191,26068.92847001,117.5198653,2.71811292,564.80778752,2.70245267,564.80778752,102.74987128,237.00821747,15.95966516,19.24954848,26.56800547
2026-09-06,3.6725,64.51897777,79.31267188,364.47285276,1.79700621,918.42490282,1508.51589943,1.38811177,1.79,1.70162677,1.68360149,2.0,123.41515421,1.68360149,0.376,2991.70189999,1.0,1.26720259,12.46308493,5.12589703,1.0,94.49916499,13.38803069,3.08115437,2.01717187,1.38352561,2267.33723014,0.80985142,934.50367576,6.71186143,3131.53235866,451.04317907,26.50639506,94.92171435,20.83501639,178.62731455,6.4356,58.97256124,133.2305,50.93114468,15.0,161.03949551,0.86081177,2.21383413,0.73989226,0.73989226,2.60557137,11.37551845,0.73989226,74.4113821,8799.81531399,7.62690975,209.26370916,7.84050239,26.88627966,131.24260046,311.87053533,17664.08601162,3.01379115,94.49916499,1310.19718362,1374931.70390239,121.21541446,158.11822957,0.709,156.24969077,129.41974907,87.55620424,4047.01808296,423.49163177,900.21747167,1345.31051639,0.30894144,0.8201164,455.69550439,22402.76698716,89954.05675166,328.0941065,179.0463264,15.9662473,6.34926093,9.36920212,17.25050353,4331.88792205,52.92676142,2099.73762118,3596.20636741,8.07571746,40.27682996,46.84139154,15.45977225,1734.77853047,16.88785244,4.04393945,63.85910661,15.9662473,1321.59246513,36.70758361,9.30740181,151.26953836,1.70045546,0.38481794,1.0,3.35421944,4.50810223,62.64438876,277.41081053,3.71170512,5980.0597881,3.64,4.52136338,101.02991273,86.55876441,1472.95327236,3.75,7.99999994,14.65353531,600.18341952,9.5692007,1.26720259,0.73989226,22.92197346,571.50124187,37.85554117,5647.30751241,21.25981671,13005.13740738,15.9662473,32.920592,9.25624031,3.5125885,2.9129612,2.36018432,48.43467354,6.74737288,31.65790639,2642.88939213,44.61395063,3779.39892459,40.23363453,11786.99955239,806.10163921,26077.52252894,117.89067762,2.71811471,564.65550903,2.70061299,564.65550903,102.72216877,236.98640908,15.9662473,19.24872902,26.56800547
2026-09-07,3.6725,65.99925252,79.31981201,363.83829519,1.80246531,919.59238248,1509.13425737,1.3881675,1.79,1.70000007,1.68455687,2.0,122.95786537,1.68455687,0.376,2989.89342529,1.0,1.26758361,12.37363659,5.1271296,1.0,94.45882278,13.39231482,3.08101397,2.01365254,1.38376385,2301.49937979,0.81071577,932.2624045,6.71174795,3131.9210708,453.77620585,26.4975422,94.97557867,20.85260826,178.06544186,6.43812038,59.20543535,133.15816412,50.94756018,15.0,162.39418822,0.86130025,2.20000918,0.74023185,0.74023185,2.60063529,11.3812112,0.74023185,74.05614232,8795.40819226,7.63342199,209.20451901,7.83910206,26.83798322,130.80668888,312.12316828,17658.37304068,3.01356023,94.45882278,1310.41680987,1374472.52951753,121.26986722,158.54241089,0.709,156.0764757,129.42874377,87.54457702,4047.17711901,423.73194651,899.91683455,1345.96652481,0.30902359,0.83164001,455.86881349,22389.72201416,89719.14335745,328.14735904,174.98548704,15.9847592,6.34699225,9.36847373,17.22784073,4290.3429191,52.95542328,2099.67583344,3598.97670517,8.07427513,40.23651248,46.86122328,15.45950675,1734.49880517,16.9012618,4.04940245,63.81863142,15.9847592,1321.98699023,36.80451676,9.30916357,151.20496057,1.70315675,0.38482549,1.0,3.35507894,4.47929517,62.74696374,277.38876816,3.71605694,5983.73996008,3.64,4.52276177,101.03606517,86.61183731,1472.20015314,3.75,7.97193803,14.20671707,600.14899964,9.58687151,1.26758361,0.74023185,22.91994705,571.43986487,37.91506616,5647.88381986,21.27043872,13000.79419674,15.9847592,32.93373055,9.22343607,3.49992648,2.91693655,2.37880425,48.44036622,6.7815181,31.61797035,2649.59177915,44.64833755,3776.0365813,40.25276226,11779.06060019,808.90246741,26055.4214285,118.10570869,2.69203463,564.97592868,2.70791729,564.97592868,102.78045953,237.00364876,15.9847592,19.24956108,26.56143451
2026-09-08,3.6725,65.45121631,79.2844241,363.88063918,1.80157183,916.11266116,1511.70752479,1.38594538,1.79,1.69999471,1.68246454,2.0,122.86748535,1.68246454,0.376,2991.51946595,1.0,1.26479608,12.40594552,5.12618504,1.0,94.66033656,13.38856459,3.07495744,2.01265247,1.38045862,2306.74954301,0.80942085,934.28990329,6.71074467,3129.97082741,453.81332387,26.49970562,94.85761304,20.81906105,178.03977195,6.43029152,59.18961337,133.17238486,50.9234815,15.0,161.95916479,0.86023046,2.19667281,0.73865488,0.73865488,2.6027651,11.40008129,0.73865488,74.41489305,8795.0126158,7.64244828,209.16835049,7.84050851,26.83395612,130.74830706,312.97713895,17607.79649486,3.01042797,94.66033656,1310.05061492,1374584.74042223,120.77623008,158.66220193,0.709,153.32600506,129.43000136,87.54368569,4048.39068105,423.20564487,899.99030277,1340.07410822,0.30880592,0.83103024,453.9931361,22428.72564581,89759.82013879,328.03386702,174.95278446,15.99283872,6.35503938,9.40394449,17.24937524,4284.89279115,52.9139082,2099.6003244,3598.07979092,8.07572376,40.1642763,46.90024765,15.45956244,1733.76995224,16.9582299,4.05531303,63.82090316,15.99283872,1321.82129942,36.80004881,9.26708691,151.52753375,1.70747362,0.38494231,1.0,3.35607871,4.4323359,62.5059474,277.50132239,3.70744643,5975.76897527,3.64,4.51695333,100.94468847,86.23720573,1472.70228803,3.75,7.97137346,14.23931638,600.1085142,9.5984615,1.26479608,0.73865488,22.92000818,570.4978819,37.84554029,5648.00553143,21.23964193,13001.85556905,15.99283872,32.86689759,9.23027774,3.49996751,2.90113131,2.3747126,48.45663965,6.77206494,31.47662878,2646.73532127,44.41537114,3778.40182153,40.24137681,11771.4971449,809.32395946,26001.35023503,118.00154945,2.68902816,564.27419316,2.7071453,564.27419316,102.65279976,236.99357705,15.99283872,19.24964343,26.85636805
2026-09-09,3.6725,65.1744442,79.19483901,363.01029214,1.79878366,918.38633942,1511.48618511,1.38427692,1.79,1.70109246,1.68154432,2.0,122.76275233,1.68154432,0.376,2990.74843571,1.0,1.26456225,12.43558758,5.08904012,1.0,94.96286435,13.36304929,3.0740425,2.01135817,1.37748625,2305.66864178,0.80890991,924.95558436,6.70776035,3113.63495966,453.47179475,26.5003107,94.80573063,20.80078019,177.92851667,6.42649768,58.90936785,133.14432773,51.02286067,15.0,161.60866847,0.85975996,2.19997564,0.73819352,0.73819352,2.60158508,11.40966889,0.73819352,74.12896897,8793.34420787,7.63752292,208.87653267,7.84226046,26.82188604,130.68379448,312.51370278,17556.67636858,3.01637655,94.96286435,1308.48793588,1374591.10708124,120.71075297,158.37810874,0.709,153.41444705,129.42734829,87.53221087,4044.93784882,422.97417235,900.01083934,1338.2930581,0.3088442,0.83168538,454.0094617,22335.91393587,89739.30974454,328.33709654,179.2339008,16.00042499,6.32104426,9.37823591,17.22030173,4319.59750699,52.88934129,2099.44698399,3597.93543601,8.07752828,40.24185936,46.85805059,15.4556888,1732.08949884,16.91341996,4.06970672,63.77998663,16.00042499,1320.96878271,36.76017645,9.21815692,152.01180511,1.70766196,0.38490181,1.0,3.35265438,4.43425634,62.46941798,277.00457978,3.7084456,5942.33367389,3.64,4.5157893,100.88344628,85.84770506,1470.66878494,3.75,7.97591542,14.28748827,600.21296019,9.58516561,1.26456225,0.73819352,22.92993015,570.66514912,38.05002383,5636.52198773,21.32795585,13002.15226124,16.00042499,32.87948846,9.23468629,3.50785545,2.89891481,2.37830662,48.47340028,6.77303982,31.47932706,2644.3665666,44.6292247,3786.52380515,40.2008081,11809.17136646,815.54617124,25973.64800292,118.07835908,2.70014922,563.96556314,2.70718591,563.96556314,102.59665377,237.02571638,16.00042499,19.32045368,26.7279439
2026-09-10,3.6725,65.66413447,79.10829425,363.5367686,1.8018055,918.49223458,1513.77462812,1.38519011,1.79,1.69999968,1.68055122,2.0,123.08278472,1.68055122,0.376,2989.26177576,1.0,1.26405551,12.51269467,5.10571924,1.0,95.26903971,13.42103687,3.06244527,2.01291117,1.38073771,2308.24992275,0.8090918,927.14656461,6.70810888,3104.94123373,454.03103284,26.49851103,94.74973931,20.85785267,177.94040072,6.42287238,58.76632061,133.1673952,51.19325628,15.0,162.93745684,0.85925219,2.20895491,0.7377086,0.7377086,2.6020341,11.43155941,0.7377086,74.12188679,8807.08996829,7.63387693,209.20038492,7.84131086,26.83223989,130.76975354,313.04173005,17535.30439851,3.02244974,95.26903971,1310.01443781,1374497.77722018,120.12366024,157.74842713,0.709,153.41058253,129.43010032,87.54356982,4053.488134,422.72436802,899.94973214,1337.17586403,0.30864691,0.82917696,455.58922881,22394.50459786,89655.86477034,328.56775822,174.4821219,16.04053772,6.32530444,9.36635366,17.26576103,4297.24615767,52.89651309,2099.27591395,3595.66330693,8.07655019,40.01323078,46.8719876,15.45692443,1733.93220496,16.89222114,4.06199776,63.82169895,16.04053772,1323.23500616,36.76423669,9.19734046,152.50191532,1.7094538,0.38488755,1.0,3.34972479,4.50472839,62.52458544,277.34476379,3.70892422,5902.52086069,3.64,4.5138422,100.8264657,84.99559005,1473.74170296,3.75,7.97155093,14.24595168,600.19273199,9.58828791,1.26405551,0.7377086,22.92003144,570.97255486,37.86652227,5660.23583995,21.20312227,13001.26946351,16.04053772,32.90451238,9.23659416,3.50650885,2.90082269,2.37042552,48.49219779,6.78815228,31.52191223,2640.98037291,44.67739846,3790.62995688,40.23571627,11808.80442369,818.49909324,25927.44009544,117.85220576,2.69516206,563.6324907,2.70647774,563.6324907,102.5360612,237.04112621,16.04053772,19.30077448,26.69231441
2026-09-11,3.6725,65.38100165,79.31822995,364.22179885,1.80377409,918.28029129,1512.67205701,1.39763821,1.79,1.70000015,1.68585012,2.0,123.49470275,1.68585012,0.376,2992.30974617,1.0,1.26840464,12.6446426,5.10282739,1.0,95.72637457,13.45027499,3.04144488,2.02130786,1.38437445,2308.74970899,0.81388856,940.93680848,6.71142391,3102.696311,452.89345907,26.50310808,95.04849257,20.90173432,178.11687278,6.44313415,58.85959142,133.02099522,51.36032898,15.0,161.18948154,0.86196148,2.22022717,0.74077185,0.74077185,2.60112109,11.45915577,0.74077185,73.97583612,8800.66748796,7.63750568,209.44524003,7.84161545,26.83126537,130.83184536,315.06172549,17623.32530471,3.05221615,95.72637457,1310.66244227,1374736.23622092,120.66566756,158.27292905,0.709,154.38820122,129.41694488,87.54537419,4055.84925629,424.05725067,900.10586305,1345.05319634,0.30845441,0.83163066,450.46117292,22417.20052637,89956.00279401,328.56063436,174.55396707,16.21881305,6.33389163,9.3773443,17.29090418,4313.03336749,52.96647368,2099.53424574,3598.47742682,8.07686391,40.06098098,46.82022717,15.45542493,1735.44692457,16.99812541,4.07505755,63.83153037,16.21881305,1326.58674488,36.74972796,9.28889602,153.23399409,1.71766086,0.38474106,1.0,3.35504012,4.452823,62.72047498,277.31101818,3.7296754,5891.48487038,3.64,4.52821899,101.14342909,83.96027179,1474.99801183,3.75,7.9766746,14.3306176,600.20404596,9.70338627,1.26840464,0.74077185,22.94145365,570.60218389,37.85491322,5646.95254289,21.23658878,13003.5250293,16.21881305,33.16783346,9.23847293,3.50993328,2.90725416,2.38534354,48.57889798,6.78973515,31.6450539,2644.99549466,44.51108166,3831.08717709,40.27477455,11786.70188127,820.92418923,25913.02724474,117.96004717,2.7072021,565.40966756,2.70675606,565.40966756,102.85936534,237.03219177,16.21881305,19.34989844,26.67721746
2026-09-12,3.6725,65.79988796,79.23907072,363.03061397,1.79700556,918.59410153,1508.66040386,1.3945317,1.79,1.69999978,1.6863054,2.0,123.36590602,1.6863054,0.376,2950.09037511,1.0,1.26681208,12.04971021,5.12529627,1.0,95.60204077,14.02471978,3.03721207,2.0146976,1.38707734,2268.94717209,0.81650508,942.37674203,6.70659909,3080.92916319,449.45196195,26.51199676,95.07416125,20.90199752,178.35879625,6.44699915,59.09010764,133.26394376,51.37524069,15.0,161.08416101,0.86219426,2.2129367,0.73920731,0.73920731,2.60160225,11.45891912,0.73920731,73.46395933,8784.71902428,7.63262838,208.79286176,7.84281097,26.8444722,130.64508662,313.48076538,17594.69261749,3.02720957,95.60204077,1311.48179662,1375222.31434714,120.36647708,157.90077087,0.709,153.59611227,129.44047697,87.54441322,4056.09928181,424.17177107,900.40774525,1340.91967483,0.30836488,0.83209848,450.8012374,22373.45135125,90179.78220582,328.60846619,174.42500079,16.13698221,6.32227601,9.40575504,17.30455908,4330.21537497,53.04829205,2099.54009801,3597.66689681,8.07809529,39.99908035,46.95154862,15.44871304,1735.64314831,16.97265451,4.07029985,63.83367328,16.13698221,1326.48001476,36.57746661,9.29093195,153.03496676,1.72005346,0.38453604,1.0,3.35481659,4.34218429,62.58087939,277.65680943,3.72762231,5919.26328433,3.64,4.52969197,101.16319135,84.19100296,1467.00018853,3.75,8.01280324,13.77114423,600.17011283,9.69966786,1.26681208,0.73920731,22.93999449,553.9926014,37.86593528,5649.25038218,21.19351155,13007.88621958,16.13698221,33.07411493,9.24638905,3.51000689,2.89727321,2.3668833,48.54467941,6.78641629,31.58390019,2644.84072367,44.52156318,3866.87874592,40.20527424,11787.60550699,835.40432376,25834.59887126,117.38603027,2.73598784,565.56236142,2.70248262,565.56236142,102.88714342,237.05276605,16.13698221,19.34991402,26.66181221
2026-09-13,3.6725,64.36539707,79.20156242,363.34766643,1.79684415,930.24868745,1508.62432247,1.39457531,1.79,1.70142743,1.68625989,2.0,122.98820144,1.68625989,0.376,2993.71340938,1.0,1.26689606,11.86460236,5.12460458,1.0,95.57411314,14.02457776,3.03406851,2.01617316,1.38689987,2267.62431114,0.81648282,942.45303648,6.70962027,3076.44830482,448.01374793,26.51128113,95.07159497,20.89761394,178.4268389,6.44517199,59.08557494,133.3462,51.36070646,15.0,161.22500986,0.86217099,2.21739049,0.7392111,0.7392111,2.60380303,11.43913058,0.7392111,74.56899273,8833.04823332,7.62844791,209.00955358,7.84304806,26.90223217,132.55482515,313.45681132,17569.89321902,3.02067255,95.57411314,1310.52443222,1375185.1937842,120.37198865,157.9125591,0.709,153.56914035,129.42351163,87.54441322,4052.86586143,424.16032162,900.38349712,1341.18361244,0.30796595,0.82135122,450.74213271,22273.66495191,89888.9976978,328.59294675,174.57620211,16.1223767,6.32554309,9.40832,17.23690864,4346.13345715,52.99148048,2099.82105274,3596.7867877,8.0783395,40.22467947,46.95933143,15.45748181,1733.73556474,16.9719115,4.07023239,63.77995843,16.1223767,1326.88295236,36.64687517,9.28990549,152.9902616,1.72012661,0.38499786,1.0,3.35457455,4.34329409,62.65297532,277.18278462,3.72686142,5931.01400289,3.64,4.52955422,101.17410121,84.28447711,1472.5950006,3.75,8.01280324,14.77965263,600.17141238,9.69990101,1.26689606,0.7392111,22.93999468,553.90509705,38.10201907,5649.25038218,21.10518014,13007.53553648,16.1223767,33.09220025,9.25184947,3.50667853,2.89512933,2.36688257,48.53622367,6.75601362,31.64695672,2637.28935003,44.59584804,3868.51919627,40.30547218,11766.79019679,830.56394717,25924.89890606,117.42593771,2.735989,565.54709549,2.70010669,565.54709549,102.88436624,237.00381522,16.1223767,19.34913265,26.66181221
2026-09-14,3.6725,64.44831868,79.19969265,363.18887275,1.80257885,917.50478203,1512.99240754,1.39863394,1.79,1.69999876,1.69076373,2.0,123.3760115,1.69076373,0.376,2990.48102615,1.0,1.2690061,12.4404328,5.11948389,1.0,95.67385743,13.47141294,3.03899356,2.01355052,1.38738396,2308.36019423,0.81833606,939.52410242,6.70807948,3091.87510179,450.80892466,26.50501557,95.32552242,20.97003282,178.07948249,6.46238787,59.08128558,133.21939428,51.36827863,15.0,161.35649288,0.86447377,2.20993046,0.74046882,0.74046882,2.59808194,11.45178943,0.74046882,74.02377148,8802.01129741,7.63552356,209.15337544,7.84300641,26.82375587,130.81115141,314.923861,17653.66062576,3.04183701,95.67385743,1311.35736372,1374860.14789696,120.70018978,157.97210893,0.709,154.06565573,129.44377617,87.54346275,4051.78583345,425.29321466,900.17064603,1344.33097488,0.30860394,0.83156907,452.2151088,22393.77066746,89743.25194151,328.4978285,174.5540355,16.19389724,6.32760927,9.39923514,17.32768505,4328.04845265,53.06129935,2099.76596667,3598.38849863,8.0782966,39.98040995,46.8689094,15.45656417,1734.75113091,17.00087604,4.0665633,63.81189246,16.19389724,1325.26902833,36.71913445,9.30618796,153.14992729,1.72886101,0.38498286,1.0,3.36125788,4.46647032,62.84459695,277.43495401,3.7386847,5920.50840662,3.64,4.5417838,101.24727107,84.53399208,1471.02111001,3.75,8.00562062,14.17949733,600.21645164,9.73622263,1.2690061,0.74046882,22.9399511,571.48793988,37.79672048,5649.2699366,21.30688579,13004.460929,16.19389724,33.16326207,9.24358404,3.50996492,2.89710015,2.40585026,48.61825168,6.78908359,31.7167273,2646.87482945,44.52500501,3868.37582997,40.17349769,11740.01617583,826.8286942,25949.14807109,118.36718052,2.73590794,567.05761955,2.70725089,567.05761955,103.15916088,237.04461597,16.19389724,19.34990811,26.65492708
2026-09-15,3.6725,64.89759772,79.5441737,362.81213597,1.80106609,916.94373468,1507.96934642,1.4045465,1.79,1.70000041,1.69546154,2.0,123.09126686,1.69546154,0.376,2990.41323171,1.0,1.27199767,11.99870092,5.14061781,1.0,95.83799477,13.48361451,3.04162245,2.012777,1.39146472,2308.13946768,0.81827343,955.31031615,6.71060458,3107.77091147,449.87561083,26.50322898,95.59038587,21.05731939,178.04677088,6.48031618,58.95822092,133.68145363,51.70563748,15.0,161.3973475,0.86687572,2.21244374,0.74159633,0.74159633,2.59865495,11.46261941,0.74159633,74.04253961,8800.08167318,7.63270461,209.03947876,7.84378864,26.86827081,130.86190167,317.22453579,17684.56449348,3.04175875,95.83799477,1310.39620239,1374742.47293728,121.34796393,157.60858223,0.709,154.70271746,129.46117293,87.54894493,4048.82440043,426.47489851,900.10997059,1353.9022607,0.30876582,0.83119427,450.04081926,22378.91882827,89974.48256261,328.87039042,174.38437188,16.27565282,6.34373779,9.4829267,17.3908591,4332.57510701,53.29861832,2099.75930571,3596.65756863,8.0791023,39.99427744,47.09620419,15.4506884,1737.07559073,17.15146911,4.07556964,63.79274606,16.27565282,1324.09444,36.72800904,9.34159991,153.41267013,1.73770797,0.38469922,1.0,3.36030469,4.44589629,62.89396257,277.37019105,3.76390943,6014.04598894,3.64,4.55779151,101.7178858,84.51146362,1472.93911267,3.75,8.01561756,14.14486627,600.25982441,9.77838503,1.27199767,0.74159633,22.93069927,570.9780883,37.88727541,5644.49858859,21.33605115,13003.5843686,16.27565282,33.2480658,9.23596721,3.4978859,2.93150999,2.39921903,48.63291322,6.78513068,31.78678562,2644.04363714,44.69587593,3893.58007977,40.17967833,11732.33754105,837.51880222,26030.34371364,118.07740006,2.731497,568.63319801,2.70715321,568.63319801,103.44579022,236.55753737,16.27565282,19.39931693,26.79536797
2026-09-16,3.6725,64.95123062,79.49340143,363.76749767,1.80191004,918.91927962,1506.85815931,1.40299785,1.79,1.69994859,1.69445351,2.0,123.08465533,1.69445351,0.376,2992.01721815,1.0,1.27308348,11.89629362,5.14464079,1.0,95.89124617,13.53220578,3.03631137,2.01376256,1.39314188,2310.24969311,0.81867928,954.32826926,6.71017934,3120.61455788,447.90883197,26.4994057,95.533553,21.05563283,178.05977312,6.47659099,59.09990143,133.75427651,51.90117616,15.0,162.08167939,0.86636032,2.212922,0.7417953,0.7417953,2.59865248,11.47121171,0.7417953,73.99682238,8799.06251377,7.63365191,209.0862561,7.84424591,26.86786671,130.683525,316.52433806,17708.73863627,3.0347463,95.89124617,1311.60403683,1374569.19461539,121.1260654,157.45332163,0.709,155.36095284,129.64570723,87.46336727,4051.26384661,426.22133961,899.98014914,1364.82266969,0.30874549,0.83168508,449.50430028,22412.00187984,89574.2552848,329.56543253,174.5895507,16.22720218,6.33970387,9.47959694,17.38135781,4337.8849962,53.33143727,2099.92700092,3599.0508261,8.07957329,39.99931092,47.10162695,15.44399386,1735.36855058,17.13464095,4.04784521,63.8624286,16.22720218,1328.0471241,36.70983365,9.33986686,153.4979123,1.74165495,0.38488287,1.0,3.35483077,4.46382834,62.75569712,277.41671247,3.7614453,5995.45265581,3.64,4.56026591,101.67726878,84.19779128,1472.56067177,3.75,8.02104523,14.30865208,600.15738499,9.77664579,1.27308348,0.7417953,24.63602589,570.8923318,37.73551787,5658.81112938,21.37543437,13001.70887666,16.22720218,33.26832474,9.22645226,3.50815478,2.91571259,2.4085284,48.64991365,6.78175315,31.75680758,2646.27602313,44.63403685,3909.20585911,40.16830923,11771.21473999,838.24937636,25997.77714063,118.29160135,2.73748875,568.29511947,2.70660719,568.29511947,103.38428695,236.54807349,16.22720218,19.6000732,26.79331221
2026-09-17,3.6725,64.86134825,79.5001839,364.64509688,1.8100851,917.26510595,1512.75829114,1.40693422,1.79,1.69999975,1.70618901,2.0,123.71844733,1.70618901,0.376,3003.29534819,1.0,1.27636115,11.63837378,5.15265871,1.0,95.85337504,13.54570996,3.05659187,2.02389062,1.3989842,2305.5491328,0.8256446,956.6427132,6.70819341,3135.82565392,449.59853898,26.49273099,96.19520231,21.22504775,178.81733459,6.52129927,58.63317954,133.94849873,52.19882666,15.0,162.20152771,0.87236059,2.23299366,0.74751621,0.74751621,2.59945925,11.49748574,0.74751621,73.76364735,8811.69582621,7.66081414,210.39756853,7.84526821,26.87919263,131.69859301,318.63409131,17755.0333654,3.04244134,95.85337504,1317.62197209,1374197.93788525,121.96047809,158.60952726,0.709,156.09265182,129.56882397,87.45920084,4068.50102243,429.17327689,899.7534371,1380.18404576,0.30878172,0.83024071,446.6829503,22415.28486194,90295.31127826,332.41998011,174.33619265,16.34300577,6.39149784,9.4772056,17.53401261,4365.90268753,53.66131416,2099.90152996,3597.54058029,8.08062626,40.17524245,47.47208804,15.43398969,1737.22871072,17.24276333,4.09742223,63.77133624,16.34300577,1329.78607878,36.68752214,9.42036654,153.4372901,1.74635118,0.38487898,1.0,3.37694397,4.46284385,62.75978603,277.83695292,3.80631946,5969.12800216,3.64,4.59136676,102.25373948,84.22907746,1470.72506262,3.75,7.997054,14.43610732,600.16553597,9.84593517,1.27636115,0.74751621,22.94009877,574.263726,37.85426144,5659.11006265,21.39927303,12998.43365433,16.34300577,33.41728188,9.26216139,3.49953828,2.93138919,2.38001847,48.67812245,6.7994331,31.888915,2642.31060065,44.66429471,3923.92334168,40.44008465,11784.98753476,845.89034248,25993.27925144,118.05545293,2.73243825,572.23103585,2.70482483,572.23103585,104.10030913,236.58816803,16.34300577,19.63060642,26.68775986
2026-09-18,3.67249789,65.00043162,79.95496533,362.98054577,1.79036495,917.99950747,1509.996963,1.40154148,1.80249904,1.6817316,1.70366503,2.01384926,122.78794753,1.68344067,0.37691651,3008.09997746,1.0,1.27578342,10.17338593,5.12497487,0.99982509,95.87059232,13.55922897,3.03954631,2.01097498,1.39768474,2310.99925859,0.82292442,960.42011158,6.70754787,3168.92887494,447.29949293,26.49999086,96.05003572,21.15996568,178.04871737,6.50536784,59.22471738,133.87596756,52.12517937,14.99999478,160.97493819,0.8702016,2.24250169,0.74930362,0.74754929,2.5926917,11.50875727,0.74930362,73.49536052,8774.99683595,7.62895039,209.15588878,7.84489179,26.92006502,130.67939598,315.48538627,17740.99369974,3.03388391,95.73546306,1310.49953488,1374599.51206665,121.35934279,157.78740018,0.70902808,157.01244649,129.70998443,87.44983679,4052.99878868,427.9998277,899.99999826,1385.45445669,0.30769545,0.83327459,445.39182828,22374.99197239,89549.96808275,331.62880245,174.50236564,16.24003728,6.34500709,9.52399276,17.55312972,4389.99846061,53.59342006,2099.69193384,3599.36032873,8.07987493,40.04999134,47.6098338,15.45000648,1736.99956925,17.13685922,4.07810146,63.91036924,16.24000682,1332.03908946,36.67005958,9.40569756,153.39193184,1.74224019,0.38449423,0.99982944,3.37553637,4.44495757,62.70801778,277.13866488,3.78966879,5914.6320457,3.64470104,4.57919748,102.15498465,84.49959753,1475.34790834,3.71339475,8.00050907,13.87236405,601.50147804,9.80252602,1.27521953,0.74752319,24.65020506,571.42836892,37.746492,5664.02057679,21.59999269,13001.99563681,16.31495294,33.25549119,9.22381759,3.50999905,2.91250123,2.40775907,48.76348356,6.7883252,31.78694245,2649.10709049,44.68064646,3929.45822728,40.20050924,11824.99591527,845.45464988,25996.99076803,118.29144792,2.7548207,570.81483067,2.70254943,570.81483067,103.84267277,236.64988744,16.23451498,19.62281547,
2026-09-19,3.6725,63.66028015,79.73290021,363.44762502,1.79977084,916.27869407,1516.86181127,1.40340428,1.79,1.699999,1.70284595,2.0,122.8257827,1.70284595,0.376,2999.86769904,1.0,1.2759505,10.01441655,5.14351299,1.0,96.00031723,13.55871966,3.02615845,2.0143763,1.39830511,2302.84,0.82304088,959.36255328,6.70164323,3182.21128527,447.25622036,26.50143656,96.00671993,21.19652539,178.1564,6.50823605,59.03332725,133.76215445,52.2123803,15.0,160.6064595,0.87065131,2.21582901,0.74662699,0.74662699,2.60029167,11.51675653,0.74662699,73.48029538,8803.19663701,7.63227301,208.91870475,7.84502305,26.9111781,130.73791034,317.16359026,17799.94813485,3.03711184,96.00031723,1310.28962094,1374674.53587799,121.27820433,157.6983497,0.709,156.90483082,129.4923052,87.45825675,4051.98345829,428.33236591,900.04911944,1386.41386608,0.3082098,0.83249904,447.28675841,22477.66086623,89872.06968634,331.11906377,173.06868722,16.25353581,6.3499461,9.5090151,17.56657777,4337.73625361,53.64874075,2099.72871509,3598.31562878,8.08037374,40.0694422,47.59840729,15.41829383,1741.20274412,17.23162041,4.08325277,63.83171204,16.25353581,1331.85741415,36.79657741,9.41070232,153.6725078,1.74807972,0.3853141,1.0,3.37457508,4.44685911,62.93056613,277.28465071,3.79856271,5939.51881027,3.64,4.58248861,102.30229353,84.39688161,1461.35102166,3.75,8.01619103,14.25520893,600.22541966,9.83085032,1.2759505,0.74662699,22.93516598,571.73083804,37.84884755,5712.01396926,21.36553691,13002.70526736,16.25353581,33.32328005,9.22830712,3.50000262,2.940241,2.39686187,48.77160129,6.79312813,31.79798387,2648.14271046,44.6680693,3933.04529686,40.20449525,11844.71115914,847.61910303,26001.60850801,118.28646493,2.75029059,571.10982121,2.70246498,571.10982121,103.89633768,236.59994244,16.25353581,19.69605238,26.65664823
2026-09-20,3.6725,64.73347927,79.73753049,363.44467471,1.79730188,916.22505513,1514.66030987,1.40338119,1.79,1.70168783,1.70277179,2.0,123.28707005,1.70277179,0.376,2997.77895555,1.0,1.27601842,10.37378626,5.14328034,1.0,95.9546339,13.55963765,3.0211399,2.01643002,1.39956592,2285.340544,0.82212145,959.4942396,6.7016,3177.74350357,446.26616515,26.50028234,96.00253852,21.19693803,178.36385057,6.5085,59.04263212,133.83110122,52.13399982,15.0,160.61748641,0.87061339,2.21586519,0.74653039,0.74653039,2.59962137,11.51491744,0.74653039,73.9651401,8799.51858172,7.62954909,209.39766129,7.84503573,26.90909643,131.19006158,317.14670369,17752.75753234,3.03894666,95.9546339,1310.19155968,1374614.66432504,121.27715446,157.55945065,0.709,156.86851236,129.51787622,87.45825675,4051.52630947,428.31371063,900.00991937,1386.17766018,0.3083418,0.82107738,447.19123813,22366.03844822,90078.80999183,330.71276806,173.85430057,16.27563532,6.34941613,9.51703688,17.51668542,4370.33891942,53.65903432,2099.6016272,3595.69402757,8.0803868,40.11563851,47.58498548,15.4350256,1736.96743341,17.22893208,4.08264823,63.88674781,16.27563532,1331.83446277,36.73112498,9.41033159,153.59938022,1.7484717,0.38502513,1.0,3.3747921,4.35815066,62.858696,277.36903417,3.79890701,5929.58607953,3.64,4.58306596,102.31569457,84.08498085,1473.71810151,3.75,8.01619103,14.74870823,600.21631214,9.83029946,1.27601842,0.74653039,22.93512469,571.50114786,37.96875978,5712.01396926,21.38367257,13002.1389572,16.27563532,33.28811649,9.24045855,3.50000232,2.94251815,2.38204219,48.76780059,6.7612205,31.82715832,2643.45091116,44.67003064,3935.33046911,40.14492729,11839.45264228,847.40570194,26016.89856437,118.51635622,2.75028727,571.0849475,2.70067688,571.0849475,103.89181266,236.58465176,16.27563532,19.63229621,26.65664823
2026-09-21,3.6725,64.92865618,79.77192841,362.7638273,1.80026711,919.61393947,1509.39017902,1.4025459,1.79,1.69999995,1.70406426,2.0,122.80587798,1.70406426,0.376,3000.66698606,1.0,1.27552529,10.33028881,5.14409333,1.0,95.77085562,13.54793987,3.02270904,2.01292452,1.40015507,2310.24838328,0.82294307,960.05425755,6.69611473,3177.17827833,447.09497439,26.49799925,96.07540824,21.21935321,178.01654996,6.51305923,58.86445416,133.68324587,52.04488539,15.0,163.21674385,0.87127422,2.2209156,0.74720776,0.74720776,2.59874654,11.51487875,0.74720776,73.96463685,8798.28117319,7.62884861,209.07678529,7.84523627,26.86229707,130.57674653,316.99268105,17814.8408378,3.03422003,95.77085562,1309.06573349,1374496.23454833,121.2893617,157.6650682,0.709,157.02490082,129.47848694,87.45677027,4051.17237287,428.63881766,899.93237814,1383.83382471,0.30824835,0.83096412,446.80411185,22407.71549277,89595.72795475,330.83878037,172.83323296,16.22548533,6.34601582,9.51212144,17.55229662,4339.53840871,53.55216969,2099.43550762,3600.18957514,8.08059336,40.05041782,47.57719391,15.44798026,1732.798237,17.21402855,4.07728957,63.81997559,16.22548533,1330.6366487,36.74989807,9.42164139,153.30519713,1.74618649,0.38509117,1.0,3.37532046,4.43935154,62.82023864,277.17893703,3.80091722,5979.16771212,3.64,4.58595959,102.25265768,84.16491627,1467.30692362,3.75,7.99496507,14.44546661,600.21156434,9.8357812,1.27552529,0.74720776,22.93511055,570.52689582,37.95463213,5712.47069914,21.49330653,13001.01875704,16.22548533,33.29744964,9.22682029,3.50991684,2.94498143,2.38480382,48.79906768,6.7884574,31.79073647,2648.10251604,44.72089964,3936.57965405,40.1819591,11835.53203185,847.95137448,26020.66263435,118.5907747,2.72271899,571.51842355,2.70714646,571.51842355,103.97067065,236.60166957,16.22548533,19.70034218,26.64965561
2026-09-22,3.6725,64.80770482,79.75441422,363.57933648,1.80189429,917.650691,1513.96347718,1.40410506,1.79,1.69999787,1.70448052,2.0,122.89191774,1.70448052,0.376,3003.0360852,1.0,1.27549202,11.13955146,5.11067495,1.0,95.75573377,13.55501629,3.0180259,2.01349688,1.40265193,2309.37920935,0.82037434,947.87309765,6.696229,3200.31658702,447.29284541,26.50261237,96.09887734,21.19590064,178.09921048,6.51472768,59.04462383,133.80763374,51.91422936,15.0,162.77601104,0.87148705,2.23886958,0.74724025,0.74724025,2.59958798,11.51514581,0.74724025,73.94022142,8810.61369772,7.63015536,209.28299482,7.84439856,26.87692718,130.82048355,315.12471918,17870.81752339,3.01227134,95.75573377,1310.71064024,1374985.53268123,120.44560467,157.64894446,0.709,157.52162986,129.5225224,87.45640895,4054.32883312,428.74352466,900.08903944,1358.38384415,0.30852569,0.82913358,448.39536916,22434.91232996,89742.74873044,330.74706113,173.16324235,16.25056589,6.37494419,9.53217045,17.55819497,4380.74228227,53.60730435,2100.07801506,3598.50354354,8.07973052,40.10750182,47.67109831,15.45936115,1734.89686673,17.21439277,4.07556739,63.80506093,16.25056589,1326.30458204,36.71938259,9.42967999,153.28099084,1.74292178,0.38486563,1.0,3.36985577,4.41944534,62.6844419,277.3214233,3.7877387,5944.44941792,3.64,4.58713265,102.2952734,83.75827818,1471.59583448,3.75,8.01733127,14.40575279,600.15628058,9.83060495,1.27549202,0.74724025,24.63659723,571.10921695,37.7581165,5712.5891708,21.51359988,13003.28198959,16.25056589,33.25020558,9.23682782,3.49773562,2.94474793,2.38918358,48.83932912,6.79326505,31.69025719,2641.35406708,44.76763581,3927.82260688,40.21788425,11797.07761794,850.54057753,25970.95010366,118.29080776,2.73579259,571.65803288,2.70740175,571.65803288,103.99606839,236.58985427,16.25056589,19.65009802,26.63581748
2026-09-23,3.6725,64.96642158,80.00836733,363.56548827,1.8032099,916.17349532,1514.23319765,1.40800767,1.79,1.69999464,1.71169386,2.0,122.94721661,1.71169386,0.376,3006.49624652,1.0,1.27610485,11.94710539,5.10146995,1.0,95.63099439,13.51290383,3.03644128,2.01504094,1.40838926,2310.24998113,0.82166146,946.99138516,6.70468406,3208.20735383,451.77162189,26.5156164,96.50556668,21.30499074,178.21537714,6.54225666,59.50894571,133.9657924,51.62828358,15.0,161.74455848,0.87517518,2.23717051,0.75092476,0.75092476,2.6029618,11.5510847,0.75092476,73.93245352,8809.30097379,7.63304649,209.43378057,7.84346462,26.86097769,131.0909746,316.95633977,17799.60242335,3.00621426,95.63099439,1312.17485462,1375460.05823616,121.13077672,157.66868441,0.709,157.62502616,129.45962101,87.4589986,4061.55838337,430.55796231,900.53067264,1352.30794073,0.30867943,0.83199231,447.7478329,22437.83172008,90354.58942487,329.22385133,173.2271931,16.19596434,6.38539311,9.58800308,17.58713603,4384.90197257,53.71472525,2099.2788234,3597.68754306,8.07876856,40.09912192,47.64869722,15.45964987,1736.14275745,17.328265,4.07529454,63.82478337,16.19596434,1324.91092885,36.82365613,9.46426891,153.08131426,1.7531995,0.38479131,1.0,3.38355268,4.45603071,62.62504387,277.38133588,3.80599706,5945.45063943,3.64,4.61740037,102.71118066,84.2975066,1474.85458237,3.75,7.99730706,14.53738148,600.19734901,9.85368196,1.27610485,0.75092476,22.93511801,571.69317857,37.77572529,5712.59185084,21.55355923,13009.66211587,16.19596434,33.20153934,9.23802855,3.4959941,2.95038523,2.38923857,48.83586208,6.79587071,31.73246859,2645.20868688,44.78436966,3905.91739794,40.22224704,11787.2179012,851.74256627,25956.38049944,118.44693015,2.72227837,574.07728309,2.70693433,574.07728309,104.43617855,236.60013253,16.19596434,19.50033597,26.69616615
2026-09-24,3.6725,63.98372243,80.40723082,363.94582986,1.8053133,918.41366483,1515.87022383,1.42280818,1.79,1.70002377,1.71914285,2.0,123.16499439,1.71914285,0.376,3013.43571998,1.0,1.28013524,11.52864876,5.16723621,1.0,95.84626787,13.60905487,3.03993288,2.01974891,1.41078911,2310.24597836,0.82459853,963.27501333,6.71434655,3281.1048417,452.76791764,26.51247485,96.92554148,21.4679894,178.2680084,6.57096778,59.67368768,133.91120095,51.41709446,15.0,163.58477511,0.87898378,2.24079604,0.75559018,0.75559018,2.60933562,11.58447817,0.75559018,74.02356311,8806.02319199,7.63891197,209.94634188,7.84262921,26.87771229,130.94175299,321.24323537,17895.70285508,3.044459,95.84626787,1314.93398788,1375222.06216958,121.30472334,157.91404111,0.709,157.98826626,129.50589935,87.4608683,4068.14706025,432.43167279,900.423981,1371.19465484,0.3091919,0.83218952,445.60784681,22427.40576328,89732.4455827,329.94098435,173.09845334,16.38042797,6.40630985,9.6022802,17.58838517,4408.5947693,53.94327805,2099.70820867,3600.18148285,8.07790809,40.1744268,47.86635114,15.45961624,1739.00263371,17.54805228,4.08242949,63.8286734,16.38042797,1326.63138483,36.85574044,9.50014661,153.42591329,1.76226486,0.38461872,1.0,3.38785046,4.47999711,62.76425688,278.06340412,3.84863775,5939.2606715,3.64,4.63656194,103.2076488,84.84031964,1480.36234751,3.75,8.02678041,14.19792486,600.18660545,9.92415078,1.28013524,0.75559018,22.91002848,572.41607458,37.90682887,5712.59189943,21.67779245,13008.12076976,16.38042797,33.4269502,9.25827801,3.50629183,2.9550793,2.40837155,48.85557571,6.80384596,31.82572088,2648.4398174,44.91928517,3905.81759498,40.2244179,11821.39577113,852.77885993,26012.33283946,118.4332323,2.75179683,576.57556372,2.70734962,576.57556372,104.89066593,236.60121734,16.38042797,19.56974821,26.65172035
2026-09-25,3.6725,64.00714559,80.5055825,363.14081389,1.8021929,916.67620772,1519.84659555,1.42591765,1.79,1.69999985,1.72021956,2.0,123.16141582,1.72021956,0.376,3007.23226135,1.0,1.27938206,12.2448628,5.19181465,1.0,95.93245972,13.63120225,3.04404357,2.01351013,1.41485877,2310.22637841,0.82925404,963.24345526,6.71297048,3355.08304223,453.42579455,24.00084005,96.98624682,21.46332593,178.04689534,6.57495217,59.40785603,133.67929384,51.78047762,15.0,163.05170052,0.8795343,2.24724252,0.75691655,0.75691655,2.60085818,11.59532456,0.75691655,74.02380025,8803.2181549,7.63643663,209.18868516,7.8435497,26.83446676,130.82609355,321.84179991,17939.3410253,3.04616554,95.93245972,1310.09295888,1374792.33431789,120.67962621,157.72055776,0.709,158.37187733,129.53703223,87.45876659,4065.73831379,432.70250863,900.14261747,1361.27241185,0.30882894,0.83158598,441.96889566,22410.91754578,89859.39240916,330.03268934,171.98996995,16.42727671,6.3947862,9.61710135,17.58772563,4383.60940036,54.0035178,2099.47559858,3597.94039312,8.07885619,40.02847525,47.45904918,15.45941805,1733.72296156,17.73962615,4.07794493,63.86542361,16.42727671,1326.86078301,36.79527122,9.52867343,153.56388489,1.76937575,0.38475837,1.0,3.39073849,4.45084406,62.58201187,277.05226296,3.85343295,5928.57731499,3.64,4.64094402,103.30702983,85.01306553,1475.8688013,3.75,8.03780727,14.33316804,600.1895589,9.9311172,1.27938206,0.75691655,22.92999374,570.64256429,37.76516216,5712.5919,21.67115983,13004.05600163,16.42727671,33.45110053,9.21847037,3.50993815,2.95767704,2.40826102,48.93758338,6.7996571,31.78234466,2646.44915641,44.96779704,3928.37270558,40.06047109,11815.7385938,853.31100367,25980.50426641,118.50638447,2.76549099,576.93667818,2.70733246,576.93667818,104.9563599,236.5883312,16.42727671,19.55012556,26.63700185
2026-09-26,3.6725,64.58676268,80.70464431,363.54396899,1.7989743,918.18678113,1525.58293916,1.42335781,1.79,1.70000013,1.71695537,2.0,122.98684796,1.71695537,0.376,2997.48984648,1.0,1.27763145,12.2195704,5.18503017,1.0,95.7159493,13.59045024,3.01864005,2.01457105,1.4141871,2297.6968,0.82853525,961.67173895,6.71282144,3308.35808981,454.22838506,23.97741435,96.80221118,21.38685323,178.22328,6.56255403,59.47967395,133.76420004,51.81230747,15.0,161.98008041,0.87786534,2.24727838,0.75492862,0.75492862,2.60450021,11.61677686,0.75492862,73.46485409,8793.21351511,7.63223559,208.80963199,7.84414353,26.91257071,130.77813723,320.6220431,17909.09030577,3.04625896,95.7159493,1310.00087168,1374504.42208541,120.23620595,158.18473704,0.709,157.2951858,129.57999255,87.4615753,4059.29918314,431.88143676,899.9541065,1354.9163802,0.30861928,0.83189997,442.78782064,22342.1402202,89476.53023575,329.90142914,171.89438391,16.31053865,6.38774123,9.60600519,17.68568885,4407.90168983,54.02491035,2099.54518472,3597.18038005,8.07946783,40.18830831,47.51870409,15.45740117,1732.02864771,17.68127668,4.07455768,63.83459982,16.31053865,1329.26403795,36.74684653,9.50785024,153.21730584,1.76529775,0.38515975,1.0,3.3887143,4.37286154,62.42030803,277.21304968,3.83823688,5922.72082892,3.64,4.62879721,103.03627129,84.38308093,1475.10472877,3.75,8.03689943,13.87308795,600.21426393,9.9183949,1.27763145,0.75492862,22.92999624,571.05158022,37.69733501,5712.5919,21.48270711,13001.33266019,16.31053865,33.40295237,9.21719701,3.42905208,2.9579922,2.41011185,48.90017416,6.78162517,31.72515124,2647.19784399,44.77053068,3915.19608588,40.06691226,11821.24915953,853.82533583,25966.24511827,118.46617875,2.74572799,575.84191568,2.70248818,575.84191568,104.75720063,236.59413726,16.31053865,19.50046479,26.63982625
2026-09-27,3.6725,64.90091212,80.72345477,363.54286544,1.79755112,918.1903643,1524.74528439,1.4233817,1.79,1.70202023,1.71684032,2.0,123.43856318,1.71684032,0.376,2997.28681936,1.0,1.27762556,12.16390714,5.18432851,1.0,95.7700456,13.59775272,3.02206751,2.01573954,1.41427644,2281.23021522,0.82837915,961.66368823,6.71520645,3307.21299443,453.05025154,24.00558463,96.79572468,21.38193491,178.42432981,6.56259969,59.4574819,133.80439152,51.78296878,15.0,162.03907976,0.87780652,2.24727387,0.75478045,0.75478045,2.6007374,11.6169058,0.75478045,73.88335509,8806.86002365,7.63683768,209.19549891,7.84395135,26.90871304,131.82259094,320.53935844,17896.54308925,3.03366383,95.7700456,1310.2597808,1374412.3194509,120.23513008,158.02270293,0.709,157.29499765,129.5972392,87.4615753,4060.66301881,431.85249731,899.89380248,1354.98287223,0.30860913,0.82009412,442.22799251,22362.27548153,89695.99579986,330.09753946,172.30580312,16.2898212,6.38943002,9.60691422,17.70289065,4414.08804053,54.00787521,2099.60830291,3595.92400888,8.07926989,40.13806666,47.52433593,15.45930427,1732.76830576,17.67946466,4.07460985,63.86554709,16.2898212,1329.57066254,36.63980633,9.50713391,153.30390049,1.76533014,0.38504293,1.0,3.39131232,4.3284704,62.45627882,277.34030014,3.83436223,5906.76188217,3.64,4.62882539,103.10162354,84.33635578,1474.46496598,3.75,8.03689943,14.42526262,600.19437975,9.91839989,1.27762556,0.75478045,22.92999729,571.46589649,37.69030098,5712.5919,21.51042895,13000.46146838,16.2898212,33.42656702,9.23971029,3.4290795,2.95335198,2.41020294,48.89477441,6.78087303,31.72779363,2645.93517772,44.87296204,3915.01922452,40.238462,11825.65287448,853.60173343,25974.33893057,118.71716521,2.74572246,575.80332974,2.70022172,575.80332974,104.75018108,236.55542984,16.2898212,19.49786151,26.63982625
2026-09-28,3.6725,63.48358839,80.77663447,364.40085393,1.80300875,919.77324127,1521.76514116,1.42287437,1.79,1.70002087,1.71729191,2.0,123.11419722,1.71729191,0.376,3013.48304618,1.0,1.27780195,12.21969741,5.18541422,1.0,95.94239986,13.62855772,3.02436738,2.01403716,1.41491768,2310.24989542,0.82937207,961.52302233,6.71348008,3304.88777131,454.43234916,24.02575267,96.8211856,21.40268821,178.11326124,6.56376981,59.51374191,133.83067677,51.75071585,15.0,162.36497545,0.87803741,2.23940401,0.75495717,0.75495717,2.59828739,11.6131492,0.75495717,73.97383486,8800.30834357,7.63770849,209.42923115,7.84377629,26.84130317,130.94045139,321.3111657,17951.68435604,3.04951874,95.94239986,1311.05183706,1374833.49202512,120.29041481,158.18832472,0.709,157.73697318,129.69846566,87.4568503,4071.02053018,431.96609078,899.9976895,1358.07022497,0.30866704,0.83177417,443.16675293,22392.54811642,89579.46620876,330.43290126,172.10512828,16.35541231,6.39747855,9.59390836,17.7583979,4429.35061674,54.07860616,2099.21115479,3598.33144333,8.07908958,40.21791088,47.52376211,15.4592902,1735.69097387,17.73481094,4.0819958,63.8335251,16.35541231,1328.69680509,36.80230351,9.51139889,153.57979658,1.76257934,0.38522921,1.0,3.39813006,4.52004793,62.4539817,277.29132246,3.83998104,5898.44034987,3.64,4.6300027,103.15758559,84.38052987,1476.71581251,3.75,8.04733497,14.55531395,600.19012986,9.92541411,1.27780195,0.75495717,22.92981837,570.98628369,37.68565755,5712.5919,21.63939998,13001.96228001,16.35541231,33.56970359,9.23051787,3.50727005,2.9151583,2.40843445,48.97845183,6.79506528,31.77158212,2645.48968745,44.79455454,3915.54359306,40.09214807,11752.94229421,854.87270501,25933.2494923,119.07994203,2.74570521,575.95478771,2.70684168,575.95478771,104.77773432,236.5995857,16.35541231,19.50021923,26.63158654
2026-09-29,3.6725,63.98129926,81.01660453,363.57469261,1.80284863,918.3367973,1525.02726539,1.42474718,1.79,1.70001185,1.72157219,2.0,123.16891421,1.72157219,0.376,2999.05599532,1.0,1.2786578,12.16293711,5.22423802,1.0,96.08534228,13.67081377,3.02922784,2.01347029,1.41883839,2311.4961616,0.83337046,967.7346811,6.70778353,3368.96109648,455.21036306,24.01764103,97.06250826,21.4727314,178.0880439,6.57977819,57.72376988,133.82206181,52.05019502,15.0,162.81820349,0.88022588,2.23815704,0.75538854,0.75538854,2.59767185,11.64619458,0.75538854,74.29196214,8802.45069645,7.63579012,209.35408307,7.84480304,26.86671284,130.92386002,323.46181085,18016.34310713,3.07371765,96.08534228,1310.57323405,1374999.64464856,120.56410863,158.22468459,0.709,157.47729333,129.67469522,87.45712429,4061.14826185,433.0427478,900.09827757,1358.18865245,0.30871186,0.83175223,441.23394101,22467.28809493,89715.62423287,330.90540472,172.08771659,16.44012275,6.40074227,9.64796896,17.71453468,4389.09374909,54.15309805,2099.56185406,3598.98729384,8.08014713,40.08238171,47.60622592,15.45960704,1734.83223779,18.00541451,4.08323512,63.83052829,16.44012275,1326.1643995,36.71796153,9.54687473,153.80861165,1.76734151,0.38485555,1.0,3.41601334,4.46929481,62.51753917,277.13616015,3.84930694,5884.23110251,3.64,4.64606584,103.43646908,84.50846439,1475.53318363,3.75,8.04762542,14.26275398,600.20420884,9.98048953,1.2786578,0.75538854,22.91486807,570.56712989,37.70531426,5712.5919,21.74666647,13003.41544707,16.44012275,33.63302507,9.23251007,3.49982316,2.9692935,2.40829152,48.99546313,6.7872343,31.85255853,2639.58818787,44.92396045,3914.66823395,40.09729773,11792.22406441,856.79508184,25947.76804973,119.01593157,2.76702675,577.3903304,2.70735068,577.3903304,105.03888834,236.6145914,16.44012275,19.61964913,26.84937624
2026-09-30,3.6725,64.27856663,81.25085652,363.55020479,1.8030009,918.61438402,1524.90786973,1.43419687,1.79,1.70000005,1.72589016,2.0,123.10103715,1.72589016,0.376,2998.13341561,1.0,1.27809522,12.01967922,5.20394954,1.0,95.96541915,13.66078997,3.02101506,2.01349879,1.41978985,2311.49826197,0.83461957,972.88452154,6.70523387,3333.73373743,456.33608729,24.01961747,97.30595624,21.56247946,178.06330867,6.59637967,59.48729914,133.85572111,52.09951324,15.0,162.62923549,0.88243363,2.24424733,0.75598562,0.75598562,2.59812438,11.67515006,0.75598562,74.20692754,8798.07621544,7.63785015,209.41838178,7.84618713,26.85044567,130.94150891,323.5552206,17868.47809416,3.06860115,95.96541915,1310.43055355,1693673.37660581,120.71664912,158.27075463,0.709,157.136531,129.73546157,87.45597861,4055.48770625,434.12888684,899.9370227,1355.17296742,0.30868896,0.83047162,439.74163753,22493.83655253,89568.25928137,330.83233813,171.39815834,16.3932153,6.39973447,9.68574678,17.74800923,4408.1823242,54.30180107,2099.69582388,3598.84196026,8.08157274,40.14896429,47.79218391,15.45956696,1735.88706709,18.07260707,4.08083807,63.87225285,16.3932153,1328.17695953,36.785313,9.60601118,153.6166447,1.7728642,0.38472626,1.0,3.44247835,4.52392486,62.61116746,277.02703684,3.85534092,5879.59578297,3.64,4.6572375,103.67681,83.74080617,1474.93479301,3.75,8.04589257,14.57920506,600.12164903,9.99752112,1.27809522,0.75598562,24.63671032,571.22815212,37.71499542,5712.5919,21.75703401,13001.08585471,16.3932153,33.57665894,9.21427145,3.50838627,2.97294059,2.40819098,49.01038328,6.78637108,31.88840576,2641.9666763,44.80401148,3919.61591378,40.12677541,11832.1412779,858.27202028,25934.41429442,119.78271317,2.76000786,578.83851578,2.70644317,578.83851578,105.30234233,236.38728956,16.3932153,19.61086481,26.85262118
2026-10-01,3.6725,64.29856923,81.27862459,364.24216659,1.80466354,917.00095953,1524.86175585,1.43989667,1.79,1.70003151,1.72827341,2.0,123.15636053,1.72827341,0.376,3004.68121303,1.0,1.27974103,12.0415467,5.1831038,1.0,95.9762912,14.11512504,3.017582,2.0144882,1.42483855,2311.50069391,0.836752,973.34925998,6.70539407,3317.01279873,456.99758202,24.06376678,97.44032392,21.60057959,178.21226103,6.60614701,59.55746213,133.96959208,51.98778714,15.0,162.41183743,0.88365216,2.24922639,0.7549139,0.7549139,2.59667687,11.71982504,0.7549139,74.26596109,8803.52219074,7.64132106,209.72397795,7.84649859,26.91582784,131.0770042,323.93171277,17940.12838296,3.06767967,95.9762912,1310.38512847,1694333.95638348,121.06881088,158.4910812,0.709,158.3222044,128.42029108,87.45547278,4053.15771456,434.72836598,900.25746016,1357.73830951,0.30864659,0.83212125,440.2900176,22514.02678846,89819.2429757,330.86051998,171.39080547,16.4389637,6.4000838,9.71943978,17.76763489,4401.28288405,54.24788866,2099.23559088,3595.17776574,8.08189355,40.18025154,47.8057483,15.45929397,1739.21294704,18.08412442,4.08666912,63.8367525,16.4389637,1328.35894533,36.87550813,9.6484397,153.63404814,1.77960151,0.38483526,1.0,3.45021567,4.46526177,62.76840934,277.00876191,3.85576063,5870.69071686,3.64,4.6595558,103.83072367,83.40143097,1476.94922815,3.75,8.05633258,14.63054123,600.2178975,10.02707683,1.27974103,0.7549139,24.57790475,571.30693702,37.71700788,5712.5919,21.7885318,13005.71510732,16.4389637,33.60738722,9.23105577,3.49615528,2.97554279,2.40816223,49.02842618,6.78973864,31.94126129,2642.242337,44.7250667,3922.66775289,40.38423754,11781.34174931,858.61266521,25954.29336157,120.03683592,2.76961142,579.63782131,2.7068851,579.63782131,105.44775204,236.47106046,16.4389637,19.64729692,26.7964716
2026-10-02,3.6725,64.52088982,81.81004983,365.00039929,1.80730754,918.46480198,1524.61303271,1.44185653,1.79,1.70001067,1.73800056,2.0,123.34646424,1.73800056,0.376,3008.64862175,1.0,1.279418,12.02854782,5.22696923,1.0,96.28644108,14.20459801,3.02793299,2.0219059,1.42147475,2311.47542592,0.82976873,982.67693969,6.70689272,3316.93553747,458.20071384,24.1239592,97.98874199,21.73803406,178.41014087,6.64286828,60.04922737,134.04270455,52.31509103,15.0,161.10677713,0.88862557,2.25239171,0.75691922,0.75691922,2.59906852,11.74756419,0.75691922,74.01833164,8824.42681247,7.64672699,210.27278261,7.84707361,26.84388251,131.26549506,327.78465588,17887.35736171,3.06985273,96.28644108,1317.0572246,1746372.98263038,121.7473572,158.30559346,0.709,157.84791136,129.59638003,87.45709141,4055.25280271,437.17512397,899.91476876,1356.55339771,0.30887978,0.83002246,442.36153518,22466.09953832,89788.94275039,330.90130443,172.16154903,16.67380319,6.41991303,9.80408716,17.78038761,4427.63844514,54.80633062,2098.92620145,3597.9684914,8.08248582,40.14121517,48.13159835,15.45980368,1736.23316019,18.26774415,4.08392885,63.83690457,16.67380319,1328.51279093,36.7229463,9.61749918,154.13052055,1.7812627,0.38468536,1.0,3.46567811,4.52287554,62.62359634,276.99639268,3.88863576,5864.05324072,3.64,4.74782212,104.44880525,83.36667388,1480.39693408,3.75,8.04575509,14.37162446,600.21769455,10.02572917,1.279418,0.75691922,23.04628973,572.87440755,37.74540521,5712.5919,21.93171775,13000.76434972,16.67380319,33.58724631,9.23684706,3.50717822,2.98695491,2.39616964,49.11659623,6.79151704,31.93097389,2637.90793268,44.89977557,3954.6538075,40.46573465,11830.53283968,865.58931721,26024.13559848,120.25991876,2.76330273,582.9001653,2.70608862,582.9001653,106.04123788,236.3913528,16.67380319,19.71992005,26.78212807
2026-10-03,3.6725,64.45639444,81.68598718,362.49696104,1.79938342,918.21835868,1522.21036116,1.43772198,1.79,1.70000081,1.73800154,2.0,122.92463913,1.73800154,0.376,2997.75742065,1.0,1.27936025,11.95448871,5.22102184,1.0,96.18688524,14.17293222,3.01311953,2.01437225,1.42505585,2296.56,0.82889501,990.17293844,6.70494897,3271.03599926,458.14403338,24.00822304,97.98879727,21.71849515,178.28952,6.64328323,59.98680996,133.99726837,52.21607746,15.0,161.00075764,0.88862607,2.26390904,0.75533999,0.75533999,2.60140097,11.73506829,0.75533999,73.46796927,8745.8442211,7.64151504,208.87720187,7.84679044,26.92430836,130.93958012,327.4368319,17880.36140876,3.05261675,96.18688524,1310.47936967,1747474.87834207,121.89664859,158.29928012,0.709,157.8580357,128.50616091,87.45541528,4055.05461866,437.17537062,900.48232116,1343.03863026,0.30890656,0.83219962,448.36878322,22546.45253105,90043.54103005,330.61722673,171.33637683,16.64673909,6.39995241,9.93526897,17.80731155,4426.08840084,54.60664593,2100.78315534,3597.06716958,8.08219416,40.07836951,48.12862858,15.45736307,1736.42004856,18.16474006,4.08483949,63.83045317,16.64673909,1330.5021385,36.65519515,9.62578657,153.97115654,1.78094862,0.38399587,1.0,3.43405515,4.41865972,62.51162851,276.65545745,3.89378281,5856.05149084,3.64,4.74249353,104.33620221,83.67816657,1474.4635649,3.75,8.07561826,13.69664553,600.2056294,10.037649,1.27936025,0.75533999,23.0565525,570.49738707,37.76216782,5712.59152749,22.21947614,13008.96358905,16.64673909,33.5326937,9.21439386,3.49571986,2.9939329,2.40245467,49.13871783,6.7785177,31.82188553,2635.45091593,44.96739468,3992.99711488,40.28565824,11818.02055136,865.51774908,26002.63646348,119.62299348,2.78859075,582.90049416,2.70247843,582.90049416,106.04129771,236.39642372,16.64673909,19.63923759,26.77164445
